{
"MS_IMU": {
"message_count": 1934,
"message_freq": 99.68759228125262,
"timespan": 19.400609,
"var_stats": {
"linear_accel": {
"max": 10.935293197631836,
"max_diff": 10.790972366929054,
"mean": 3.6062513218342542,
"mean_diff": 4.54432457062298,
"min": -0.6049469709396362,
"min_diff": -1.4669038355350494,
"std": 4.399341105032352,
"std_diff": 4.971834566744256
},
"q": {
"max": 0.012773743830621243,
"max_diff": 0.89665612205863,
"mean": -0.3352276043874416,
"mean_diff": 0.16426690421055942,
"min": -0.9101814031600952,
"min_diff": -0.42832504119724035,
"std": 0.3709750259157706,
"std_diff": 0.5442731012427765
},
"rotation_rate": {
"max": 0.052553385496139526,
"max_diff": 0.06341193243861198,
"mean": -0.00040503843734088603,
"mean_diff": 0.00039588347948738033,
"min": -0.05268236994743347,
"min_diff": -0.06264888308942318,
"std": 0.011660742804363855,
"std_diff": 0.015822774323928535
},
"utime": {
"max": 1535732441449349,
"max_diff": 32961.0,
"mean": 1535732431757824.0,
"mean_diff": 10036.528194516295,
"min": 1535732422048740,
"min_diff": 1366.0,
"std": 5603311.490521297,
"std_diff": 4883.143027504245
}
}
},
"POSE": {
"message_count": 967,
"message_freq": 49.84702324866195,
"timespan": 19.399353,
"var_stats": {
"accel": {
"max": 10.154495510064487,
"max_diff": 9.93889763914266,
"mean": 3.606124109828324,
"mean_diff": 4.544411729527542,
"min": -0.39264740704838674,
"min_diff": -1.2878059775666677,
"std": 4.394850821243024,
"std_diff": 4.96484266025964
},
"orientation": {
"max": 0.9387015276985214,
"max_diff": 0.9387015276985214,
"mean": 0.32135487487015507,
"mean_diff": 0.19655171476472474,
"min": 0.0,
"min_diff": -0.35030401391764354,
"std": 0.3830548843144896,
"std_diff": 0.5428634789303657
},
"pos": {
"max": 1461.347924183123,
"max_diff": -338.8548025481822,
"mean": 789.3057873989062,
"mean_diff": -709.3186562321414,
"min": 0.0,
"min_diff": -1010.0986167835637,
"std": 590.7322933856369,
"std_diff": 245.55326421677182
},
"rotation_rate": {
"max": 0.052553385496139526,
"max_diff": 0.06341193243861198,
"mean": -0.0003637450375848762,
"mean_diff": 0.0003791369458331519,
"min": -0.05238731950521469,
"min_diff": -0.06264888308942318,
"std": 0.011625093829181601,
"std_diff": 0.01581839873244573
},
"utime": {
"max": 1535732441454414,
"max_diff": 40220.0,
"mean": 1535732431761593.8,
"mean_diff": 20082.14596273292,
"min": 1535732422055061,
"min_diff": 16438.0,
"std": 5603344.704814166,
"std_diff": 1361.1876103531574
},
"vel": {
"max": 10.925234963486963,
"max_diff": 0.0,
"mean": 2.5100600727654645,
"mean_diff": -3.765090109148197,
"min": 0.0,
"min_diff": -10.925234963486963,
"std": 4.069565078569401,
"std_diff": 4.485168750047073
}
}
},
"SteerAngleFeedback": {
"message_count": 1906,
"message_freq": 98.28311363585384,
"timespan": 19.392955,
"var_stats": {
"utime": {
"max": 1535732441448047,
"max_diff": 30982.0,
"mean": 1535732431747670.5,
"mean_diff": 10180.028871391076,
"min": 1535732422055092,
"min_diff": 4555.0,
"std": 5595440.775769023,
"std_diff": 1539.2127519463868
},
"value": {
"max": 0.06813981633974484,
"max_diff": 0.005235987755986167,
"mean": 0.02151315307516243,
"mean_diff": 2.0156033356363293e-05,
"min": -0.013890658503985484,
"min_diff": -0.003490658503993424,
"std": 0.016678933778759807,
"std_diff": 0.0011308523304417682
}
}
},
"VEHICLE_MONITOR": {
"message_count": 39,
"message_freq": 2.0000271798565468,
"timespan": 19.499735,
"var_stats": {
"available_distance": {
"max": 31,
"max_diff": 0.0,
"mean": 30.333333333333332,
"mean_diff": -0.02631578947368421,
"min": 30,
"min_diff": -1.0,
"std": 0.47140452079103173,
"std_diff": 0.16007269816574266
},
"battery_level": {
"max": 32,
"max_diff": 0.0,
"mean": 32.0,
"mean_diff": 0.0,
"min": 32,
"min_diff": 0.0,
"std": 0.0,
"std_diff": 0.0
},
"brake": {
"max": 0,
"max_diff": 0.0,
"mean": 0.0,
"mean_diff": 0.0,
"min": 0,
"min_diff": 0.0,
"std": 0.0,
"std_diff": 0.0
},
"brake_switch": {
"max": 1,
"max_diff": 0.0,
"mean": 1.0,
"mean_diff": 0.0,
"min": 1,
"min_diff": 0.0,
"std": 0.0,
"std_diff": 0.0
},
"gear_position": {
"max": 7,
"max_diff": 0.0,
"mean": 7.0,
"mean_diff": 0.0,
"min": 7,
"min_diff": 0.0,
"std": 0.0,
"std_diff": 0.0
},
"left_signal": {
"max": 0,
"max_diff": 0.0,
"mean": 0.0,
"mean_diff": 0.0,
"min": 0,
"min_diff": 0.0,
"std": 0.0,
"std_diff": 0.0
},
"rear_left_rpm": {
"max": 342.9825,
"max_diff": 35.94540000000001,
"mean": 243.2147153846154,
"mean_diff": 8.349876315789473,
"min": 0.0,
"min_diff": -6.296699999999987,
"std": 105.62863242638075,
"std_diff": 9.035303829698556
},
"rear_right_rpm": {
"max": 350.4885,
"max_diff": 36.8628,
"mean": 247.74076923076922,
"mean_diff": 8.491436842105264,
"min": 0.0,
"min_diff": -7.505999999999972,
"std": 107.68337838927737,
"std_diff": 9.274741067159406
},
"right_signal": {
"max": 0,
"max_diff": 0.0,
"mean": 0.0,
"mean_diff": 0.0,
"min": 0,
"min_diff": 0.0,
"std": 0.0,
"std_diff": 0.0
},
"steering": {
"max": 4.200000000000273,
"max_diff": 3.200000000000273,
"mean": 1.797435897436035,
"mean_diff": 0.055263157894734447,
"min": 0.3000000000001819,
"min_diff": -2.699999999999818,
"std": 0.9595637843037085,
"std_diff": 1.1561500012908423
},
"steering_speed": {
"max": 7.900000000000272,
"max_diff": 13.900000000000091,
"mean": -0.22820512820492603,
"mean_diff": -0.05263157894736842,
"min": -9.999999999999819,
"min_diff": -13.900000000000091,
"std": 3.354518477268064,
"std_diff": 5.489786537989199
},
"throttle": {
"max": 360,
"max_diff": 93.0,
"mean": 239.64102564102564,
"mean_diff": 1.7105263157894737,
"min": 0,
"min_diff": -221.0,
"std": 104.9144919665014,
"std_diff": 55.144741551444625
},
"utime": {
"max": 1535732441615801,
"max_diff": 999829.0,
"mean": 1535732432077663.8,
"mean_diff": 513150.9210526316,
"min": 1535732422116066,
"min_diff": 499214.0,
"std": 5689873.439338997,
"std_diff": 80010.35698858701
},
"vehicle_speed": {
"max": 39.2,
"max_diff": 4.15,
"mean": 27.694358974358973,
"mean_diff": 0.9526315789473685,
"min": 0.0,
"min_diff": -0.8099999999999952,
"std": 12.12833846080556,
"std_diff": 1.0559024182648258
},
"yaw_rate": {
"max": 0.4000000000000341,
"max_diff": 0.6000000000000227,
"mean": -0.21794871794869317,
"mean_diff": 0.0026315789473682714,
"min": -0.6999999999999886,
"min_diff": -0.5,
"std": 0.21348367483588646,
"std_diff": 0.2660498984710502
}
}
},
"ZOE_VEH_INFO": {
"message_count": 1937,
"message_freq": 99.84300370640734,
"timespan": 19.400458,
"var_stats": {
"FL_wheel_speed": {
"max": 346.2768,
"max_diff": 4.2117,
"mean": 239.33078843572537,
"mean_diff": 0.16483992768595043,
"min": 0.0,
"min_diff": -1.4177999999999997,
"std": 108.28292154576515,
"std_diff": 0.4201679390751367
},
"FR_wheel_speed": {
"max": 346.2768,
"max_diff": 5.838,
"mean": 239.33169261744968,
"mean_diff": 0.1649691632231405,
"min": 0.0,
"min_diff": -2.335199999999986,
"std": 108.3338710012069,
"std_diff": 0.4231146087564234
},
"RL_wheel_speed": {
"max": 345.5679,
"max_diff": 5.1291,
"mean": 238.28262653588024,
"mean_diff": 0.16438760330578514,
"min": 0.0,
"min_diff": -1.8765000000000214,
"std": 107.94510971158046,
"std_diff": 0.49253516811471676
},
"RR_wheel_speed": {
"max": 352.0731,
"max_diff": 3.5028,
"mean": 242.90256458440888,
"mean_diff": 0.16751079545454547,
"min": 0.0,
"min_diff": -1.8764999999999645,
"std": 110.0288172017049,
"std_diff": 0.4497107591586912
},
"left_solar": {
"max": 0,
"max_diff": 0.0,
"mean": 0.0,
"mean_diff": 0.0,
"min": 0,
"min_diff": 0.0,
"std": 0.0,
"std_diff": 0.0
},
"longitudinal_accel": {
"max": 1.6500000000000004,
"max_diff": 0.1999999999999993,
"mean": 0.6760712441920502,
"mean_diff": -0.0001033057851239675,
"min": -0.5,
"min_diff": -0.20000000000000107,
"std": 0.5477053093778179,
"std_diff": 0.04233609216514424
},
"meanEffTorque": {
"max": 102.5,
"max_diff": 6.5,
"mean": 51.25967991739804,
"mean_diff": -0.008264462809917356,
"min": -21.0,
"min_diff": -2.0,
"std": 33.80749948877933,
"std_diff": 0.39125761986285257
},
"odom": {
"max": 124,
"max_diff": 116.0,
"mean": 95.09963861641714,
"mean_diff": 0.006198347107438017,
"min": 0,