{
"MS_IMU": {
"message_count": 1953,
"message_freq": 99.89831139628478,
"timespan": 19.54988,
"var_stats": {
"linear_accel": {
"max": 10.763855934143066,
"max_diff": 11.271496176719666,
"mean": 3.1851158129328114,
"mean_diff": 4.93967662370102,
"min": -1.3782718181610107,
"min_diff": -1.9666723608970642,
"std": 4.691145842723482,
"std_diff": 5.037850373623321
},
"q": {
"max": 0.01864430494606495,
"max_diff": 0.31497412733733654,
"mean": -0.3115441044323684,
"mean_diff": -0.21821265883221116,
"min": -0.9564294815063477,
"min_diff": -0.9745133500546217,
"std": 0.3910758085920569,
"std_diff": 0.5394677066635943
},
"rotation_rate": {
"max": 0.07898561656475067,
"max_diff": 0.08433786360546947,
"mean": -0.0008397743995474309,
"mean_diff": -0.000314769083770322,
"min": -0.08110135048627853,
"min_diff": -0.10428060218691826,
"std": 0.01650191803300853,
"std_diff": 0.02603621529461711
},
"utime": {
"max": 1542799681698070,
"max_diff": 26405.0,
"mean": 1542799671922326.2,
"mean_diff": 10015.307377049181,
"min": 1542799662148190,
"min_diff": 1614.0,
"std": 5643196.3159144,
"std_diff": 5513.918703614384
}
}
},
"POSE": {
"message_count": 977,
"message_freq": 49.95081863870061,
"timespan": 19.559239,
"var_stats": {
"accel": {
"max": 10.307522139672834,
"max_diff": 10.743522385135623,
"mean": 3.182564307728489,
"mean_diff": 4.942915478572076,
"min": -1.0670894917022025,
"min_diff": -1.429854569059656,
"std": 4.688383430142146,
"std_diff": 5.027447967136285
},
"orientation": {
"max": 0.47493188867430697,
"max_diff": 0.0,
"mean": -0.10386786673800338,
"mean_diff": -0.45059681152127545,
"min": -0.8880561259618345,
"min_diff": -0.8880561259618345,
"std": 0.48909249254031323,
"std_diff": 0.36096516006422763
},
"pos": {
"max": 2491.2210253480443,
"max_diff": 1559.5032053062191,
"mean": 1100.7712632020607,
"mean_diff": -441.3189559729871,
"min": 0.0,
"min_diff": -2491.2210253480443,
"std": 1000.168902859975,
"std_diff": 1978.565544609718
},
"rotation_rate": {
"max": 0.07727260887622833,
"max_diff": 0.08433786360546947,
"mean": -0.0008599159383627133,
"mean_diff": -0.0003377292652288966,
"min": -0.08110135048627853,
"min_diff": -0.10428060218691826,
"std": 0.01649002151952053,
"std_diff": 0.026009034257438477
},
"utime": {
"max": 1542799681710601,
"max_diff": 40245.0,
"mean": 1542799671928871.2,
"mean_diff": 20040.203893442624,
"min": 1542799662151362,
"min_diff": 14310.0,
"std": 5655023.888141998,
"std_diff": 1069.1280921783139
},
"vel": {
"max": 9.95967383696992,
"max_diff": 0.0,
"mean": 2.7730160265319355,
"mean_diff": -4.159524039797903,
"min": 0.0,
"min_diff": -9.95967383696992,
"std": 3.9575698354009266,
"std_diff": 4.210264254243522
}
}
},
"SteerAngleFeedback": {
"message_count": 1923,
"message_freq": 98.34270299445093,
"timespan": 19.554069,
"var_stats": {
"utime": {
"max": 1542799681705392,
"max_diff": 20908.0,
"mean": 1542799671899012.5,
"mean_diff": 10173.813215400623,
"min": 1542799662151323,
"min_diff": 5242.0,
"std": 5642950.214696163,
"std_diff": 1433.6785516136772
},
"value": {
"max": 0.06806784082778045,
"max_diff": 0.0069813170079789065,
"mean": 0.014215856512737324,
"mean_diff": -2.633431233498289e-05,
"min": -0.059341194567800855,
"min_diff": -0.003490658503993424,
"std": 0.03688875898824605,
"std_diff": 0.0011264146229487209
}
}
},
"VEHICLE_MONITOR": {
"message_count": 40,
"message_freq": 2.0513173970587393,
"timespan": 19.499664,
"var_stats": null
},
"ZOE_VEH_INFO": {
"message_count": 1948,
"message_freq": 99.65445788716691,
"timespan": 19.547545,
"var_stats": {
"FL_wheel_speed": {
"max": 316.3779,
"max_diff": 3.502800000000036,
"mean": 262.70599697125255,
"mean_diff": -0.04776117103235748,
"min": 209.3757,
"min_diff": -4.461900000000014,
"std": 29.176165095753895,
"std_diff": 0.6044321776789601
},
"FR_wheel_speed": {
"max": 315.41880000000003,
"max_diff": 4.4202000000000226,
"mean": 262.3951521560575,
"mean_diff": -0.048103852080123265,
"min": 208.1664,
"min_diff": -4.920600000000007,
"std": 29.1660841405189,
"std_diff": 0.6362969916900848
},
"RL_wheel_speed": {
"max": 315.669,
"max_diff": 5.629499999999979,
"mean": 261.8283917864477,
"mean_diff": -0.04763266563944531,
"min": 207.9579,
"min_diff": -6.296699999999987,
"std": 29.293096428152825,
"std_diff": 0.7705191294748829
},
"RR_wheel_speed": {
"max": 315.41880000000003,
"max_diff": 7.9646999999999935,
"mean": 261.81948665297745,
"mean_diff": -0.04799676425269646,
"min": 207.70770000000002,
"min_diff": -5.8796999999999855,
"std": 29.314682099598667,
"std_diff": 0.7495340795244567
},
"left_solar": {
"max": 0,
"max_diff": 0.0,
"mean": 0.0,
"mean_diff": 0.0,
"min": 0,
"min_diff": 0.0,
"std": 0.0,
"std_diff": 0.0
},
"longitudinal_accel": {
"max": 1.3000000000000007,
"max_diff": 0.7000000000000011,
"mean": 0.0026180698151957254,
"mean_diff": 0.0006420133538777606,
"min": -1.049999999999999,
"min_diff": -0.6500000000000004,
"std": 0.546520000368555,
"std_diff": 0.08431633115651894
},
"meanEffTorque": {
"max": 81.0,
"max_diff": 5.5,
"mean": 3.6126796714579057,
"mean_diff": 0.044170518746789934,
"min": -52.0,
"min_diff": -2.5,
"std": 33.57495687815055,
"std_diff": 0.6818512126655983
},
"odom": {
"max": 124,
"max_diff": 84.0,
"mean": 84.0,
"mean_diff": -0.028762198253723677,
"min": 0,
"min_diff": -96.0,
"std": 40.50461985970818,
"std_diff": 14.636818673179798
},
"odom_speed": {
"max": 35.0,
"max_diff": 1.0,
"mean": 29.458932238193018,
"mean_diff": -0.005649717514124294,
"min": 23.0,
"min_diff": -1.0,
"std": 3.344807691075059,
"std_diff": 0.12191304483924043
},
"pedal_cc": {
"max": 353.0,
"max_diff": 36.0,
"mean": 101.88860369609856,
"mean_diff": 0.16127375449409348,
"min": 0.0,
"min_diff": -43.0,
"std": 110.00124795587139,
"std_diff": 3.535669008401981
},
"regen": {
"max": 59.0,
"max_diff": 2.0,
"mean": 19.197125256673512,
"mean_diff": -0.0061633281972265025,
"min": 0.0,
"min_diff": -11.0,
"std": 22.788356476817178,
"std_diff": 0.8515751863023322
},
"requestedTorqueAfterProc": {
"max": -272.5,
"max_diff": 126.0,
"mean": -321.8583162217659,
"mean_diff": -0.01335387776065742,
"min": -398.5,
"min_diff": -125.5,
"std": 39.771884805528046,
"std_diff": 9.350468151261444
},
"right_solar": {
"max": 0,
"max_diff": 0.0,
"mean": 0.0,
"mean_diff": 0.0,
"min": 0,
"min_diff": 0.0,
"std": 0.0,
"std_diff": 0.0
},
"steer_corrected": {
"max": 3.900000000000091,
"max_diff": 0.40000000000009095,
"mean": 0.8291581108831559,
"mean_diff": -0.0014381099126860436,
"min": -3.399999999999636,
"min_diff": -0.40000000000009095,
"std": 2.11708409889101,
"std_diff": 0.06597992446635224
},
"steer_offset_can": {
"max": -13.300000000000182,
"max_diff": 0.0,
"mean": -13.300000000000182,
"mean_diff": 0.0,
"min": -13.300000000000182,
"min_diff": 0.0,
"std": 0.0,
"std_diff": 0.0
},
"steer_raw": {
"max": -9.400000000000091,
"max_diff": 0.40000000000009095,
"mean": -12.470841889117027,
"mean_diff": -0.0014381099126860436,
"min": -16.699999999999818,
"min_diff": -0.40000000000009095,
"std": 2.11708409889101,
"std_diff": 0.06597992446635224
},
"transversal_accel": {
"max": -0.47999999999998977,
"max_diff": 0.06400000000002137,
"mean": -0.5187412731006156,
"mean_diff": -1.2326656394453472e-05,
"min": -0.5800000000000125,
"min_diff": -0.05200000000002092,
"std": 0.014866441710746388,
"std_diff": 0.006543273996781519
},
"utime": {
"max": 1542799681705438,
"max_diff": 20917.0,
"mean": 1542799671930570.5,
"mean_diff": 10039.82794042116,
"min": 1542799662157893,
"min_diff": 1201.0,
"std": 5640151.390750084,
"std_diff": 1656.10869849867
}
}
},
"ZoeSensors": {
"message_count": 18709,
"message_freq": 957.0488213577244,
"timespan": 19.548637,
"var_stats": {
"brake_sensor": {
"max": 0.2892976999282837,
"max_diff": 0.0008660405874252319,
"mean": 0.20304147563199712,
"mean_diff": -9.319199592047123e-11,
"min": 0.18980342149734497,
"min_diff": -0.0022318363189697266,
"std": 0.030701691881768387,
"std_diff": 0.00010198001545504135
},
"steering_sensor": {
"max": 0.19003111124038696,
"max_diff": 0.0008310675621032715,
"mean": 0.18851450884180987,