{
"MS_IMU": {
"message_count": 1919,
"message_freq": 99.69272924145677,
"timespan": 19.249147,
"var_stats": {
"linear_accel": {
"max": 11.196027755737305,
"max_diff": 11.348547846078873,
"mean": 3.0372768414789433,
"mean_diff": 5.16622755076389,
"min": -2.0734095573425293,
"min_diff": -0.8690796494483948,
"std": 4.7845095970819305,
"std_diff": 4.750162396511424
},
"q": {
"max": 0.01568283699452877,
"max_diff": 0.8935402417555451,
"mean": -0.3400211842960767,
"mean_diff": 0.10615282067930365,
"min": -0.8823142051696777,
"min_diff": -0.6078471569344401,
"std": 0.36658643130592683,
"std_diff": 0.5741592556649667
},
"rotation_rate": {
"max": 0.06176237016916275,
"max_diff": 0.11288723349571228,
"mean": 0.00466421041592652,
"mean_diff": 0.007625102012669609,
"min": -0.07942614704370499,
"min_diff": -0.06946275848895311,
"std": 0.018120289298827783,
"std_diff": 0.023921118405045176
},
"utime": {
"max": 1533112759449341,
"max_diff": 33004.0,
"mean": 1533112749837702.0,
"mean_diff": 10036.051616266945,
"min": 1533112740200194,
"min_diff": 2932.0,
"std": 5555936.467610708,
"std_diff": 4790.49615823558
}
}
},
"POSE": {
"message_count": 963,
"message_freq": 50.002172991630005,
"timespan": 19.259163,
"var_stats": {
"accel": {
"max": 10.388280618943542,
"max_diff": 10.50232201104141,
"mean": 3.0381703503171726,
"mean_diff": 5.165679511769893,
"min": -1.5125915409134338,
"min_diff": -0.274731749046504,
"std": 4.781175175983973,
"std_diff": 4.745133992180327
},
"orientation": {
"max": 0.9899404179740529,
"max_diff": 0.9899404179740529,
"mean": 0.29902866603448097,
"mean_diff": 0.2505955038096758,
"min": 0.0,
"min_diff": -0.289638041273851,
"std": 0.40072666106666627,
"std_diff": 0.5201300095204161
},
"pos": {
"max": 975.2044584198474,
"max_diff": 639.186317464982,
"mean": 446.64597231727447,
"mean_diff": -194.99162737652674,
"min": 0.0,
"min_diff": -975.2044584198474,
"std": 390.87025775504924,
"std_diff": 756.5012601455835
},
"rotation_rate": {
"max": 0.06176237016916275,
"max_diff": 0.10942340642213821,
"mean": 0.004638055426383182,
"mean_diff": 0.007620017952118116,
"min": -0.07708542048931122,
"min_diff": -0.06946275848895311,
"std": 0.018099438035354607,
"std_diff": 0.023904813586718303
},
"utime": {
"max": 1533112759465445,
"max_diff": 39412.0,
"mean": 1533112749840339.8,
"mean_diff": 20019.91995841996,
"min": 1533112740206282,
"min_diff": 16524.0,
"std": 5566345.997866062,
"std_diff": 840.4130288625414
},
"vel": {
"max": 11.269084669167887,
"max_diff": 0.0,
"mean": 2.6489080770539792,
"mean_diff": -3.9733621155809677,
"min": 0.0,
"min_diff": -11.269084669167887,
"std": 4.196306959115447,
"std_diff": 4.599016486398993
}
}
},
"SteerAngleFeedback": {
"message_count": 1879,
"message_freq": 97.63566837252824,
"timespan": 19.245016,
"var_stats": {
"utime": {
"max": 1533112759449207,
"max_diff": 30179.0,
"mean": 1533112749829738.5,
"mean_diff": 10247.612353567625,
"min": 1533112740204191,
"min_diff": 4936.0,
"std": 5550595.579685784,
"std_diff": 1804.9902807572144
},
"value": {
"max": 1.3805554383275132,
"max_diff": 0.029670597283900424,
"mean": 0.2483987145056313,
"mean_diff": 0.0007202503569199176,
"min": -0.04014257279586482,
"min_diff": -0.008726646259971632,
"std": 0.42449331622921677,
"std_diff": 0.0025077686267603607
}
}
},
"VEHICLE_MONITOR": {
"message_count": 39,
"message_freq": 2.0526242327132724,
"timespan": 19.000068,
"var_stats": {
"available_distance": {
"max": 95,
"max_diff": 1.0,
"mean": 94.23076923076923,
"mean_diff": 0.02631578947368421,
"min": 94,
"min_diff": 0.0,
"std": 0.4213250442347431,
"std_diff": 0.16007269816574266
},
"battery_level": {
"max": 62,
"max_diff": 0.0,
"mean": 62.0,
"mean_diff": 0.0,
"min": 62,
"min_diff": 0.0,
"std": 0.0,
"std_diff": 0.0
},
"brake": {
"max": 10,
"max_diff": 4.0,
"mean": 0.8461538461538461,
"mean_diff": 0.0,
"min": 0,
"min_diff": -6.0,
"std": 2.3700964119571983,
"std_diff": 1.5727950313140984
},
"brake_switch": {
"max": 4,
"max_diff": 2.0,
"mean": 1.8974358974358974,
"mean_diff": 0.0,
"min": 1,
"min_diff": -3.0,
"std": 1.335796541295498,
"std_diff": 0.6069769786668839
},
"gear_position": {
"max": 7,
"max_diff": 0.0,
"mean": 7.0,
"mean_diff": 0.0,
"min": 7,
"min_diff": 0.0,
"std": 0.0,
"std_diff": 0.0
},
"left_signal": {
"max": 1,
"max_diff": 1.0,
"mean": 0.48717948717948717,
"mean_diff": 0.0,
"min": 0,
"min_diff": -1.0,
"std": 0.4998356074261007,
"std_diff": 0.7254762501100116
},
"rear_left_rpm": {
"max": 356.0763,
"max_diff": 0.9590999999999781,
"mean": 244.73516153846145,
"mean_diff": -9.37042894736842,
"min": 0.0,
"min_diff": -24.019199999999984,
"std": 108.79658169593762,
"std_diff": 8.095736665869845
},
"rear_right_rpm": {
"max": 356.3265,
"max_diff": 1.167599999999993,
"mean": 245.41733076923077,
"mean_diff": -9.377013157894737,
"min": 0.0,
"min_diff": -23.60220000000001,
"std": 108.57227742714058,
"std_diff": 8.049999821156293
},
"right_signal": {
"max": 0,
"max_diff": 0.0,
"mean": 0.0,
"mean_diff": 0.0,
"min": 0,
"min_diff": 0.0,
"std": 0.0,
"std_diff": 0.0
},
"steering": {
"max": 79.09999999999991,
"max_diff": 24.59999999999991,
"mean": 15.430769230769293,
"mean_diff": 2.0473684210526244,
"min": -2.199999999999818,
"min_diff": -5.900000000000091,
"std": 25.574618365412363,
"std_diff": 6.068067274117299
},
"steering_speed": {
"max": 41.80000000000037,
"max_diff": 25.800000000000182,
"mean": 4.200000000000231,
"mean_diff": -9.349246523159212e-17,
"min": -15.999999999999819,
"min_diff": -29.800000000000182,
"std": 11.485040437288628,
"std_diff": 9.478285432336541
},
"throttle": {
"max": 78,
"max_diff": 47.0,
"mean": 24.94871794871795,
"mean_diff": -1.8421052631578947,
"min": 0,
"min_diff": -57.0,
"std": 29.48615382831599,
"std_diff": 17.868711725408797
},
"utime": {
"max": 1533112759523512,
"max_diff": 500873.0,
"mean": 1533112750023457.0,
"mean_diff": 500001.7894736842,
"min": 1533112740523444,
"min_diff": 499035.0,
"std": 5627343.805731872,
"std_diff": 459.1413128355524
},
"vehicle_speed": {
"max": 40.58,
"max_diff": 0.010000000000005116,
"mean": 28.062820512820508,
"mean_diff": -1.0678947368421052,
"min": 0.0,
"min_diff": -2.7699999999999996,
"std": 12.257760900797408,
"std_diff": 0.9079246371887948
},
"yaw_rate": {
"max": 3.3000000000000114,
"max_diff": 1.1000000000000227,
"mean": 0.6307692307692532,
"mean_diff": 0.007894736842105562,
"min": -0.6999999999999886,
"min_diff": -1.799999999999983,
"std": 1.0160642636030466,
"std_diff": 0.54501645506176
}
}
},
"ZOE_VEH_INFO": {
"message_count": 1921,
"message_freq": 99.78995798224602,
"timespan": 19.250434,
"var_stats": {
"FL_wheel_speed": {
"max": 357.9528,
"max_diff": 3.294300000000021,
"mean": 249.66193758459136,
"mean_diff": -0.18582562500000002,
"min": 0.0,
"min_diff": -4.253399999999999,
"std": 105.17186969321429,
"std_diff": 0.568696510368983
},
"FR_wheel_speed": {
"max": 356.78520000000003,
"max_diff": 2.793900000000008,
"mean": 249.83841910463298,
"mean_diff": -0.18569531250000001,
"min": 0.0,
"min_diff": -3.5028,
"std": 104.74672792131854,
"std_diff": 0.5574400818781136
},
"RL_wheel_speed": {
"max": 357.0354,
"max_diff": 4.628700000000038,
"mean": 249.10737751171268,
"mean_diff": -0.18302390625,
"min": 3.5028,
"min_diff": -4.712099999999992,
"std": 104.90822764170024,
"std_diff": 0.6321628441858288
},
"RR_wheel_speed": {
"max": 356.78520000000003,
"max_diff": 4.461899999999986,
"mean": 249.81475799062991,
"mean_diff": -0.18545640625,
"min": 0.0,
"min_diff": -5.170799999999986,
"std": 104.78382295124395,
"std_diff": 0.6500767635125563
},
"left_solar": {
"max": 0,
"max_diff": 0.0,
"mean": 0.0,
"mean_diff": 0.0,
"min": 0,
"min_diff": 0.0,
"std": 0.0,
"std_diff": 0.0
},
"longitudinal_accel": {
"max": 0.3500000000000014,
"max_diff": 0.6000000000000014,
"mean": -0.4597345132743357,
"mean_diff": 0.00013020833333333333,
"min": -1.6500000000000004,
"min_diff": -0.5,
"std": 0.49580907046768236,
"std_diff": 0.06765209503375781
},
"meanEffTorque": {
"max": 14.5,
"max_diff": 4.5,
"mean": -18.845393024466425,
"mean_diff": -0.00390625,
"min": -77.0,