{
"MS_IMU": {
"message_count": 1981,
"message_freq": 99.87018892001507,
"timespan": 19.835749,
"var_stats": {
"linear_accel": {
"max": 10.310043334960938,
"max_diff": 10.688620209693909,
"mean": 2.909378992930107,
"mean_diff": 5.221194836464422,
"min": -1.8126262426376343,
"min_diff": -0.5559932291507721,
"std": 4.851163274372206,
"std_diff": 4.889566894323054
},
"q": {
"max": 0.9996808767318726,
"max_diff": 1.0198002438992262,
"mean": 0.24220771619292353,
"mean_diff": 0.33172954561182694,
"min": -0.021075928583741188,
"min_diff": -0.030307361856102943,
"std": 0.4374190641124989,
"std_diff": 0.48432579008719606
},
"rotation_rate": {
"max": 0.026410764083266258,
"max_diff": 0.025593778118491173,
"mean": -0.0005384305816442536,
"mean_diff": -0.0010274743837478657,
"min": -0.024989157915115356,
"min_diff": -0.0313322264701128,
"std": 0.004893601890402948,
"std_diff": 0.006458743078718858
},
"utime": {
"max": 1533281230657051,
"max_diff": 34024.0,
"mean": 1533281220745807.2,
"mean_diff": 10018.05505050505,
"min": 1533281210821302,
"min_diff": 1957.0,
"std": 5733353.765420212,
"std_diff": 5582.312857489146
}
}
},
"POSE": {
"message_count": 987,
"message_freq": 49.7019819810928,
"timespan": 19.858363,
"var_stats": {
"accel": {
"max": 9.978128410614653,
"max_diff": 10.375104135859022,
"mean": 2.908671205772401,
"mean_diff": 5.222215082843039,
"min": -1.6943121664664313,
"min_diff": -0.30054460806337696,
"std": 4.850947762407871,
"std_diff": 4.887551210441596
},
"orientation": {
"max": 0.7178010700629311,
"max_diff": 0.0,
"mean": 0.001126174541413034,
"mean_diff": -0.4713921824046256,
"min": -0.7079159634606039,
"min_diff": -0.7178010700629311,
"std": 0.4999987317292938,
"std_diff": 0.33335078176170146
},
"pos": {
"max": 1575.719662376072,
"max_diff": 799.0830402625115,
"mean": 775.8254133315913,
"mean_diff": -388.56567381466834,
"min": 0.0,
"min_diff": -1575.719662376072,
"std": 632.9414003701667,
"std_diff": 1161.804248613468
},
"rotation_rate": {
"max": 0.026410764083266258,
"max_diff": 0.02268327251658775,
"mean": -0.0005500542326257872,
"mean_diff": -0.0010141889301495965,
"min": -0.023529494181275368,
"min_diff": -0.03044845536351204,
"std": 0.004933614651507932,
"std_diff": 0.006529950005082268
},
"utime": {
"max": 1533281230660308,
"max_diff": 40377.0,
"mean": 1533281220737556.8,
"mean_diff": 20140.327586206895,
"min": 1533281210801945,
"min_diff": 10193.0,
"std": 5743594.806540742,
"std_diff": 1845.4535514439738
},
"vel": {
"max": 6.49093190334732,
"max_diff": 0.0,
"mean": 0.49968406181701314,
"mean_diff": -0.7495260927255196,
"min": 0.0,
"min_diff": -6.49093190334732,
"std": 1.4485319676242814,
"std_diff": 1.720495327113313
}
}
},
"SteerAngleFeedback": {
"message_count": 1943,
"message_freq": 97.86420316830196,
"timespan": 19.854042,
"var_stats": {
"utime": {
"max": 1533281230658166,
"max_diff": 30713.0,
"mean": 1533281220745803.8,
"mean_diff": 10223.502574665294,
"min": 1533281210804124,
"min_diff": 4677.0,
"std": 5734553.550213087,
"std_diff": 1653.607923455401
},
"value": {
"max": 0.017453292519943295,
"max_diff": 0.003490658503993438,
"mean": -0.10512936404344235,
"mean_diff": -5.482239154050078e-05,
"min": -0.2652900463031349,
"min_diff": -0.008726646259971646,
"std": 0.05752755640937985,
"std_diff": 0.0013850992227183835
}
}
},
"VEHICLE_MONITOR": {
"message_count": 40,
"message_freq": 2.051197689202731,
"timespan": 19.500802,
"var_stats": {
"available_distance": {
"max": 138,
"max_diff": 0.0,
"mean": 138.0,
"mean_diff": 0.0,
"min": 138,
"min_diff": 0.0,
"std": 0.0,
"std_diff": 0.0
},
"battery_level": {
"max": 96,
"max_diff": 0.0,
"mean": 96.0,
"mean_diff": 0.0,
"min": 96,
"min_diff": 0.0,
"std": 0.0,
"std_diff": 0.0
},
"brake": {
"max": 15,
"max_diff": 5.0,
"mean": 6.175,
"mean_diff": 0.20512820512820512,
"min": 0,
"min_diff": -7.0,
"std": 3.8915774436595756,
"std_diff": 1.6821763555750484
},
"brake_switch": {
"max": 4,
"max_diff": 2.0,
"mean": 3.875,
"mean_diff": 0.07692307692307693,
"min": 1,
"min_diff": 0.0,
"std": 0.5562148865321748,
"std_diff": 0.349696966589381
},
"gear_position": {
"max": 7,
"max_diff": 0.0,
"mean": 7.0,
"mean_diff": 0.0,
"min": 7,
"min_diff": 0.0,
"std": 0.0,
"std_diff": 0.0
},
"left_signal": {
"max": 0,
"max_diff": 0.0,
"mean": 0.0,
"mean_diff": 0.0,
"min": 0,
"min_diff": 0.0,
"std": 0.0,
"std_diff": 0.0
},
"rear_left_rpm": {
"max": 202.0782,
"max_diff": 0.0,
"mean": 43.983075,
"mean_diff": -5.181492307692308,
"min": 0.0,
"min_diff": -19.3905,
"std": 66.5187145910786,
"std_diff": 6.526909720706157
},
"rear_right_rpm": {
"max": 201.20250000000001,
"max_diff": 0.0,
"mean": 43.91427,
"mean_diff": -5.159038461538462,
"min": 0.0,
"min_diff": -19.8492,
"std": 66.4933376277135,
"std_diff": 6.522845440631478
},
"right_signal": {
"max": 1,
"max_diff": 1.0,
"mean": 0.5,
"mean_diff": 0.02564102564102564,
"min": 0,
"min_diff": -1.0,
"std": 0.5,
"std_diff": 0.7333512639012868
},
"steering": {
"max": 0.900000000000091,
"max_diff": 3.5,
"mean": -6.135000000000048,
"mean_diff": -0.15641025641026574,
"min": -14.900000000000091,
"min_diff": -8.099999999999909,
"std": 3.2780748923720853,
"std_diff": 2.0038162144850955
},
"steering_speed": {
"max": 11.900000000000272,
"max_diff": 19.899999999999636,
"mean": -0.6174999999997915,
"mean_diff": 0.0,
"min": -29.899999999999455,
"min_diff": -29.899999999999636,
"std": 5.5597611234656155,
"std_diff": 6.932901860341565
},
"throttle": {
"max": 0,
"max_diff": 0.0,
"mean": 0.0,
"mean_diff": 0.0,
"min": 0,
"min_diff": 0.0,
"std": 0.0,
"std_diff": 0.0
},
"utime": {
"max": 1533281230734299,
"max_diff": 500935.0,
"mean": 1533281220983940.5,
"mean_diff": 500020.5641025641,
"min": 1533281211233497,
"min_diff": 499074.0,
"std": 5771802.848843774,
"std_diff": 446.1504170218941
},
"vehicle_speed": {
"max": 23.01,
"max_diff": 0.0,
"mean": 5.092999999999999,
"mean_diff": -0.5900000000000001,
"min": 0.0,
"min_diff": -2.2100000000000004,
"std": 7.645838475929243,
"std_diff": 0.7418514607005837
},
"yaw_rate": {
"max": 2.842170943040401e-14,
"max_diff": 0.5,
"mean": -0.26999999999997826,
"mean_diff": 0.0,
"min": -1.1999999999999886,
"min_diff": -0.700000000000017,
"std": 0.2694438717061499,
"std_diff": 0.2050640925449504
}
}
},
"ZOE_VEH_INFO": {
"message_count": 1977,
"message_freq": 99.53741033262766,
"timespan": 19.861879,
"var_stats": {
"FL_wheel_speed": {
"max": 205.3725,
"max_diff": 1.6262999999999863,
"mean": 46.33722139605463,
"mean_diff": -0.10344807692307692,
"min": 0.0,
"min_diff": -3.5028,
"std": 68.40048578342599,
"std_diff": 0.3778649732811167
},
"FR_wheel_speed": {
"max": 204.2049,
"max_diff": 2.585399999999993,
"mean": 46.1204531107739,
"mean_diff": -0.10334256072874494,
"min": 0.0,
"min_diff": -3.5028,
"std": 68.19609433869512,
"std_diff": 0.3504664932775234
},
"RL_wheel_speed": {
"max": 204.9138,
"max_diff": 2.3769000000000062,
"mean": 46.323258118361146,
"mean_diff": -0.10334256072874494,
"min": 0.0,
"min_diff": -3.5028,
"std": 68.37486568708974,
"std_diff": 0.3833238077188667
},
"RR_wheel_speed": {
"max": 205.6227,
"max_diff": 2.3769000000000062,
"mean": 46.20037283763278,
"mean_diff": -0.1034480769230769,
"min": 0.0,
"min_diff": -3.5028,
"std": 68.36113943500463,
"std_diff": 0.3772193197983044
},
"left_solar": {
"max": 0,
"max_diff": 0.0,
"mean": 0.0,
"mean_diff": 0.0,
"min": 0,
"min_diff": 0.0,
"std": 0.0,
"std_diff": 0.0
},
"longitudinal_accel": {
"max": 0.20000000000000107,
"max_diff": 0.34999999999999964,
"mean": -0.5897066262013149,
"mean_diff": 0.0001518218623481776,
"min": -1.6999999999999993,
"min_diff": -0.3000000000000007,
"std": 0.4511369495115267,
"std_diff": 0.043095990527134115
},
"meanEffTorque": {
"max": 0.0,
"max_diff": 1.0,
"mean": -15.7797167425392,
"mean_diff": 0.01417004048582996,
"min": -62.5,
"min_diff": -0.5,
"std": 24.33584998842797,
"std_diff": 0.16850022955930008
},
"odom": {
"max": 116,
"max_diff": 64.0,
"mean": 34.508851795649974,
"mean_diff": -0.04048582995951417,
"min": 0,
"min_diff": -112.0,
"std": 28.896306120016053,
"std_diff": 10.489168336696109
},