{
"MS_IMU": {
"message_count": 1941,
"message_freq": 99.53761419261764,
"timespan": 19.500166,
"var_stats": {
"linear_accel": {
"max": 17.23318099975586,
"max_diff": 17.534096598625183,
"mean": 3.3016828903655755,
"mean_diff": 4.916117683938367,
"min": -1.4993852376937866,
"min_diff": -2.849499464035034,
"std": 4.64149255782831,
"std_diff": 4.844666787736578
},
"q": {
"max": 0.9042406678199768,
"max_diff": 0.5641666841693223,
"mean": 0.3411792732584454,
"mean_diff": -0.12457731777647608,
"min": -0.042175453156232834,
"min_diff": -0.9154163841158152,
"std": 0.36550885247585313,
"std_diff": 0.5620371859174411
},
"rotation_rate": {
"max": 0.29800766706466675,
"max_diff": 0.43761727726086974,
"mean": 0.0007335830364627031,
"mean_diff": 0.0010824092967381183,
"min": -0.4476684629917145,
"min_diff": -0.45543499756604433,
"std": 0.05326420887124871,
"std_diff": 0.08562817580413994
},
"utime": {
"max": 1535731239148965,
"max_diff": 32998.0,
"mean": 1535731229400754.8,
"mean_diff": 10051.631958762886,
"min": 1535731219648799,
"min_diff": 2697.0,
"std": 5627952.027604365,
"std_diff": 4866.85589245744
}
}
},
"POSE": {
"message_count": 967,
"message_freq": 49.592118925080825,
"timespan": 19.499066,
"var_stats": {
"accel": {
"max": 14.042792752640313,
"max_diff": 14.05755810927153,
"mean": 3.30058686441923,
"mean_diff": 4.910920727170442,
"min": -0.6129405544657132,
"min_diff": -1.4895555894815375,
"std": 4.62197242675251,
"std_diff": 4.823861723732266
},
"orientation": {
"max": 0.9819147128361675,
"max_diff": 0.9819147128361675,
"mean": 0.3064474430911345,
"mean_diff": 0.23334573096329964,
"min": 0.0,
"min_diff": -0.33735312096147063,
"std": 0.395082225141686,
"std_diff": 0.5280938393643091
},
"pos": {
"max": 826.1734680954143,
"max_diff": 394.8271165638493,
"mean": 427.0473208620689,
"mean_diff": -241.24472569966636,
"min": 0.0,
"min_diff": -826.1734680954143,
"std": 329.1100877016113,
"std_diff": 558.7504317929304
},
"rotation_rate": {
"max": 0.29800766706466675,
"max_diff": 0.43714072089642286,
"mean": 0.0007722867262050419,
"mean_diff": 0.0010830816145413467,
"min": -0.4476684629917145,
"min_diff": -0.452418752014637,
"std": 0.053129425252464446,
"std_diff": 0.08516941700894345
},
"utime": {
"max": 1535731239152101,
"max_diff": 41246.0,
"mean": 1535731229393458.5,
"mean_diff": 20185.368530020703,
"min": 1535731219653035,
"min_diff": 14434.0,
"std": 5650498.697780099,
"std_diff": 2018.0684620700492
},
"vel": {
"max": 7.660429942600174,
"max_diff": 0.0,
"mean": 2.117535176861834,
"mean_diff": -3.1763027652927507,
"min": 0.0,
"min_diff": -7.660429942600174,
"std": 3.0443858647911086,
"std_diff": 3.2464536838948432
}
}
},
"SteerAngleFeedback": {
"message_count": 1897,
"message_freq": 97.31866805474449,
"timespan": 19.492663,
"var_stats": {
"utime": {
"max": 1535731239150041,
"max_diff": 29794.0,
"mean": 1535731229397120.5,
"mean_diff": 10280.940400843881,
"min": 1535731219657378,
"min_diff": 5920.0,
"std": 5638763.208960578,
"std_diff": 1806.1419372234584
},
"value": {
"max": 0.5620679946541433,
"max_diff": 0.01919862177194398,
"mean": -0.003932069245373688,
"mean_diff": 0.00017306007350998385,
"min": -0.926697857297023,
"min_diff": -0.017453292519943292,
"std": 0.3337431807186094,
"std_diff": 0.004282555318018819
}
}
},
"VEHICLE_MONITOR": {
"message_count": 40,
"message_freq": 2.051270585205447,
"timespan": 19.500109,
"var_stats": {
"available_distance": {
"max": 34,
"max_diff": 0.0,
"mean": 34.0,
"mean_diff": 0.0,
"min": 34,
"min_diff": 0.0,
"std": 0.0,
"std_diff": 0.0
},
"battery_level": {
"max": 36,
"max_diff": 0.0,
"mean": 36.0,
"mean_diff": 0.0,
"min": 36,
"min_diff": 0.0,
"std": 0.0,
"std_diff": 0.0
},
"brake": {
"max": 0,
"max_diff": 0.0,
"mean": 0.0,
"mean_diff": 0.0,
"min": 0,
"min_diff": 0.0,
"std": 0.0,
"std_diff": 0.0
},
"brake_switch": {
"max": 1,
"max_diff": 0.0,
"mean": 1.0,
"mean_diff": 0.0,
"min": 1,
"min_diff": 0.0,
"std": 0.0,
"std_diff": 0.0
},
"gear_position": {
"max": 7,
"max_diff": 0.0,
"mean": 7.0,
"mean_diff": 0.0,
"min": 7,
"min_diff": 0.0,
"std": 0.0,
"std_diff": 0.0
},
"left_signal": {
"max": 0,
"max_diff": 0.0,
"mean": 0.0,
"mean_diff": 0.0,
"min": 0,
"min_diff": 0.0,
"std": 0.0,
"std_diff": 0.0
},
"rear_left_rpm": {
"max": 239.0244,
"max_diff": 21.517200000000003,
"mean": 198.99552750000004,
"mean_diff": -0.8928076923076924,
"min": 140.86260000000001,
"min_diff": -11.425799999999981,
"std": 29.964076647520674,
"std_diff": 6.931743828377426
},
"rear_right_rpm": {
"max": 241.8183,
"max_diff": 21.975899999999996,
"mean": 202.8486075,
"mean_diff": -0.8083384615384619,
"min": 138.1104,
"min_diff": -10.508400000000023,
"std": 31.583561814054377,
"std_diff": 7.114782054885498
},
"right_signal": {
"max": 1,
"max_diff": 1.0,
"mean": 0.05,
"mean_diff": 0.0,
"min": 0,
"min_diff": -1.0,
"std": 0.21794494717703367,
"std_diff": 0.32025630761017426
},
"steering": {
"max": 31.300000000000182,
"max_diff": 34.90000000000009,
"mean": 0.8400000000001796,
"mean_diff": 0.48205128205127507,
"min": -52.399999999999636,
"min_diff": -25.90000000000009,
"std": 18.914502372518296,
"std_diff": 10.449484634448478
},
"steering_speed": {
"max": 93.60000000000055,
"max_diff": 53.80000000000018,
"mean": 0.9100000000002411,
"mean_diff": 0.3051282051282075,
"min": -69.79999999999954,
"min_diff": -81.70000000000027,
"std": 22.674697351894267,
"std_diff": 23.257046891464313
},
"throttle": {
"max": 298,
"max_diff": 114.0,
"mean": 100.55,
"mean_diff": -4.564102564102564,
"min": 0,
"min_diff": -208.0,
"std": 87.81342437235892,
"std_diff": 53.56223069970053
},
"utime": {
"max": 1535731239151043,
"max_diff": 502390.0,
"mean": 1535731229400987.5,
"mean_diff": 500002.7948717949,
"min": 1535731219650934,
"min_diff": 497925.0,
"std": 5771568.03098518,
"std_diff": 592.8196067334038
},
"vehicle_speed": {
"max": 27.52,
"max_diff": 2.650000000000002,
"mean": 22.779999999999998,
"mean_diff": -0.08461538461538454,
"min": 15.870000000000001,
"min_diff": -1.0899999999999999,
"std": 3.4709278298460773,
"std_diff": 0.7987164258947496
},
"yaw_rate": {
"max": 4.600000000000023,
"max_diff": 4.599999999999994,
"mean": -0.07249999999997456,
"mean_diff": 0.04615384615384572,
"min": -6.099999999999966,
"min_diff": -2.700000000000017,
"std": 2.419192788927745,
"std_diff": 1.3145821513856097
}
}
},
"ZOE_VEH_INFO": {
"message_count": 1937,
"message_freq": 99.33956370699556,
"timespan": 19.498777,
"var_stats": {
"FL_wheel_speed": {
"max": 243.0276,
"max_diff": 11.008800000000008,
"mean": 200.59811910170367,
"mean_diff": -0.017726807851239666,
"min": 140.6541,
"min_diff": -10.258199999999988,
"std": 29.7291668229163,
"std_diff": 0.7955486808321
},
"FR_wheel_speed": {
"max": 243.945,
"max_diff": 8.173200000000008,
"mean": 200.7896334021683,
"mean_diff": -0.016779080578512393,
"min": 135.0663,
"min_diff": -5.170799999999986,
"std": 30.883201788799145,
"std_diff": 0.6886316724273013
},
"RL_wheel_speed": {
"max": 242.7774,
"max_diff": 8.465100000000007,
"mean": 200.03005616933405,
"mean_diff": -0.017985278925619838,
"min": 140.1954,
"min_diff": -12.384899999999988,
"std": 29.67082170033562,
"std_diff": 0.6893964285350522
},
"RR_wheel_speed": {
"max": 246.94740000000002,
"max_diff": 5.421000000000021,
"mean": 204.02268585441405,
"mean_diff": -0.016283677685950418,
"min": 137.6517,
"min_diff": -10.71690000000001,
"std": 31.438678484209237,
"std_diff": 0.6224085024380178
},
"left_solar": {
"max": 0,
"max_diff": 112.0,
"mean": -35.90707279297883,
"mean_diff": 0.0,
"min": -112,
"min_diff": -112.0,
"std": 52.271161037931314,
"std_diff": 5.090909090909091
},
"longitudinal_accel": {
"max": 1.8500000000000014,
"max_diff": 1.0500000000000007,
"mean": -0.07712958182756778,
"mean_diff": -0.0004132231404958672,
"min": -1.6500000000000004,
"min_diff": -0.9000000000000004,
"std": 0.39677444991688454,
"std_diff": 0.09539952261965282
},
"meanEffTorque": {
"max": 65.5,
"max_diff": 3.0,
"mean": 3.872225090345896,
"mean_diff": -0.025826446280991736,
"min": -32.5,
"min_diff": -3.0,
"std": 22.15804364438672,