{
"MS_IMU": {
"message_count": 1961,
"message_freq": 99.86336390021384,
"timespan": 19.636831,
"var_stats": {
"linear_accel": {
"max": 14.480230331420898,
"max_diff": 14.364289581775665,
"mean": 3.2334068163353926,
"mean_diff": 4.872678190771214,
"min": -2.3869540691375732,
"min_diff": -3.53598690032959,
"std": 4.713980607972309,
"std_diff": 5.2267337063078525
},
"q": {
"max": 0.9155349135398865,
"max_diff": 0.7474745847284794,
"mean": 0.34136963749276894,
"mean_diff": -0.1060852113526714,
"min": -0.024972477927803993,
"min_diff": -0.9176601376384497,
"std": 0.3653310661202693,
"std_diff": 0.569301240563212
},
"rotation_rate": {
"max": 0.22557738423347473,
"max_diff": 0.3380640596151352,
"mean": -0.006164226677749968,
"mean_diff": -0.007393535211580992,
"min": -0.3113901615142822,
"min_diff": -0.3187144175171852,
"std": 0.06562821986173566,
"std_diff": 0.08448155166445069
},
"utime": {
"max": 1537290895956529,
"max_diff": 30462.0,
"mean": 1537290886130902.5,
"mean_diff": 10018.791326530612,
"min": 1537290876319698,
"min_diff": 1478.0,
"std": 5678798.197891067,
"std_diff": 5296.48417587865
}
}
},
"POSE": {
"message_count": 977,
"message_freq": 49.6966267638869,
"timespan": 19.659282,
"var_stats": {
"accel": {
"max": 11.802813802478129,
"max_diff": 12.015459950479523,
"mean": 3.2343061875096346,
"mean_diff": 4.8673770761987845,
"min": -1.814320262855009,
"min_diff": -3.2545236675963,
"std": 4.674887784499445,
"std_diff": 5.183481564197573
},
"orientation": {
"max": 0.999999924378075,
"max_diff": 0.999999924378075,
"mean": 0.28994021277510457,
"mean_diff": 0.23805701168241494,
"min": -0.9999967884097424,
"min_diff": -0.9999967884097424,
"std": 0.40735079847218547,
"std_diff": 0.5259868748573218
},
"pos": {
"max": 653.9534534650674,
"max_diff": 304.4734777038058,
"mean": 343.8165339005759,
"mean_diff": -200.20870241196147,
"min": 0.0,
"min_diff": -653.9534534650674,
"std": 261.4218575151221,
"std_diff": 432.1861675093498
},
"rotation_rate": {
"max": 0.20887503027915955,
"max_diff": 0.3380640596151352,
"mean": -0.006021608587245856,
"mean_diff": -0.007578488699410006,
"min": -0.3090013563632965,
"min_diff": -0.3187144175171852,
"std": 0.06581991598800752,
"std_diff": 0.0844967972718322
},
"utime": {
"max": 1537290895963213,
"max_diff": 40773.0,
"mean": 1537290886127065.0,
"mean_diff": 20142.706967213115,
"min": 1537290876303931,
"min_diff": 13775.0,
"std": 5688609.495326946,
"std_diff": 1777.7028434998701
},
"vel": {
"max": 6.497086069941454,
"max_diff": 0.0,
"mean": 1.9149464219328223,
"mean_diff": -2.8724196328992333,
"min": 0.0,
"min_diff": -6.497086069941454,
"std": 2.724627497512453,
"std_diff": 2.895708488633907
}
}
},
"SteerAngleFeedback": {
"message_count": 1925,
"message_freq": 97.99177439229065,
"timespan": 19.644506,
"var_stats": {
"utime": {
"max": 1537290895949903,
"max_diff": 30138.0,
"mean": 1537290886111365.0,
"mean_diff": 10210.242203742204,
"min": 1537290876305397,
"min_diff": 4925.0,
"std": 5678074.929219602,
"std_diff": 1663.5625204436008
},
"value": {
"max": 0.8273580409572783,
"max_diff": 0.03316125578789397,
"mean": -0.15632312543492,
"mean_diff": 0.0013398395557149844,
"min": -2.5760340004316644,
"min_diff": -0.03316125578789386,
"std": 0.7688365017791523,
"std_diff": 0.005402835172360015
}
}
},
"VEHICLE_MONITOR": {
"message_count": 39,
"message_freq": 2.0000912862176783,
"timespan": 19.49911,
"var_stats": null
},
"ZOE_VEH_INFO": {
"message_count": 1958,
"message_freq": 99.649542026889,
"timespan": 19.648861,
"var_stats": {
"FL_wheel_speed": {
"max": 210.0429,
"max_diff": 18.93179999999998,
"mean": 181.86283651685395,
"mean_diff": 0.005966274910577423,
"min": 131.0631,
"min_diff": -16.638299999999987,
"std": 15.572450737914037,
"std_diff": 1.800207519607269
},
"FR_wheel_speed": {
"max": 205.6227,
"max_diff": 16.137900000000002,
"mean": 181.0345441777324,
"mean_diff": 0.011698160449667865,
"min": 121.2636,
"min_diff": -12.635100000000023,
"std": 17.239426024976225,
"std_diff": 1.70794455356873
},
"RL_wheel_speed": {
"max": 206.99880000000002,
"max_diff": 18.93179999999998,
"mean": 181.1691640449438,
"mean_diff": 0.006797291773122127,
"min": 130.1457,
"min_diff": -16.638299999999987,
"std": 15.712400995486872,
"std_diff": 1.9555519467326283
},
"RR_wheel_speed": {
"max": 207.4992,
"max_diff": 19.181999999999988,
"mean": 183.67751062308477,
"mean_diff": 0.012657026060296374,
"min": 120.5547,
"min_diff": -19.140299999999996,
"std": 17.88806720008308,
"std_diff": 1.740804116574294
},
"left_solar": {
"max": 0,
"max_diff": 0.0,
"mean": 0.0,
"mean_diff": 0.0,
"min": 0,
"min_diff": 0.0,
"std": 0.0,
"std_diff": 0.0
},
"longitudinal_accel": {
"max": 1.6500000000000004,
"max_diff": 1.5500000000000007,
"mean": 0.030132788559755548,
"mean_diff": -0.001021972406745018,
"min": -1.549999999999999,
"min_diff": -1.75,
"std": 0.6075588579057185,
"std_diff": 0.205417127442922
},
"meanEffTorque": {
"max": 106.0,
"max_diff": 2.0,
"mean": 10.546475995914198,
"mean_diff": -0.06259580991313235,
"min": -26.5,
"min_diff": -1.5,
"std": 35.47445289665282,
"std_diff": 0.3120653447595854
},
"odom": {
"max": 120,
"max_diff": 68.0,
"mean": 61.92849846782431,
"mean_diff": 0.0061318344404701075,
"min": 0,
"min_diff": -80.0,
"std": 34.68520325314086,
"std_diff": 18.86617375679979
},
"odom_speed": {
"max": 23.0,
"max_diff": 1.0,
"mean": 20.201225740551582,
"mean_diff": 0.001021972406745018,
"min": 14.0,
"min_diff": -1.0,
"std": 1.907288993977804,
"std_diff": 0.11961007176166272
},
"pedal_cc": {
"max": 428.0,
"max_diff": 20.0,
"mean": 113.33248212461696,
"mean_diff": -0.21001532958610117,
"min": 0.0,
"min_diff": -15.0,
"std": 117.2969624607619,
"std_diff": 1.7943139196581674
},
"regen": {
"max": 53.0,
"max_diff": 1.0,
"mean": 14.625638406537282,
"mean_diff": 0.025038323965252938,
"min": 0.0,
"min_diff": -4.0,
"std": 20.029072242844563,
"std_diff": 0.36293044651350326
},
"requestedTorqueAfterProc": {
"max": -272.5,
"max_diff": 126.0,
"mean": -330.65168539325845,
"mean_diff": 0.0,
"min": -398.5,
"min_diff": -126.0,
"std": 45.63283570302626,
"std_diff": 6.385703564630101
},
"right_solar": {
"max": 0,
"max_diff": 0.0,
"mean": 0.0,
"mean_diff": 0.0,
"min": 0,
"min_diff": 0.0,
"std": 0.0,
"std_diff": 0.0
},
"steer_corrected": {
"max": 47.40412389306395,
"max_diff": 1.900000000000091,
"mean": -9.008031367405732,
"mean_diff": 0.07557485947879412,
"min": -147.79587610693588,
"min_diff": -1.0,
"std": 44.09245156877352,
"std_diff": 0.30225897781445016
},
"steer_offset_can": {
"max": -12.300000000000182,
"max_diff": 0.0,
"mean": -12.300000000000184,
"mean_diff": 0.0,
"min": -12.300000000000182,
"min_diff": 0.0,
"std": 1.7763568394002505e-15,
"std_diff": 0.0
},
"steer_raw": {
"max": 35.69999999999982,
"max_diff": 1.900000000000091,
"mean": -20.71215526046986,
"mean_diff": 0.07557485947879412,
"min": -159.5,
"min_diff": -1.0,
"std": 44.09245156877351,
"std_diff": 0.30225897781445016
},
"transversal_accel": {
"max": -0.30400000000000205,
"max_diff": 0.18000000000000682,
"mean": -0.5084044943820207,
"mean_diff": 2.4527337761881358e-05,
"min": -0.6839999999999975,
"min_diff": -0.15200000000001523,
"std": 0.06091612328289587,
"std_diff": 0.019312226604327368
},
"utime": {
"max": 1537290895950009,
"max_diff": 21609.0,
"mean": 1537290886115709.8,
"mean_diff": 10040.29688298416,
"min": 1537290876301148,
"min_diff": 2.0,
"std": 5676115.8094745865,
"std_diff": 1578.6450854548837
}
}
},
"ZoeSensors": {
"message_count": 18762,
"message_freq": 954.875151168208,
"timespan": 19.648642,
"var_stats": {
"brake_sensor": {
"max": 0.18497507274150848,
"max_diff": 3.7610530853271484e-05,
"mean": 0.18489993990973463,
"mean_diff": -1.7529376235180309e-09,
"min": 0.18481944501399994,
"min_diff": -2.092123031616211e-05,
"std": 1.9488252676729045e-05,
"std_diff": 4.190045750749026e-06
},
"steering_sensor": {
"max": 0.218886137008667,
"max_diff": 0.0006026178598403931,
"mean": 0.21772888283582909,
"mean_diff": 7.977573851660672e-09,
"min": 0.21668438613414764,
"min_diff": -0.0007168501615524292,