{
"MS_IMU": {
"message_count": 1981,
"message_freq": 99.54610293589647,
"timespan": 19.900327,
"var_stats": {
"linear_accel": {
"max": 12.664876937866211,
"max_diff": 13.381677210330963,
"mean": 3.2410230267582048,
"mean_diff": 4.985021330076928,
"min": -1.68039870262146,
"min_diff": -1.0573209524154663,
"std": 4.658129289682753,
"std_diff": 4.766848090583603
},
"q": {
"max": 0.9112983345985413,
"max_diff": 0.9114004145376384,
"mean": 0.1181837564405427,
"mean_diff": 0.4435819711635836,
"min": -0.4990205466747284,
"min_diff": -0.002810857491567731,
"std": 0.48583188158271107,
"std_diff": 0.3640148912291362
},
"rotation_rate": {
"max": 0.08894036710262299,
"max_diff": 0.09667437709867954,
"mean": -0.0031210250937579627,
"mean_diff": -0.003980873162793762,
"min": -0.09884863346815109,
"min_diff": -0.16999847441911697,
"std": 0.019507377009756,
"std_diff": 0.02771815346331473
},
"utime": {
"max": 1537296965819901,
"max_diff": 25089.0,
"mean": 1537296955862726.8,
"mean_diff": 10050.670202020203,
"min": 1537296945919574,
"min_diff": 1925.0,
"std": 5743487.812776028,
"std_diff": 5342.1814687703845
}
}
},
"POSE": {
"message_count": 985,
"message_freq": 49.499631592082025,
"timespan": 19.899138,
"var_stats": {
"accel": {
"max": 10.682956042443683,
"max_diff": 10.801297895812667,
"mean": 3.2398071691348838,
"mean_diff": 4.984862957868382,
"min": -0.6738215407488857,
"min_diff": -0.549954085323103,
"std": 4.650676467974599,
"std_diff": 4.7546091990742285
},
"orientation": {
"max": 0.9660241700002625,
"max_diff": 0.0,
"mean": 0.15155102759994743,
"mean_diff": -0.42573475943441297,
"min": -0.3516338062333243,
"min_diff": -0.9660241700002625,
"std": 0.4764790509911217,
"std_diff": 0.38997852241201164
},
"pos": {
"max": 1644.8392943294068,
"max_diff": 1040.5082337983233,
"mean": 753.2928234628034,
"mean_diff": -328.1809522830992,
"min": 0.0,
"min_diff": -1644.8392943294068,
"std": 658.5595750950944,
"std_diff": 1275.985260925077
},
"rotation_rate": {
"max": 0.08791850507259369,
"max_diff": 0.0801749937236309,
"mean": -0.0032905234422636077,
"mean_diff": -0.003962742280855869,
"min": -0.0971599668264389,
"min_diff": -0.16999847441911697,
"std": 0.01943658482047551,
"std_diff": 0.02752152835389835
},
"utime": {
"max": 1537296965803941,
"max_diff": 40727.0,
"mean": 1537296955862416.8,
"mean_diff": 20222.701219512193,
"min": 1537296945904803,
"min_diff": 15132.0,
"std": 5745466.558588409,
"std_diff": 2210.3199355841653
},
"vel": {
"max": 7.43570803869718,
"max_diff": 0.0,
"mean": 2.1138383126083182,
"mean_diff": -3.1707574689124782,
"min": 0.0,
"min_diff": -7.43570803869718,
"std": 3.014173408395849,
"std_diff": 3.205717968713544
}
}
},
"SteerAngleFeedback": {
"message_count": 1959,
"message_freq": 98.43120061042418,
"timespan": 19.902226,
"var_stats": {
"utime": {
"max": 1537296965807000,
"max_diff": 21850.0,
"mean": 1537296955851025.8,
"mean_diff": 10164.568947906027,
"min": 1537296945904774,
"min_diff": 3697.0,
"std": 5745120.471910307,
"std_diff": 1456.2092266018872
},
"value": {
"max": 0.21649280275926286,
"max_diff": 0.00872664625997166,
"mean": -0.05132748094849836,
"mean_diff": 0.000168471516152671,
"min": -0.31583261909900767,
"min_diff": -0.012217304763957132,
"std": 0.11498150099251173,
"std_diff": 0.0017050902400999948
}
}
},
"VEHICLE_MONITOR": {
"message_count": 40,
"message_freq": 2.0000747027901493,
"timespan": 19.999253,
"var_stats": null
},
"ZOE_VEH_INFO": {
"message_count": 1983,
"message_freq": 99.65845744990943,
"timespan": 19.89796,
"var_stats": {
"FL_wheel_speed": {
"max": 235.5216,
"max_diff": 6.75539999999998,
"mean": 200.32208956127081,
"mean_diff": -0.019566599394550962,
"min": 156.3333,
"min_diff": -9.090599999999995,
"std": 21.426886169960646,
"std_diff": 0.633215669843425
},
"FR_wheel_speed": {
"max": 235.2714,
"max_diff": 14.928599999999989,
"mean": 199.96222465960665,
"mean_diff": -0.018156962663975783,
"min": 156.0831,
"min_diff": -9.841199999999986,
"std": 21.11543881648712,
"std_diff": 0.7143414481678859
},
"RL_wheel_speed": {
"max": 235.2714,
"max_diff": 8.381699999999995,
"mean": 199.8608661119516,
"mean_diff": -0.01992426841574168,
"min": 155.3742,
"min_diff": -9.090600000000023,
"std": 21.457113768812135,
"std_diff": 0.6792367358077609
},
"RR_wheel_speed": {
"max": 239.4831,
"max_diff": 6.546899999999994,
"mean": 203.2889089258699,
"mean_diff": -0.01861982845610495,
"min": 158.41830000000002,
"min_diff": -8.173200000000008,
"std": 21.53574080580447,
"std_diff": 0.5764940782835808
},
"left_solar": {
"max": 0,
"max_diff": 0.0,
"mean": 0.0,
"mean_diff": 0.0,
"min": 0,
"min_diff": 0.0,
"std": 0.0,
"std_diff": 0.0
},
"longitudinal_accel": {
"max": 0.6500000000000004,
"max_diff": 0.6000000000000014,
"mean": -0.1676500252143211,
"mean_diff": -2.5227043390514093e-05,
"min": -1.049999999999999,
"min_diff": -0.75,
"std": 0.3738234183645405,
"std_diff": 0.0765439755372251
},
"meanEffTorque": {
"max": 41.5,
"max_diff": 3.5,
"mean": -2.2188603126575894,
"mean_diff": 0.0015136226034308778,
"min": -31.0,
"min_diff": -2.5,
"std": 22.320771728185345,
"std_diff": 0.5077579072724264
},
"odom": {
"max": 120,
"max_diff": 76.0,
"mean": 66.41855774079677,
"mean_diff": -0.04036326942482341,
"min": 0,
"min_diff": -72.0,
"std": 34.65953268275204,
"std_diff": 18.98957134449995
},
"odom_speed": {
"max": 26.0,
"max_diff": 1.0,
"mean": 22.3166918809884,
"mean_diff": -0.0020181634712411706,
"min": 17.0,
"min_diff": -1.0,
"std": 2.4197787184498663,
"std_diff": 0.10533672725137129
},
"pedal_cc": {
"max": 228.0,
"max_diff": 38.0,
"mean": 72.45839636913767,
"mean_diff": 0.0,
"min": 0.0,
"min_diff": -31.0,
"std": 82.64653032728542,
"std_diff": 3.310839001529132
},
"regen": {
"max": 56.0,
"max_diff": 1.0,
"mean": 21.980332829046898,
"mean_diff": -0.0030272452068617556,
"min": 0.0,
"min_diff": -7.0,
"std": 23.055308895576857,
"std_diff": 0.6738528153949652
},
"requestedTorqueAfterProc": {
"max": -272.5,
"max_diff": 125.5,
"mean": -321.91200201714577,
"mean_diff": 0.0010090817356205853,
"min": -398.5,
"min_diff": -126.0,
"std": 41.964783607369036,
"std_diff": 8.789671433339983
},
"right_solar": {
"max": 0,
"max_diff": 0.0,
"mean": 0.0,
"mean_diff": 0.0,
"min": 0,
"min_diff": 0.0,
"std": 0.0,
"std_diff": 0.0
},
"steer_corrected": {
"max": 12.404123893063943,
"max_diff": 0.5,
"mean": -2.9379335955894015,
"mean_diff": 0.00958627648839556,
"min": -18.095876106936057,
"min_diff": -1.0,
"std": 6.594239926212972,
"std_diff": 0.10385569032594297
},
"steer_offset_can": {
"max": -12.300000000000182,
"max_diff": 0.0,
"mean": -12.300000000000182,
"mean_diff": 0.0,
"min": -12.300000000000182,
"min_diff": 0.0,
"std": 0.0,
"std_diff": 0.0
},
"steer_raw": {
"max": 0.6999999999998181,
"max_diff": 0.5,
"mean": -14.642057488653524,
"mean_diff": 0.00958627648839556,
"min": -29.800000000000182,
"min_diff": -1.0,
"std": 6.594239926212971,
"std_diff": 0.10385569032594297
},
"transversal_accel": {
"max": -0.43199999999998795,
"max_diff": 0.08799999999999386,
"mean": -0.4882662632375164,
"mean_diff": 0.0,
"min": -0.5759999999999934,
"min_diff": -0.06399999999999295,
"std": 0.021144883741154974,
"std_diff": 0.0077039049424472575
},
"utime": {
"max": 1537296965802923,
"max_diff": 26089.0,
"mean": 1537296955861942.2,
"mean_diff": 10039.33400605449,
"min": 1537296945904963,
"min_diff": 3.0,
"std": 5746171.713608623,
"std_diff": 1708.731999719613
}
}
},
"ZoeSensors": {
"message_count": 19096,
"message_freq": 959.6220528343902,
"timespan": 19.899501,
"var_stats": {
"brake_sensor": {
"max": 0.2441650778055191,
"max_diff": 0.00048539042472839355,
"mean": 0.18881341944997612,
"mean_diff": -5.283103497373586e-10,
"min": 0.1848325878381729,
"min_diff": -0.0012973695993423462,
"std": 0.01265954018775087,
"std_diff": 4.467717372790547e-05
},
"steering_sensor": {
"max": 0.2215014398097992,
"max_diff": 0.0013391673564910889,
"mean": 0.21695826267320265,
"mean_diff": 1.8564217001332386e-08,
"min": 0.21286778151988983,
"min_diff": -0.0008704513311386108,
"std": 0.0007476372753866529,