{
"MS_IMU": {
"message_count": 1934,
"message_freq": 99.74185734603937,
"timespan": 19.390054,
"var_stats": {
"linear_accel": {
"max": 15.870168685913086,
"max_diff": 15.687005460262299,
"mean": 3.2867548429218765,
"mean_diff": 4.9522064816066695,
"min": -2.7734603881835938,
"min_diff": -1.8313973546028137,
"std": 4.634849696648064,
"std_diff": 4.701067717706651
},
"q": {
"max": 0.005308256950229406,
"max_diff": 0.8797998407389969,
"mean": -0.3438340791300904,
"mean_diff": 0.12812915178300266,
"min": -0.8790743947029114,
"min_diff": -0.49591456772759557,
"std": 0.3630125933766648,
"std_diff": 0.5571951329475714
},
"rotation_rate": {
"max": 0.20697422325611115,
"max_diff": 0.21385783329606056,
"mean": 0.0004152656814288431,
"mean_diff": 7.770356867423884e-06,
"min": -0.1788683831691742,
"min_diff": -0.23538043349981308,
"std": 0.030234526072487104,
"std_diff": 0.047120351706668846
},
"utime": {
"max": 1533582790691600,
"max_diff": 30998.0,
"mean": 1533582780999308.5,
"mean_diff": 10031.067770305224,
"min": 1533582771301546,
"min_diff": 2935.0,
"std": 5598470.228989776,
"std_diff": 4169.4129691177295
}
}
},
"POSE": {
"message_count": 967,
"message_freq": 49.84690505102761,
"timespan": 19.399399,
"var_stats": {
"accel": {
"max": 11.717433609531591,
"max_diff": 11.315943020166463,
"mean": 3.2863715475806945,
"mean_diff": 4.952965110790124,
"min": -0.7017370145479266,
"min_diff": -0.31296890198659616,
"std": 4.60808271064023,
"std_diff": 4.6608181228756065
},
"orientation": {
"max": 0.9673707334107126,
"max_diff": 0.9673707334107126,
"mean": 0.30783538827674467,
"mean_diff": 0.23182906701000047,
"min": 0.0,
"min_diff": -0.27963037099057625,
"std": 0.39400174330135374,
"std_diff": 0.5287613989528793
},
"pos": {
"max": 1417.6630068344912,
"max_diff": 663.6587438772788,
"mean": 733.9861831308854,
"mean_diff": -416.51647481627697,
"min": 0.0,
"min_diff": -1417.6630068344912,
"std": 564.094740303373,
"std_diff": 954.0605476698895
},
"rotation_rate": {
"max": 0.2026185691356659,
"max_diff": 0.21385783329606056,
"mean": 0.0003787143799098644,
"mean_diff": -8.782922807778862e-05,
"min": -0.16321639716625214,
"min_diff": -0.2260393388569355,
"std": 0.03021472194181427,
"std_diff": 0.047054325767034264
},
"utime": {
"max": 1533582790707961,
"max_diff": 40361.0,
"mean": 1533582780983388.2,
"mean_diff": 20082.19358178054,
"min": 1533582771308562,
"min_diff": 15968.0,
"std": 5602477.062981691,
"std_diff": 1378.231363864485
},
"vel": {
"max": 10.297421885108768,
"max_diff": 0.0,
"mean": 3.166792253735871,
"mean_diff": -4.750188380603807,
"min": 0.0,
"min_diff": -10.297421885108768,
"std": 4.483381700701765,
"std_diff": 4.757061837683007
}
}
},
"SteerAngleFeedback": {
"message_count": 1895,
"message_freq": 97.66662325355199,
"timespan": 19.402739,
"var_stats": {
"utime": {
"max": 1533582790700535,
"max_diff": 30219.0,
"mean": 1533582780984893.8,
"mean_diff": 10244.318373812039,
"min": 1533582771297796,
"min_diff": 6457.0,
"std": 5614916.14616846,
"std_diff": 1746.0704923380436
},
"value": {
"max": 0.073375804095731,
"max_diff": 0.005235987755986167,
"mean": -0.006097003553918782,
"mean_diff": -4.607521784567927e-06,
"min": -0.06799586531580812,
"min_diff": -0.003490658503993424,
"std": 0.03452814776839927,
"std_diff": 0.0010693457538726516
}
}
},
"VEHICLE_MONITOR": {
"message_count": 40,
"message_freq": 2.0512733202212523,
"timespan": 19.500083,
"var_stats": {
"available_distance": {
"max": 27,
"max_diff": 0.0,
"mean": 27.0,
"mean_diff": 0.0,
"min": 27,
"min_diff": 0.0,
"std": 0.0,
"std_diff": 0.0
},
"battery_level": {
"max": 46,
"max_diff": 0.0,
"mean": 45.425,
"mean_diff": -0.02564102564102564,
"min": 45,
"min_diff": -1.0,
"std": 0.49434299833212975,
"std_diff": 0.15806189751202507
},
"brake": {
"max": 0,
"max_diff": 0.0,
"mean": 0.0,
"mean_diff": 0.0,
"min": 0,
"min_diff": 0.0,
"std": 0.0,
"std_diff": 0.0
},
"brake_switch": {
"max": 1,
"max_diff": 0.0,
"mean": 1.0,
"mean_diff": 0.0,
"min": 1,
"min_diff": 0.0,
"std": 0.0,
"std_diff": 0.0
},
"gear_position": {
"max": 7,
"max_diff": 0.0,
"mean": 7.0,
"mean_diff": 0.0,
"min": 7,
"min_diff": 0.0,
"std": 0.0,
"std_diff": 0.0
},
"left_signal": {
"max": 0,
"max_diff": 0.0,
"mean": 0.0,
"mean_diff": 0.0,
"min": 0,
"min_diff": 0.0,
"std": 0.0,
"std_diff": 0.0
},
"rear_left_rpm": {
"max": 325.0098,
"max_diff": 6.338399999999979,
"mean": 300.3181875,
"mean_diff": -0.7121076923076937,
"min": 283.8936,
"min_diff": -8.381700000000023,
"std": 11.304896870011415,
"std_diff": 3.6573488204649327
},
"rear_right_rpm": {
"max": 330.8478,
"max_diff": 7.7561999999999784,
"mean": 306.000855,
"mean_diff": -0.7612923076923079,
"min": 289.2312,
"min_diff": -8.63190000000003,
"std": 11.754646976939588,
"std_diff": 3.975221119822055
},
"right_signal": {
"max": 0,
"max_diff": 0.0,
"mean": 0.0,
"mean_diff": 0.0,
"min": 0,
"min_diff": 0.0,
"std": 0.0,
"std_diff": 0.0
},
"steering": {
"max": 4.5,
"max_diff": 4.0,
"mean": 0.2350000000001728,
"mean_diff": -0.010256410256412588,
"min": -3.199999999999818,
"min_diff": -3.700000000000273,
"std": 1.9401739612725333,
"std_diff": 1.2328401380749427
},
"steering_speed": {
"max": 9.900000000000272,
"max_diff": 16.0,
"mean": -0.5699999999998007,
"mean_diff": 0.0,
"min": -15.999999999999819,
"min_diff": -14.0,
"std": 3.824539187928417,
"std_diff": 5.353407733301714
},
"throttle": {
"max": 172,
"max_diff": 104.0,
"mean": 91.25,
"mean_diff": -0.4358974358974359,
"min": 0,
"min_diff": -102.0,
"std": 53.96283443259815,
"std_diff": 31.41598064010137
},
"utime": {
"max": 1533582790807584,
"max_diff": 501876.0,
"mean": 1533582781057711.5,
"mean_diff": 500002.1282051282,
"min": 1533582771307501,
"min_diff": 498234.0,
"std": 5771571.567649993,
"std_diff": 677.8463701401396
},
"vehicle_speed": {
"max": 37.08,
"max_diff": 0.46999999999999886,
"mean": 34.19925,
"mean_diff": -0.08512820512820514,
"min": 32.49,
"min_diff": -0.8700000000000045,
"std": 1.3279879282207347,
"std_diff": 0.38778709328353245
},
"yaw_rate": {
"max": 0.6000000000000227,
"max_diff": 0.8000000000000114,
"mean": -0.25499999999997486,
"mean_diff": 0.002564102564103147,
"min": -1.1999999999999886,
"min_diff": -0.700000000000017,
"std": 0.37479994663820476,
"std_diff": 0.30758545153083655
}
}
},
"ZOE_VEH_INFO": {
"message_count": 1926,
"message_freq": 99.33985929844809,
"timespan": 19.387988,
"var_stats": {
"FL_wheel_speed": {
"max": 326.4276,
"max_diff": 13.510800000000017,
"mean": 300.58574626168223,
"mean_diff": -0.014557090909090912,
"min": 283.1847,
"min_diff": -17.263800000000003,
"std": 11.4456599263104,
"std_diff": 1.283742830591033
},
"FR_wheel_speed": {
"max": 327.345,
"max_diff": 12.593399999999974,
"mean": 300.43094096573213,
"mean_diff": -0.015531896103896117,
"min": 280.5993,
"min_diff": -14.261400000000037,
"std": 11.406171103787067,
"std_diff": 1.3797838831303524
},
"RL_wheel_speed": {
"max": 325.4685,
"max_diff": 9.591000000000008,
"mean": 299.8006127725857,
"mean_diff": -0.015401922077922087,
"min": 278.7228,
"min_diff": -13.093799999999987,
"std": 11.502757973702717,
"std_diff": 1.223158952676711
},
"RR_wheel_speed": {
"max": 332.0154,
"max_diff": 9.6327,
"mean": 305.50104174454833,
"mean_diff": -0.015791844155844146,
"min": 286.2288,
"min_diff": -11.676000000000045,
"std": 11.656650554562653,
"std_diff": 1.2760199740735976
},
"left_solar": {
"max": 32,
"max_diff": 112.0,
"mean": -16.947040498442366,
"mean_diff": 0.0,
"min": -112,
"min_diff": -112.0,
"std": 37.463506633090034,
"std_diff": 12.345165729268963
},
"longitudinal_accel": {
"max": 0.8000000000000007,
"max_diff": 1.75,
"mean": -0.16375908618899201,
"mean_diff": -5.194805194805269e-05,
"min": -1.25,
"min_diff": -1.9000000000000004,
"std": 0.29693867628612214,
"std_diff": 0.20360388688810774
},
"meanEffTorque": {
"max": 17.5,
"max_diff": 4.0,
"mean": 0.29750778816199375,
"mean_diff": -0.0007792207792207792,
"min": -29.5,
"min_diff": -1.0,
"std": 13.549341161755596,
"std_diff": 0.2784454351348658
},
"odom": {
"max": 124,
"max_diff": 0.0,
"mean": 124.0,
"mean_diff": 0.0,