{
"MS_IMU": {
"message_count": 1970,
"message_freq": 99.3683451896919,
"timespan": 19.825227,
"var_stats": {
"linear_accel": {
"max": 11.364952087402344,
"max_diff": 11.466665863990784,
"mean": 3.272636394037118,
"mean_diff": 4.976782701880645,
"min": -1.36415696144104,
"min_diff": -1.1810283437371254,
"std": 4.644696194612203,
"std_diff": 4.6919979185925955
},
"q": {
"max": 0.9999663829803467,
"max_diff": 0.5451612044125795,
"mean": 0.28023844322209673,
"mean_diff": -0.2435759697661892,
"min": -0.22158387303352356,
"min_diff": -1.0065806997008622,
"std": 0.41408505384443184,
"std_diff": 0.5252215292648378
},
"rotation_rate": {
"max": 0.3957084119319916,
"max_diff": 0.4028740804642439,
"mean": 0.021788190375958603,
"mean_diff": 0.03350513927396785,
"min": -0.0903516560792923,
"min_diff": -0.10342573747038841,
"std": 0.0792518476481319,
"std_diff": 0.0952706058279324
},
"utime": {
"max": 1535490018647257,
"max_diff": 28975.0,
"mean": 1535490008708999.5,
"mean_diff": 10068.678009141697,
"min": 1535489998822030,
"min_diff": 1949.0,
"std": 5716233.680905367,
"std_diff": 5596.580981683304
}
}
},
"POSE": {
"message_count": 983,
"message_freq": 49.54137188374439,
"timespan": 19.842002,
"var_stats": {
"accel": {
"max": 10.33533871506327,
"max_diff": 10.23301702941985,
"mean": 3.271274368422646,
"mean_diff": 4.979407278071186,
"min": -1.251509382726764,
"min_diff": -0.8446863486299997,
"std": 4.644731083563675,
"std_diff": 4.68826119761757
},
"orientation": {
"max": 0.9756812698733753,
"max_diff": 0.9756812698733753,
"mean": 0.32883737409826136,
"mean_diff": 0.08854800730320565,
"min": 0.0,
"min_diff": -0.8513996517724969,
"std": 0.3766510074275125,
"std_diff": 0.5705195734906602
},
"pos": {
"max": 1684.3245157455417,
"max_diff": 520.0696464759856,
"mean": 949.3419727041259,
"mean_diff": -589.5581810297654,
"min": 0.0,
"min_diff": -1684.3245157455417,
"std": 700.4769669316914,
"std_diff": 1079.4520209468776
},
"rotation_rate": {
"max": 0.39523133635520935,
"max_diff": 0.4028740804642439,
"mean": 0.021650588850590954,
"mean_diff": 0.033337206115150314,
"min": -0.0903516560792923,
"min_diff": -0.10342573747038841,
"std": 0.07887522645721723,
"std_diff": 0.09471750327678734
},
"utime": {
"max": 1535490018647136,
"max_diff": 40621.0,
"mean": 1535490008693380.2,
"mean_diff": 20205.70468431772,
"min": 1535489998805134,
"min_diff": 11584.0,
"std": 5721875.931104139,
"std_diff": 2098.1280038472282
},
"vel": {
"max": 4.807324532198819,
"max_diff": 0.0,
"mean": 0.8528237478209524,
"mean_diff": -1.2792356217314285,
"min": 0.0,
"min_diff": -4.807324532198819,
"std": 1.317309049731596,
"std_diff": 1.4343895705566214
}
}
},
"SteerAngleFeedback": {
"message_count": 1926,
"message_freq": 97.01597791702767,
"timespan": 19.8524,
"var_stats": {
"utime": {
"max": 1535490018652126,
"max_diff": 39436.0,
"mean": 1535490008694097.5,
"mean_diff": 10312.935064935065,
"min": 1535489998799726,
"min_diff": 4133.0,
"std": 5727523.862253428,
"std_diff": 2093.1430835590218
},
"value": {
"max": 4.037018535374852,
"max_diff": 0.06283185307179429,
"mean": 0.7818118345530826,
"mean_diff": -0.0007470915863082226,
"min": -1.630065545850733,
"min_diff": -0.047123889803843744,
"std": 1.6738453098825448,
"std_diff": 0.011580982236190095
}
}
},
"VEHICLE_MONITOR": {
"message_count": 38,
"message_freq": 1.948787205617102,
"timespan": 19.499307,
"var_stats": null
},
"ZOE_VEH_INFO": {
"message_count": 1963,
"message_freq": 98.89247481163831,
"timespan": 19.849842,
"var_stats": {
"FL_wheel_speed": {
"max": 149.0358,
"max_diff": 1.4177999999999997,
"mean": 78.22760677534387,
"mean_diff": -0.06393149847094802,
"min": 23.352,
"min_diff": -2.376899999999992,
"std": 27.753467218396484,
"std_diff": 0.3667873524859141
},
"FR_wheel_speed": {
"max": 148.869,
"max_diff": 1.209299999999999,
"mean": 81.2755305145186,
"mean_diff": -0.06456911314984709,
"min": 22.1844,
"min_diff": -1.8765,
"std": 30.104714574129286,
"std_diff": 0.3763822665116855
},
"RL_wheel_speed": {
"max": 148.869,
"max_diff": 2.585400000000007,
"mean": 77.32713744268978,
"mean_diff": -0.06397400611620795,
"min": 22.8933,
"min_diff": -2.543700000000001,
"std": 27.56449840762835,
"std_diff": 0.35378890473027935
},
"RR_wheel_speed": {
"max": 151.62120000000002,
"max_diff": 1.6680000000000064,
"mean": 81.94610815078961,
"mean_diff": -0.06584434250764526,
"min": 21.9342,
"min_diff": -1.6263000000000005,
"std": 30.36063480260235,
"std_diff": 0.35955387174688613
},
"left_solar": {
"max": 32,
"max_diff": 144.0,
"mean": -49.97249108507387,
"mean_diff": 0.0,
"min": -112,
"min_diff": -112.0,
"std": 55.677014660880786,
"std_diff": 13.88697642286524
},
"longitudinal_accel": {
"max": 1.1500000000000004,
"max_diff": 0.34999999999999964,
"mean": -0.2495669893020881,
"mean_diff": 0.0006116207951070341,
"min": -1.4000000000000004,
"min_diff": -0.1999999999999993,
"std": 0.7375463348132012,
"std_diff": 0.033594284796247584
},
"meanEffTorque": {
"max": 81.5,
"max_diff": 2.5,
"mean": 4.360163015792155,
"mean_diff": 0.034658511722731905,
"min": -64.0,
"min_diff": -4.5,
"std": 41.27433513800036,
"std_diff": 0.5896418258350875
},
"odom": {
"max": 120,
"max_diff": 48.0,
"mean": 61.59959246051961,
"mean_diff": -0.010193679918450561,
"min": 0,
"min_diff": -116.0,
"std": 34.90776201712599,
"std_diff": 15.450552413785482
},
"odom_speed": {
"max": 17.0,
"max_diff": 1.0,
"mean": 8.694345389709628,
"mean_diff": -0.00764525993883792,
"min": 2.0,
"min_diff": -1.0,
"std": 3.327022937554327,
"std_diff": 0.15125253656379242
},
"pedal_cc": {
"max": 322.0,
"max_diff": 35.0,
"mean": 71.38614365766684,
"mean_diff": 0.0,
"min": 0.0,
"min_diff": -53.0,
"std": 110.1803026162989,
"std_diff": 3.046195468082366
},
"regen": {
"max": 48.0,
"max_diff": 1.0,
"mean": 11.305654610290372,
"mean_diff": -0.023955147808358817,
"min": 0.0,
"min_diff": -3.0,
"std": 15.322889281452383,
"std_diff": 0.29939976314581
},
"requestedTorqueAfterProc": {
"max": -272.5,
"max_diff": 118.0,
"mean": -340.87646459500763,
"mean_diff": -0.04561671763506626,
"min": -398.5,
"min_diff": -126.0,
"std": 46.3059235917646,
"std_diff": 6.214221436762869
},
"right_solar": {
"max": 100,
"max_diff": 50.0,
"mean": 36.70402445236882,
"mean_diff": 0.0254841997961264,
"min": 0,
"min_diff": -50.0,
"std": 39.339782162907,
"std_diff": 2.5239652344262495
},
"steer_corrected": {
"max": 231.30412389306403,
"max_diff": 3.899999999999636,
"mean": 44.578143251189466,
"mean_diff": -0.04199796126401636,
"min": -93.39587610693579,
"min_diff": -1.599999999999909,
"std": 95.91835283239654,
"std_diff": 0.7014399664257873
},
"steer_offset_can": {
"max": -12.300000000000182,
"max_diff": 0.0,
"mean": -12.300000000000182,
"mean_diff": 0.0,
"min": -12.300000000000182,
"min_diff": 0.0,
"std": 0.0,
"std_diff": 0.0
},
"steer_raw": {
"max": 219.5999999999999,
"max_diff": 3.899999999999636,
"mean": 32.874019358125324,
"mean_diff": -0.04199796126401636,
"min": -105.09999999999991,
"min_diff": -1.599999999999909,
"std": 95.91835283239652,
"std_diff": 0.7014399664257874
},
"transversal_accel": {
"max": -0.33199999999999363,
"max_diff": 0.015999999999991132,
"mean": -0.47716352521650346,
"mean_diff": 2.038735983685361e-06,
"min": -0.5600000000000023,
"min_diff": -0.016000000000019554,
"std": 0.04576071514563051,
"std_diff": 0.003274713287872581
},
"utime": {
"max": 1535490018647625,
"max_diff": 29514.0,
"mean": 1535490008693633.2,
"mean_diff": 10117.146788990825,
"min": 1535489998797783,
"min_diff": 3.0,
"std": 5732384.069937032,
"std_diff": 1890.8100313842392
}
}
},
"ZoeSensors": {
"message_count": 18931,
"message_freq": 953.7380855160128,
"timespan": 19.849265,
"var_stats": {
"brake_sensor": {
"max": 0.3243906795978546,
"max_diff": 0.0007430016994476318,
"mean": 0.23788049102685926,
"mean_diff": -1.1510576322729853e-06,
"min": 0.18454748392105103,
"min_diff": -0.003777533769607544,
"std": 0.057743824921131996,
"std_diff": 0.0001635140796247259
},
"steering_sensor": {
"max": 0.18994446098804474,
"max_diff": 0.0004608333110809326,
"mean": 0.18817635251281065,