{
"MS_IMU": {
"message_count": 1948,
"message_freq": 99.77092125282982,
"timespan": 19.524727,
"var_stats": {
"linear_accel": {
"max": 11.106465339660645,
"max_diff": 11.429583609104156,
"mean": 3.0011615739818236,
"mean_diff": 5.220178332415245,
"min": -1.4089378118515015,
"min_diff": -0.44002893567085266,
"std": 4.803145914336242,
"std_diff": 4.6828851847152775
},
"q": {
"max": 0.5585846900939941,
"max_diff": 0.0049863774329423904,
"mean": -0.11836904575929634,
"mean_diff": -0.4402574518265829,
"min": -0.9509381055831909,
"min_diff": -0.9569245427846909,
"std": 0.485786770685439,
"std_diff": 0.36698817196231004
},
"rotation_rate": {
"max": 0.07474841177463531,
"max_diff": 0.12219413742423058,
"mean": -0.0093675494749555,
"mean_diff": -0.014984808980867155,
"min": -0.07044031471014023,
"min_diff": -0.11187633499503136,
"std": 0.019838607647820646,
"std_diff": 0.02606646142051318
},
"utime": {
"max": 1542194602222786,
"max_diff": 34967.0,
"mean": 1542194592453074.8,
"mean_diff": 10028.108371854134,
"min": 1542194582698059,
"min_diff": 1901.0,
"std": 5635863.357048684,
"std_diff": 5555.767435623381
}
}
},
"POSE": {
"message_count": 973,
"message_freq": 49.900127945364034,
"timespan": 19.498948,
"var_stats": {
"accel": {
"max": 10.492726631907747,
"max_diff": 10.678880840968315,
"mean": 3.0014224526157527,
"mean_diff": 5.218171498154777,
"min": -1.194738577602694,
"min_diff": -0.1660321841163821,
"std": 4.799958791998203,
"std_diff": 4.681897083096613
},
"orientation": {
"max": 0.9826029409978133,
"max_diff": 0.0,
"mean": 0.14694881749446834,
"mean_diff": -0.42640159492197827,
"min": -0.46289361450338956,
"min_diff": -0.9826029409978133,
"std": 0.47791845019519535,
"std_diff": 0.3892492943877054
},
"pos": {
"max": 3184.2587315513797,
"max_diff": 1852.8106423983656,
"mean": 1513.9049033056444,
"mean_diff": -703.6408166696046,
"min": 0.0,
"min_diff": -3184.2587315513797,
"std": 1282.133651561685,
"std_diff": 2431.331667139929
},
"rotation_rate": {
"max": 0.07268241792917252,
"max_diff": 0.11535952985286713,
"mean": -0.009397271756056492,
"mean_diff": -0.0149894640984396,
"min": -0.06888296455144882,
"min_diff": -0.11002332344651222,
"std": 0.019842648838764822,
"std_diff": 0.026082986975374898
},
"utime": {
"max": 1542194602207981,
"max_diff": 40143.0,
"mean": 1542194592437435.0,
"mean_diff": 20060.646090534978,
"min": 1542194582709033,
"min_diff": 16613.0,
"std": 5628801.3904883815,
"std_diff": 1224.9985690153496
},
"vel": {
"max": 10.68858206553728,
"max_diff": 0.0,
"mean": 2.667313452887615,
"mean_diff": -4.000970179331422,
"min": 0.0,
"min_diff": -10.68858206553728,
"std": 4.014859143500766,
"std_diff": 4.340820212962191
}
}
},
"SteerAngleFeedback": {
"message_count": 1917,
"message_freq": 98.28756099904462,
"timespan": 19.503994,
"var_stats": {
"utime": {
"max": 1542194602201561,
"max_diff": 30417.0,
"mean": 1542194592453407.0,
"mean_diff": 10179.5375782881,
"min": 1542194582697567,
"min_diff": 4613.0,
"std": 5631863.748880206,
"std_diff": 1582.7096572761075
},
"value": {
"max": -0.04712388980384372,
"max_diff": 0.005235987755978222,
"mean": -0.13620305482438605,
"mean_diff": -1.8218468183640106e-06,
"min": -0.2251474735072701,
"min_diff": -0.00698131700797891,
"std": 0.042668715159048506,
"std_diff": 0.0012533074714447387
}
}
},
"VEHICLE_MONITOR": {
"message_count": 40,
"message_freq": 2.051265430772407,
"timespan": 19.500158,
"var_stats": {
"available_distance": {
"max": 143,
"max_diff": 1.0,
"mean": 142.525,
"mean_diff": 0.02564102564102564,
"min": 142,
"min_diff": 0.0,
"std": 0.4993746088859545,
"std_diff": 0.15806189751202507
},
"battery_level": {
"max": 95,
"max_diff": 0.0,
"mean": 95.0,
"mean_diff": 0.0,
"min": 95,
"min_diff": 0.0,
"std": 0.0,
"std_diff": 0.0
},
"brake": {
"max": 0,
"max_diff": 0.0,
"mean": 0.0,
"mean_diff": 0.0,
"min": 0,
"min_diff": 0.0,
"std": 0.0,
"std_diff": 0.0
},
"brake_switch": {
"max": 4,
"max_diff": 2.0,
"mean": 2.075,
"mean_diff": 0.07692307692307693,
"min": 1,
"min_diff": -2.0,
"std": 1.3112494041943357,
"std_diff": 0.72975638311578
},
"gear_position": {
"max": 7,
"max_diff": 0.0,
"mean": 7.0,
"mean_diff": 0.0,
"min": 7,
"min_diff": 0.0,
"std": 0.0,
"std_diff": 0.0
},
"left_signal": {
"max": 0,
"max_diff": 0.0,
"mean": 0.0,
"mean_diff": 0.0,
"min": 0,
"min_diff": 0.0,
"std": 0.0,
"std_diff": 0.0
},
"rear_left_rpm": {
"max": 336.4773,
"max_diff": 1.6680000000000064,
"mean": 246.15092999999996,
"mean_diff": -6.1470076923076915,
"min": 96.2436,
"min_diff": -14.052899999999994,
"std": 79.74478858217068,
"std_diff": 3.980847676343385
},
"rear_right_rpm": {
"max": 335.7684,
"max_diff": 0.0,
"mean": 244.87386750000002,
"mean_diff": -6.148076923076922,
"min": 95.99340000000001,
"min_diff": -14.26139999999998,
"std": 79.3334148928287,
"std_diff": 3.947262592881271
},
"right_signal": {
"max": 0,
"max_diff": 0.0,
"mean": 0.0,
"mean_diff": 0.0,
"min": 0,
"min_diff": 0.0,
"std": 0.0,
"std_diff": 0.0
},
"steering": {
"max": 0.0,
"max_diff": 3.400000000000091,
"mean": -7.599999999999909,
"mean_diff": 0.07435897435897669,
"min": -12.799999999999727,
"min_diff": -4.599999999999909,
"std": 2.704255905050364,
"std_diff": 2.02911095205575
},
"steering_speed": {
"max": 11.900000000000272,
"max_diff": 16.0,
"mean": -0.5699999999998007,
"mean_diff": 0.10000000000000234,
"min": -17.99999999999982,
"min_diff": -18.0,
"std": 5.396952843966699,
"std_diff": 7.30384514116737
},
"throttle": {
"max": 43,
"max_diff": 43.0,
"mean": 4.95,
"mean_diff": 0.0,
"min": 0,
"min_diff": -42.0,
"std": 12.419641701756134,
"std_diff": 12.894045534913015
},
"utime": {
"max": 1542194602615007,
"max_diff": 500924.0,
"mean": 1542194592865013.5,
"mean_diff": 500004.0512820513,
"min": 1542194583114849,
"min_diff": 499187.0,
"std": 5771652.992545494,
"std_diff": 469.8138719676423
},
"vehicle_speed": {
"max": 38.300000000000004,
"max_diff": 0.09000000000000341,
"mean": 28.07325,
"mean_diff": -0.6964102564102566,
"min": 11.14,
"min_diff": -1.6400000000000006,
"std": 8.998308004147223,
"std_diff": 0.4408121128884335
},
"yaw_rate": {
"max": -0.19999999999998863,
"max_diff": 0.700000000000017,
"mean": -1.7224999999999788,
"mean_diff": 0.020512820512820076,
"min": -2.8999999999999773,
"min_diff": -0.799999999999983,
"std": 0.7237014232402735,
"std_diff": 0.34801966285408187
}
}
},
"ZOE_VEH_INFO": {
"message_count": 1945,
"message_freq": 99.74351813285878,
"timespan": 19.500014,
"var_stats": {
"FL_wheel_speed": {
"max": 339.9801,
"max_diff": 2.585399999999993,
"mean": 252.46530694087406,
"mean_diff": -0.12222561728395061,
"min": 102.1233,
"min_diff": -3.5027999999999793,
"std": 76.51846654022555,
"std_diff": 0.509797193570296
},
"FR_wheel_speed": {
"max": 338.5623,
"max_diff": 2.0849999999999795,
"mean": 250.8522780462725,
"mean_diff": -0.12126033950617285,
"min": 102.1233,
"min_diff": -2.3769000000000347,
"std": 75.95412315452877,
"std_diff": 0.4901438539006196
},
"RL_wheel_speed": {
"max": 339.021,
"max_diff": 3.752999999999986,
"mean": 252.01865598971725,
"mean_diff": -0.121625,
"min": 101.6229,
"min_diff": -2.752200000000016,
"std": 76.32300842014476,
"std_diff": 0.6288092988199266
},
"RR_wheel_speed": {
"max": 339.2712,
"max_diff": 3.294300000000021,
"mean": 250.701364781491,
"mean_diff": -0.1210243827160494,
"min": 101.4144,
"min_diff": -3.7113000000000227,
"std": 75.89894314825054,
"std_diff": 0.6081984890819235
},
"left_solar": {
"max": 0,
"max_diff": 0.0,
"mean": 0.0,
"mean_diff": 0.0,
"min": 0,
"min_diff": 0.0,
"std": 0.0,
"std_diff": 0.0
},
"longitudinal_accel": {
"max": 0.10000000000000142,
"max_diff": 0.5499999999999989,
"mean": -0.5754498714652951,
"mean_diff": -0.00023148148148148203,
"min": -1.1999999999999993,
"min_diff": -0.3000000000000007,
"std": 0.27722016285861373,
"std_diff": 0.07093727244604948
},
"meanEffTorque": {
"max": -6.0,
"max_diff": 3.5,
"mean": -34.25089974293059,
"mean_diff": -0.014660493827160493,
"min": -67.5,
"min_diff": -1.5,
"std": 16.13566457964984,
"std_diff": 0.3157655925317333
},
"odom": {
"max": 124,
"max_diff": 88.0,