{
"MS_IMU": {
"message_count": 1906,
"message_freq": 99.79333460108218,
"timespan": 19.099472,
"var_stats": {
"linear_accel": {
"max": 14.274659156799316,
"max_diff": 15.707498550415039,
"mean": 2.9773673318309775,
"mean_diff": 4.863996545537193,
"min": -3.3817214965820312,
"min_diff": -6.302581071853638,
"std": 4.872831697364705,
"std_diff": 5.896046918737094
},
"q": {
"max": 0.999966025352478,
"max_diff": 1.0063506509177387,
"mean": 0.21714292461099388,
"mean_diff": 0.33084615371724674,
"min": -0.678281307220459,
"min_diff": -0.6832760460674763,
"std": 0.45038757502509835,
"std_diff": 0.4737679599217663
},
"rotation_rate": {
"max": 0.30084025859832764,
"max_diff": 0.2796874213963747,
"mean": -0.051702094756585326,
"mean_diff": -0.07782152845123197,
"min": -0.3940548896789551,
"min_diff": -0.4246337227523327,
"std": 0.10563497838642655,
"std_diff": 0.12797896028531264
},
"utime": {
"max": 1535385476656119,
"max_diff": 27969.0,
"mean": 1535385467105893.5,
"mean_diff": 10025.969553805775,
"min": 1535385457556647,
"min_diff": 1940.0,
"std": 5521649.230905238,
"std_diff": 5445.287364695494
}
}
},
"POSE": {
"message_count": 953,
"message_freq": 49.894553907348275,
"timespan": 19.100281,
"var_stats": {
"accel": {
"max": 10.860151983778701,
"max_diff": 12.036318219914994,
"mean": 2.977211392155009,
"mean_diff": 4.86979442660498,
"min": -2.2123431955129957,
"min_diff": -2.696577510322046,
"std": 4.846596188222014,
"std_diff": 5.844772261329567
},
"orientation": {
"max": 0.9993813533597685,
"max_diff": 0.0,
"mean": 0.022448332167385524,
"mean_diff": -0.43854305315781017,
"min": -0.9991934751376781,
"min_diff": -0.9993813533597685,
"std": 0.4994958181835987,
"std_diff": 0.37551740819882035
},
"pos": {
"max": 2526.125636979006,
"max_diff": -799.7415554199114,
"mean": 1120.3458354759166,
"mean_diff": -1259.8363141238772,
"min": 0.0,
"min_diff": -1717.6847859394293,
"std": 1047.5377680520292,
"std_diff": 419.630987539424
},
"rotation_rate": {
"max": 0.2383403480052948,
"max_diff": 0.25566551834344864,
"mean": -0.05176673559483382,
"mean_diff": -0.07757454053033316,
"min": -0.3930525481700897,
"min_diff": -0.4207442067563534,
"std": 0.10540255841593757,
"std_diff": 0.12779515779322692
},
"utime": {
"max": 1535385476652294,
"max_diff": 42069.0,
"mean": 1535385467106459.2,
"mean_diff": 20063.32037815126,
"min": 1535385457552013,
"min_diff": 17296.0,
"std": 5516562.856592212,
"std_diff": 1257.039933417622
},
"vel": {
"max": 6.477648445706719,
"max_diff": 0.0,
"mean": 1.8772189151809193,
"mean_diff": -2.815828372771379,
"min": 0.0,
"min_diff": -6.477648445706719,
"std": 2.6774259388019774,
"std_diff": 2.8477976306296258
}
}
},
"SteerAngleFeedback": {
"message_count": 1884,
"message_freq": 98.61593271252755,
"timespan": 19.104418,
"var_stats": {
"utime": {
"max": 1535385476654335,
"max_diff": 20865.0,
"mean": 1535385467098358.0,
"mean_diff": 10145.734466277218,
"min": 1535385457549917,
"min_diff": 7089.0,
"std": 5510890.251681063,
"std_diff": 1343.8391941489215
},
"value": {
"max": 0.2513993877991494,
"max_diff": 0.02617993877991509,
"mean": -1.1763920341960579,
"mean_diff": -9.639630494286332e-05,
"min": -3.26892971347341,
"min_diff": -0.027925268031907646,
"std": 0.9562569719994628,
"std_diff": 0.0070889626095201885
}
}
},
"VEHICLE_MONITOR": {
"message_count": 39,
"message_freq": 1.9998247333092702,
"timespan": 19.501709,
"var_stats": {
"available_distance": {
"max": 49,
"max_diff": 0.0,
"mean": 49.0,
"mean_diff": 0.0,
"min": 49,
"min_diff": 0.0,
"std": 0.0,
"std_diff": 0.0
},
"battery_level": {
"max": 77,
"max_diff": 0.0,
"mean": 77.0,
"mean_diff": 0.0,
"min": 77,
"min_diff": 0.0,
"std": 0.0,
"std_diff": 0.0
},
"brake": {
"max": 0,
"max_diff": 0.0,
"mean": 0.0,
"mean_diff": 0.0,
"min": 0,
"min_diff": 0.0,
"std": 0.0,
"std_diff": 0.0
},
"brake_switch": {
"max": 1,
"max_diff": 0.0,
"mean": 1.0,
"mean_diff": 0.0,
"min": 1,
"min_diff": 0.0,
"std": 0.0,
"std_diff": 0.0
},
"gear_position": {
"max": 7,
"max_diff": 0.0,
"mean": 7.0,
"mean_diff": 0.0,
"min": 7,
"min_diff": 0.0,
"std": 0.0,
"std_diff": 0.0
},
"left_signal": {
"max": 0,
"max_diff": 0.0,
"mean": 0.0,
"mean_diff": 0.0,
"min": 0,
"min_diff": 0.0,
"std": 0.0,
"std_diff": 0.0
},
"rear_left_rpm": {
"max": 213.08700000000002,
"max_diff": 32.692800000000005,
"mean": 180.65295384615385,
"mean_diff": 0.9031342105263164,
"min": 146.9925,
"min_diff": -13.55249999999998,
"std": 18.582294215135814,
"std_diff": 7.362204172209796
},
"rear_right_rpm": {
"max": 213.5457,
"max_diff": 40.907700000000006,
"mean": 176.70856153846157,
"mean_diff": 0.9525157894736845,
"min": 137.6517,
"min_diff": -16.137900000000002,
"std": 22.452081701003156,
"std_diff": 9.041961801323472
},
"right_signal": {
"max": 1,
"max_diff": 1.0,
"mean": 0.23076923076923078,
"mean_diff": 0.0,
"min": 0,
"min_diff": -1.0,
"std": 0.4213250442347431,
"std_diff": 0.512989176042577
},
"steering": {
"max": 15.0,
"max_diff": 61.0,
"mean": -66.14615384615367,
"mean_diff": 0.5578947368421124,
"min": -185.39999999999964,
"min_diff": -46.79999999999973,
"std": 54.786208474882216,
"std_diff": 19.53431032256816
},
"steering_speed": {
"max": 63.70000000000046,
"max_diff": 65.70000000000029,
"mean": -4.384615384615088,
"mean_diff": 0.7868421052631603,
"min": -133.49999999999983,
"min_diff": -75.69999999999982,
"std": 36.999490907527,
"std_diff": 27.312703532206903
},
"throttle": {
"max": 361,
"max_diff": 174.0,
"mean": 124.07692307692308,
"mean_diff": 9.5,
"min": 0,
"min_diff": -93.0,
"std": 82.56012094237583,
"std_diff": 49.840667183166374
},
"utime": {
"max": 1535385477186395,
"max_diff": 1000911.0,
"mean": 1535385467197871.0,
"mean_diff": 513202.86842105264,
"min": 1535385457684686,
"min_diff": 496941.0,
"std": 5649553.6618526485,
"std_diff": 80185.78848201649
},
"vehicle_speed": {
"max": 23.97,
"max_diff": 3.9399999999999977,
"mean": 20.364615384615384,
"mean_diff": 0.09789473684210523,
"min": 16.37,
"min_diff": -1.2399999999999984,
"std": 2.227199973928223,
"std_diff": 0.8699157790291411
},
"yaw_rate": {
"max": 2.400000000000034,
"max_diff": 8.099999999999994,
"mean": -8.897435897435875,
"mean_diff": 0.031578947368420755,
"min": -22.19999999999999,
"min_diff": -5.5,
"std": 6.699999509356552,
"std_diff": 2.442292415696227
}
}
},
"ZOE_VEH_INFO": {
"message_count": 1904,
"message_freq": 99.68921468459831,
"timespan": 19.099358,
"var_stats": {
"FL_wheel_speed": {
"max": 227.8071,
"max_diff": 30.35759999999999,
"mean": 181.40358529411765,
"mean_diff": 0.007844771413557534,
"min": 145.116,
"min_diff": -44.16029999999998,
"std": 17.82827163192689,
"std_diff": 2.0289201602972136
},
"FR_wheel_speed": {
"max": 214.4631,
"max_diff": 22.643100000000004,
"mean": 174.15527552521007,
"mean_diff": 0.006990173410404626,
"min": 136.6926,
"min_diff": -28.773000000000025,
"std": 21.007072394987993,
"std_diff": 1.6557820311677236
},
"RL_wheel_speed": {
"max": 234.5625,
"max_diff": 19.390500000000003,
"mean": 180.14934390756304,
"mean_diff": 0.008085811875985291,
"min": 141.57150000000001,
"min_diff": -28.93979999999999,
"std": 18.3380773084557,
"std_diff": 1.5495402192270005
},
"RR_wheel_speed": {
"max": 227.8071,
"max_diff": 19.890900000000016,
"mean": 176.11213124999998,
"mean_diff": 0.006639569101418824,
"min": 135.7752,
"min_diff": -24.769799999999975,
"std": 22.041554146498388,
"std_diff": 1.5875326618791432
},
"left_solar": {
"max": 32,
"max_diff": 144.0,
"mean": -33.23529411764706,
"mean_diff": 0.0,
"min": -112,
"min_diff": -144.0,
"std": 47.83676829996026,
"std_diff": 8.648444132731228
},
"longitudinal_accel": {
"max": 2.6000000000000014,
"max_diff": 3.1500000000000004,
"mean": -0.07794117647058756,
"mean_diff": 0.0007094062007356803,
"min": -1.6500000000000004,
"min_diff": -4.100000000000001,
"std": 0.40252194040347533,
"std_diff": 0.24210230734347557
},
"meanEffTorque": {
"max": 78.5,
"max_diff": 1.5,
"mean": 11.128939075630251,
"mean_diff": 0.045454545454545456,
"min": -32.5,
"min_diff": -2.0,
"std": 19.738410005537638,
"std_diff": 0.35015061830715616
},
"odom": {
"max": 120,