{
"MS_IMU": {
"message_count": 1947,
"message_freq": 99.5906552967932,
"timespan": 19.550027,
"var_stats": {
"linear_accel": {
"max": 11.066021919250488,
"max_diff": 10.701770380139351,
"mean": 3.381881007243287,
"mean_diff": 4.769904930047984,
"min": -1.4783270359039307,
"min_diff": -1.7042969465255737,
"std": 4.5518776371928595,
"std_diff": 4.941031642954617
},
"q": {
"max": 0.999772310256958,
"max_diff": 0.24815857410430908,
"mean": 0.24246040496503599,
"mean_diff": -0.3316156276243043,
"min": -0.16821536421775818,
"min_diff": -1.012926509603858,
"std": 0.43727905059166955,
"std_diff": 0.4765408041012026
},
"rotation_rate": {
"max": 0.09860207140445709,
"max_diff": 0.11321277543902397,
"mean": 0.01169450868295154,
"mean_diff": 0.02036753584206951,
"min": -0.13213291764259338,
"min_diff": -0.1631014682352543,
"std": 0.029214837153056367,
"std_diff": 0.034589702395996624
},
"utime": {
"max": 1532506928453472,
"max_diff": 28961.0,
"mean": 1532506918692597.2,
"mean_diff": 10046.262589928057,
"min": 1532506908903445,
"min_diff": 2971.0,
"std": 5640885.289496124,
"std_diff": 3677.795266181471
}
}
},
"POSE": {
"message_count": 971,
"message_freq": 49.694176103570236,
"timespan": 19.539513,
"var_stats": {
"accel": {
"max": 10.621921685383784,
"max_diff": 10.31743855714887,
"mean": 3.3820195956924515,
"mean_diff": 4.770097728744507,
"min": -1.3728833406166479,
"min_diff": -1.5009591547284287,
"std": 4.5490337546004245,
"std_diff": 4.9358977687297205
},
"orientation": {
"max": 0.8571022700795421,
"max_diff": 0.8571022700795421,
"mean": 0.350538849416541,
"mean_diff": 0.002026765394627843,
"min": 0.0,
"min_diff": -0.8138075782793149,
"std": 0.35654244494832255,
"std_diff": 0.5773467117385952
},
"pos": {
"max": 1569.8217686354667,
"max_diff": 954.2508147637099,
"mean": 714.4452451839558,
"mean_diff": -312.603950569179,
"min": 0.0,
"min_diff": -1569.8217686354667,
"std": 623.1915428580543,
"std_diff": 1205.8577573682298
},
"rotation_rate": {
"max": 0.09856046736240387,
"max_diff": 0.11321277543902397,
"mean": 0.011677406147456174,
"mean_diff": 0.020331619179153486,
"min": -0.13213291764259338,
"min_diff": -0.1631014682352543,
"std": 0.029231941733955512,
"std_diff": 0.034656758463082984
},
"utime": {
"max": 1532506928453783,
"max_diff": 40186.0,
"mean": 1532506918684821.8,
"mean_diff": 20143.827835051547,
"min": 1532506908914270,
"min_diff": 14163.0,
"std": 5656105.025425618,
"std_diff": 1772.6247125068967
},
"vel": {
"max": 6.9611127930219014,
"max_diff": 0.0,
"mean": 1.7759667851987422,
"mean_diff": -2.6639501777981134,
"min": 0.0,
"min_diff": -6.9611127930219014,
"std": 2.6043497351792135,
"std_diff": 2.794353735319706
}
}
},
"SteerAngleFeedback": {
"message_count": 1919,
"message_freq": 98.18444226325013,
"timespan": 19.544848,
"var_stats": {
"utime": {
"max": 1532506928448667,
"max_diff": 29950.0,
"mean": 1532506918694888.5,
"mean_diff": 10190.22314911366,
"min": 1532506908903819,
"min_diff": 1313.0,
"std": 5651781.7708279025,
"std_diff": 1673.8941255440423
},
"value": {
"max": 0.8185594191853421,
"max_diff": 0.0174532925199433,
"mean": 0.3190123538887596,
"mean_diff": 0.00014195587242498117,
"min": -0.14660765716751734,
"min_diff": -0.01396263401595782,
"std": 0.23995843234479167,
"std_diff": 0.003788127935425909
}
}
},
"VEHICLE_MONITOR": {
"message_count": 40,
"message_freq": 2.0512597504068157,
"timespan": 19.500212,
"var_stats": {
"available_distance": {
"max": 98,
"max_diff": 0.0,
"mean": 98.0,
"mean_diff": 0.0,
"min": 98,
"min_diff": 0.0,
"std": 0.0,
"std_diff": 0.0
},
"battery_level": {
"max": 88,
"max_diff": 1.0,
"mean": 87.325,
"mean_diff": -0.02564102564102564,
"min": 87,
"min_diff": -1.0,
"std": 0.4683748498798799,
"std_diff": 0.27616229780176943
},
"brake": {
"max": 0,
"max_diff": 0.0,
"mean": 0.0,
"mean_diff": 0.0,
"min": 0,
"min_diff": 0.0,
"std": 0.0,
"std_diff": 0.0
},
"brake_switch": {
"max": 4,
"max_diff": 3.0,
"mean": 1.675,
"mean_diff": 0.07692307692307693,
"min": 1,
"min_diff": -3.0,
"std": 1.2527469816367551,
"std_diff": 0.8284868934053083
},
"gear_position": {
"max": 7,
"max_diff": 0.0,
"mean": 7.0,
"mean_diff": 0.0,
"min": 7,
"min_diff": 0.0,
"std": 0.0,
"std_diff": 0.0
},
"left_signal": {
"max": 1,
"max_diff": 1.0,
"mean": 0.05,
"mean_diff": 0.0,
"min": 0,
"min_diff": -1.0,
"std": 0.21794494717703367,
"std_diff": 0.22645540682891915
},
"rear_left_rpm": {
"max": 217.75740000000002,
"max_diff": 15.929400000000001,
"mean": 166.8093825,
"mean_diff": -0.24592307692307713,
"min": 85.7352,
"min_diff": -21.975899999999996,
"std": 37.5000677200181,
"std_diff": 10.304281160622502
},
"rear_right_rpm": {
"max": 219.88410000000002,
"max_diff": 18.681600000000003,
"mean": 168.57433500000002,
"mean_diff": -0.18497692307692312,
"min": 85.2765,
"min_diff": -23.101799999999997,
"std": 37.72385141432109,
"std_diff": 10.66667112682907
},
"right_signal": {
"max": 1,
"max_diff": 1.0,
"mean": 0.125,
"mean_diff": 0.0,
"min": 0,
"min_diff": -1.0,
"std": 0.33071891388307384,
"std_diff": 0.3922322702763681
},
"steering": {
"max": 46.80000000000018,
"max_diff": 23.59999999999991,
"mean": 18.21500000000018,
"mean_diff": 0.45384615384616084,
"min": -8.0,
"min_diff": -18.199999999999818,
"std": 13.40540096379071,
"std_diff": 8.167535678113351
},
"steering_speed": {
"max": 75.70000000000046,
"max_diff": 69.80000000000018,
"mean": 0.26750000000024565,
"mean_diff": 0.10256410256410256,
"min": -35.89999999999945,
"min_diff": -63.80000000000018,
"std": 17.321827090408217,
"std_diff": 21.90252868177887
},
"throttle": {
"max": 288,
"max_diff": 181.0,
"mean": 112.075,
"mean_diff": -0.8717948717948718,
"min": 0,
"min_diff": -165.0,
"std": 87.67878520486013,
"std_diff": 63.83961453484758
},
"utime": {
"max": 1532506928785490,
"max_diff": 501188.0,
"mean": 1532506919035722.5,
"mean_diff": 500005.4358974359,
"min": 1532506909285278,
"min_diff": 498996.0,
"std": 5771569.428528223,
"std_diff": 555.5743064554239
},
"vehicle_speed": {
"max": 24.990000000000002,
"max_diff": 1.9299999999999997,
"mean": 19.203000000000003,
"mean_diff": -0.019999999999999938,
"min": 9.950000000000001,
"min_diff": -2.459999999999999,
"std": 4.253565092954379,
"std_diff": 1.1742646362287485
},
"yaw_rate": {
"max": 4.900000000000034,
"max_diff": 2.9000000000000057,
"mean": 1.9650000000000234,
"mean_diff": 0.06153846153846095,
"min": -1.6999999999999886,
"min_diff": -1.200000000000017,
"std": 1.6191896121208316,
"std_diff": 0.9088215487625038
}
}
},
"ZOE_VEH_INFO": {
"message_count": 1950,
"message_freq": 99.74218435588338,
"timespan": 19.550404,
"var_stats": {
"FL_wheel_speed": {
"max": 219.6339,
"max_diff": 2.7938999999999794,
"mean": 167.4162190769231,
"mean_diff": -0.0003637249871729091,
"min": 86.1939,
"min_diff": -3.252600000000001,
"std": 37.87522752891786,
"std_diff": 0.5078779145452078
},
"FR_wheel_speed": {
"max": 221.7606,
"max_diff": 1.876499999999993,
"mean": 168.82764646153845,
"mean_diff": 0.0004920985120574688,
"min": 85.9854,
"min_diff": -3.252600000000001,
"std": 38.06369640857681,
"std_diff": 0.47187309824872914
},
"RL_wheel_speed": {
"max": 219.17520000000002,
"max_diff": 3.2109000000000094,
"mean": 166.66514861538462,
"mean_diff": -0.0002567470497691192,
"min": 85.2765,
"min_diff": -2.293500000000023,
"std": 37.828053663580334,
"std_diff": 0.5074183914214005
},
"RR_wheel_speed": {
"max": 221.5104,
"max_diff": 2.8355999999999995,
"mean": 168.5141907692308,
"mean_diff": 0.0013265264238070769,
"min": 84.8178,
"min_diff": -2.8355999999999995,
"std": 38.114546949629144,
"std_diff": 0.4980678198448474
},
"left_solar": {
"max": 0,
"max_diff": 112.0,
"mean": -2.125128205128205,
"mean_diff": 0.057465366854797334,
"min": -112,
"min_diff": -112.0,
"std": 15.280647534909235,
"std_diff": 4.393752495854102
},
"longitudinal_accel": {
"max": 1.6000000000000014,
"max_diff": 0.3000000000000007,
"mean": 0.31446153846153907,
"mean_diff": -2.5654181631605405e-05,
"min": -1.4499999999999993,
"min_diff": -0.29999999999999893,
"std": 0.6814171449587889,
"std_diff": 0.056298965198730656
},