{
"MS_IMU": {
"message_count": 1976,
"message_freq": 99.79911387881933,
"timespan": 19.799775,
"var_stats": {
"linear_accel": {
"max": 10.06403923034668,
"max_diff": 10.30372041463852,
"mean": 3.1994813826650583,
"mean_diff": 4.854067778742641,
"min": -0.6956197023391724,
"min_diff": -1.235798954963684,
"std": 4.656586788310606,
"std_diff": 5.176146365817874
},
"q": {
"max": 0.9507706761360168,
"max_diff": 0.018722983542829752,
"mean": 0.14966711784784376,
"mean_diff": -0.42613050581412276,
"min": -0.34010419249534607,
"min_diff": -0.9626306723803282,
"std": 0.4770741774572392,
"std_diff": 0.40047897227616297
},
"rotation_rate": {
"max": 0.040009140968322754,
"max_diff": 0.0447948663495481,
"mean": 0.0008895983351592016,
"mean_diff": 0.0014148880277725035,
"min": -0.015790482982993126,
"min_diff": -0.01713489554822445,
"std": 0.0056146977389889535,
"std_diff": 0.007432785268432536
},
"utime": {
"max": 1533280333457419,
"max_diff": 34993.0,
"mean": 1533280323560425.2,
"mean_diff": 10025.20253164557,
"min": 1533280313657644,
"min_diff": 1933.0,
"std": 5722773.9056129195,
"std_diff": 5577.664559447359
}
}
},
"POSE": {
"message_count": 984,
"message_freq": 49.698510852811296,
"timespan": 19.799386,
"var_stats": {
"accel": {
"max": 9.953204079803468,
"max_diff": 10.198986294394464,
"mean": 3.19699824087704,
"mean_diff": 4.857610904026565,
"min": -0.6220842607310874,
"min_diff": -1.1285763617406472,
"std": 4.6579909862072455,
"std_diff": 5.1726391710601645
},
"orientation": {
"max": 0.9004687319452335,
"max_diff": 0.46498649058615343,
"mean": 0.33408229963911307,
"mean_diff": -0.15425518455565368,
"min": 0.0,
"min_diff": -0.9004687319452335,
"std": 0.3720067433096366,
"std_diff": 0.5563619966991227
},
"pos": {
"max": 1144.460347062952,
"max_diff": 970.721214006631,
"mean": 437.5760548666542,
"mean_diff": -85.70277858739242,
"min": 0.0,
"min_diff": -1144.460347062952,
"std": 502.5200801827821,
"std_diff": 1055.6199151738383
},
"rotation_rate": {
"max": 0.03986100107431412,
"max_diff": 0.043732792837545276,
"mean": 0.0008784892030796763,
"mean_diff": 0.0014057263644853503,
"min": -0.015782099217176437,
"min_diff": -0.01713489554822445,
"std": 0.005568333895075892,
"std_diff": 0.007356955668147207
},
"utime": {
"max": 1533280333455882,
"max_diff": 39946.0,
"mean": 1533280323546495.2,
"mean_diff": 20141.79654120041,
"min": 1533280313656496,
"min_diff": 15330.0,
"std": 5725566.643537387,
"std_diff": 1740.298439493292
},
"vel": {
"max": 2.372015095095405,
"max_diff": 0.0,
"mean": 0.07112069576109606,
"mean_diff": -0.10668104364164409,
"min": 0.0,
"min_diff": -2.372015095095405,
"std": 0.30360115618436617,
"std_diff": 0.36669725664445463
}
}
},
"SteerAngleFeedback": {
"message_count": 1928,
"message_freq": 97.25354083849199,
"timespan": 19.824471,
"var_stats": {
"utime": {
"max": 1533280333475688,
"max_diff": 30760.0,
"mean": 1533280323488708.2,
"mean_diff": 10287.73793461339,
"min": 1533280313651217,
"min_diff": 2410.0,
"std": 5738200.315033009,
"std_diff": 2058.028634452584
},
"value": {
"max": 0.7906341511534345,
"max_diff": 0.024434609527922202,
"mean": 0.12948659277801539,
"mean_diff": 0.00011683833601829902,
"min": -0.04363323129985824,
"min_diff": -0.0366519142918873,
"std": 0.23958061819886725,
"std_diff": 0.0027672914904453916
}
}
},
"VEHICLE_MONITOR": {
"message_count": 40,
"message_freq": 2.00009720472415,
"timespan": 19.999028,
"var_stats": {
"available_distance": {
"max": 140,
"max_diff": 0.0,
"mean": 140.0,
"mean_diff": 0.0,
"min": 140,
"min_diff": 0.0,
"std": 0.0,
"std_diff": 0.0
},
"battery_level": {
"max": 98,
"max_diff": 0.0,
"mean": 98.0,
"mean_diff": 0.0,
"min": 98,
"min_diff": 0.0,
"std": 0.0,
"std_diff": 0.0
},
"brake": {
"max": 5,
"max_diff": 1.0,
"mean": 3.85,
"mean_diff": -0.10256410256410256,
"min": 0,
"min_diff": -5.0,
"std": 2.080264406271472,
"std_diff": 0.810029179432375
},
"brake_switch": {
"max": 2,
"max_diff": 0.0,
"mean": 1.775,
"mean_diff": -0.02564102564102564,
"min": 1,
"min_diff": -1.0,
"std": 0.41758232721225164,
"std_diff": 0.15806189751202507
},
"gear_position": {
"max": 7,
"max_diff": 0.0,
"mean": 7.0,
"mean_diff": 0.0,
"min": 7,
"min_diff": 0.0,
"std": 0.0,
"std_diff": 0.0
},
"left_signal": {
"max": 0,
"max_diff": 0.0,
"mean": 0.0,
"mean_diff": 0.0,
"min": 0,
"min_diff": 0.0,
"std": 0.0,
"std_diff": 0.0
},
"rear_left_rpm": {
"max": 84.1506,
"max_diff": 25.979099999999995,
"mean": 7.741605,
"mean_diff": 1.810207692307692,
"min": 0.0,
"min_diff": -6.3384,
"std": 18.649388649496665,
"std_diff": 5.596464567847419
},
"rear_right_rpm": {
"max": 84.1506,
"max_diff": 26.187600000000003,
"mean": 7.862534999999999,
"mean_diff": 1.8048615384615385,
"min": 0.0,
"min_diff": -6.2966999999999995,
"std": 18.86759333141816,
"std_diff": 5.590424175531483
},
"right_signal": {
"max": 0,
"max_diff": 0.0,
"mean": 0.0,
"mean_diff": 0.0,
"min": 0,
"min_diff": 0.0,
"std": 0.0,
"std_diff": 0.0
},
"steering": {
"max": 45.19999999999982,
"max_diff": 24.200000000000273,
"mean": 6.414999999999895,
"mean_diff": 0.020512820512825176,
"min": -2.400000000000091,
"min_diff": -26.199999999999818,
"std": 12.322977521686887,
"std_diff": 7.10828983317364
},
"steering_speed": {
"max": 71.70000000000046,
"max_diff": 53.80000000000018,
"mean": 0.03500000000021828,
"mean_diff": -0.9205128205128111,
"min": -47.89999999999945,
"min_diff": -71.70000000000027,
"std": 15.168150019036585,
"std_diff": 16.79647672895261
},
"throttle": {
"max": 133,
"max_diff": 60.0,
"mean": 12.175,
"mean_diff": 3.41025641025641,
"min": 0,
"min_diff": 0.0,
"std": 35.06984994265017,
"std_diff": 11.26764814883961
},
"utime": {
"max": 1533280333736402,
"max_diff": 1000144.0,
"mean": 1533280323512050.0,
"mean_diff": 512795.58974358975,
"min": 1533280313737374,
"min_diff": 498368.0,
"std": 5813728.732692937,
"std_diff": 79060.66735067604
},
"vehicle_speed": {
"max": 9.53,
"max_diff": 2.9799999999999995,
"mean": 0.8659999999999999,
"mean_diff": 0.20384615384615382,
"min": 0.0,
"min_diff": -1.18,
"std": 2.118920479867048,
"std_diff": 0.6490095625095186
},
"yaw_rate": {
"max": 1.5000000000000284,
"max_diff": 0.5,
"mean": 0.015000000000029701,
"mean_diff": 0.0025641025641024184,
"min": -0.19999999999998863,
"min_diff": -1.4000000000000057,
"std": 0.36643553321150407,
"std_diff": 0.26359173899274874
}
}
},
"ZOE_VEH_INFO": {
"message_count": 1974,
"message_freq": 99.69945211262079,
"timespan": 19.799507,
"var_stats": {
"FL_wheel_speed": {
"max": 76.1442,
"max_diff": 4.9206,
"mean": 6.957055623100304,
"mean_diff": 0.03136482513938165,
"min": 0.0,
"min_diff": -3.5028,
"std": 16.120286833627553,
"std_diff": 0.20233629891976812
},
"FR_wheel_speed": {
"max": 77.1033,
"max_diff": 3.5028,
"mean": 7.109448632218845,
"mean_diff": 0.03185093765838824,
"min": 0.0,
"min_diff": -3.5028,
"std": 16.477117263689472,
"std_diff": 0.1895674776731655
},
"RL_wheel_speed": {
"max": 76.3944,
"max_diff": 3.753,
"mean": 6.943155623100305,
"mean_diff": 0.031491637100861634,
"min": 0.0,
"min_diff": -3.5028,
"std": 16.056762959120565,
"std_diff": 0.18715974623094223
},
"RR_wheel_speed": {
"max": 77.3118,
"max_diff": 3.9615,
"mean": 7.100618541033434,
"mean_diff": 0.03195661429295489,
"min": 0.0,
"min_diff": -3.5028,
"std": 16.448488379837897,
"std_diff": 0.19121394127032026
},
"left_solar": {
"max": 32,
"max_diff": 144.0,
"mean": -108.35258358662614,
"mean_diff": 0.07298530157121136,
"min": -112,
"min_diff": 0.0,
"std": 22.625744563069897,
"std_diff": 3.2410733672672394
},
"longitudinal_accel": {
"max": 1.0500000000000007,
"max_diff": 0.15000000000000036,
"mean": 0.15481256332320234,
"mean_diff": 0.000557526609224531,
"min": -0.5499999999999989,
"min_diff": -0.10000000000000142,
"std": 0.2915990924602165,
"std_diff": 0.022896965281955894
},
"meanEffTorque": {
"max": 60.5,
"max_diff": 1.0,
"mean": 26.376646403242148,
"mean_diff": 0.021033958438925495,
"min": 2.0,
"min_diff": -1.0,
"std": 11.49523520071475,
"std_diff": 0.16903933977233315
},
"odom": {
"max": 116,
"max_diff": 24.0,
"mean": 89.15501519756839,