{
"MS_IMU": {
"message_count": 1936,
"message_freq": 99.7919369042799,
"timespan": 19.400365,
"var_stats": {
"linear_accel": {
"max": 11.075040817260742,
"max_diff": 11.062768042087555,
"mean": 3.506318310834468,
"mean_diff": 4.717065909239571,
"min": -1.0650780200958252,
"min_diff": -1.2965927124023438,
"std": 4.476696677917585,
"std_diff": 4.7976256799631996
},
"q": {
"max": 0.9999359846115112,
"max_diff": 0.4897097439970821,
"mean": 0.3147481966424372,
"mean_diff": -0.1816176478945781,
"min": -0.253551721572876,
"min_diff": -1.0114700756967068,
"std": 0.38850172389866067,
"std_diff": 0.5483875872686491
},
"rotation_rate": {
"max": 0.3580917716026306,
"max_diff": 0.3865894563496113,
"mean": 0.025811716201340894,
"mean_diff": 0.03884206504254215,
"min": -0.07077489793300629,
"min_diff": -0.06700344756245613,
"std": 0.08462713496861568,
"std_diff": 0.10201666594600792
},
"utime": {
"max": 1533153499701060,
"max_diff": 31976.0,
"mean": 1533153490011288.0,
"mean_diff": 10026.02842377261,
"min": 1533153480300695,
"min_diff": 2974.0,
"std": 5603869.272539819,
"std_diff": 4501.2801878956
}
}
},
"POSE": {
"message_count": 966,
"message_freq": 49.79343969885588,
"timespan": 19.400146,
"var_stats": {
"accel": {
"max": 10.293036482497552,
"max_diff": 10.110889938866787,
"mean": 3.5067276374752865,
"mean_diff": 4.716909021660681,
"min": -0.4179491677205709,
"min_diff": -0.8892979668870362,
"std": 4.473109594217601,
"std_diff": 4.791905082126407
},
"orientation": {
"max": 0.9640278338108098,
"max_diff": 0.9640278338108098,
"mean": 0.31862665977669247,
"mean_diff": 0.17026728903762225,
"min": 0.0,
"min_diff": -0.8620104276009822,
"std": 0.385327200804132,
"std_diff": 0.5516723516881302
},
"pos": {
"max": 2138.8772835910668,
"max_diff": -903.7677329936502,
"mean": 1014.1798017557638,
"mean_diff": -1050.4674403832628,
"min": 0.0,
"min_diff": -1232.207438240734,
"std": 859.5638717000827,
"std_diff": 117.30617545000572
},
"rotation_rate": {
"max": 0.3579340875148773,
"max_diff": 0.3865894563496113,
"mean": 0.02576779742993205,
"mean_diff": 0.03892598356588517,
"min": -0.0671500712633133,
"min_diff": -0.06662722863256931,
"std": 0.08468400312545404,
"std_diff": 0.10203002408444295
},
"utime": {
"max": 1533153499703995,
"max_diff": 40181.0,
"mean": 1533153489989805.2,
"mean_diff": 20103.77823834197,
"min": 1533153480303849,
"min_diff": 9850.0,
"std": 5603071.16733026,
"std_diff": 1574.6434453035108
},
"vel": {
"max": 9.15184057497269,
"max_diff": 0.0,
"mean": 2.319608595740402,
"mean_diff": -3.479412893610603,
"min": 0.0,
"min_diff": -9.15184057497269,
"std": 3.4757949908540478,
"std_diff": 3.7531704197377667
}
}
},
"SteerAngleFeedback": {
"message_count": 1896,
"message_freq": 97.71349897042646,
"timespan": 19.403665,
"var_stats": {
"utime": {
"max": 1533153499705413,
"max_diff": 30206.0,
"mean": 1533153490008672.5,
"mean_diff": 10239.401055408971,
"min": 1533153480301748,
"min_diff": 2412.0,
"std": 5581423.657322369,
"std_diff": 1688.4611574790547
},
"value": {
"max": 3.213223128433531,
"max_diff": 0.029670597283900424,
"mean": 0.68522232973184,
"mean_diff": -9.394384364296914e-05,
"min": -0.11162909661566636,
"min_diff": -0.0663225115757875,
"std": 1.1610144268438027,
"std_diff": 0.007739427064434312
}
}
},
"VEHICLE_MONITOR": {
"message_count": 40,
"message_freq": 2.051364105846285,
"timespan": 19.49922,
"var_stats": {
"available_distance": {
"max": 65,
"max_diff": 0.0,
"mean": 65.0,
"mean_diff": 0.0,
"min": 65,
"min_diff": 0.0,
"std": 0.0,
"std_diff": 0.0
},
"battery_level": {
"max": 74,
"max_diff": 0.0,
"mean": 74.0,
"mean_diff": 0.0,
"min": 74,
"min_diff": 0.0,
"std": 0.0,
"std_diff": 0.0
},
"brake": {
"max": 0,
"max_diff": 0.0,
"mean": 0.0,
"mean_diff": 0.0,
"min": 0,
"min_diff": 0.0,
"std": 0.0,
"std_diff": 0.0
},
"brake_switch": {
"max": 1,
"max_diff": 0.0,
"mean": 1.0,
"mean_diff": 0.0,
"min": 1,
"min_diff": 0.0,
"std": 0.0,
"std_diff": 0.0
},
"gear_position": {
"max": 7,
"max_diff": 0.0,
"mean": 7.0,
"mean_diff": 0.0,
"min": 7,
"min_diff": 0.0,
"std": 0.0,
"std_diff": 0.0
},
"left_signal": {
"max": 0,
"max_diff": 0.0,
"mean": 0.0,
"mean_diff": 0.0,
"min": 0,
"min_diff": 0.0,
"std": 0.0,
"std_diff": 0.0
},
"rear_left_rpm": {
"max": 290.649,
"max_diff": 15.679200000000009,
"mean": 218.07640499999997,
"mean_diff": 5.0735,
"min": 92.7825,
"min_diff": -7.047300000000007,
"std": 66.58428324631853,
"std_diff": 4.922043551834324
},
"rear_right_rpm": {
"max": 296.73720000000003,
"max_diff": 11.217299999999994,
"mean": 225.7398225,
"mean_diff": 5.176146153846155,
"min": 94.8675,
"min_diff": -6.755400000000009,
"std": 63.280469879080734,
"std_diff": 4.6633700490946355
},
"right_signal": {
"max": 0,
"max_diff": 0.0,
"mean": 0.0,
"mean_diff": 0.0,
"min": 0,
"min_diff": 0.0,
"std": 0.0,
"std_diff": 0.0
},
"steering": {
"max": 184.4000000000001,
"max_diff": 65.59999999999991,
"mean": 39.16500000000018,
"mean_diff": -0.2025641025641049,
"min": -4.699999999999818,
"min_diff": -65.90000000000009,
"std": 65.77232529719468,
"std_diff": 19.81534612726528
},
"steering_speed": {
"max": 115.50000000000018,
"max_diff": 99.59999999999992,
"mean": 1.5650000000002373,
"mean_diff": -0.4076923076923097,
"min": -161.39999999999947,
"min_diff": -141.39999999999964,
"std": 40.291057010210054,
"std_diff": 34.40615169067488
},
"throttle": {
"max": 276,
"max_diff": 80.0,
"mean": 185.075,
"mean_diff": 3.128205128205128,
"min": 0,
"min_diff": -92.0,
"std": 76.0435360500812,
"std_diff": 28.309805755367528
},
"utime": {
"max": 1533153499847853,
"max_diff": 500544.0,
"mean": 1533153490098267.5,
"mean_diff": 499980.0,
"min": 1533153480348633,
"min_diff": 499023.0,
"std": 5771508.990241582,
"std_diff": 362.56889707779004
},
"vehicle_speed": {
"max": 33.19,
"max_diff": 1.2600000000000016,
"mean": 25.128500000000003,
"mean_diff": 0.5779487179487179,
"min": 10.65,
"min_diff": -0.7799999999999976,
"std": 7.271875806832787,
"std_diff": 0.5164483218725984
},
"yaw_rate": {
"max": 20.200000000000017,
"max_diff": 5.900000000000006,
"mean": 4.177500000000023,
"mean_diff": -0.007692307692307984,
"min": -1.1999999999999886,
"min_diff": -9.699999999999989,
"std": 7.3557626219175924,
"std_diff": 2.3407630374801145
}
}
},
"ZOE_VEH_INFO": {
"message_count": 1926,
"message_freq": 99.23440604214906,
"timespan": 19.408591,
"var_stats": {
"FL_wheel_speed": {
"max": 290.649,
"max_diff": 2.752200000000016,
"mean": 219.46474003115267,
"mean_diff": 0.1027877922077922,
"min": 92.7825,
"min_diff": -2.2934999999999945,
"std": 64.98538467281813,
"std_diff": 0.38969636324155804
},
"FR_wheel_speed": {
"max": 290.649,
"max_diff": 2.793900000000008,
"mean": 222.92495233644857,
"mean_diff": 0.10267948051948053,
"min": 92.7825,
"min_diff": -3.4610999999999876,
"std": 60.42373303757119,
"std_diff": 0.37093677699791333
},
"RL_wheel_speed": {
"max": 290.649,
"max_diff": 7.005600000000015,
"mean": 218.23398380062304,
"mean_diff": 0.10291776623376622,
"min": 92.5323,
"min_diff": -6.296700000000044,
"std": 65.49519264703835,
"std_diff": 0.49454515495771845
},
"RR_wheel_speed": {
"max": 295.3611,
"max_diff": 3.2526000000000295,
"mean": 226.0180487538941,
"mean_diff": 0.10439080519480522,
"min": 94.4088,
"min_diff": -3.502800000000036,
"std": 62.0021512805344,
"std_diff": 0.42166941548068243
},
"left_solar": {
"max": 32,
"max_diff": 144.0,
"mean": -14.230529595015577,
"mean_diff": 0.0,
"min": -112,
"min_diff": -112.0,
"std": 37.55597860531687,
"std_diff": 8.203135289109193
},
"longitudinal_accel": {
"max": 0.9000000000000004,
"max_diff": 0.40000000000000036,
"mean": 0.28603322949117416,
"mean_diff": 0.00015584415584415622,
"min": -0.4499999999999993,
"min_diff": -0.5500000000000007,
"std": 0.2935745732321668,
"std_diff": 0.05810851133201111
},
"meanEffTorque": {
"max": 51.5,
"max_diff": 2.0,
"mean": 28.450155763239877,
"mean_diff": 0.0059740259740259745,
"min": -22.5,
"min_diff": -0.5,
"std": 19.805213382603647,
"std_diff": 0.22698623872848156
},
"odom": {
"max": 124,
"max_diff": 88.0,
"mean": 80.52544132917964,