{
"MS_IMU": {
"message_count": 1938,
"message_freq": 99.38357567951597,
"timespan": 19.500204,
"var_stats": {
"linear_accel": {
"max": 9.91429328918457,
"max_diff": 9.721571207046509,
"mean": 3.3628180565793695,
"mean_diff": 4.851685042386939,
"min": -0.023427562788128853,
"min_diff": -0.07330977916717529,
"std": 4.551516948417056,
"std_diff": 4.754417783964281
},
"q": {
"max": 0.895018458366394,
"max_diff": 0.8841296061873436,
"mean": 0.11501966269182276,
"mean_diff": 0.4470118755403564,
"min": -0.4463690221309662,
"min_diff": 0.010718009318225086,
"std": 0.48659068461497673,
"std_diff": 0.3562739984533323
},
"rotation_rate": {
"max": 0.0034624740947037935,
"max_diff": 0.004723669495433569,
"mean": 6.76709624883376e-05,
"mean_diff": 5.77311262886416e-05,
"min": -0.003769502742215991,
"min_diff": -0.005359123577363789,
"std": 0.0009265839168876435,
"std_diff": 0.0013610268415955296
},
"utime": {
"max": 1535486653947178,
"max_diff": 28966.0,
"mean": 1535486644189689.2,
"mean_diff": 10067.219411461023,
"min": 1535486634446974,
"min_diff": 1938.0,
"std": 5634837.7240701,
"std_diff": 5585.899813250386
}
}
},
"POSE": {
"message_count": 970,
"message_freq": 49.69248293613927,
"timespan": 19.520055,
"var_stats": {
"accel": {
"max": 9.816620149406965,
"max_diff": 9.63311040962977,
"mean": 3.362696738042042,
"mean_diff": 4.851442294712785,
"min": 0.06837964835196197,
"min_diff": 0.02383385343001332,
"std": 4.551218984650485,
"std_diff": 4.754113080053877
},
"orientation": {
"max": 0.9499323565078828,
"max_diff": 0.0,
"mean": 0.15934631898845233,
"mean_diff": -0.42081138612978697,
"min": -0.31287852437601416,
"min_diff": -0.9499323565078828,
"std": 0.4739290565314923,
"std_diff": 0.3952861123754041
},
"pos": {
"max": 1428.4331571102116,
"max_diff": 569.3976546847266,
"mean": 762.4880810188017,
"mean_diff": -429.51678424616773,
"min": 0.0,
"min_diff": -1428.4331571102116,
"std": 587.1367366994242,
"std_diff": 998.9138903180798
},
"rotation_rate": {
"max": 0.0034207056742161512,
"max_diff": 0.004344176617451012,
"mean": 6.039444553526153e-05,
"mean_diff": 6.749097233760613e-05,
"min": -0.0034301362466067076,
"min_diff": -0.004386476706713438,
"std": 0.0009264033972042841,
"std_diff": 0.0013693717389959106
},
"utime": {
"max": 1535486653965153,
"max_diff": 40498.0,
"mean": 1535486644200166.2,
"mean_diff": 20144.53560371517,
"min": 1535486634445098,
"min_diff": 15617.0,
"std": 5641365.338750739,
"std_diff": 1779.9045477768666
},
"vel": {
"max": 1.0414348395209697e-07,
"max_diff": 0.0,
"mean": 1.0616828493053263e-10,
"mean_diff": -1.5925242739579892e-10,
"min": 0.0,
"min_diff": -1.0414348395209697e-07,
"std": 2.5763834008284123e-09,
"std_diff": 3.1540725044856607e-09
}
}
},
"SteerAngleFeedback": {
"message_count": 1926,
"message_freq": 98.75790652928208,
"timespan": 19.502236,
"var_stats": {
"utime": {
"max": 1535486653954584,
"max_diff": 29508.0,
"mean": 1535486644163127.5,
"mean_diff": 10131.031688311688,
"min": 1535486634452348,
"min_diff": 4397.0,
"std": 5638971.121339361,
"std_diff": 1310.9269711433874
},
"value": {
"max": 0.7016943348136897,
"max_diff": 0.0017453292520007713,
"mean": 0.6779765245787749,
"mean_diff": -1.903995547630094e-05,
"min": 0.6632970912698176,
"min_diff": -0.0017453292520007713,
"std": 0.014381367982431371,
"std_diff": 0.0006852872697281994
}
}
},
"VEHICLE_MONITOR": {
"message_count": 40,
"message_freq": 2.0514049251770565,
"timespan": 19.498832,
"var_stats": {
"available_distance": {
"max": 24,
"max_diff": 0.0,
"mean": 24.0,
"mean_diff": 0.0,
"min": 24,
"min_diff": 0.0,
"std": 0.0,
"std_diff": 0.0
},
"battery_level": {
"max": 45,
"max_diff": 0.0,
"mean": 45.0,
"mean_diff": 0.0,
"min": 45,
"min_diff": 0.0,
"std": 0.0,
"std_diff": 0.0
},
"brake": {
"max": 5,
"max_diff": 0.0,
"mean": 5.0,
"mean_diff": 0.0,
"min": 5,
"min_diff": 0.0,
"std": 0.0,
"std_diff": 0.0
},
"brake_switch": {
"max": 2,
"max_diff": 0.0,
"mean": 2.0,
"mean_diff": 0.0,
"min": 2,
"min_diff": 0.0,
"std": 0.0,
"std_diff": 0.0
},
"gear_position": {
"max": 7,
"max_diff": 0.0,
"mean": 7.0,
"mean_diff": 0.0,
"min": 7,
"min_diff": 0.0,
"std": 0.0,
"std_diff": 0.0
},
"left_signal": {
"max": 0,
"max_diff": 0.0,
"mean": 0.0,
"mean_diff": 0.0,
"min": 0,
"min_diff": 0.0,
"std": 0.0,
"std_diff": 0.0
},
"rear_left_rpm": {
"max": 0.0,
"max_diff": 0.0,
"mean": 0.0,
"mean_diff": 0.0,
"min": 0.0,
"min_diff": 0.0,
"std": 0.0,
"std_diff": 0.0
},
"rear_right_rpm": {
"max": 0.0,
"max_diff": 0.0,
"mean": 0.0,
"mean_diff": 0.0,
"min": 0.0,
"min_diff": 0.0,
"std": 0.0,
"std_diff": 0.0
},
"right_signal": {
"max": 0,
"max_diff": 0.0,
"mean": 0.0,
"mean_diff": 0.0,
"min": 0,
"min_diff": 0.0,
"std": 0.0,
"std_diff": 0.0
},
"steering": {
"max": 40.80000000000018,
"max_diff": 0.09999999999990905,
"mean": 39.41000000000024,
"mean_diff": -0.05384615384615151,
"min": 38.600000000000364,
"min_diff": -0.3000000000001819,
"std": 0.8157205403812775,
"std_diff": 0.08426500884696672
},
"steering_speed": {
"max": 1.9000000000002721,
"max_diff": 3.900000000000091,
"mean": -0.009999999999809717,
"mean_diff": 0.05128205128205128,
"min": -1.9999999999998188,
"min_diff": -2.0,
"std": 0.8722958213817343,
"std_diff": 1.2023207889001646
},
"throttle": {
"max": 0,
"max_diff": 0.0,
"mean": 0.0,
"mean_diff": 0.0,
"min": 0,
"min_diff": 0.0,
"std": 0.0,
"std_diff": 0.0
},
"utime": {
"max": 1535486654273836,
"max_diff": 500770.0,
"mean": 1535486644524369.8,
"mean_diff": 499970.0512820513,
"min": 1535486634775004,
"min_diff": 499056.0,
"std": 5771584.367804215,
"std_diff": 452.7720855714444
},
"vehicle_speed": {
"max": 0.0,
"max_diff": 0.0,
"mean": 0.0,
"mean_diff": 0.0,
"min": 0.0,
"min_diff": 0.0,
"std": 0.0,
"std_diff": 0.0
},
"yaw_rate": {
"max": 2.842170943040401e-14,
"max_diff": 0.30000000000001137,
"mean": -0.1599999999999774,
"mean_diff": 0.0,
"min": -0.39999999999997726,
"min_diff": -0.30000000000001137,
"std": 0.07681145747869318,
"std_diff": 0.11322770341446987
}
}
},
"ZOE_VEH_INFO": {
"message_count": 1937,
"message_freq": 99.37646781659485,
"timespan": 19.491536,
"var_stats": {
"FL_wheel_speed": {
"max": 0.0,
"max_diff": 0.0,
"mean": 0.0,
"mean_diff": 0.0,
"min": 0.0,
"min_diff": 0.0,
"std": 0.0,
"std_diff": 0.0
},
"FR_wheel_speed": {
"max": 0.0,
"max_diff": 0.0,
"mean": 0.0,
"mean_diff": 0.0,
"min": 0.0,
"min_diff": 0.0,
"std": 0.0,
"std_diff": 0.0
},
"RL_wheel_speed": {
"max": 0.0,
"max_diff": 0.0,
"mean": 0.0,
"mean_diff": 0.0,
"min": 0.0,
"min_diff": 0.0,
"std": 0.0,
"std_diff": 0.0
},
"RR_wheel_speed": {
"max": 0.0,
"max_diff": 0.0,
"mean": 0.0,
"mean_diff": 0.0,
"min": 0.0,
"min_diff": 0.0,
"std": 0.0,
"std_diff": 0.0
},
"left_solar": {
"max": 0,
"max_diff": 0.0,
"mean": 0.0,
"mean_diff": 0.0,
"min": 0,
"min_diff": 0.0,
"std": 0.0,
"std_diff": 0.0
},
"longitudinal_accel": {
"max": 0.15000000000000036,
"max_diff": 0.05000000000000071,
"mean": 0.04135260712441979,
"mean_diff": -5.165289256198329e-05,
"min": -0.049999999999998934,
"min_diff": -0.05000000000000071,
"std": 0.022177024781378316,
"std_diff": 0.01662348661338256
},
"meanEffTorque": {
"max": 0.0,
"max_diff": 0.0,
"mean": 0.0,
"mean_diff": 0.0,
"min": 0.0,
"min_diff": 0.0,
"std": 0.0,
"std_diff": 0.0
},
"odom": {
"max": 60,
"max_diff": 0.0,
"mean": 60.0,
"mean_diff": 0.0,
"min": 60,
"min_diff": 0.0,
"std": 0.0,
"std_diff": 0.0
},
"odom_speed": {
"max": 0.0,
"max_diff": 0.0,
"mean": 0.0,
"mean_diff": 0.0,
"min": 0.0,
"min_diff": 0.0,
"std": 0.0,
"std_diff": 0.0
},
"pedal_cc": {
"max": 0.0,
"max_diff": 0.0,
"mean": 0.0,
"mean_diff": 0.0,
"min": 0.0,
"min_diff": 0.0,
"std": 0.0,
"std_diff": 0.0
},
"regen": {
"max": 0.0,
"max_diff": 0.0,
"mean": 0.0,
"mean_diff": 0.0,
"min": 0.0,
"min_diff": 0.0,
"std": 0.0,
"std_diff": 0.0
},
"requestedTorqueAfterProc": {
"max": -382.5,
"max_diff": 0.0,
"mean": -382.5,
"mean_diff": 0.0,
"min": -382.5,
"min_diff": 0.0,
"std": 0.0,
"std_diff": 0.0
},
"right_solar": {
"max": 0,
"max_diff": 0.0,
"mean": 0.0,
"mean_diff": 0.0,
"min": 0,
"min_diff": 0.0,
"std": 0.0,
"std_diff": 0.0
},