{
"MS_IMU": {
"message_count": 1947,
"message_freq": 99.842764312309,
"timespan": 19.500662,
"var_stats": {
"linear_accel": {
"max": 11.431127548217773,
"max_diff": 11.117396652698517,
"mean": 3.2276715163554024,
"mean_diff": 5.001698140690999,
"min": -4.275815963745117,
"min_diff": -2.221053395420313,
"std": 4.692153166433936,
"std_diff": 4.77307487445278
},
"q": {
"max": 0.004221377428621054,
"max_diff": 0.7068690947489813,
"mean": -0.3551308705331203,
"mean_diff": -0.00529226788795274,
"min": -0.7212716341018677,
"min_diff": -0.723889172077179,
"std": 0.35196886649760006,
"std_diff": 0.5747034992741753
},
"rotation_rate": {
"max": 0.09990149736404419,
"max_diff": 0.12066486477851868,
"mean": -0.00030189384754880817,
"mean_diff": -0.0010608600195328491,
"min": -0.09227411448955536,
"min_diff": -0.09879811480641365,
"std": 0.016489800202931584,
"std_diff": 0.022259831373312493
},
"utime": {
"max": 1532707830549638,
"max_diff": 33982.0,
"mean": 1532707820801226.5,
"mean_diff": 10020.895169578624,
"min": 1532707811048976,
"min_diff": 2769.0,
"std": 5634998.527896235,
"std_diff": 4858.785471099736
}
}
},
"POSE": {
"message_count": 970,
"message_freq": 49.74534741253166,
"timespan": 19.499311,
"var_stats": {
"accel": {
"max": 10.624975241039609,
"max_diff": 10.371626163836417,
"mean": 3.225127217678558,
"mean_diff": 5.004426808849987,
"min": -3.8373975576354167,
"min_diff": -2.0191619934346816,
"std": 4.6894285110528395,
"std_diff": 4.765470850455083
},
"orientation": {
"max": 0.025937436374337756,
"max_diff": 0.0,
"mean": -0.24569433245138889,
"mean_diff": -0.3389659338185993,
"min": -0.9999932241820481,
"min_diff": -0.9999932241820481,
"std": 0.4354701999003679,
"std_diff": 0.4673707618623766
},
"pos": {
"max": 2247.257234645905,
"max_diff": -878.4783581706467,
"mean": 1020.9656420849864,
"mean_diff": -1091.6707299177615,
"min": 0.0,
"min_diff": -1366.0888401016693,
"std": 897.1307265107212,
"std_diff": 213.28719542184305
},
"rotation_rate": {
"max": 0.09990149736404419,
"max_diff": 0.1118224486708641,
"mean": -0.0003169884510858581,
"mean_diff": -0.0010451709126205622,
"min": -0.0910244882106781,
"min_diff": -0.09879811480641365,
"std": 0.016508113762665685,
"std_diff": 0.022307969332646654
},
"utime": {
"max": 1532707830561970,
"max_diff": 40876.0,
"mean": 1532707820821688.8,
"mean_diff": 20123.127966976263,
"min": 1532707811062659,
"min_diff": 15265.0,
"std": 5634032.269203715,
"std_diff": 1725.1600976041102
},
"vel": {
"max": 8.628092210641533,
"max_diff": 0.0,
"mean": 1.9135690637333462,
"mean_diff": -2.870353595600019,
"min": 0.0,
"min_diff": -8.628092210641533,
"std": 2.920804767327589,
"std_diff": 3.170227249268949
}
}
},
"SteerAngleFeedback": {
"message_count": 1906,
"message_freq": 97.72579863665845,
"timespan": 19.50355,
"var_stats": {
"utime": {
"max": 1532707830557934,
"max_diff": 30531.0,
"mean": 1532707820818508.5,
"mean_diff": 10238.083989501312,
"min": 1532707811054384,
"min_diff": 2779.0,
"std": 5630833.82781179,
"std_diff": 1806.540833173206
},
"value": {
"max": 0.23394609527920615,
"max_diff": 0.013962634015957813,
"mean": -0.029790919328555127,
"mean_diff": -0.00022812965026067697,
"min": -0.6858424205218023,
"min_diff": -0.029670597283908418,
"std": 0.15244265314673983,
"std_diff": 0.003274247996804353
}
}
},
"VEHICLE_MONITOR": {
"message_count": 40,
"message_freq": 2.0513254973041226,
"timespan": 19.499587,
"var_stats": {
"available_distance": {
"max": 30,
"max_diff": 0.0,
"mean": 30.0,
"mean_diff": 0.0,
"min": 30,
"min_diff": 0.0,
"std": 0.0,
"std_diff": 0.0
},
"battery_level": {
"max": 37,
"max_diff": 0.0,
"mean": 37.0,
"mean_diff": 0.0,
"min": 37,
"min_diff": 0.0,
"std": 0.0,
"std_diff": 0.0
},
"brake": {
"max": 18,
"max_diff": 15.0,
"mean": 0.9,
"mean_diff": 0.0,
"min": 0,
"min_diff": -13.0,
"std": 2.99833287011299,
"std_diff": 3.273827838776608
},
"brake_switch": {
"max": 2,
"max_diff": 1.0,
"mean": 1.525,
"mean_diff": 0.0,
"min": 1,
"min_diff": -1.0,
"std": 0.4993746088859544,
"std_diff": 0.3922322702763681
},
"gear_position": {
"max": 7,
"max_diff": 0.0,
"mean": 7.0,
"mean_diff": 0.0,
"min": 7,
"min_diff": 0.0,
"std": 0.0,
"std_diff": 0.0
},
"left_signal": {
"max": 0,
"max_diff": 0.0,
"mean": 0.0,
"mean_diff": 0.0,
"min": 0,
"min_diff": 0.0,
"std": 0.0,
"std_diff": 0.0
},
"rear_left_rpm": {
"max": 272.4261,
"max_diff": 32.484300000000005,
"mean": 177.642,
"mean_diff": -3.91873076923077,
"min": 54.8772,
"min_diff": -50.9157,
"std": 62.0224897782127,
"std_diff": 16.360371731454055
},
"rear_right_rpm": {
"max": 278.2641,
"max_diff": 31.775400000000005,
"mean": 181.0520175,
"mean_diff": -3.9967846153846165,
"min": 55.3776,
"min_diff": -54.00149999999999,
"std": 63.346206672297626,
"std_diff": 16.839781151092385
},
"right_signal": {
"max": 0,
"max_diff": 0.0,
"mean": 0.0,
"mean_diff": 0.0,
"min": 0,
"min_diff": 0.0,
"std": 0.0,
"std_diff": 0.0
},
"steering": {
"max": 13.900000000000091,
"max_diff": 13.700000000000273,
"mean": -2.0274999999998498,
"mean_diff": -0.6564102564102541,
"min": -37.399999999999636,
"min_diff": -24.300000000000182,
"std": 10.50354672241714,
"std_diff": 6.771046764956551
},
"steering_speed": {
"max": 73.70000000000046,
"max_diff": 93.59999999999991,
"mean": -2.522499999999752,
"mean_diff": -0.46153846153846156,
"min": -89.69999999999963,
"min_diff": -89.69999999999982,
"std": 22.212063023276325,
"std_diff": 29.41874176207921
},
"throttle": {
"max": 511,
"max_diff": 479.0,
"mean": 123.35,
"mean_diff": 6.461538461538462,
"min": 0,
"min_diff": -304.0,
"std": 162.37357389673974,
"std_diff": 121.49682831226842
},
"utime": {
"max": 1532707830799567,
"max_diff": 502005.0,
"mean": 1532707821050207.8,
"mean_diff": 499989.41025641025,
"min": 1532707811299980,
"min_diff": 498009.0,
"std": 5771679.295263681,
"std_diff": 609.8362419093245
},
"vehicle_speed": {
"max": 31.01,
"max_diff": 3.1499999999999995,
"mean": 20.35425,
"mean_diff": -0.4543589743589743,
"min": 6.36,
"min_diff": -5.4,
"std": 7.014703802549328,
"std_diff": 1.8198940443541958
},
"yaw_rate": {
"max": 1.8000000000000114,
"max_diff": 2.3999999999999773,
"mean": -0.302499999999975,
"mean_diff": 0.005128205128204837,
"min": -2.599999999999966,
"min_diff": -1.4000000000000057,
"std": 0.9309907357218965,
"std_diff": 0.7772234335213571
}
}
},
"ZOE_VEH_INFO": {
"message_count": 1937,
"message_freq": 99.33715908751152,
"timespan": 19.499249,
"var_stats": {
"FL_wheel_speed": {
"max": 273.8439,
"max_diff": 3.2942999999999927,
"mean": 180.26808817759422,
"mean_diff": -0.08531699380165289,
"min": 52.125,
"min_diff": -3.961500000000001,
"std": 60.98889550849594,
"std_diff": 0.605023411477097
},
"FR_wheel_speed": {
"max": 273.5937,
"max_diff": 3.5028000000000077,
"mean": 180.1862812596799,
"mean_diff": -0.08531699380165289,
"min": 51.6663,
"min_diff": -4.0031999999999925,
"std": 61.02212184392876,
"std_diff": 0.6009733668135956
},
"RL_wheel_speed": {
"max": 275.7204,
"max_diff": 3.0440999999999576,
"mean": 179.87418786783684,
"mean_diff": -0.08495082644628098,
"min": 52.125,
"min_diff": -3.7113000000000227,
"std": 61.068944398527314,
"std_diff": 0.6217042672432026
},
"RR_wheel_speed": {
"max": 281.058,
"max_diff": 2.793900000000008,
"mean": 183.35963618998454,
"mean_diff": -0.08699705578512398,
"min": 52.3752,
"min_diff": -4.420199999999966,
"std": 62.29790224580077,
"std_diff": 0.5956755004318028
},
"left_solar": {
"max": 32,
"max_diff": 144.0,
"mean": -50.89106866288074,
"mean_diff": 0.0743801652892562,
"min": -112,
"min_diff": -112.0,
"std": 55.68108363343545,
"std_diff": 4.864554355602869
},
"longitudinal_accel": {
"max": 2.200000000000001,
"max_diff": 0.5,
"mean": -0.26775942178626694,
"mean_diff": 0.0007489669421487609,
"min": -4.25,
"min_diff": -0.4499999999999993,
"std": 1.0692585873558629,
"std_diff": 0.06333701507232273
},
"meanEffTorque": {
"max": 164.5,
"max_diff": 8.5,
"mean": -4.732576148683531,
"mean_diff": 0.058884297520661155,
"min": -150.0,
"min_diff": -5.5,
"std": 61.52524434331743,
"std_diff": 1.0694593883393382
},
"odom": {
"max": 124,