{
"MS_IMU": {
"message_count": 1928,
"message_freq": 99.89243429313485,
"timespan": 19.300761,
"var_stats": {
"linear_accel": {
"max": 13.012516975402832,
"max_diff": 12.385016798973083,
"mean": 3.185835569606522,
"mean_diff": 5.0889367329374515,
"min": -1.2596142292022705,
"min_diff": -1.2414265871047974,
"std": 4.692837422370254,
"std_diff": 4.603760489258696
},
"q": {
"max": 0.0036110361106693745,
"max_diff": 0.8723972723819315,
"mean": -0.34237506140359586,
"mean_diff": 0.1282014323663827,
"min": -0.8783932328224182,
"min_diff": -0.5002948248293251,
"std": 0.3643889876646496,
"std_diff": 0.5587072248220829
},
"rotation_rate": {
"max": 0.04901299625635147,
"max_diff": 0.055896831676363945,
"mean": -0.0004270156798897214,
"mean_diff": -0.0010303215122687123,
"min": -0.05872400477528572,
"min_diff": -0.06085672974586487,
"std": 0.012588784737159986,
"std_diff": 0.01636628123625492
},
"utime": {
"max": 1532621933957199,
"max_diff": 28002.0,
"mean": 1532621924309045.8,
"mean_diff": 10015.963155163467,
"min": 1532621914656438,
"min_diff": 1972.0,
"std": 5572511.381076178,
"std_diff": 5427.0268334850625
}
}
},
"POSE": {
"message_count": 959,
"message_freq": 49.68680731849886,
"timespan": 19.300898,
"var_stats": {
"accel": {
"max": 10.067526387454839,
"max_diff": 9.99916063434384,
"mean": 3.185067278141315,
"mean_diff": 5.089757351322424,
"min": -1.0963570425941889,
"min_diff": -0.31073313640388944,
"std": 4.690332357836845,
"std_diff": 4.59810633732248
},
"orientation": {
"max": 0.9671082357287948,
"max_diff": 0.9671082357287948,
"mean": 0.30814790217444565,
"mean_diff": 0.2310876719197484,
"min": 0.0,
"min_diff": -0.28192013571315633,
"std": 0.3937573750236156,
"std_diff": 0.5290858353991761
},
"pos": {
"max": 1963.1920919254094,
"max_diff": -812.1140129609269,
"mean": 991.8469558353172,
"mean_diff": -956.9370693724145,
"min": 0.0,
"min_diff": -1076.986664216855,
"std": 783.0404197707422,
"std_diff": 108.23173607736666
},
"rotation_rate": {
"max": 0.04901299625635147,
"max_diff": 0.05209213308990002,
"mean": -0.00039329338095108623,
"mean_diff": -0.0009630568340506071,
"min": -0.05722532421350479,
"min_diff": -0.05621532164514065,
"std": 0.01257912165147614,
"std_diff": 0.01625721495530668
},
"utime": {
"max": 1532621933949719,
"max_diff": 40073.0,
"mean": 1532621924316626.0,
"mean_diff": 20147.0751565762,
"min": 1532621914648821,
"min_diff": 14513.0,
"std": 5573334.479079014,
"std_diff": 1757.4517513247922
},
"vel": {
"max": 7.811020940419301,
"max_diff": 0.0,
"mean": 1.49265345330398,
"mean_diff": -2.2389801799559703,
"min": 0.0,
"min_diff": -7.811020940419301,
"std": 2.583039694798343,
"std_diff": 2.8874089333883166
}
}
},
"SteerAngleFeedback": {
"message_count": 1912,
"message_freq": 99.0998396676548,
"timespan": 19.293674,
"var_stats": {
"utime": {
"max": 1532621933950570,
"max_diff": 20684.0,
"mean": 1532621924307204.0,
"mean_diff": 10096.11407639979,
"min": 1532621914656896,
"min_diff": 4507.0,
"std": 5571345.757970168,
"std_diff": 1142.791891253375
},
"value": {
"max": 0.4014977034706681,
"max_diff": 0.012217304763965068,
"mean": -0.03119789836685777,
"mean_diff": -7.580446254082928e-05,
"min": -0.32630459461097205,
"min_diff": -0.019198621771936014,
"std": 0.19200042666852277,
"std_diff": 0.002881093073261562
}
}
},
"VEHICLE_MONITOR": {
"message_count": 40,
"message_freq": 2.051358004127127,
"timespan": 19.499278,
"var_stats": {
"available_distance": {
"max": 34,
"max_diff": 0.0,
"mean": 34.0,
"mean_diff": 0.0,
"min": 34,
"min_diff": 0.0,
"std": 0.0,
"std_diff": 0.0
},
"battery_level": {
"max": 40,
"max_diff": 0.0,
"mean": 40.0,
"mean_diff": 0.0,
"min": 40,
"min_diff": 0.0,
"std": 0.0,
"std_diff": 0.0
},
"brake": {
"max": 11,
"max_diff": 5.0,
"mean": 1.6,
"mean_diff": 0.2564102564102564,
"min": 0,
"min_diff": -2.0,
"std": 3.3600595232822887,
"std_diff": 1.2135548273024852
},
"brake_switch": {
"max": 2,
"max_diff": 1.0,
"mean": 1.525,
"mean_diff": 0.02564102564102564,
"min": 1,
"min_diff": -1.0,
"std": 0.4993746088859544,
"std_diff": 0.27616229780176943
},
"gear_position": {
"max": 7,
"max_diff": 0.0,
"mean": 7.0,
"mean_diff": 0.0,
"min": 7,
"min_diff": 0.0,
"std": 0.0,
"std_diff": 0.0
},
"left_signal": {
"max": 0,
"max_diff": 0.0,
"mean": 0.0,
"mean_diff": 0.0,
"min": 0,
"min_diff": 0.0,
"std": 0.0,
"std_diff": 0.0
},
"rear_left_rpm": {
"max": 246.23850000000002,
"max_diff": 4.170000000000002,
"mean": 136.753065,
"mean_diff": -6.313807692307694,
"min": 0.0,
"min_diff": -14.469899999999999,
"std": 84.18600498030106,
"std_diff": 5.488806981129384
},
"rear_right_rpm": {
"max": 250.7004,
"max_diff": 4.3785000000000025,
"mean": 139.275915,
"mean_diff": -6.428215384615384,
"min": 0.0,
"min_diff": -14.9286,
"std": 85.78416878554152,
"std_diff": 5.613160923818806
},
"right_signal": {
"max": 0,
"max_diff": 0.0,
"mean": 0.0,
"mean_diff": 0.0,
"min": 0,
"min_diff": 0.0,
"std": 0.0,
"std_diff": 0.0
},
"steering": {
"max": 23.5,
"max_diff": 17.0,
"mean": -1.4249999999998066,
"mean_diff": -0.17435897435896736,
"min": -18.09999999999991,
"min_diff": -20.600000000000364,
"std": 10.955837485103556,
"std_diff": 6.865884369753845
},
"steering_speed": {
"max": 35.80000000000037,
"max_diff": 29.899999999999633,
"mean": -1.62499999999975,
"mean_diff": 0.358974358974359,
"min": -39.89999999999945,
"min_diff": -35.80000000000018,
"std": 14.145136089836635,
"std_diff": 13.320462722938208
},
"throttle": {
"max": 112,
"max_diff": 54.0,
"mean": 23.8,
"mean_diff": -2.871794871794872,
"min": 0,
"min_diff": -60.0,
"std": 34.486374120803134,
"std_diff": 18.094027187316765
},
"utime": {
"max": 1532621934273422,
"max_diff": 501144.0,
"mean": 1532621924523681.5,
"mean_diff": 499981.4871794872,
"min": 1532621914774144,
"min_diff": 498397.0,
"std": 5771515.44334245,
"std_diff": 512.4880922591561
},
"vehicle_speed": {
"max": 28.09,
"max_diff": 0.4900000000000002,
"mean": 15.69425,
"mean_diff": -0.7202564102564103,
"min": 0.0,
"min_diff": -1.72,
"std": 9.571241008223542,
"std_diff": 0.6282718959808894
},
"yaw_rate": {
"max": 1.5000000000000284,
"max_diff": 2.1999999999999886,
"mean": -0.2849999999999774,
"mean_diff": 0.01282051282051282,
"min": -1.9999999999999716,
"min_diff": -1.4000000000000057,
"std": 0.9100961487667123,
"std_diff": 0.6668638761567561
}
}
},
"ZOE_VEH_INFO": {
"message_count": 1925,
"message_freq": 99.73749609145592,
"timespan": 19.300665,
"var_stats": {
"FL_wheel_speed": {
"max": 247.65630000000002,
"max_diff": 2.0849999999999795,
"mean": 140.34497844155845,
"mean_diff": -0.12811262993762992,
"min": 0.0,
"min_diff": -3.5028,
"std": 81.88933806719203,
"std_diff": 0.3503928882181735
},
"FR_wheel_speed": {
"max": 247.65630000000002,
"max_diff": 5.170800000000014,
"mean": 140.24260223376623,
"mean_diff": -0.12811262993762992,
"min": 0.0,
"min_diff": -5.379300000000001,
"std": 81.87345552484128,
"std_diff": 0.4457524628312342
},
"RL_wheel_speed": {
"max": 246.94740000000002,
"max_diff": 3.4610999999999876,
"mean": 140.00786914285715,
"mean_diff": -0.12811262993762992,
"min": 0.0,
"min_diff": -4.878899999999987,
"std": 81.81363323750931,
"std_diff": 0.38454075017650086
},
"RR_wheel_speed": {
"max": 251.1591,
"max_diff": 4.253399999999999,
"mean": 142.6538587012987,
"mean_diff": -0.1303016632016632,
"min": 0.0,
"min_diff": -4.461899999999986,
"std": 83.38599980589312,
"std_diff": 0.4014069704845378
},
"left_solar": {
"max": 0,
"max_diff": 0.0,
"mean": 0.0,
"mean_diff": 0.0,
"min": 0,
"min_diff": 0.0,
"std": 0.0,
"std_diff": 0.0
},
"longitudinal_accel": {
"max": 0.6500000000000004,
"max_diff": 0.40000000000000036,
"mean": -0.41654545454545405,
"mean_diff": 0.0004417879417879425,
"min": -1.1999999999999993,
"min_diff": -0.4499999999999993,
"std": 0.37925116049799934,
"std_diff": 0.04853425650181242
},
"meanEffTorque": {
"max": 26.0,
"max_diff": 1.0,
"mean": -13.594545454545454,
"mean_diff": -0.0038981288981288983,
"min": -51.5,
"min_diff": -3.5,
"std": 20.527913118512085,
"std_diff": 0.2680304347394208
},
"odom": {
"max": 120,
"max_diff": 80.0,