{
"MS_IMU": {
"message_count": 1946,
"message_freq": 99.79571110239081,
"timespan": 19.499836,
"var_stats": {
"linear_accel": {
"max": 11.819196701049805,
"max_diff": 12.148019254207611,
"mean": 3.2352850709588923,
"mean_diff": 4.991217457516815,
"min": -1.6618471145629883,
"min_diff": -2.1697592437267303,
"std": 4.660001681670486,
"std_diff": 4.759637953937095
},
"q": {
"max": 0.9657803773880005,
"max_diff": 0.006160076824016869,
"mean": 0.17238552010741529,
"mean_diff": -0.4102882606734475,
"min": -0.2706720530986786,
"min_diff": -0.9681156291626394,
"std": 0.4693434234763898,
"std_diff": 0.4024087735664699
},
"rotation_rate": {
"max": 0.051850952208042145,
"max_diff": 0.05822080513462424,
"mean": -0.0004465984545966039,
"mean_diff": -0.0006181040134630442,
"min": -0.05414383485913277,
"min_diff": -0.07195078954100609,
"std": 0.007715719209979701,
"std_diff": 0.011775108861635781
},
"utime": {
"max": 1537295445656439,
"max_diff": 37997.0,
"mean": 1537295435913098.2,
"mean_diff": 10025.622622107969,
"min": 1537295426156603,
"min_diff": 1890.0,
"std": 5638379.076666069,
"std_diff": 5315.59033671387
}
}
},
"POSE": {
"message_count": 974,
"message_freq": 49.951054121095304,
"timespan": 19.499088,
"var_stats": {
"accel": {
"max": 10.126671876928564,
"max_diff": 10.17820620478106,
"mean": 3.2307642452275895,
"mean_diff": 4.998230747240182,
"min": -1.4880243338891568,
"min_diff": -1.9508037290150422,
"std": 4.661014143360736,
"std_diff": 4.74946869095762
},
"orientation": {
"max": 0.8647745624171385,
"max_diff": 0.5054903651030657,
"mean": 0.34189759434476236,
"mean_diff": -0.12004449555772868,
"min": 0.0,
"min_diff": -0.8647745624171385,
"std": 0.3648369978240479,
"std_diff": 0.5647323723850297
},
"pos": {
"max": 1626.211431638963,
"max_diff": 630.42923676824,
"mean": 871.1145871356784,
"mean_diff": -496.3081047961316,
"min": 0.0,
"min_diff": -1626.211431638963,
"std": 667.2380334353647,
"std_diff": 1124.4384123644345
},
"rotation_rate": {
"max": 0.051850952208042145,
"max_diff": 0.05822080513462424,
"mean": -0.00037087481668302886,
"mean_diff": -0.0006197191879851434,
"min": -0.04367291182279587,
"min_diff": -0.07195078954100609,
"std": 0.007647443563349999,
"std_diff": 0.011623895908921229
},
"utime": {
"max": 1537295445653489,
"max_diff": 40400.0,
"mean": 1537295435910944.5,
"mean_diff": 20040.172661870503,
"min": 1537295426154401,
"min_diff": 11889.0,
"std": 5638087.972464041,
"std_diff": 1089.7331622207257
},
"vel": {
"max": 7.051522080579061,
"max_diff": 0.0,
"mean": 0.6476528165616791,
"mean_diff": -0.9714792248425186,
"min": 0.0,
"min_diff": -7.051522080579061,
"std": 1.646981150645129,
"std_diff": 1.9375834789165403
}
}
},
"SteerAngleFeedback": {
"message_count": 1922,
"message_freq": 98.60124236539353,
"timespan": 19.492655,
"var_stats": {
"utime": {
"max": 1537295445651370,
"max_diff": 30865.0,
"mean": 1537295435939483.2,
"mean_diff": 10147.139510671524,
"min": 1537295426158715,
"min_diff": 163.0,
"std": 5636273.497530078,
"std_diff": 1492.7356369210409
},
"value": {
"max": 0.07686646259971647,
"max_diff": 0.003490658503985486,
"mean": 0.006327736811129902,
"mean_diff": 2.7256573430416393e-05,
"min": -0.02261730476395713,
"min_diff": -0.00349065850399341,
"std": 0.024832253695681296,
"std_diff": 0.0007228732415120098
}
}
},
"VEHICLE_MONITOR": {
"message_count": 40,
"message_freq": 2.0513637902392317,
"timespan": 19.499223,
"var_stats": {
"available_distance": {
"max": 57,
"max_diff": 0.0,
"mean": 57.0,
"mean_diff": 0.0,
"min": 57,
"min_diff": 0.0,
"std": 0.0,
"std_diff": 0.0
},
"battery_level": {
"max": 67,
"max_diff": 0.0,
"mean": 67.0,
"mean_diff": 0.0,
"min": 67,
"min_diff": 0.0,
"std": 0.0,
"std_diff": 0.0
},
"brake": {
"max": 10,
"max_diff": 5.0,
"mean": 3.3,
"mean_diff": 0.0,
"min": 0,
"min_diff": -7.0,
"std": 3.280243893371345,
"std_diff": 1.7686732677928754
},
"brake_switch": {
"max": 4,
"max_diff": 3.0,
"mean": 2.575,
"mean_diff": 0.0,
"min": 1,
"min_diff": -3.0,
"std": 1.4981238266578636,
"std_diff": 0.6793662204867574
},
"gear_position": {
"max": 7,
"max_diff": 0.0,
"mean": 7.0,
"mean_diff": 0.0,
"min": 7,
"min_diff": 0.0,
"std": 0.0,
"std_diff": 0.0
},
"left_signal": {
"max": 0,
"max_diff": 0.0,
"mean": 0.0,
"mean_diff": 0.0,
"min": 0,
"min_diff": 0.0,
"std": 0.0,
"std_diff": 0.0
},
"rear_left_rpm": {
"max": 215.63070000000002,
"max_diff": 31.775399999999998,
"mean": 58.127715,
"mean_diff": -4.426615384615386,
"min": 0.0,
"min_diff": -22.226099999999995,
"std": 71.7263867700986,
"std_diff": 8.746456834350006
},
"rear_right_rpm": {
"max": 219.3837,
"max_diff": 32.943,
"mean": 59.25882750000001,
"mean_diff": -4.492907692307693,
"min": 0.0,
"min_diff": -22.934999999999995,
"std": 73.04247002210765,
"std_diff": 8.936415590024511
},
"right_signal": {
"max": 1,
"max_diff": 1.0,
"mean": 0.15,
"mean_diff": 0.02564102564102564,
"min": 0,
"min_diff": -1.0,
"std": 0.3570714214271425,
"std_diff": 0.422882628268478
},
"steering": {
"max": 4.900000000000091,
"max_diff": 2.200000000000273,
"mean": 1.0150000000001227,
"mean_diff": 0.09230769230768998,
"min": -0.599999999999909,
"min_diff": -1.2999999999997272,
"std": 1.4535387851722898,
"std_diff": 0.5717201284942364
},
"steering_speed": {
"max": 5.900000000000272,
"max_diff": 4.0,
"mean": -0.01499999999980517,
"mean_diff": 0.05128205128205128,
"min": -3.999999999999819,
"min_diff": -7.900000000000091,
"std": 1.706245879115926,
"std_diff": 2.340268644985791
},
"throttle": {
"max": 399,
"max_diff": 238.0,
"mean": 22.825,
"mean_diff": 10.23076923076923,
"min": 0,
"min_diff": 0.0,
"std": 86.42652587602952,
"std_diff": 43.00713210885837
},
"utime": {
"max": 1537295446061832,
"max_diff": 501882.0,
"mean": 1537295436312621.5,
"mean_diff": 499980.07692307694,
"min": 1537295426562609,
"min_diff": 497425.0,
"std": 5771733.15120837,
"std_diff": 650.4086046918501
},
"vehicle_speed": {
"max": 24.560000000000002,
"max_diff": 3.6500000000000004,
"mean": 6.686000000000002,
"mean_diff": -0.5117948717948718,
"min": 0.0,
"min_diff": -2.55,
"std": 8.244279774486065,
"std_diff": 1.0044895930460427
},
"yaw_rate": {
"max": 2.842170943040401e-14,
"max_diff": 0.20000000000001705,
"mean": -0.10749999999997115,
"mean_diff": -0.0025641025641024184,
"min": -0.39999999999997726,
"min_diff": -0.4000000000000057,
"std": 0.09051933495116217,
"std_diff": 0.12297003905930358
}
}
},
"ZOE_VEH_INFO": {
"message_count": 1943,
"message_freq": 99.64445443225252,
"timespan": 19.499329,
"var_stats": {
"FL_wheel_speed": {
"max": 220.59300000000002,
"max_diff": 8.1732,
"mean": 60.088884457025216,
"mean_diff": -0.10384201853759013,
"min": 0.0,
"min_diff": -3.5028,
"std": 73.92973257662088,
"std_diff": 0.4167243218086302
},
"FR_wheel_speed": {
"max": 222.678,
"max_diff": 7.255799999999994,
"mean": 60.081845033453426,
"mean_diff": -0.10418558187435634,
"min": 0.0,
"min_diff": -8.2149,
"std": 73.9350589295393,
"std_diff": 0.4502969844903909
},
"RL_wheel_speed": {
"max": 220.59300000000002,
"max_diff": 8.4234,
"mean": 59.91858620689655,
"mean_diff": -0.10431441812564368,
"min": 0.0,
"min_diff": -5.129099999999994,
"std": 73.83647906016523,
"std_diff": 0.450732253864402
},
"RR_wheel_speed": {
"max": 225.9306,
"max_diff": 7.047300000000007,
"mean": 61.07509053010808,
"mean_diff": -0.10706292481977342,
"min": 0.0,
"min_diff": -6.338400000000007,
"std": 75.2179305107844,
"std_diff": 0.4178265921003758
},
"left_solar": {
"max": 0,
"max_diff": 0.0,
"mean": 0.0,
"mean_diff": 0.0,
"min": 0,
"min_diff": 0.0,
"std": 0.0,
"std_diff": 0.0
},
"longitudinal_accel": {
"max": 2.1000000000000014,
"max_diff": 0.7000000000000011,
"mean": -0.1811116829644873,
"mean_diff": 0.0012615859938208038,
"min": -1.549999999999999,
"min_diff": -0.8000000000000007,
"std": 0.5242138926349589,
"std_diff": 0.04968701792123181
},
"meanEffTorque": {
"max": 141.5,
"max_diff": 3.5,
"mean": -7.96062789500772,
"mean_diff": 0.08444902162718847,
"min": -40.0,
"min_diff": -0.5,
"std": 25.303893967930748,
"std_diff": 0.40760684120799273
},
"odom": {
"max": 120,
"max_diff": 68.0,