{
"MS_IMU": {
"message_count": 1949,
"message_freq": 99.76276016377267,
"timespan": 19.536348,
"var_stats": {
"linear_accel": {
"max": 12.11174488067627,
"max_diff": 11.973339259624481,
"mean": 3.3590070228347773,
"mean_diff": 4.80469871587685,
"min": -0.9472332000732422,
"min_diff": -1.505713701248169,
"std": 4.562802129402221,
"std_diff": 4.916428474592086
},
"q": {
"max": 0.5976482629776001,
"max_diff": 0.003219975042156875,
"mean": -0.08689928353633061,
"mean_diff": -0.45710825107638725,
"min": -0.8660780787467957,
"min_diff": -0.8678109287284315,
"std": 0.49239062965336444,
"std_diff": 0.3467774578450872
},
"rotation_rate": {
"max": 0.1091904416680336,
"max_diff": 0.1472525503486395,
"mean": -0.0024876545629184863,
"mean_diff": -0.002398409474715287,
"min": -0.22574500739574432,
"min_diff": -0.25208302587270737,
"std": 0.026633261670625,
"std_diff": 0.03443044282637405
},
"utime": {
"max": 1537295833456492,
"max_diff": 33005.0,
"mean": 1537295823684918.5,
"mean_diff": 10028.926078028748,
"min": 1537295813920144,
"min_diff": 1951.0,
"std": 5645421.931852018,
"std_diff": 5277.319429508253
}
}
},
"POSE": {
"message_count": 976,
"message_freq": 49.90098284996272,
"timespan": 19.558733,
"var_stats": {
"accel": {
"max": 10.512780647119518,
"max_diff": 11.362957058437878,
"mean": 3.358250865776092,
"mean_diff": 4.806578906637038,
"min": -0.9486242994502669,
"min_diff": -1.2823911301247968,
"std": 4.560568769238666,
"std_diff": 4.916854469276131
},
"orientation": {
"max": 0.9898402939248693,
"max_diff": 0.0,
"mean": 0.18421266556339652,
"mean_diff": -0.4022622930779755,
"min": -0.2503960502677464,
"min_diff": -0.9898402939248693,
"std": 0.46482867149738966,
"std_diff": 0.41414777664618985
},
"pos": {
"max": 1671.1671305897705,
"max_diff": -229.08350478112948,
"mean": 971.405158332295,
"mean_diff": -806.0011790409874,
"min": 0.0,
"min_diff": -1329.9599179936472,
"std": 698.7483248638106,
"std_diff": 497.5836351347828
},
"rotation_rate": {
"max": 0.10836338996887207,
"max_diff": 0.14434101711958647,
"mean": -0.002655114238689061,
"mean_diff": -0.0025212774665316407,
"min": -0.22645366191864014,
"min_diff": -0.25208302587270737,
"std": 0.026857011801716377,
"std_diff": 0.03476072651930846
},
"utime": {
"max": 1537295833460830,
"max_diff": 41159.0,
"mean": 1537295823666221.8,
"mean_diff": 20060.238974358974,
"min": 1537295813902097,
"min_diff": 13832.0,
"std": 5648301.675956848,
"std_diff": 1327.2479648984786
},
"vel": {
"max": 7.750771558143756,
"max_diff": 0.0,
"mean": 2.119843819084709,
"mean_diff": -3.1797657286270633,
"min": 0.0,
"min_diff": -7.750771558143756,
"std": 3.020909352011326,
"std_diff": 3.2122479055360134
}
}
},
"SteerAngleFeedback": {
"message_count": 1934,
"message_freq": 98.9562216447445,
"timespan": 19.543996,
"var_stats": {
"utime": {
"max": 1537295833448234,
"max_diff": 29686.0,
"mean": 1537295823667491.2,
"mean_diff": 10110.706673564408,
"min": 1537295813904238,
"min_diff": 5187.0,
"std": 5638440.70743044,
"std_diff": 1275.2474879618387
},
"value": {
"max": 0.22172879051524902,
"max_diff": 0.02617993877991509,
"mean": -0.05409640247236727,
"mean_diff": 0.0008162326144867437,
"min": -1.5759603390389103,
"min_diff": -0.012217304763957132,
"std": 0.2609948231518947,
"std_diff": 0.003074745446201239
}
}
},
"VEHICLE_MONITOR": {
"message_count": 40,
"message_freq": 2.0513509556346636,
"timespan": 19.499345,
"var_stats": null
},
"ZOE_VEH_INFO": {
"message_count": 1945,
"message_freq": 99.48273580694641,
"timespan": 19.551131,
"var_stats": {
"FL_wheel_speed": {
"max": 244.8624,
"max_diff": 2.3352000000000146,
"mean": 201.4779129562982,
"mean_diff": 0.03942623456790123,
"min": 167.05020000000002,
"min_diff": -3.0441000000000145,
"std": 19.989747001335854,
"std_diff": 0.4019914242567187
},
"FR_wheel_speed": {
"max": 245.7798,
"max_diff": 7.047300000000007,
"mean": 201.20888899742934,
"mean_diff": 0.04481033950617284,
"min": 157.5009,
"min_diff": -6.338400000000007,
"std": 21.064242253357122,
"std_diff": 0.4971253815700009
},
"RL_wheel_speed": {
"max": 244.40370000000001,
"max_diff": 6.129899999999992,
"mean": 200.8774329562982,
"mean_diff": 0.04052021604938271,
"min": 165.4239,
"min_diff": -6.129899999999992,
"std": 19.988857134520888,
"std_diff": 0.4940944064730721
},
"RR_wheel_speed": {
"max": 253.03560000000002,
"max_diff": 9.591000000000008,
"mean": 204.44903259640105,
"mean_diff": 0.046740895061728405,
"min": 158.2098,
"min_diff": -11.217300000000023,
"std": 21.477384911377644,
"std_diff": 0.5682232803816801
},
"left_solar": {
"max": 0,
"max_diff": 0.0,
"mean": 0.0,
"mean_diff": 0.0,
"min": 0,
"min_diff": 0.0,
"std": 0.0,
"std_diff": 0.0
},
"longitudinal_accel": {
"max": 1.0,
"max_diff": 0.4499999999999993,
"mean": 0.1378406169665817,
"mean_diff": -5.144032921810681e-05,
"min": -0.5499999999999989,
"min_diff": -0.6500000000000004,
"std": 0.30383997495574927,
"std_diff": 0.0626079103653227
},
"meanEffTorque": {
"max": 47.5,
"max_diff": 2.5,
"mean": 16.53033419023136,
"mean_diff": -0.00720164609053498,
"min": -24.0,
"min_diff": -2.5,
"std": 18.179704357634378,
"std_diff": 0.43473134942183533
},
"odom": {
"max": 120,
"max_diff": 80.0,
"mean": 59.8293059125964,
"mean_diff": 0.0205761316872428,
"min": 0,
"min_diff": -68.0,
"std": 34.60662023803731,
"std_diff": 18.899332311168827
},
"odom_speed": {
"max": 27.0,
"max_diff": 1.0,
"mean": 22.38457583547558,
"mean_diff": 0.004629629629629629,
"min": 18.0,
"min_diff": -1.0,
"std": 2.306171141572818,
"std_diff": 0.09339926389737042
},
"pedal_cc": {
"max": 246.0,
"max_diff": 26.0,
"mean": 137.65244215938304,
"mean_diff": -0.03755144032921811,
"min": 0.0,
"min_diff": -26.0,
"std": 71.58053709599436,
"std_diff": 2.594535523111454
},
"regen": {
"max": 48.0,
"max_diff": 1.0,
"mean": 5.231362467866324,
"mean_diff": 0.0,
"min": 0.0,
"min_diff": -5.0,
"std": 12.060641268584812,
"std_diff": 0.45587161574411744
},
"requestedTorqueAfterProc": {
"max": -272.5,
"max_diff": 126.0,
"mean": -347.7573264781491,
"mean_diff": -0.013374485596707819,
"min": -398.5,
"min_diff": -124.0,
"std": 31.229591448742422,
"std_diff": 7.982705465895242
},
"right_solar": {
"max": 0,
"max_diff": 0.0,
"mean": 0.0,
"mean_diff": 0.0,
"min": 0,
"min_diff": 0.0,
"std": 0.0,
"std_diff": 0.0
},
"steer_corrected": {
"max": 12.704123893064125,
"max_diff": 1.5,
"mean": -3.078446801023249,
"mean_diff": 0.04650205761316877,
"min": -90.29587610693588,
"min_diff": -0.40000000000009095,
"std": 14.934754745362529,
"std_diff": 0.1752074226232076
},
"steer_offset_can": {
"max": -12.300000000000182,
"max_diff": 0.0,
"mean": -12.300000000000182,
"mean_diff": 0.0,
"min": -12.300000000000182,
"min_diff": 0.0,
"std": 0.0,
"std_diff": 0.0
},
"steer_raw": {
"max": 1.0,
"max_diff": 1.5,
"mean": -14.782570694087372,
"mean_diff": 0.04650205761316877,
"min": -102.0,
"min_diff": -0.40000000000009095,
"std": 14.934754745362532,
"std_diff": 0.1752074226232076
},
"transversal_accel": {
"max": -0.367999999999995,
"max_diff": 0.09600000000000364,
"mean": -0.48622107969151407,
"mean_diff": 2.4691358024692295e-05,
"min": -0.592000000000013,
"min_diff": -0.056000000000011596,
"std": 0.02189919574220989,
"std_diff": 0.0071434023351067575
},
"utime": {
"max": 1537295833457701,
"max_diff": 27267.0,
"mean": 1537295823688329.2,
"mean_diff": 10057.166152263375,
"min": 1537295813906570,
"min_diff": 2.0,
"std": 5645853.799161804,
"std_diff": 1682.6305960928646
}
}
},
"ZoeSensors": {
"message_count": 18710,
"message_freq": 957.0753985635889,
"timespan": 19.549139,
"var_stats": {
"brake_sensor": {
"max": 0.18494854867458344,
"max_diff": 2.4244189262390137e-05,
"mean": 0.18488747208418532,
"mean_diff": 8.450548947924723e-10,
"min": 0.1848195493221283,
"min_diff": -1.9058585166931152e-05,
"std": 1.8345709959888657e-05,
"std_diff": 4.194115344780086e-06
},
"steering_sensor": {
"max": 0.22036708891391754,
"max_diff": 0.0006065666675567627,
"mean": 0.21709569031019252,
"mean_diff": 4.631474282015294e-09,
"min": 0.21394698321819305,
"min_diff": -0.0007286518812179565,