{
"MS_IMU": {
"message_count": 1944,
"message_freq": 99.64135774471423,
"timespan": 19.509971,
"var_stats": {
"linear_accel": {
"max": 13.155645370483398,
"max_diff": 13.29577687382698,
"mean": 3.4767472884963184,
"mean_diff": 4.575074807181559,
"min": -1.3738000392913818,
"min_diff": -3.324049711227417,
"std": 4.493934893990228,
"std_diff": 5.227361603339231
},
"q": {
"max": 0.7532109618186951,
"max_diff": 0.0065165357664227486,
"mean": -0.0742496055620989,
"mean_diff": -0.4599196864355902,
"min": -0.869343638420105,
"min_diff": -0.8620608458295465,
"std": 0.49445628122719754,
"std_diff": 0.3451392458311592
},
"rotation_rate": {
"max": 0.2125834971666336,
"max_diff": 0.24513090401887894,
"mean": -0.009665565423483275,
"mean_diff": -0.015692293802826666,
"min": -0.17856037616729736,
"min_diff": -0.21691656857728958,
"std": 0.040770286700274154,
"std_diff": 0.05395274120400735
},
"utime": {
"max": 1534867387457752,
"max_diff": 35003.0,
"mean": 1534867377713085.2,
"mean_diff": 10041.158517756048,
"min": 1534867367947781,
"min_diff": 1964.0,
"std": 5628554.271727192,
"std_diff": 5577.347945722633
}
}
},
"POSE": {
"message_count": 970,
"message_freq": 49.74532955460289,
"timespan": 19.499318,
"var_stats": {
"accel": {
"max": 10.432824207712954,
"max_diff": 10.347415210861367,
"mean": 3.4755151016385373,
"mean_diff": 4.577205702664547,
"min": -0.6451904484809242,
"min_diff": -2.1161741016514184,
"std": 4.475433045097207,
"std_diff": 5.201274626854708
},
"orientation": {
"max": 0.9999999758752669,
"max_diff": 0.0709642415107476,
"mean": 0.19568253032132327,
"mean_diff": -0.39011759392597334,
"min": -0.2632305599758905,
"min_diff": -0.9999999758752669,
"std": 0.46011775376206077,
"std_diff": 0.4256073263499381
},
"pos": {
"max": 1719.7164333107914,
"max_diff": 1258.4206670694316,
"mean": 733.2929495857753,
"mean_diff": -248.89414956114035,
"min": 0.0,
"min_diff": -1719.7164333107914,
"std": 714.8307620961045,
"std_diff": 1453.6176949343776
},
"rotation_rate": {
"max": 0.19804790616035461,
"max_diff": 0.2317916788160801,
"mean": -0.009396722311110451,
"mean_diff": -0.01580141421427564,
"min": -0.1773698627948761,
"min_diff": -0.21561890840530396,
"std": 0.04101235459707295,
"std_diff": 0.054423436702813736
},
"utime": {
"max": 1534867387465907,
"max_diff": 40195.0,
"mean": 1534867377729259.5,
"mean_diff": 20123.135190918474,
"min": 1534867367966589,
"min_diff": 14755.0,
"std": 5626996.238685339,
"std_diff": 1633.5564995568936
},
"vel": {
"max": 9.079060089551815,
"max_diff": 0.0,
"mean": 1.8704017641847557,
"mean_diff": -2.805602646277133,
"min": 0.0,
"min_diff": -9.079060089551815,
"std": 3.073919551874294,
"std_diff": 3.398480549818331
}
}
},
"SteerAngleFeedback": {
"message_count": 1930,
"message_freq": 99.05380012205687,
"timespan": 19.484361,
"var_stats": {
"utime": {
"max": 1534867387452000,
"max_diff": 30514.0,
"mean": 1534867377720603.2,
"mean_diff": 10100.757387247279,
"min": 1534867367967639,
"min_diff": 4342.0,
"std": 5626988.19633573,
"std_diff": 1218.8728296402655
},
"value": {
"max": 0.21649280275926286,
"max_diff": 0.02617993877991509,
"mean": -0.813534506723541,
"mean_diff": 0.0017996163204856003,
"min": -3.4678972482007655,
"min_diff": -0.00698131700797891,
"std": 1.3740543865406587,
"std_diff": 0.004754378892807632
}
}
},
"VEHICLE_MONITOR": {
"message_count": 40,
"message_freq": 2.0512785798875317,
"timespan": 19.500033,
"var_stats": {
"available_distance": {
"max": 119,
"max_diff": 0.0,
"mean": 119.0,
"mean_diff": 0.0,
"min": 119,
"min_diff": 0.0,
"std": 0.0,
"std_diff": 0.0
},
"battery_level": {
"max": 94,
"max_diff": 0.0,
"mean": 94.0,
"mean_diff": 0.0,
"min": 94,
"min_diff": 0.0,
"std": 0.0,
"std_diff": 0.0
},
"brake": {
"max": 5,
"max_diff": 0.0,
"mean": 0.2,
"mean_diff": -0.1282051282051282,
"min": 0,
"min_diff": -3.0,
"std": 0.8999999999999999,
"std_diff": 0.5629358564128242
},
"brake_switch": {
"max": 2,
"max_diff": 0.0,
"mean": 1.025,
"mean_diff": -0.02564102564102564,
"min": 1,
"min_diff": -1.0,
"std": 0.15612494995995996,
"std_diff": 0.15806189751202507
},
"gear_position": {
"max": 7,
"max_diff": 0.0,
"mean": 7.0,
"mean_diff": 0.0,
"min": 7,
"min_diff": 0.0,
"std": 0.0,
"std_diff": 0.0
},
"left_signal": {
"max": 0,
"max_diff": 0.0,
"mean": 0.0,
"mean_diff": 0.0,
"min": 0,
"min_diff": 0.0,
"std": 0.0,
"std_diff": 0.0
},
"rear_left_rpm": {
"max": 287.1462,
"max_diff": 18.514799999999994,
"mean": 179.61649500000001,
"mean_diff": 6.218646153846154,
"min": 24.5196,
"min_diff": -11.676000000000002,
"std": 85.81363280978422,
"std_diff": 6.412685487329648
},
"rear_right_rpm": {
"max": 294.8607,
"max_diff": 19.390500000000003,
"mean": 181.563885,
"mean_diff": 6.547969230769231,
"min": 21.7257,
"min_diff": -10.758599999999998,
"std": 89.59652720551603,
"std_diff": 6.426058064736184
},
"right_signal": {
"max": 1,
"max_diff": 1.0,
"mean": 0.15,
"mean_diff": -0.02564102564102564,
"min": 0,
"min_diff": -1.0,
"std": 0.3570714214271425,
"std_diff": 0.42288262826847794
},
"steering": {
"max": 12.200000000000273,
"max_diff": 44.69999999999982,
"mean": -45.92749999999982,
"mean_diff": 5.097435897435902,
"min": -198.0,
"min_diff": -5.599999999999909,
"std": 78.67204073716407,
"std_diff": 11.999454841879322
},
"steering_speed": {
"max": 131.40000000000026,
"max_diff": 77.6999999999998,
"mean": 12.87500000000025,
"mean_diff": -0.04871794871795105,
"min": -27.899999999999455,
"min_diff": -81.5999999999999,
"std": 30.292051350148007,
"std_diff": 26.80820647215664
},
"throttle": {
"max": 327,
"max_diff": 186.0,
"mean": 212.925,
"mean_diff": 0.0,
"min": 0,
"min_diff": -198.0,
"std": 90.38926581735245,
"std_diff": 63.04780441082497
},
"utime": {
"max": 1534867387623345,
"max_diff": 500761.0,
"mean": 1534867377873117.8,
"mean_diff": 500000.8461538461,
"min": 1534867368123312,
"min_diff": 499305.0,
"std": 5771532.570093336,
"std_diff": 355.9641683538861
},
"vehicle_speed": {
"max": 32.86,
"max_diff": 2.0600000000000005,
"mean": 20.40625,
"mean_diff": 0.7107692307692307,
"min": 2.68,
"min_diff": -1.3199999999999994,
"std": 9.87400873189304,
"std_diff": 0.7331435113837015
},
"yaw_rate": {
"max": 1.200000000000017,
"max_diff": 4.700000000000017,
"mean": -2.087499999999976,
"mean_diff": 0.19487179487179473,
"min": -9.999999999999972,
"min_diff": -1.9000000000000057,
"std": 3.3164881652133205,
"std_diff": 1.163537646730141
}
}
},
"ZOE_VEH_INFO": {
"message_count": 1941,
"message_freq": 99.54459246438715,
"timespan": 19.498799,
"var_stats": {
"FL_wheel_speed": {
"max": 289.7316,
"max_diff": 5.337599999999981,
"mean": 178.68877527047914,
"mean_diff": 0.12176829896907217,
"min": 24.5196,
"min_diff": -8.88209999999998,
"std": 84.8408849868285,
"std_diff": 0.6086758614564791
},
"FR_wheel_speed": {
"max": 290.3988,
"max_diff": 5.8796999999999855,
"mean": 177.20248500772797,
"mean_diff": 0.12525046391752578,
"min": 21.4755,
"min_diff": -9.841199999999986,
"std": 86.89275040634031,
"std_diff": 0.6597813042891374
},
"RL_wheel_speed": {
"max": 287.6049,
"max_diff": 10.75860000000003,
"mean": 177.6658684698609,
"mean_diff": 0.12163932989690723,
"min": 23.8107,
"min_diff": -13.802700000000016,
"std": 84.9110076671537,
"std_diff": 0.837449045118361
},
"RR_wheel_speed": {
"max": 292.9842,
"max_diff": 11.717700000000008,
"mean": 179.57197310664606,
"mean_diff": 0.12838871134020619,
"min": 21.058500000000002,
"min_diff": -10.75860000000003,
"std": 88.6675874575906,
"std_diff": 0.712147723143697
},
"left_solar": {
"max": -112,
"max_diff": 0.0,
"mean": -112.0,
"mean_diff": 0.0,
"min": -112,
"min_diff": 0.0,
"std": 0.0,
"std_diff": 0.0
},
"longitudinal_accel": {
"max": 1.700000000000001,
"max_diff": 1.75,
"mean": 0.5908552292632671,
"mean_diff": 0.00020618556701030945,
"min": -0.6500000000000004,
"min_diff": -1.9000000000000004,
"std": 0.47578411124679343,
"std_diff": 0.09850667863111943
},
"meanEffTorque": {
"max": 106.5,
"max_diff": 2.0,
"mean": 44.42993302421432,
"mean_diff": 0.001288659793814433,
"min": -7.0,
"min_diff": -2.5,
"std": 26.74495017882146,