{
"MS_IMU": {
"message_count": 1942,
"message_freq": 99.59198057884582,
"timespan": 19.499562,
"var_stats": {
"linear_accel": {
"max": 9.902389526367188,
"max_diff": 10.329882770776749,
"mean": 2.9723007585803534,
"mean_diff": 5.126302393240389,
"min": -1.302682638168335,
"min_diff": -0.5533115491271019,
"std": 4.802447710686097,
"std_diff": 4.990887630622552
},
"q": {
"max": 0.031617917120456696,
"max_diff": 0.4936218839138746,
"mean": -0.3269932525435112,
"mean_diff": -0.14675610697416763,
"min": -0.9171742796897888,
"min_diff": -0.9211474251933396,
"std": 0.3782531295035638,
"std_diff": 0.5691348891534947
},
"rotation_rate": {
"max": 0.009700196795165539,
"max_diff": 0.009323853999376297,
"mean": -0.0024337410211503117,
"mean_diff": -0.0038174424943349288,
"min": -0.07617125660181046,
"min_diff": -0.08427353110164404,
"std": 0.011054813927194639,
"std_diff": 0.013627454409935487
},
"utime": {
"max": 1542800967457802,
"max_diff": 28003.0,
"mean": 1542800957721955.5,
"mean_diff": 10046.142194744976,
"min": 1542800947958240,
"min_diff": 1948.0,
"std": 5632652.200728621,
"std_diff": 5544.612314495927
}
}
},
"POSE": {
"message_count": 971,
"message_freq": 49.747759391144804,
"timespan": 19.518467,
"var_stats": {
"accel": {
"max": 9.836648328630645,
"max_diff": 10.223182733245343,
"mean": 2.9718879674533456,
"mean_diff": 5.127033046546051,
"min": -1.0213509674531973,
"min_diff": -0.49324048604141196,
"std": 4.802476419615517,
"std_diff": 4.989384869643567
},
"orientation": {
"max": 0.371471035058741,
"max_diff": 0.0,
"mean": -0.1584528084512816,
"mean_diff": -0.4212521316654354,
"min": -0.9533662869868244,
"min_diff": -0.9533662869868244,
"std": 0.47422853930768594,
"std_diff": 0.39481638124659924
},
"pos": {
"max": 1322.468255913868,
"max_diff": -417.69275407458633,
"mean": 741.9071546584307,
"mean_diff": -660.8643617116986,
"min": 0.0,
"min_diff": -904.5793318092777,
"std": 551.6312694405468,
"std_diff": 243.12844551980902
},
"rotation_rate": {
"max": 0.009700196795165539,
"max_diff": 0.009323853999376297,
"mean": -0.0024538016880088897,
"mean_diff": -0.003834756696288429,
"min": -0.07590072602033615,
"min_diff": -0.08206895599141717,
"std": 0.011073047542904535,
"std_diff": 0.013628495736700934
},
"utime": {
"max": 1542800967466740,
"max_diff": 40428.0,
"mean": 1542800957711868.0,
"mean_diff": 20122.130927835053,
"min": 1542800947948273,
"min_diff": 14387.0,
"std": 5643192.036858436,
"std_diff": 1678.7140206927065
},
"vel": {
"max": 0.5516736332071903,
"max_diff": 0.0,
"mean": 0.01876557999471647,
"mean_diff": -0.0281483699920747,
"min": 0.0,
"min_diff": -0.5516736332071903,
"std": 0.08324382706320561,
"std_diff": 0.10064885429943925
}
}
},
"SteerAngleFeedback": {
"message_count": 1905,
"message_freq": 97.66899735827153,
"timespan": 19.504654,
"var_stats": {
"utime": {
"max": 1542800967456814,
"max_diff": 30660.0,
"mean": 1542800957716722.0,
"mean_diff": 10244.040966386554,
"min": 1542800947952160,
"min_diff": 124.0,
"std": 5636694.602238481,
"std_diff": 1770.8941948552927
},
"value": {
"max": -4.8188540647563425,
"max_diff": 0.0226892802759302,
"mean": -5.024801084125004,
"mean_diff": 7.791648446403239e-05,
"min": -5.183627878423159,
"min_diff": -0.008726646259971993,
"std": 0.06866607549074033,
"std_diff": 0.0020036045008532326
}
}
},
"VEHICLE_MONITOR": {
"message_count": 40,
"message_freq": 2.051318659430435,
"timespan": 19.499652,
"var_stats": null
},
"ZOE_VEH_INFO": {
"message_count": 1940,
"message_freq": 99.48072599392911,
"timespan": 19.501265,
"var_stats": {
"FL_wheel_speed": {
"max": 19.182000000000002,
"max_diff": 4.4202,
"mean": 1.9357397938144332,
"mean_diff": -0.006021660649819494,
"min": 0.0,
"min_diff": -3.5028,
"std": 4.749169072219882,
"std_diff": 0.18982813631248244
},
"FR_wheel_speed": {
"max": 15.8877,
"max_diff": 3.753,
"mean": 1.604740670103093,
"mean_diff": -0.005182929345023209,
"min": 0.0,
"min_diff": -3.5028,
"std": 3.948896011553411,
"std_diff": 0.17152106922088095
},
"RL_wheel_speed": {
"max": 18.9318,
"max_diff": 3.753,
"mean": 1.837981237113402,
"mean_diff": -0.005785095410005157,
"min": 0.0,
"min_diff": -3.5028,
"std": 4.54238905126363,
"std_diff": 0.18066418949329552
},
"RR_wheel_speed": {
"max": 15.429,
"max_diff": 3.5028,
"mean": 1.4964496391752575,
"mean_diff": -0.004709798865394535,
"min": 0.0,
"min_diff": -3.5028,
"std": 3.721234448583509,
"std_diff": 0.16860816325050643
},
"left_solar": {
"max": 0,
"max_diff": 0.0,
"mean": 0.0,
"mean_diff": 0.0,
"min": 0,
"min_diff": 0.0,
"std": 0.0,
"std_diff": 0.0
},
"longitudinal_accel": {
"max": 0.20000000000000107,
"max_diff": 0.25,
"mean": -0.41064432989690647,
"mean_diff": 0.0002320783909231568,
"min": -1.1999999999999993,
"min_diff": -0.15000000000000036,
"std": 0.20930997901010548,
"std_diff": 0.02980420519152527
},
"meanEffTorque": {
"max": 27.5,
"max_diff": 2.5,
"mean": 5.989175257731959,
"mean_diff": -0.0005157297576070139,
"min": 0.0,
"min_diff": -1.5,
"std": 6.515891465320877,
"std_diff": 0.16994293291811194
},
"odom": {
"max": 116,
"max_diff": 8.0,
"mean": 21.183505154639175,
"mean_diff": -0.0020629190304280558,
"min": 0,
"min_diff": -116.0,
"std": 21.50735515720659,
"std_diff": 2.6839726151024426
},
"odom_speed": {
"max": 1.0,
"max_diff": 1.0,
"mean": 0.10979381443298969,
"mean_diff": -0.0005157297576070139,
"min": 0.0,
"min_diff": -1.0,
"std": 0.3126325842666498,
"std_diff": 0.039330945776044596
},
"pedal_cc": {
"max": 0.0,
"max_diff": 0.0,
"mean": 0.0,
"mean_diff": 0.0,
"min": 0.0,
"min_diff": 0.0,
"std": 0.0,
"std_diff": 0.0
},
"regen": {
"max": 0.0,
"max_diff": 0.0,
"mean": 0.0,
"mean_diff": 0.0,
"min": 0.0,
"min_diff": 0.0,
"std": 0.0,
"std_diff": 0.0
},
"requestedTorqueAfterProc": {
"max": -344.5,
"max_diff": 8.0,
"mean": -376.21855670103093,
"mean_diff": 0.0,
"min": -382.5,
"min_diff": -18.0,
"std": 7.977362687170571,
"std_diff": 0.6293492304294863
},
"right_solar": {
"max": 0,
"max_diff": 0.0,
"mean": 0.0,
"mean_diff": 0.0,
"min": 0,
"min_diff": 0.0,
"std": 0.0,
"std_diff": 0.0
},
"steer_corrected": {
"max": -276.0999999999999,
"max_diff": 2.299999999999727,
"mean": -287.90365979381426,
"mean_diff": 0.004383702939659618,
"min": -297.0,
"min_diff": -0.5,
"std": 3.928803496637057,
"std_diff": 0.12274314057633363
},
"steer_offset_can": {
"max": -13.300000000000182,
"max_diff": 0.0,
"mean": -13.300000000000182,
"mean_diff": 0.0,
"min": -13.300000000000182,
"min_diff": 0.0,
"std": 0.0,
"std_diff": 0.0
},
"steer_raw": {
"max": -289.4000000000001,
"max_diff": 2.299999999999727,
"mean": -301.20365979381444,
"mean_diff": 0.004383702939659618,
"min": -310.3000000000002,
"min_diff": -0.5,
"std": 3.928803496637057,
"std_diff": 0.12274314057633363
},
"transversal_accel": {
"max": -0.5120000000000005,
"max_diff": 0.012000000000000455,
"mean": -0.537501030927834,
"mean_diff": -8.251676121707649e-06,
"min": -0.563999999999993,
"min_diff": -0.012000000000000455,
"std": 0.007204129612469117,
"std_diff": 0.00203119914599492
},
"utime": {
"max": 1542800967453538,
"max_diff": 24215.0,
"mean": 1542800957703628.8,
"mean_diff": 10057.382671480145,
"min": 1542800947952273,
"min_diff": 2.0,
"std": 5635305.623454388,
"std_diff": 1947.0444856278457
}
}
},
"ZoeSensors": {
"message_count": 18865,
"message_freq": 967.4754895097758,
"timespan": 19.499202,
"var_stats": {
"brake_sensor": {
"max": 0.3419904112815857,
"max_diff": 0.0003864765167236328,
"mean": 0.31908061775294216,
"mean_diff": 1.2219773701836842e-06,
"min": 0.262579083442688,
"min_diff": -0.00044804811477661133,
"std": 0.01765790131199201,
"std_diff": 3.3069760765686895e-05
},
"steering_sensor": {
"max": 0.18974359333515167,
"max_diff": 0.0005199164152145386,
"mean": 0.18853486607395747,
"mean_diff": 3.737376163934023e-08,
"min": 0.18740399181842804,
"min_diff": -0.0004490166902542114,
"std": 0.0002970350243008455,
"std_diff": 6.680461350485723e-05
},
"throttle_sensor": {
"max": 0.1230769231915474,
"max_diff": 0.001273326575756073,
"mean": 0.12135491536595984,
"mean_diff": 2.7739825998958235e-08,