{
"MS_IMU": {
"message_count": 1948,
"message_freq": 99.84617128887466,
"timespan": 19.510012,
"var_stats": {
"linear_accel": {
"max": 10.061113357543945,
"max_diff": 10.079062938690186,
"mean": 3.2171636569421236,
"mean_diff": 5.021423607904491,
"min": -1.0818520784378052,
"min_diff": -0.010815635323524475,
"std": 4.660003063671476,
"std_diff": 4.693369135862736
},
"q": {
"max": 0.8743367195129395,
"max_diff": 0.4762804014608264,
"mean": 0.3424244972077834,
"mean_diff": -0.1294832051381683,
"min": -0.0025821453891694546,
"min_diff": -0.8767396933399141,
"std": 0.3643425327961077,
"std_diff": 0.5598391033911729
},
"rotation_rate": {
"max": 0.017704393714666367,
"max_diff": 0.0150929088704288,
"mean": -3.412303359989245e-05,
"mean_diff": -6.912451446527877e-05,
"min": -0.012869725003838539,
"min_diff": -0.016360932771931402,
"std": 0.0017449703840908748,
"std_diff": 0.0024361994841712387
},
"utime": {
"max": 1534867322457772,
"max_diff": 25675.0,
"mean": 1534867312721729.8,
"mean_diff": 10020.550590652285,
"min": 1534867302947760,
"min_diff": 1947.0,
"std": 5628153.325583503,
"std_diff": 5528.110382445033
}
}
},
"POSE": {
"message_count": 971,
"message_freq": 49.795045439132814,
"timespan": 19.499932,
"var_stats": {
"accel": {
"max": 9.872337884637574,
"max_diff": 9.820896342081475,
"mean": 3.214890653476771,
"mean_diff": 5.024886420707981,
"min": -1.2679244958084952,
"min_diff": 0.1168985686722337,
"std": 4.661826774212438,
"std_diff": 4.6902820607207065
},
"orientation": {
"max": 0.9624373052605021,
"max_diff": 0.9624373052605021,
"mean": 0.30850229830880016,
"mean_diff": 0.23027068266826736,
"min": 0.0,
"min_diff": -0.2722372445836849,
"std": 0.3934797732262589,
"std_diff": 0.5294419194178182
},
"pos": {
"max": 1619.9753108527498,
"max_diff": 1188.5529772518203,
"mean": 683.8063986288267,
"mean_diff": -215.7331692132332,
"min": 0.0,
"min_diff": -1619.9753108527498,
"std": 684.9907323383371,
"std_diff": 1404.2196966521303
},
"rotation_rate": {
"max": 0.017704393714666367,
"max_diff": 0.0150929088704288,
"mean": -3.770345306944143e-05,
"mean_diff": -8.045387820153387e-05,
"min": -0.012869725003838539,
"min_diff": -0.0162734086625278,
"std": 0.0017640833339506762,
"std_diff": 0.0025029216806876
},
"utime": {
"max": 1534867322448307,
"max_diff": 40277.0,
"mean": 1534867312733136.0,
"mean_diff": 20103.02268041237,
"min": 1534867302948375,
"min_diff": 13953.0,
"std": 5627257.668435061,
"std_diff": 1521.4986289300805
},
"vel": {
"max": 1.3850217346987876,
"max_diff": 0.0,
"mean": 0.02115197766879288,
"mean_diff": -0.03172796650318933,
"min": 0.0,
"min_diff": -1.3850217346987876,
"std": 0.13370937245811335,
"std_diff": 0.16273211055362702
}
}
},
"SteerAngleFeedback": {
"message_count": 1936,
"message_freq": 99.26001555859727,
"timespan": 19.504329,
"var_stats": {
"utime": {
"max": 1534867322452717,
"max_diff": 22443.0,
"mean": 1534867312710917.2,
"mean_diff": 10079.756589147286,
"min": 1534867302948388,
"min_diff": 3375.0,
"std": 5624236.313543248,
"std_diff": 1110.1494944034714
},
"value": {
"max": -0.05577856055185098,
"max_diff": 0.001745329251992743,
"mean": -0.05681710357783012,
"mean_diff": 9.019789415983168e-07,
"min": -0.05752388980384372,
"min_diff": -0.001745329251992743,
"std": 0.0008567542855944984,
"std_diff": 0.001184337849880096
}
}
},
"VEHICLE_MONITOR": {
"message_count": 40,
"message_freq": 2.0513226569510556,
"timespan": 19.499614,
"var_stats": {
"available_distance": {
"max": 119,
"max_diff": 0.0,
"mean": 119.0,
"mean_diff": 0.0,
"min": 119,
"min_diff": 0.0,
"std": 0.0,
"std_diff": 0.0
},
"battery_level": {
"max": 94,
"max_diff": 0.0,
"mean": 94.0,
"mean_diff": 0.0,
"min": 94,
"min_diff": 0.0,
"std": 0.0,
"std_diff": 0.0
},
"brake": {
"max": 29,
"max_diff": 8.0,
"mean": 12.45,
"mean_diff": 0.15384615384615385,
"min": 5,
"min_diff": -7.0,
"std": 4.460661385938189,
"std_diff": 2.5067954979692804
},
"brake_switch": {
"max": 4,
"max_diff": 0.0,
"mean": 4.0,
"mean_diff": 0.0,
"min": 4,
"min_diff": 0.0,
"std": 0.0,
"std_diff": 0.0
},
"gear_position": {
"max": 7,
"max_diff": 0.0,
"mean": 7.0,
"mean_diff": 0.0,
"min": 7,
"min_diff": 0.0,
"std": 0.0,
"std_diff": 0.0
},
"left_signal": {
"max": 0,
"max_diff": 0.0,
"mean": 0.0,
"mean_diff": 0.0,
"min": 0,
"min_diff": 0.0,
"std": 0.0,
"std_diff": 0.0
},
"rear_left_rpm": {
"max": 34.8195,
"max_diff": 0.0,
"mean": 1.891095,
"mean_diff": -0.8928076923076923,
"min": 0.0,
"min_diff": -11.717699999999997,
"std": 6.685698396388742,
"std_diff": 2.7673336593639224
},
"rear_right_rpm": {
"max": 35.2782,
"max_diff": 0.0,
"mean": 1.9088175,
"mean_diff": -0.9045692307692307,
"min": 0.0,
"min_diff": -11.4675,
"std": 6.8115101587638955,
"std_diff": 2.8273352842955295
},
"right_signal": {
"max": 1,
"max_diff": 1.0,
"mean": 0.475,
"mean_diff": 0.0,
"min": 0,
"min_diff": -1.0,
"std": 0.4993746088859545,
"std_diff": 0.7161148740394329
},
"steering": {
"max": -2.599999999999909,
"max_diff": 0.09999999999990905,
"mean": -2.6574999999998568,
"mean_diff": -0.002564102564100232,
"min": -2.699999999999818,
"min_diff": -0.09999999999990905,
"std": 0.04943429983316801,
"std_diff": 0.06597271964234312
},
"steering_speed": {
"max": 1.9000000000002721,
"max_diff": 3.900000000000091,
"mean": -0.12499999999979608,
"mean_diff": -0.05128205128205128,
"min": -1.9999999999998188,
"min_diff": -3.900000000000091,
"std": 1.4446020213193986,
"std_diff": 1.9586588549798067
},
"throttle": {
"max": 0,
"max_diff": 0.0,
"mean": 0.0,
"mean_diff": 0.0,
"min": 0,
"min_diff": 0.0,
"std": 0.0,
"std_diff": 0.0
},
"utime": {
"max": 1534867322624727,
"max_diff": 500508.0,
"mean": 1534867312874985.8,
"mean_diff": 499990.10256410256,
"min": 1534867303125113,
"min_diff": 499436.0,
"std": 5771533.215345178,
"std_diff": 235.6821844024436
},
"vehicle_speed": {
"max": 4.22,
"max_diff": 0.0,
"mean": 0.21825,
"mean_diff": -0.1082051282051282,
"min": 0.0,
"min_diff": -1.6500000000000001,
"std": 0.8186143399061612,
"std_diff": 0.37824067629549146
},
"yaw_rate": {
"max": 0.10000000000002274,
"max_diff": 0.6999999999999886,
"mean": -0.14749999999997457,
"mean_diff": 0.010256410256409674,
"min": -0.5999999999999659,
"min_diff": -0.6999999999999886,
"std": 0.12447389284504833,
"std_diff": 0.19973684199128844
}
}
},
"ZOE_VEH_INFO": {
"message_count": 1944,
"message_freq": 99.69278315019656,
"timespan": 19.499907,
"var_stats": {
"FL_wheel_speed": {
"max": 39.2814,
"max_diff": 0.0,
"mean": 1.7920060185185183,
"mean_diff": -0.020216881111682964,
"min": 0.0,
"min_diff": -3.5028,
"std": 6.497221366904904,
"std_diff": 0.13049331430333522
},
"FR_wheel_speed": {
"max": 39.4899,
"max_diff": 0.0,
"mean": 1.7928640432098766,
"mean_diff": -0.020324189397838394,
"min": 0.0,
"min_diff": -3.5028,
"std": 6.4862992258769125,
"std_diff": 0.13289941619147214
},
"RL_wheel_speed": {
"max": 39.0312,
"max_diff": 0.0,
"mean": 1.7711989197530864,
"mean_diff": -0.02008811116829645,
"min": 0.0,
"min_diff": -3.5028,
"std": 6.437128283396019,
"std_diff": 0.12871798854101263
},
"RR_wheel_speed": {
"max": 40.1988,
"max_diff": 0.0,
"mean": 1.8025382716049385,
"mean_diff": -0.02068903757076685,
"min": 0.0,
"min_diff": -3.5028,
"std": 6.528126364358238,
"std_diff": 0.13029571306959048
},
"left_solar": {
"max": -112,
"max_diff": 0.0,
"mean": -112.0,
"mean_diff": 0.0,
"min": -112,
"min_diff": 0.0,
"std": 0.0,
"std_diff": 0.0
},
"longitudinal_accel": {
"max": 0.05000000000000071,
"max_diff": 0.10000000000000142,
"mean": -0.24549897119341468,
"mean_diff": 0.0005146680391147719,
"min": -1.1999999999999993,
"min_diff": -0.09999999999999964,
"std": 0.2221505856733019,
"std_diff": 0.022623656108788453
},
"meanEffTorque": {
"max": 0.0,
"max_diff": 0.5,
"mean": -0.013117283950617283,
"mean_diff": 0.0007720020586721565,
"min": -1.5,
"min_diff": 0.0,
"std": 0.115460050586824,
"std_diff": 0.01963173558698986
},
"odom": {
"max": 112,
"max_diff": 12.0,
"mean": 22.537037037037038,
"mean_diff": -0.006176016469377252,
"min": 0,
"min_diff": -112.0,
"std": 14.055433562150526,
"std_diff": 2.62533735673067
},