{
"MS_IMU": {
"message_count": 1918,
"message_freq": 99.63931399527155,
"timespan": 19.24943,
"var_stats": {
"linear_accel": {
"max": 13.848909378051758,
"max_diff": 13.936488509178162,
"mean": 3.5885183058136603,
"mean_diff": 4.514096101756403,
"min": -1.0947058200836182,
"min_diff": -2.494092106819153,
"std": 4.402550593049136,
"std_diff": 5.064289532734296
},
"q": {
"max": 0.894626796245575,
"max_diff": 0.46308940276503563,
"mean": 0.3382976138888098,
"mean_diff": -0.14741748987302458,
"min": -0.014092388562858105,
"min_diff": -0.8830046798102558,
"std": 0.36817759415406653,
"std_diff": 0.5513596242385859
},
"rotation_rate": {
"max": 0.13346855342388153,
"max_diff": 0.14169901236891747,
"mean": 0.00021278139108293483,
"mean_diff": 0.00035741605522233977,
"min": -0.08909078687429428,
"min_diff": -0.12403442524373531,
"std": 0.012422362138755886,
"std_diff": 0.01891196774635596
},
"utime": {
"max": 1533151364800716,
"max_diff": 22364.0,
"mean": 1533151355189328.5,
"mean_diff": 10041.434533124673,
"min": 1533151345551286,
"min_diff": 2946.0,
"std": 5563390.745697757,
"std_diff": 4546.195136554486
}
}
},
"POSE": {
"message_count": 958,
"message_freq": 49.74276035142689,
"timespan": 19.259084,
"var_stats": {
"accel": {
"max": 10.900035773309618,
"max_diff": 10.605576180857646,
"mean": 3.58737790735975,
"mean_diff": 4.515748321915321,
"min": -0.035120810407956914,
"min_diff": -1.1602910266936646,
"std": 4.392438545263888,
"std_diff": 5.045450300235699
},
"orientation": {
"max": 0.9548814315103669,
"max_diff": 0.9548814315103669,
"mean": 0.3142108945118712,
"mean_diff": 0.2161039858624115,
"min": 0.0,
"min_diff": -0.3119430033651304,
"std": 0.3889363878194605,
"std_diff": 0.5353806128612727
},
"pos": {
"max": 1197.8008554580533,
"max_diff": 19.331184872721224,
"mean": 773.4337670147476,
"mean_diff": -593.1162143918085,
"min": 0.0,
"min_diff": -1164.0922007979402,
"std": 547.4257100613693,
"std_diff": 541.3403022717426
},
"rotation_rate": {
"max": 0.13346855342388153,
"max_diff": 0.13789087440818548,
"mean": 0.0002736979528065099,
"mean_diff": 0.0003502096431976068,
"min": -0.08909078687429428,
"min_diff": -0.12403442524373531,
"std": 0.01265687109606193,
"std_diff": 0.019467183078213594
},
"utime": {
"max": 1533151364805494,
"max_diff": 40276.0,
"mean": 1533151355159637.0,
"mean_diff": 20124.434691745035,
"min": 1533151345546410,
"min_diff": 11595.0,
"std": 5566668.81006218,
"std_diff": 1736.134110638791
},
"vel": {
"max": 9.796148103051662,
"max_diff": 0.0,
"mean": 1.1000080013859683,
"mean_diff": -1.6500120020789524,
"min": 0.0,
"min_diff": -9.796148103051662,
"std": 2.4857701924379714,
"std_diff": 2.891550963079295
}
}
},
"SteerAngleFeedback": {
"message_count": 1881,
"message_freq": 97.69548757994826,
"timespan": 19.253704,
"var_stats": {
"utime": {
"max": 1533151364804257,
"max_diff": 29615.0,
"mean": 1533151355183523.2,
"mean_diff": 10241.331914893617,
"min": 1533151345550553,
"min_diff": 2239.0,
"std": 5558286.431218734,
"std_diff": 1751.1964148688533
},
"value": {
"max": 0.0698851455917455,
"max_diff": 0.0052359877559861635,
"mean": 0.002036282809402099,
"mean_diff": 2.7850998702054063e-06,
"min": -0.07148652381980153,
"min_diff": -0.008726646259971646,
"std": 0.031467700178456376,
"std_diff": 0.0010380247349861054
}
}
},
"VEHICLE_MONITOR": {
"message_count": 38,
"message_freq": 2.0000354743134126,
"timespan": 18.999663,
"var_stats": {
"available_distance": {
"max": 70,
"max_diff": 0.0,
"mean": 70.0,
"mean_diff": 0.0,
"min": 70,
"min_diff": 0.0,
"std": 0.0,
"std_diff": 0.0
},
"battery_level": {
"max": 81,
"max_diff": 0.0,
"mean": 81.0,
"mean_diff": 0.0,
"min": 81,
"min_diff": 0.0,
"std": 0.0,
"std_diff": 0.0
},
"brake": {
"max": 19,
"max_diff": 1.0,
"mean": 5.7631578947368425,
"mean_diff": -0.4864864864864865,
"min": 0,
"min_diff": -18.0,
"std": 8.486627904273615,
"std_diff": 2.9373790636094097
},
"brake_switch": {
"max": 4,
"max_diff": 0.0,
"mean": 1.9473684210526316,
"mean_diff": -0.08108108108108109,
"min": 1,
"min_diff": -3.0,
"std": 1.3944885578412385,
"std_diff": 0.4864864864864867
},
"gear_position": {
"max": 7,
"max_diff": 0.0,
"mean": 7.0,
"mean_diff": 0.0,
"min": 7,
"min_diff": 0.0,
"std": 0.0,
"std_diff": 0.0
},
"left_signal": {
"max": 0,
"max_diff": 0.0,
"mean": 0.0,
"mean_diff": 0.0,
"min": 0,
"min_diff": 0.0,
"std": 0.0,
"std_diff": 0.0
},
"rear_left_rpm": {
"max": 312.3747,
"max_diff": 17.97270000000003,
"mean": 104.6253,
"mean_diff": 8.44255945945946,
"min": 0.0,
"min_diff": 0.0,
"std": 105.87586995518059,
"std_diff": 6.52030769852862
},
"rear_right_rpm": {
"max": 319.839,
"max_diff": 20.558099999999968,
"mean": 106.52813684210528,
"mean_diff": 8.644297297297298,
"min": 0.0,
"min_diff": 0.0,
"std": 107.95363316232094,
"std_diff": 6.685790876481759
},
"right_signal": {
"max": 0,
"max_diff": 0.0,
"mean": 0.0,
"mean_diff": 0.0,
"min": 0,
"min_diff": 0.0,
"std": 0.0,
"std_diff": 0.0
},
"steering": {
"max": 4.5,
"max_diff": 3.399999999999636,
"mean": 0.6736842105265048,
"mean_diff": 0.01081081081081327,
"min": -3.399999999999636,
"min_diff": -3.900000000000091,
"std": 1.7391292755626315,
"std_diff": 1.2862650274978935
},
"steering_speed": {
"max": 5.900000000000272,
"max_diff": 16.0,
"mean": -0.5973684210524336,
"mean_diff": 0.0,
"min": -15.999999999999819,
"min_diff": -16.0,
"std": 3.9259921201428765,
"std_diff": 5.786517414108767
},
"throttle": {
"max": 316,
"max_diff": 99.0,
"mean": 184.60526315789474,
"mean_diff": 7.4324324324324325,
"min": 0,
"min_diff": -26.0,
"std": 140.99562133434165,
"std_diff": 20.872250478307755
},
"utime": {
"max": 1533151364906132,
"max_diff": 1000512.0,
"mean": 1533151355169451.8,
"mean_diff": 513504.4054054054,
"min": 1533151345906469,
"min_diff": 495945.0,
"std": 5505487.763714725,
"std_diff": 81173.74832817847
},
"vehicle_speed": {
"max": 35.62,
"max_diff": 2.289999999999999,
"mean": 11.895000000000001,
"mean_diff": 0.9627027027027026,
"min": 0.0,
"min_diff": 0.0,
"std": 12.064745891275647,
"std_diff": 0.731738576300819
},
"yaw_rate": {
"max": 0.5000000000000284,
"max_diff": 1.0,
"mean": -0.1868421052631323,
"mean_diff": -0.0027027027027033174,
"min": -0.9999999999999716,
"min_diff": -0.4000000000000057,
"std": 0.2284628872677712,
"std_diff": 0.28615483097441036
}
}
},
"ZOE_VEH_INFO": {
"message_count": 1916,
"message_freq": 99.53895695537554,
"timespan": 19.248745,
"var_stats": {
"FL_wheel_speed": {
"max": 312.3747,
"max_diff": 7.714500000000015,
"mean": 106.1868735908142,
"mean_diff": 0.16264088772845955,
"min": 0.0,
"min_diff": -5.587799999999959,
"std": 107.0111866988462,
"std_diff": 0.7761961038746777
},
"FR_wheel_speed": {
"max": 312.6249,
"max_diff": 11.217299999999994,
"mean": 106.15096283924846,
"mean_diff": 0.1619005221932115,
"min": 0.0,
"min_diff": -11.217299999999994,
"std": 107.02889437727437,
"std_diff": 1.02649214746843
},
"RL_wheel_speed": {
"max": 310.9569,
"max_diff": 8.673600000000022,
"mean": 105.57549848643006,
"mean_diff": 0.1623795822454308,
"min": 0.0,
"min_diff": -9.340800000000002,
"std": 106.42983164766565,
"std_diff": 1.0458421753120515
},
"RR_wheel_speed": {
"max": 316.3779,
"max_diff": 9.090600000000023,
"mean": 107.63442510438414,
"mean_diff": 0.1652103916449086,
"min": 0.0,
"min_diff": -11.217300000000023,
"std": 108.53933983421007,
"std_diff": 1.0748228943679738
},
"left_solar": {
"max": 32,
"max_diff": 144.0,
"mean": -48.643006263048015,
"mean_diff": -0.0751958224543081,
"min": -112,
"min_diff": -144.0,
"std": 51.85353457735439,
"std_diff": 9.965925544526337
},
"longitudinal_accel": {
"max": 2.0,
"max_diff": 1.299999999999999,
"mean": 0.7084812108559505,
"mean_diff": 0.00018276762402088756,
"min": -0.049999999999998934,
"min_diff": -1.1500000000000004,
"std": 0.42371608862504023,
"std_diff": 0.12835052370528605
},
"meanEffTorque": {
"max": 83.0,
"max_diff": 3.0,
"mean": 45.84707724425887,
"mean_diff": 0.02454308093994778,
"min": 0.0,
"min_diff": -0.5,
"std": 32.67938045475083,
"std_diff": 0.23565527240645842
},
"odom": {
"max": 124,
"max_diff": 84.0,