{
"MS_IMU": {
"message_count": 1953,
"message_freq": 99.96744531734674,
"timespan": 19.53636,
"var_stats": {
"linear_accel": {
"max": 10.264684677124023,
"max_diff": 10.382633477449417,
"mean": 3.158381762305889,
"mean_diff": 5.0401039766386875,
"min": -1.7127830982208252,
"min_diff": -0.547503337264061,
"std": 4.704432317466684,
"std_diff": 4.816409379553091
},
"q": {
"max": 0.8635224103927612,
"max_diff": 0.8710500192828476,
"mean": 0.08757663010936549,
"mean_diff": 0.45612248234586883,
"min": -0.5086065530776978,
"min_diff": -0.003188295755535364,
"std": 0.49227060864383376,
"std_diff": 0.3559962947023104
},
"rotation_rate": {
"max": 0.024352233856916428,
"max_diff": 0.04032905166968703,
"mean": -0.0003425118376184078,
"mean_diff": 0.00015739078807522854,
"min": -0.03617038205265999,
"min_diff": -0.04046756774187088,
"std": 0.00382145406689225,
"std_diff": 0.006181792276216215
},
"utime": {
"max": 1537297212456641,
"max_diff": 29003.0,
"mean": 1537297202685476.0,
"mean_diff": 10008.381147540984,
"min": 1537297192920281,
"min_diff": 1934.0,
"std": 5645502.654976279,
"std_diff": 5281.757816036961
}
}
},
"POSE": {
"message_count": 971,
"message_freq": 49.69392432152695,
"timespan": 19.539612,
"var_stats": {
"accel": {
"max": 9.893642338466913,
"max_diff": 9.983516739837727,
"mean": 3.156929448259191,
"mean_diff": 5.042185486275931,
"min": -1.5618328010681704,
"min_diff": -0.2693571157175,
"std": 4.704665001198769,
"std_diff": 4.8124646833724265
},
"orientation": {
"max": 0.9693435405560897,
"max_diff": 0.0,
"mean": 0.17939088497793187,
"mean_diff": -0.4062156613799598,
"min": -0.2509932961095561,
"min_diff": -0.9693435405560897,
"std": 0.46671073523847123,
"std_diff": 0.4102708492971139
},
"pos": {
"max": 1416.3865607055427,
"max_diff": -149.5344275319867,
"mean": 890.8608670717389,
"mean_diff": -707.94845908306,
"min": 0.0,
"min_diff": -1260.191583440738,
"std": 633.2787180327518,
"std_diff": 548.7392144967544
},
"rotation_rate": {
"max": 0.02319652959704399,
"max_diff": 0.03935932624153793,
"mean": -0.00036083755903665955,
"mean_diff": 0.0001591040609973292,
"min": -0.03617038205265999,
"min_diff": -0.04046756774187088,
"std": 0.0038590758205740714,
"std_diff": 0.00626811642054154
},
"utime": {
"max": 1537297212455807,
"max_diff": 42189.0,
"mean": 1537297202700036.5,
"mean_diff": 20143.929896907215,
"min": 1537297192916195,
"min_diff": 13933.0,
"std": 5639509.246950462,
"std_diff": 1825.3453844150001
},
"vel": {
"max": 3.9039798065199136,
"max_diff": 0.0,
"mean": 0.1353182656587999,
"mean_diff": -0.2029773984881998,
"min": 0.0,
"min_diff": -3.9039798065199136,
"std": 0.5747789398461801,
"std_diff": 0.6941346913750738
}
}
},
"SteerAngleFeedback": {
"message_count": 1943,
"message_freq": 99.37536725540221,
"timespan": 19.552129,
"var_stats": {
"utime": {
"max": 1537297212457907,
"max_diff": 30326.0,
"mean": 1537297202692083.2,
"mean_diff": 10068.037590113285,
"min": 1537297192905778,
"min_diff": 3288.0,
"std": 5648833.687268456,
"std_diff": 1157.678870310813
},
"value": {
"max": -0.013890658503985484,
"max_diff": 0.0034906585039934206,
"mean": -0.02433388953007107,
"mean_diff": 1.797455460346769e-06,
"min": -0.11337442586765908,
"min_diff": -0.003490658503993438,
"std": 0.02374295610937242,
"std_diff": 0.0012038940176046784
}
}
},
"VEHICLE_MONITOR": {
"message_count": 40,
"message_freq": 2.051401663779062,
"timespan": 19.498863,
"var_stats": null
},
"ZOE_VEH_INFO": {
"message_count": 1950,
"message_freq": 99.7170898319046,
"timespan": 19.555324,
"var_stats": {
"FL_wheel_speed": {
"max": 119.3871,
"max_diff": 0.25019999999999953,
"mean": 12.309390923076924,
"mean_diff": -0.06125556695741406,
"min": 0.0,
"min_diff": -3.5028,
"std": 28.771304385173472,
"std_diff": 0.220318531114467
},
"FR_wheel_speed": {
"max": 119.8458,
"max_diff": 0.2085000000000008,
"mean": 12.300623230769231,
"mean_diff": -0.06149091841970241,
"min": 0.0,
"min_diff": -3.5028,
"std": 28.7228826970253,
"std_diff": 0.21939861456371185
},
"RL_wheel_speed": {
"max": 119.3871,
"max_diff": 0.0,
"mean": 12.261254153846155,
"mean_diff": -0.061255566957414055,
"min": 0.0,
"min_diff": -3.5028,
"std": 28.69330004007298,
"std_diff": 0.21604941543249226
},
"RR_wheel_speed": {
"max": 122.4312,
"max_diff": 0.0,
"mean": 12.512566153846155,
"mean_diff": -0.06281744484350948,
"min": 0.0,
"min_diff": -3.5028,
"std": 29.17999570226455,
"std_diff": 0.21918130630085048
},
"left_solar": {
"max": 0,
"max_diff": 0.0,
"mean": 0.0,
"mean_diff": 0.0,
"min": 0,
"min_diff": 0.0,
"std": 0.0,
"std_diff": 0.0
},
"longitudinal_accel": {
"max": 0.45000000000000107,
"max_diff": 0.29999999999999893,
"mean": -0.26646153846153764,
"mean_diff": 0.0005387378142637253,
"min": -1.75,
"min_diff": -0.25,
"std": 0.4319553541836121,
"std_diff": 0.027434649486645913
},
"meanEffTorque": {
"max": 0.0,
"max_diff": 1.0,
"mean": -4.612564102564103,
"mean_diff": 0.029758850692662903,
"min": -64.0,
"min_diff": -1.5,
"std": 13.98612026589378,
"std_diff": 0.1549159997808799
},
"odom": {
"max": 116,
"max_diff": 36.0,
"mean": 15.42153846153846,
"mean_diff": -0.04720369420215495,
"min": 0,
"min_diff": -116.0,
"std": 28.2388666092803,
"std_diff": 6.3480243109735195
},
"odom_speed": {
"max": 14.0,
"max_diff": 0.0,
"mean": 1.3774358974358973,
"mean_diff": -0.007183170856849667,
"min": 0.0,
"min_diff": -1.0,
"std": 3.2634893375262117,
"std_diff": 0.08444864068350047
},
"pedal_cc": {
"max": 0.0,
"max_diff": 0.0,
"mean": 0.0,
"mean_diff": 0.0,
"min": 0.0,
"min_diff": 0.0,
"std": 0.0,
"std_diff": 0.0
},
"regen": {
"max": 50.0,
"max_diff": 0.0,
"mean": 3.3815384615384616,
"mean_diff": -0.025654181631605953,
"min": 0.0,
"min_diff": -1.0,
"std": 10.665307655043328,
"std_diff": 0.15810137442925196
},
"requestedTorqueAfterProc": {
"max": -272.5,
"max_diff": 2.0,
"mean": -379.0853846153846,
"mean_diff": -0.05438686505900462,
"min": -398.5,
"min_diff": -126.0,
"std": 21.128817767132322,
"std_diff": 2.8570109451020502
},
"right_solar": {
"max": 0,
"max_diff": 0.0,
"mean": 0.0,
"mean_diff": 0.0,
"min": 0,
"min_diff": 0.0,
"std": 0.0,
"std_diff": 0.0
},
"steer_corrected": {
"max": -0.7958761069358742,
"max_diff": 0.20000000000027285,
"mean": -1.3926453377050525,
"mean_diff": 0.00015392508978972905,
"min": -6.495876106935692,
"min_diff": -0.20000000000027285,
"std": 1.3582510711891895,
"std_diff": 0.06904001198010548
},
"steer_offset_can": {
"max": -12.300000000000182,
"max_diff": 0.0,
"mean": -12.300000000000184,
"mean_diff": 0.0,
"min": -12.300000000000182,
"min_diff": 0.0,
"std": 1.7763568394002505e-15,
"std_diff": 0.0
},
"steer_raw": {
"max": -12.5,
"max_diff": 0.20000000000027285,
"mean": -13.096769230769176,
"mean_diff": 0.00015392508978972905,
"min": -18.199999999999818,
"min_diff": -0.20000000000027285,
"std": 1.3582510711891893,
"std_diff": 0.06904001198010548
},
"transversal_accel": {
"max": -0.46399999999999864,
"max_diff": 0.012000000000000455,
"mean": -0.4999958974358968,
"mean_diff": -4.104669061061969e-06,
"min": -0.5320000000000107,
"min_diff": -0.020000000000010232,
"std": 0.004869579415287637,
"std_diff": 0.0016608193040552645
},
"utime": {
"max": 1537297212461202,
"max_diff": 24391.0,
"mean": 1537297202688858.5,
"mean_diff": 10033.516675218061,
"min": 1537297192905878,
"min_diff": 2.0,
"std": 5646490.888476461,
"std_diff": 1582.1765743820674
}
}
},
"ZoeSensors": {
"message_count": 18721,
"message_freq": 957.5218040670305,
"timespan": 19.551513,
"var_stats": {
"brake_sensor": {
"max": 0.35171347856521606,
"max_diff": 0.0002872943878173828,
"mean": 0.34335727504376995,
"mean_diff": 2.398922975756164e-06,
"min": 0.30210229754447937,
"min_diff": -0.0004042685031890869,
"std": 0.011288640181339916,
"std_diff": 2.5603218624371613e-05
},
"steering_sensor": {
"max": 0.22149355709552765,
"max_diff": 0.0011304020881652832,
"mean": 0.21730208667139933,
"mean_diff": 1.4727632714132978e-08,
"min": 0.21345070004463196,
"min_diff": -0.0009137839078903198,
"std": 0.0006184899456357645,
"std_diff": 0.00011817554997258027
},