{
"MS_IMU": {
"message_count": 1943,
"message_freq": 99.64067817609663,
"timespan": 19.500068,
"var_stats": {
"linear_accel": {
"max": 14.11022663116455,
"max_diff": 14.215381726622581,
"mean": 3.16269932204334,
"mean_diff": 5.049369699341276,
"min": -2.0250425338745117,
"min_diff": -1.3220380544662476,
"std": 4.702756889911266,
"std_diff": 4.734327166098076
},
"q": {
"max": 0.8856655955314636,
"max_diff": 0.4872990127187222,
"mean": 0.34117933510068227,
"mean_diff": -0.1339959200208971,
"min": -0.03330882638692856,
"min_diff": -0.9158444665372372,
"std": 0.3655087937491228,
"std_diff": 0.5608935866990457
},
"rotation_rate": {
"max": 0.08328422158956528,
"max_diff": 0.20962394028902054,
"mean": 0.000602404477096817,
"mean_diff": 0.00018793585256726187,
"min": -0.2200286090373993,
"min_diff": -0.16928645223379135,
"std": 0.028563224030600513,
"std_diff": 0.0415988683245159
},
"utime": {
"max": 1532401572149143,
"max_diff": 24926.0,
"mean": 1532401562403779.5,
"mean_diff": 10041.229660144181,
"min": 1532401552649075,
"min_diff": 1938.0,
"std": 5640923.616882726,
"std_diff": 5100.350303167559
}
}
},
"POSE": {
"message_count": 965,
"message_freq": 49.49108293772093,
"timespan": 19.498462,
"var_stats": {
"accel": {
"max": 12.046182845322258,
"max_diff": 12.314761938444919,
"mean": 3.1635134609843436,
"mean_diff": 5.051388480626851,
"min": -0.8041436808611218,
"min_diff": -1.1219753075039158,
"std": 4.69270863220157,
"std_diff": 4.718760269129957
},
"orientation": {
"max": 0.9661530001550095,
"max_diff": 0.9661530001550095,
"mean": 0.31067006598539904,
"mean_diff": 0.2249675280436644,
"min": 0.0,
"min_diff": -0.29827558935464477,
"std": 0.39177048140541143,
"std_diff": 0.5317169779678437
},
"pos": {
"max": 857.6203618881223,
"max_diff": 316.3523848813286,
"mean": 477.2529060993236,
"mean_diff": -316.8847426764679,
"min": 0.0,
"min_diff": -857.6203618881223,
"std": 346.1012599260636,
"std_diff": 485.94710752559774
},
"rotation_rate": {
"max": 0.08215247839689255,
"max_diff": 0.20962394028902054,
"mean": 0.0006223833002255616,
"mean_diff": 0.00023157486102906891,
"min": -0.2200286090373993,
"min_diff": -0.16928645223379135,
"std": 0.028521208879124484,
"std_diff": 0.04142137854860105
},
"utime": {
"max": 1532401572160050,
"max_diff": 40887.0,
"mean": 1532401562437037.8,
"mean_diff": 20226.62033195021,
"min": 1532401552661588,
"min_diff": 16758.0,
"std": 5655547.285121093,
"std_diff": 2175.310249976541
},
"vel": {
"max": 12.031221684634085,
"max_diff": 0.0,
"mean": 3.6975875015573583,
"mean_diff": -5.546381252336038,
"min": 0.0,
"min_diff": -12.031221684634085,
"std": 5.236001582632011,
"std_diff": 5.556028605148869
}
}
},
"SteerAngleFeedback": {
"message_count": 1900,
"message_freq": 97.46517697470348,
"timespan": 19.494142,
"var_stats": {
"utime": {
"max": 1532401572150766,
"max_diff": 30449.0,
"mean": 1532401562434138.2,
"mean_diff": 10265.477619799894,
"min": 1532401552656624,
"min_diff": 864.0,
"std": 5634879.190552713,
"std_diff": 1792.9202055603307
},
"value": {
"max": 0.1762782544514257,
"max_diff": 0.006981317007978903,
"mean": 0.01676710254560623,
"mean_diff": -1.4705249095264705e-05,
"min": -0.11344640137963143,
"min_diff": -0.010471975511972334,
"std": 0.062059974744320574,
"std_diff": 0.0015165929971376784
}
}
},
"VEHICLE_MONITOR": {
"message_count": 40,
"message_freq": 2.0513311780338537,
"timespan": 19.499533,
"var_stats": {
"available_distance": {
"max": 125,
"max_diff": 0.0,
"mean": 125.0,
"mean_diff": 0.0,
"min": 125,
"min_diff": 0.0,
"std": 0.0,
"std_diff": 0.0
},
"battery_level": {
"max": 96,
"max_diff": 0.0,
"mean": 96.0,
"mean_diff": 0.0,
"min": 96,
"min_diff": 0.0,
"std": 0.0,
"std_diff": 0.0
},
"brake": {
"max": 0,
"max_diff": 0.0,
"mean": 0.0,
"mean_diff": 0.0,
"min": 0,
"min_diff": 0.0,
"std": 0.0,
"std_diff": 0.0
},
"brake_switch": {
"max": 1,
"max_diff": 0.0,
"mean": 1.0,
"mean_diff": 0.0,
"min": 1,
"min_diff": 0.0,
"std": 0.0,
"std_diff": 0.0
},
"gear_position": {
"max": 7,
"max_diff": 0.0,
"mean": 7.0,
"mean_diff": 0.0,
"min": 7,
"min_diff": 0.0,
"std": 0.0,
"std_diff": 0.0
},
"left_signal": {
"max": 1,
"max_diff": 1.0,
"mean": 0.1,
"mean_diff": 0.0,
"min": 0,
"min_diff": -1.0,
"std": 0.30000000000000004,
"std_diff": 0.32025630761017426
},
"rear_left_rpm": {
"max": 380.84610000000004,
"max_diff": 17.51400000000001,
"mean": 351.983445,
"mean_diff": 0.7602230769230774,
"min": 333.183,
"min_diff": -9.590999999999951,
"std": 15.287420052905434,
"std_diff": 5.264639759924239
},
"rear_right_rpm": {
"max": 382.01370000000003,
"max_diff": 16.846799999999973,
"mean": 351.81873,
"mean_diff": 0.7431153846153842,
"min": 330.5976,
"min_diff": -8.423400000000015,
"std": 15.32754903417699,
"std_diff": 5.001503363043208
},
"right_signal": {
"max": 1,
"max_diff": 1.0,
"mean": 0.05,
"mean_diff": 0.0,
"min": 0,
"min_diff": -1.0,
"std": 0.21794494717703364,
"std_diff": 0.22645540682891915
},
"steering": {
"max": 10.099999999999909,
"max_diff": 4.5,
"mean": 0.932499999999959,
"mean_diff": 0.08461538461537763,
"min": -6.400000000000091,
"min_diff": -8.400000000000091,
"std": 3.673172164492178,
"std_diff": 2.1617346384195333
},
"steering_speed": {
"max": 19.900000000000272,
"max_diff": 21.90000000000009,
"mean": 0.5725000000002062,
"mean_diff": 0.5102564102564126,
"min": -17.99999999999982,
"min_diff": -19.90000000000009,
"std": 5.2502374946282435,
"std_diff": 6.615436294769352
},
"throttle": {
"max": 322,
"max_diff": 133.0,
"mean": 45.8,
"mean_diff": 3.1794871794871793,
"min": 0,
"min_diff": -138.0,
"std": 60.071707150704476,
"std_diff": 39.46622820802343
},
"utime": {
"max": 1532401572632749,
"max_diff": 500730.0,
"mean": 1532401562883082.5,
"mean_diff": 499988.0256410256,
"min": 1532401553133216,
"min_diff": 498687.0,
"std": 5771441.879155408,
"std_diff": 414.1839977086541
},
"vehicle_speed": {
"max": 43.24,
"max_diff": 1.8300000000000054,
"mean": 40.011,
"mean_diff": 0.08025641025641032,
"min": 37.78,
"min_diff": -0.75,
"std": 1.680097913813359,
"std_diff": 0.5346145852542757
},
"yaw_rate": {
"max": 1.3000000000000114,
"max_diff": 0.700000000000017,
"mean": -0.16499999999997356,
"mean_diff": 0.01282051282051282,
"min": -1.299999999999983,
"min_diff": -1.8999999999999773,
"std": 0.6142271566773946,
"std_diff": 0.4444411571213057
}
}
},
"ZOE_VEH_INFO": {
"message_count": 1939,
"message_freq": 99.4331999916515,
"timespan": 19.500529,
"var_stats": {
"FL_wheel_speed": {
"max": 382.7226,
"max_diff": 7.2140999999999735,
"mean": 351.74468292934506,
"mean_diff": 0.007122136222910225,
"min": 330.5976,
"min_diff": -6.338400000000036,
"std": 14.76903202916518,
"std_diff": 0.7957919176404188
},
"FR_wheel_speed": {
"max": 382.26390000000004,
"max_diff": 5.796299999999974,
"mean": 351.07771949458487,
"mean_diff": 0.00651965944272447,
"min": 330.13890000000004,
"min_diff": -6.088199999999972,
"std": 14.766353307696766,
"std_diff": 0.7997571508920567
},
"RL_wheel_speed": {
"max": 382.01370000000003,
"max_diff": 7.0055999999999585,
"mean": 351.12666699329554,
"mean_diff": 0.006498142414860668,
"min": 329.01300000000003,
"min_diff": -6.2549999999999955,
"std": 14.857407512728868,
"std_diff": 0.9360538592057677
},
"RR_wheel_speed": {
"max": 382.01370000000003,
"max_diff": 6.296700000000044,
"mean": 351.2294008251676,
"mean_diff": 0.006153869969040245,
"min": 330.5976,
"min_diff": -6.296699999999987,
"std": 14.937613193115459,
"std_diff": 0.9496041130682982
},
"left_solar": {
"max": 0,
"max_diff": 0.0,
"mean": 0.0,
"mean_diff": 0.0,
"min": 0,
"min_diff": 0.0,
"std": 0.0,
"std_diff": 0.0
},
"longitudinal_accel": {
"max": 0.8500000000000014,
"max_diff": 1.1500000000000004,
"mean": -0.24878803506962285,
"mean_diff": 0.00018059855521155904,
"min": -1.049999999999999,
"min_diff": -0.9000000000000004,
"std": 0.29330210139553986,
"std_diff": 0.1312448078298882
},
"meanEffTorque": {
"max": 71.5,
"max_diff": 3.5,
"mean": -9.194430118617845,
"mean_diff": 0.02889576883384933,
"min": -31.0,
"min_diff": -1.5,
"std": 15.312267930401385,
"std_diff": 0.3803628142403164
},