{
"MS_IMU": {
"message_count": 1957,
"message_freq": 99.65790400229606,
"timespan": 19.637178,
"var_stats": {
"linear_accel": {
"max": 14.078775405883789,
"max_diff": 14.674798309803009,
"mean": 3.093585159017622,
"mean_diff": 5.156700736493283,
"min": -1.996482491493225,
"min_diff": -2.753680944442749,
"std": 4.777415153405451,
"std_diff": 4.708775273512246
},
"q": {
"max": 0.022242840379476547,
"max_diff": 0.3873507007956505,
"mean": -0.3185245578525068,
"mean_diff": -0.19790839587498962,
"min": -0.9435901641845703,
"min_diff": -0.9481319105252624,
"std": 0.38541162893073805,
"std_diff": 0.5434310690925187
},
"rotation_rate": {
"max": 0.13284869492053986,
"max_diff": 0.15240314230322838,
"mean": 0.0006217278544298416,
"mean_diff": 0.0009243722438815878,
"min": -0.1439688354730606,
"min_diff": -0.15374545007944107,
"std": 0.023178137679270655,
"std_diff": 0.0363391441386365
},
"utime": {
"max": 1537296383956704,
"max_diff": 30956.0,
"mean": 1537296374149997.5,
"mean_diff": 10039.457055214723,
"min": 1537296364319526,
"min_diff": 1935.0,
"std": 5661643.311505536,
"std_diff": 5314.721560682474
}
}
},
"POSE": {
"message_count": 977,
"message_freq": 49.69819158098392,
"timespan": 19.658663,
"var_stats": {
"accel": {
"max": 11.454757223466636,
"max_diff": 11.446630840787462,
"mean": 3.094875108301892,
"mean_diff": 5.153272237347329,
"min": -1.9082785627070378,
"min_diff": -0.9814708708429369,
"std": 4.765178699988284,
"std_diff": 4.695231324975484
},
"orientation": {
"max": 0.4372902840896827,
"max_diff": 0.0,
"mean": -0.12096362092255646,
"mean_diff": -0.4429026216756141,
"min": -0.9198052384488488,
"min_diff": -0.9198052384488488,
"std": 0.48514719664582634,
"std_diff": 0.370365496565489
},
"pos": {
"max": 1300.6715397752585,
"max_diff": -231.0916374148594,
"mean": 758.4392110952049,
"mean_diff": -628.1350986148004,
"min": 0.0,
"min_diff": -1069.579902360399,
"std": 545.3686941027607,
"std_diff": 391.38923750971435
},
"rotation_rate": {
"max": 0.13205952942371368,
"max_diff": 0.1441210713237524,
"mean": 0.000533881680884946,
"mean_diff": 0.0009152612164920488,
"min": -0.1439688354730606,
"min_diff": -0.14023708552122116,
"std": 0.023297808367578773,
"std_diff": 0.03655058776018227
},
"utime": {
"max": 1537296383962635,
"max_diff": 40647.0,
"mean": 1537296374148421.8,
"mean_diff": 20142.072745901638,
"min": 1537296364303972,
"min_diff": 15104.0,
"std": 5683364.393397806,
"std_diff": 1768.8996318666218
},
"vel": {
"max": 8.227341288120746,
"max_diff": 0.0,
"mean": 1.8155497094342663,
"mean_diff": -2.7233245641513992,
"min": 0.0,
"min_diff": -8.227341288120746,
"std": 3.029674918172673,
"std_diff": 3.360986403444196
}
}
},
"SteerAngleFeedback": {
"message_count": 1940,
"message_freq": 98.71113280946895,
"timespan": 19.653305,
"var_stats": {
"utime": {
"max": 1537296383955190,
"max_diff": 30746.0,
"mean": 1537296374112108.8,
"mean_diff": 10135.794223826715,
"min": 1537296364301885,
"min_diff": 4670.0,
"std": 5663257.302298451,
"std_diff": 1473.4344433123583
},
"value": {
"max": 0.1396983156715187,
"max_diff": 0.00872664625997166,
"mean": 0.01148768833596672,
"mean_diff": -7.200945856605395e-06,
"min": -0.30536064358703535,
"min_diff": -0.00872664625997166,
"std": 0.08776245198359645,
"std_diff": 0.001729490459766592
}
}
},
"VEHICLE_MONITOR": {
"message_count": 40,
"message_freq": 2.051356005295986,
"timespan": 19.499297,
"var_stats": null
},
"ZOE_VEH_INFO": {
"message_count": 1956,
"message_freq": 99.53922904119092,
"timespan": 19.650544,
"var_stats": {
"FL_wheel_speed": {
"max": 260.4999,
"max_diff": 7.756200000000007,
"mean": 171.52088343558282,
"mean_diff": -0.08975631713554988,
"min": 0.0,
"min_diff": -7.047300000000007,
"std": 88.67305885360318,
"std_diff": 0.8704071726991802
},
"FR_wheel_speed": {
"max": 261.7092,
"max_diff": 6.7971,
"mean": 171.61617944785274,
"mean_diff": -0.09058818414322249,
"min": 0.0,
"min_diff": -6.7971,
"std": 88.71836383735592,
"std_diff": 0.6672299335028187
},
"RL_wheel_speed": {
"max": 260.2914,
"max_diff": 8.465100000000007,
"mean": 171.15543282208588,
"mean_diff": -0.08975631713554988,
"min": 0.0,
"min_diff": -9.882900000000006,
"std": 88.5681519329189,
"std_diff": 0.9157845695443845
},
"RR_wheel_speed": {
"max": 265.8792,
"max_diff": 9.6327,
"mean": 174.55649846625766,
"mean_diff": -0.09240122762148335,
"min": 0.0,
"min_diff": -9.382499999999993,
"std": 90.26331072428404,
"std_diff": 0.7762545398500927
},
"left_solar": {
"max": 0,
"max_diff": 0.0,
"mean": 0.0,
"mean_diff": 0.0,
"min": 0,
"min_diff": 0.0,
"std": 0.0,
"std_diff": 0.0
},
"longitudinal_accel": {
"max": 1.4000000000000004,
"max_diff": 1.0,
"mean": -0.5432259713701426,
"mean_diff": -0.0003069053708439905,
"min": -2.05,
"min_diff": -0.7999999999999989,
"std": 0.6699100846636638,
"std_diff": 0.09663074933488687
},
"meanEffTorque": {
"max": 38.0,
"max_diff": 4.0,
"mean": -14.79422290388548,
"mean_diff": -0.01687979539641944,
"min": -75.5,
"min_diff": -2.0,
"std": 34.608620425111646,
"std_diff": 0.3708998987752182
},
"odom": {
"max": 120,
"max_diff": 84.0,
"mean": 53.63394683026585,
"mean_diff": -0.03682864450127877,
"min": 0,
"min_diff": -116.0,
"std": 37.49809747001018,
"std_diff": 16.730592044130052
},
"odom_speed": {
"max": 29.0,
"max_diff": 1.0,
"mean": 19.20040899795501,
"mean_diff": -0.009718670076726343,
"min": 0.0,
"min_diff": -1.0,
"std": 9.934433303812277,
"std_diff": 0.14090562996842632
},
"pedal_cc": {
"max": 217.0,
"max_diff": 17.0,
"mean": 56.77096114519427,
"mean_diff": -0.09565217391304348,
"min": 0.0,
"min_diff": -29.0,
"std": 76.70304792935472,
"std_diff": 1.8364194344906803
},
"regen": {
"max": 57.0,
"max_diff": 1.0,
"mean": 19.807770961145195,
"mean_diff": 0.0,
"min": 0.0,
"min_diff": -8.0,
"std": 23.854339440955183,
"std_diff": 0.3864720090908806
},
"requestedTorqueAfterProc": {
"max": -272.5,
"max_diff": 122.0,
"mean": -338.10046012269936,
"mean_diff": -0.015345268542199489,
"min": -398.5,
"min_diff": -126.0,
"std": 45.660551866143734,
"std_diff": 5.631389903613363
},
"right_solar": {
"max": 0,
"max_diff": 0.0,
"mean": 0.0,
"mean_diff": 0.0,
"min": 0,
"min_diff": 0.0,
"std": 0.0,
"std_diff": 0.0
},
"steer_corrected": {
"max": 8.004123893064307,
"max_diff": 0.6999999999998181,
"mean": 0.6616903552317921,
"mean_diff": -0.00040920716112541274,
"min": -17.495876106935693,
"min_diff": -1.0000000000000009,
"std": 5.0042148909724595,
"std_diff": 0.11353351102187292
},
"steer_offset_can": {
"max": -12.300000000000182,
"max_diff": 0.0,
"mean": -12.300000000000182,
"mean_diff": 0.0,
"min": -12.300000000000182,
"min_diff": 0.0,
"std": 0.0,
"std_diff": 0.0
},
"steer_raw": {
"max": -3.699999999999818,
"max_diff": 0.6999999999998181,
"mean": -11.042433537832332,
"mean_diff": -0.00040920716112541274,
"min": -29.199999999999818,
"min_diff": -1.0,
"std": 5.0042148909724595,
"std_diff": 0.11353351102187291
},
"transversal_accel": {
"max": -0.41200000000000614,
"max_diff": 0.1560000000000059,
"mean": -0.49856850715746137,
"mean_diff": 2.04603580562183e-06,
"min": -0.6200000000000045,
"min_diff": -0.12000000000000455,
"std": 0.021680613177468555,
"std_diff": 0.008967117874482506
},
"utime": {
"max": 1537296383951448,
"max_diff": 26886.0,
"mean": 1537296374131744.2,
"mean_diff": 10051.42915601023,
"min": 1537296364300904,
"min_diff": 2.0,
"std": 5668375.9014099995,
"std_diff": 1623.6354905293394
}
}
},
"ZoeSensors": {
"message_count": 18805,
"message_freq": 956.941305174307,
"timespan": 19.651153,
"var_stats": {
"brake_sensor": {
"max": 0.3607328236103058,
"max_diff": 0.000887751579284668,
"mean": 0.26021307655881293,
"mean_diff": 8.83642504048383e-06,
"min": 0.18484331667423248,
"min_diff": -0.00038620829582214355,
"std": 0.07026755696108879,
"std_diff": 4.153087169491333e-05
},
"steering_sensor": {
"max": 0.2230769246816635,
"max_diff": 0.0011501014232635498,
"mean": 0.21738543121762746,
"mean_diff": 6.367623412946366e-08,
"min": 0.21345464885234833,
"min_diff": -0.0007129162549972534,
"std": 0.000952462352409116,
"std_diff": 0.00012648286822888226
},