{
"MS_IMU": {
"message_count": 1907,
"message_freq": 99.30908580752869,
"timespan": 19.202674,
"var_stats": {
"linear_accel": {
"max": 12.3663330078125,
"max_diff": 13.502109050750732,
"mean": 3.068982053259801,
"mean_diff": 4.900781227656864,
"min": -2.0485973358154297,
"min_diff": -2.0692381262779236,
"std": 4.772453026569261,
"std_diff": 5.464017317821971
},
"q": {
"max": 0.48234400153160095,
"max_diff": 1.0037285503931344,
"mean": -0.15795449777295706,
"mean_diff": 0.4160511883929974,
"min": -0.99885094165802,
"min_diff": -0.02747935149818659,
"std": 0.47439476574146,
"std_diff": 0.4031151240061557
},
"rotation_rate": {
"max": 0.14028112590312958,
"max_diff": 0.130252568051219,
"mean": -0.016396428453425007,
"mean_diff": -0.02301533482744324,
"min": -0.1730005294084549,
"min_diff": -0.2037651315331459,
"std": 0.03388436597614219,
"std_diff": 0.044413562243974705
},
"utime": {
"max": 1532400202901000,
"max_diff": 33946.0,
"mean": 1532400193288993.5,
"mean_diff": 10074.85519412382,
"min": 1532400183698326,
"min_diff": 1933.0,
"std": 5541090.009113339,
"std_diff": 5155.879490146335
}
}
},
"POSE": {
"message_count": 956,
"message_freq": 49.792602871335234,
"timespan": 19.199639,
"var_stats": {
"accel": {
"max": 11.310510209443976,
"max_diff": 12.106478059292686,
"mean": 3.068286541916036,
"mean_diff": 4.899857849606585,
"min": -1.3277277258691877,
"min_diff": -1.563665056417266,
"std": 4.764770474992401,
"std_diff": 5.4524158757664924
},
"orientation": {
"max": 0.8419584122215634,
"max_diff": 0.8419584122215634,
"mean": 0.3499733821418703,
"mean_diff": -0.016379564215966674,
"min": 0.0,
"min_diff": -0.8344518420363073,
"std": 0.3570975102015981,
"std_diff": 0.5771178763557999
},
"pos": {
"max": 949.3140556594409,
"max_diff": 645.0312599119391,
"mean": 377.030751936784,
"mean_diff": -139.7406852112974,
"min": 0.0,
"min_diff": -949.3140556594409,
"std": 355.8039698486596,
"std_diff": 713.6734204010096
},
"rotation_rate": {
"max": 0.13574795424938202,
"max_diff": 0.12695956707466394,
"mean": -0.016379950149020175,
"mean_diff": -0.02293960704456771,
"min": -0.1716485321521759,
"min_diff": -0.20154736191034317,
"std": 0.03373393841178983,
"std_diff": 0.0442736768187273
},
"utime": {
"max": 1532400202899594,
"max_diff": 40627.0,
"mean": 1532400193293281.5,
"mean_diff": 20104.33403141361,
"min": 1532400183699955,
"min_diff": 16463.0,
"std": 5548592.758998508,
"std_diff": 1517.254169930571
},
"vel": {
"max": 12.442791619386675,
"max_diff": 0.0,
"mean": 3.400663452741822,
"mean_diff": -5.100995179112733,
"min": 0.0,
"min_diff": -12.442791619386675,
"std": 4.887497312137435,
"std_diff": 5.211339657431238
}
}
},
"SteerAngleFeedback": {
"message_count": 1884,
"message_freq": 98.14350925244808,
"timespan": 19.196379,
"var_stats": {
"utime": {
"max": 1532400202900659,
"max_diff": 40234.0,
"mean": 1532400193294098.8,
"mean_diff": 10194.571959638874,
"min": 1532400183704280,
"min_diff": 7016.0,
"std": 5544533.346588552,
"std_diff": 1704.204808157251
},
"value": {
"max": 0.054105206811822626,
"max_diff": 0.00698131700797891,
"mean": -0.19379917384790799,
"mean_diff": 0.0001167878309884673,
"min": -0.36826447217080194,
"min_diff": -0.0069813170079789065,
"std": 0.11040370703896592,
"std_diff": 0.0015853218639905711
}
}
},
"VEHICLE_MONITOR": {
"message_count": 39,
"message_freq": 2.0525875023315288,
"timespan": 19.000408,
"var_stats": {
"available_distance": {
"max": 133,
"max_diff": 1.0,
"mean": 132.64102564102564,
"mean_diff": 0.0,
"min": 132,
"min_diff": -1.0,
"std": 0.47969966497101807,
"std_diff": 0.22941573387056177
},
"battery_level": {
"max": 100,
"max_diff": 0.0,
"mean": 100.0,
"mean_diff": 0.0,
"min": 100,
"min_diff": 0.0,
"std": 0.0,
"std_diff": 0.0
},
"brake": {
"max": 0,
"max_diff": 0.0,
"mean": 0.0,
"mean_diff": 0.0,
"min": 0,
"min_diff": 0.0,
"std": 0.0,
"std_diff": 0.0
},
"brake_switch": {
"max": 4,
"max_diff": 3.0,
"mean": 1.1538461538461537,
"mean_diff": 0.0,
"min": 1,
"min_diff": -3.0,
"std": 0.6617173282340483,
"std_diff": 0.6882472016116853
},
"gear_position": {
"max": 7,
"max_diff": 0.0,
"mean": 7.0,
"mean_diff": 0.0,
"min": 7,
"min_diff": 0.0,
"std": 0.0,
"std_diff": 0.0
},
"left_signal": {
"max": 0,
"max_diff": 0.0,
"mean": 0.0,
"mean_diff": 0.0,
"min": 0,
"min_diff": 0.0,
"std": 0.0,
"std_diff": 0.0
},
"rear_left_rpm": {
"max": 393.02250000000004,
"max_diff": 13.052099999999996,
"mean": 324.35222307692305,
"mean_diff": 0.3687157894736835,
"min": 242.3187,
"min_diff": -21.975899999999967,
"std": 48.46733164466642,
"std_diff": 8.873066724423214
},
"rear_right_rpm": {
"max": 393.89820000000003,
"max_diff": 14.511599999999987,
"mean": 322.67460000000005,
"mean_diff": 0.4685763157894739,
"min": 239.2746,
"min_diff": -18.93180000000001,
"std": 48.854689709177364,
"std_diff": 8.712119856282314
},
"right_signal": {
"max": 0,
"max_diff": 0.0,
"mean": 0.0,
"mean_diff": 0.0,
"min": 0,
"min_diff": 0.0,
"std": 0.0,
"std_diff": 0.0
},
"steering": {
"max": 3.099999999999909,
"max_diff": 5.0,
"mean": -10.764102564102581,
"mean_diff": 0.3131578947368445,
"min": -17.800000000000182,
"min_diff": -5.300000000000182,
"std": 6.435378465131696,
"std_diff": 1.934883520583891
},
"steering_speed": {
"max": 33.80000000000037,
"max_diff": 33.80000000000018,
"mean": 2.215384615384835,
"mean_diff": -0.0500000000000024,
"min": -19.99999999999982,
"min_diff": -47.80000000000018,
"std": 9.211434879777382,
"std_diff": 13.587683083548455
},
"throttle": {
"max": 262,
"max_diff": 83.0,
"mean": 98.76923076923077,
"mean_diff": 1.236842105263158,
"min": 0,
"min_diff": -88.0,
"std": 80.44633871239137,
"std_diff": 37.75783934672327
},
"utime": {
"max": 1532400203138496,
"max_diff": 500841.0,
"mean": 1532400193638424.5,
"mean_diff": 500010.7368421053,
"min": 1532400184138088,
"min_diff": 499033.0,
"std": 5627298.331257471,
"std_diff": 468.88589590592443
},
"vehicle_speed": {
"max": 44.77,
"max_diff": 1.4599999999999973,
"mean": 36.85589743589743,
"mean_diff": 0.04552631578947379,
"min": 27.44,
"min_diff": -2.110000000000003,
"std": 5.477120578883986,
"std_diff": 0.9621103377155128
},
"yaw_rate": {
"max": 0.6000000000000227,
"max_diff": 1.3000000000000114,
"mean": -2.646153846153826,
"mean_diff": 0.08684210526315819,
"min": -4.799999999999983,
"min_diff": -1.1999999999999886,
"std": 1.453880070151129,
"std_diff": 0.5863226400431313
}
}
},
"ZOE_VEH_INFO": {
"message_count": 1913,
"message_freq": 99.6359148462409,
"timespan": 19.199904,
"var_stats": {
"FL_wheel_speed": {
"max": 395.5662,
"max_diff": 9.549300000000017,
"mean": 324.2897393099843,
"mean_diff": 0.006084884937238491,
"min": 240.9009,
"min_diff": -10.758600000000001,
"std": 47.76639116084262,
"std_diff": 0.8560769949380256
},
"FR_wheel_speed": {
"max": 394.1484,
"max_diff": 3.5444999999999993,
"mean": 321.765897490852,
"mean_diff": 0.007218985355648543,
"min": 237.3981,
"min_diff": -6.296699999999987,
"std": 48.41396017713603,
"std_diff": 0.6812285670195041
},
"RL_wheel_speed": {
"max": 394.8573,
"max_diff": 9.340799999999973,
"mean": 323.3416692106639,
"mean_diff": 0.005496025104602508,
"min": 239.2746,
"min_diff": -11.926199999999994,
"std": 47.66040109175072,
"std_diff": 0.9602091776416721
},
"RR_wheel_speed": {
"max": 394.3986,
"max_diff": 13.552500000000009,
"mean": 321.3043419236801,
"mean_diff": 0.007960512552301263,
"min": 237.8568,
"min_diff": -12.13470000000001,
"std": 48.40578255593986,
"std_diff": 1.0369189490595574
},
"left_solar": {
"max": 32,
"max_diff": 144.0,
"mean": -34.860428646105596,
"mean_diff": -0.058577405857740586,
"min": -112,
"min_diff": -112.0,
"std": 55.79963658478894,
"std_diff": 13.528704941362715
},
"longitudinal_accel": {
"max": 1.1000000000000014,
"max_diff": 1.3000000000000007,
"mean": 0.057710402509148606,
"mean_diff": 0.00018305439330543915,
"min": -1.4000000000000004,
"min_diff": -0.9000000000000004,
"std": 0.5513485684127079,
"std_diff": 0.10876213905933782
},
"meanEffTorque": {
"max": 67.0,
"max_diff": 4.5,
"mean": 8.628855201254574,
"mean_diff": 0.0015690376569037657,
"min": -68.0,