{
"MS_IMU": {
"message_count": 1930,
"message_freq": 99.73693221392323,
"timespan": 19.350906,
"var_stats": {
"linear_accel": {
"max": 11.281524658203125,
"max_diff": 11.813562214374542,
"mean": 3.022586056142937,
"mean_diff": 5.019134793352356,
"min": -1.7048842906951904,
"min_diff": -2.1136072874069214,
"std": 4.778506556967015,
"std_diff": 5.191791968362745
},
"q": {
"max": 0.8381109237670898,
"max_diff": 0.6216472098603845,
"mean": 0.3406315712929806,
"mean_diff": -0.0913998215721473,
"min": -0.027568768709897995,
"min_diff": -0.8615485187619925,
"std": 0.3660193298454824,
"std_diff": 0.5813941383710481
},
"rotation_rate": {
"max": 0.06045623868703842,
"max_diff": 0.0738443024456501,
"mean": -0.0007404937184539161,
"mean_diff": -0.001469237079180453,
"min": -0.11758466809988022,
"min_diff": -0.12251945910975337,
"std": 0.021384050196894225,
"std_diff": 0.02910807739333563
},
"utime": {
"max": 1533113398900598,
"max_diff": 22066.0,
"mean": 1533113389238741.5,
"mean_diff": 10031.573872472783,
"min": 1533113379549692,
"min_diff": 2943.0,
"std": 5588062.053782859,
"std_diff": 4746.561552989804
}
}
},
"POSE": {
"message_count": 963,
"message_freq": 49.74521461883233,
"timespan": 19.358646,
"var_stats": {
"accel": {
"max": 10.305553808993489,
"max_diff": 11.50022592305903,
"mean": 3.020860581578829,
"mean_diff": 5.020090746560253,
"min": -1.6288774605790595,
"min_diff": -1.7109513600754154,
"std": 4.776724983372079,
"std_diff": 5.192408533350333
},
"orientation": {
"max": 0.9924113439158846,
"max_diff": 0.9924113439158846,
"mean": 0.29285879622585864,
"mean_diff": 0.26401020305521244,
"min": 0.0,
"min_diff": -0.20442753512989947,
"std": 0.4052576038437046,
"std_diff": 0.5134510161798094
},
"pos": {
"max": 968.0122461627502,
"max_diff": 83.6029593223318,
"mean": 596.325254782511,
"mean_diff": -447.95757112914686,
"min": 0.0,
"min_diff": -918.2067353313045,
"std": 422.3428129896701,
"std_diff": 446.882042113887
},
"rotation_rate": {
"max": 0.0559239499270916,
"max_diff": 0.07380205765366554,
"mean": -0.000679640841922565,
"mean_diff": -0.0014339152299322046,
"min": -0.11411752551794052,
"min_diff": -0.11845866031944752,
"std": 0.021343463348143042,
"std_diff": 0.029080903781122318
},
"utime": {
"max": 1533113398916824,
"max_diff": 40534.0,
"mean": 1533113389258370.8,
"mean_diff": 20123.33264033264,
"min": 1533113379558178,
"min_diff": 13517.0,
"std": 5594287.7392290365,
"std_diff": 1647.6878531723723
},
"vel": {
"max": 8.918618576520807,
"max_diff": 0.0,
"mean": 2.446026968874995,
"mean_diff": -3.669040453312493,
"min": 0.0,
"min_diff": -8.918618576520807,
"std": 3.5137126786534925,
"std_diff": 3.7459283539394623
}
}
},
"SteerAngleFeedback": {
"message_count": 1883,
"message_freq": 97.34417384521791,
"timespan": 19.343736,
"var_stats": {
"utime": {
"max": 1533113398899125,
"max_diff": 30780.0,
"mean": 1533113389219417.5,
"mean_diff": 10278.28692879915,
"min": 1533113379555389,
"min_diff": 1086.0,
"std": 5584363.680356879,
"std_diff": 1941.990004617218
},
"value": {
"max": 0.30543261909900765,
"max_diff": 0.012217304763957132,
"mean": 0.003128245472906922,
"mean_diff": 0.0004061924614099466,
"min": -0.5567600313861927,
"min_diff": -0.005235987755986162,
"std": 0.14758447518307818,
"std_diff": 0.0016253096690047831
}
}
},
"VEHICLE_MONITOR": {
"message_count": 38,
"message_freq": 1.999979789677915,
"timespan": 19.000192,
"var_stats": {
"available_distance": {
"max": 93,
"max_diff": 1.0,
"mean": 92.02631578947368,
"mean_diff": 0.02702702702702703,
"min": 92,
"min_diff": 0.0,
"std": 0.16007269816574263,
"std_diff": 0.16216216216216217
},
"battery_level": {
"max": 60,
"max_diff": 0.0,
"mean": 60.0,
"mean_diff": 0.0,
"min": 60,
"min_diff": 0.0,
"std": 0.0,
"std_diff": 0.0
},
"brake": {
"max": 0,
"max_diff": 0.0,
"mean": 0.0,
"mean_diff": 0.0,
"min": 0,
"min_diff": 0.0,
"std": 0.0,
"std_diff": 0.0
},
"brake_switch": {
"max": 1,
"max_diff": 0.0,
"mean": 1.0,
"mean_diff": 0.0,
"min": 1,
"min_diff": 0.0,
"std": 0.0,
"std_diff": 0.0
},
"gear_position": {
"max": 7,
"max_diff": 0.0,
"mean": 7.0,
"mean_diff": 0.0,
"min": 7,
"min_diff": 0.0,
"std": 0.0,
"std_diff": 0.0
},
"left_signal": {
"max": 1,
"max_diff": 1.0,
"mean": 0.15789473684210525,
"mean_diff": 0.02702702702702703,
"min": 0,
"min_diff": -1.0,
"std": 0.36464227527765836,
"std_diff": 0.4341183352488922
},
"rear_left_rpm": {
"max": 283.8936,
"max_diff": 7.2140999999999735,
"mean": 231.6577657894737,
"mean_diff": -1.572202702702703,
"min": 191.3613,
"min_diff": -7.714500000000015,
"std": 33.93642266663601,
"std_diff": 4.392895464237958
},
"rear_right_rpm": {
"max": 281.3082,
"max_diff": 8.173200000000008,
"mean": 231.6687394736842,
"mean_diff": -1.4144189189189185,
"min": 191.3613,
"min_diff": -7.9646999999999935,
"std": 33.12527914370994,
"std_diff": 4.419225741274683
},
"right_signal": {
"max": 0,
"max_diff": 0.0,
"mean": 0.0,
"mean_diff": 0.0,
"min": 0,
"min_diff": 0.0,
"std": 0.0,
"std_diff": 0.0
},
"steering": {
"max": 16.90000000000009,
"max_diff": 10.0,
"mean": 0.647368421052713,
"mean_diff": 1.0297297297297272,
"min": -26.59999999999991,
"min_diff": -5.200000000000273,
"std": 8.13458299135324,
"std_diff": 3.109172555682281
},
"steering_speed": {
"max": 27.800000000000363,
"max_diff": 27.800000000000182,
"mean": 2.0684210526317943,
"mean_diff": -0.3756756756756781,
"min": -7.999999999999819,
"min_diff": -27.800000000000182,
"std": 6.83870968374186,
"std_diff": 9.338945058931106
},
"throttle": {
"max": 156,
"max_diff": 52.0,
"mean": 38.921052631578945,
"mean_diff": -0.9459459459459459,
"min": 0,
"min_diff": -156.0,
"std": 45.79093312858675,
"std_diff": 32.32014345193775
},
"utime": {
"max": 1533113399019299,
"max_diff": 1000466.0,
"mean": 1533113389427089.8,
"mean_diff": 513518.7027027027,
"min": 1533113380019107,
"min_diff": 499401.0,
"std": 5671736.474004539,
"std_diff": 81158.56238548821
},
"vehicle_speed": {
"max": 32.1,
"max_diff": 0.9100000000000001,
"mean": 26.445000000000004,
"mean_diff": -0.17162162162162156,
"min": 21.81,
"min_diff": -0.8499999999999979,
"std": 3.8235666388995058,
"std_diff": 0.48234513556454156
},
"yaw_rate": {
"max": 2.3000000000000114,
"max_diff": 2.0,
"mean": -0.3105263157894478,
"mean_diff": 0.19459459459459505,
"min": -5.699999999999989,
"min_diff": -0.799999999999983,
"std": 1.4581512219758228,
"std_diff": 0.5904400310285988
}
}
},
"ZOE_VEH_INFO": {
"message_count": 1927,
"message_freq": 99.57935345353032,
"timespan": 19.351401,
"var_stats": {
"FL_wheel_speed": {
"max": 285.3114,
"max_diff": 6.588599999999985,
"mean": 232.0339911779969,
"mean_diff": -0.028882554517133962,
"min": 188.8176,
"min_diff": -5.837999999999965,
"std": 34.20042268974408,
"std_diff": 0.6948103335010871
},
"FR_wheel_speed": {
"max": 283.1847,
"max_diff": 4.712099999999992,
"mean": 231.3841463414634,
"mean_diff": -0.025115264797507794,
"min": 189.735,
"min_diff": -4.253399999999999,
"std": 33.56846063353742,
"std_diff": 0.6157278375408649
},
"RL_wheel_speed": {
"max": 284.811,
"max_diff": 3.4610999999999876,
"mean": 231.48468510638298,
"mean_diff": -0.028882554517133962,
"min": 188.8176,
"min_diff": -5.170799999999986,
"std": 34.09565777182896,
"std_diff": 0.6468851437925583
},
"RR_wheel_speed": {
"max": 282.0171,
"max_diff": 4.461899999999986,
"mean": 231.3286617540218,
"mean_diff": -0.025115264797507794,
"min": 189.4848,
"min_diff": -4.2117000000000075,
"std": 33.50572152393153,
"std_diff": 0.6557314647384116
},
"left_solar": {
"max": 0,
"max_diff": 0.0,
"mean": 0.0,
"mean_diff": 0.0,
"min": 0,
"min_diff": 0.0,
"std": 0.0,
"std_diff": 0.0
},
"longitudinal_accel": {
"max": 0.6500000000000004,
"max_diff": 0.6500000000000004,
"mean": -0.17797093928386026,
"mean_diff": 0.00025960539979231567,
"min": -0.9499999999999993,
"min_diff": -0.5000000000000018,
"std": 0.30331362027310266,
"std_diff": 0.08455451091051722
},
"meanEffTorque": {
"max": 34.0,
"max_diff": 2.5,
"mean": -8.329008822003114,
"mean_diff": 0.0018172377985462098,
"min": -29.0,
"min_diff": -3.5,
"std": 18.17484002019419,