{
"MS_IMU": {
"message_count": 1945,
"message_freq": 99.74395291387984,
"timespan": 19.499929,
"var_stats": {
"linear_accel": {
"max": 11.35090446472168,
"max_diff": 11.243206650018692,
"mean": 3.0300363629595557,
"mean_diff": 5.2575135222888445,
"min": -2.3172945976257324,
"min_diff": -0.9264492318034172,
"std": 4.803015325871621,
"std_diff": 4.474120283277825
},
"q": {
"max": 0.9996272325515747,
"max_diff": 0.031036951899295673,
"mean": 0.01557618093858,
"mean_diff": -0.45807437912146814,
"min": -0.840057909488678,
"min_diff": -0.9997728273738176,
"std": 0.49975734182984827,
"std_diff": 0.3625831706144476
},
"rotation_rate": {
"max": 0.41142162680625916,
"max_diff": 0.4168187961913645,
"mean": 0.0278534836254675,
"mean_diff": 0.042404701271884816,
"min": -0.11360640823841095,
"min_diff": -0.1176635050214827,
"std": 0.0927267290432855,
"std_diff": 0.11179633428374766
},
"utime": {
"max": 1531884176454797,
"max_diff": 34003.0,
"mean": 1531884166698957.2,
"mean_diff": 10030.82767489712,
"min": 1531884156954868,
"min_diff": 1940.0,
"std": 5631676.903592665,
"std_diff": 4060.572360859143
}
}
},
"POSE": {
"message_count": 969,
"message_freq": 49.69447895877296,
"timespan": 19.499148,
"var_stats": {
"accel": {
"max": 10.245566807931857,
"max_diff": 10.66424426944453,
"mean": 3.0253013412199103,
"mean_diff": 5.260947201959672,
"min": -1.6606972340625512,
"min_diff": -0.6297953741794686,
"std": 4.803894368891908,
"std_diff": 4.47481012552977
},
"orientation": {
"max": 0.9999999600192473,
"max_diff": 0.6895838935240823,
"mean": 0.24809549110283283,
"mean_diff": -0.3172672983346029,
"min": -0.21275423438794058,
"min_diff": -0.9999999600192473,
"std": 0.4341067003565416,
"std_diff": 0.4823637576982701
},
"pos": {
"max": 1470.339538697632,
"max_diff": 787.0494430911635,
"mean": 734.3010872652851,
"mean_diff": -370.7201848004671,
"min": 0.0,
"min_diff": -1470.339538697632,
"std": 596.857174128234,
"std_diff": 1090.9476484513732
},
"rotation_rate": {
"max": 0.41142162680625916,
"max_diff": 0.4152219158131629,
"mean": 0.027554595443288192,
"mean_diff": 0.04201046363203399,
"min": -0.11360640823841095,
"min_diff": -0.1176635050214827,
"std": 0.09233054496618401,
"std_diff": 0.11131511791162033
},
"utime": {
"max": 1531884176459612,
"max_diff": 40674.0,
"mean": 1531884166689209.5,
"mean_diff": 20143.747933884297,
"min": 1531884156960464,
"min_diff": 15022.0,
"std": 5620239.245571552,
"std_diff": 1772.124177858857
},
"vel": {
"max": 10.057464919822452,
"max_diff": 0.0,
"mean": 1.715763347294734,
"mean_diff": -2.573645020942101,
"min": 0.0,
"min_diff": -10.057464919822452,
"std": 2.663030181345141,
"std_diff": 2.9033965836917086
}
}
},
"SteerAngleFeedback": {
"message_count": 1899,
"message_freq": 97.35853827459445,
"timespan": 19.505223,
"var_stats": {
"utime": {
"max": 1531884176453942,
"max_diff": 30679.0,
"mean": 1531884166717400.2,
"mean_diff": 10276.724446786091,
"min": 1531884156948719,
"min_diff": 5330.0,
"std": 5635090.277880436,
"std_diff": 1784.1787907222922
},
"value": {
"max": 4.335397861953916,
"max_diff": 0.03839724354387197,
"mean": 0.8966737023793896,
"mean_diff": 0.0010906008919205864,
"min": -1.1641346110802226,
"min_diff": -0.036651914291879306,
"std": 1.545119675792115,
"std_diff": 0.00913326630227445
}
}
},
"VEHICLE_MONITOR": {
"message_count": 40,
"message_freq": 2.0512466015330917,
"timespan": 19.500337,
"var_stats": {
"available_distance": {
"max": 89,
"max_diff": 0.0,
"mean": 89.0,
"mean_diff": 0.0,
"min": 89,
"min_diff": 0.0,
"std": 0.0,
"std_diff": 0.0
},
"battery_level": {
"max": 67,
"max_diff": 0.0,
"mean": 67.0,
"mean_diff": 0.0,
"min": 67,
"min_diff": 0.0,
"std": 0.0,
"std_diff": 0.0
},
"brake": {
"max": 1,
"max_diff": 1.0,
"mean": 0.025,
"mean_diff": 0.0,
"min": 0,
"min_diff": -1.0,
"std": 0.15612494995995996,
"std_diff": 0.22645540682891915
},
"brake_switch": {
"max": 4,
"max_diff": 1.0,
"mean": 2.2,
"mean_diff": -0.07692307692307693,
"min": 1,
"min_diff": -3.0,
"std": 1.4177446878757827,
"std_diff": 0.5254846546645948
},
"gear_position": {
"max": 7,
"max_diff": 0.0,
"mean": 7.0,
"mean_diff": 0.0,
"min": 7,
"min_diff": 0.0,
"std": 0.0,
"std_diff": 0.0
},
"left_signal": {
"max": 1,
"max_diff": 1.0,
"mean": 0.25,
"mean_diff": 0.0,
"min": 0,
"min_diff": -1.0,
"std": 0.4330127018922193,
"std_diff": 0.5063696835418333
},
"rear_left_rpm": {
"max": 304.4517,
"max_diff": 4.920599999999993,
"mean": 155.3147775,
"mean_diff": -5.409238461538462,
"min": 91.6149,
"min_diff": -17.263800000000003,
"std": 60.48200753235829,
"std_diff": 6.306234064374281
},
"rear_right_rpm": {
"max": 306.07800000000003,
"max_diff": 7.714500000000001,
"mean": 159.1136475,
"mean_diff": -5.362192307692309,
"min": 96.9525,
"min_diff": -19.849199999999996,
"std": 57.76883984900072,
"std_diff": 7.19194723631513
},
"right_signal": {
"max": 1,
"max_diff": 1.0,
"mean": 0.15,
"mean_diff": 0.0,
"min": 0,
"min_diff": -1.0,
"std": 0.3570714214271425,
"std_diff": 0.4529108136578383
},
"steering": {
"max": 248.4000000000001,
"max_diff": 51.59999999999991,
"mean": 52.3399999999999,
"mean_diff": 1.4923076923076877,
"min": -66.70000000000027,
"min_diff": -72.19999999999982,
"std": 87.39588605878427,
"std_diff": 26.479439383400315
},
"steering_speed": {
"max": 111.50000000000018,
"max_diff": 85.69999999999982,
"mean": 0.3975000000002982,
"mean_diff": -3.3692307692307715,
"min": -149.49999999999983,
"min_diff": -91.69999999999982,
"std": 56.19691934394627,
"std_diff": 37.079859443252474
},
"throttle": {
"max": 73,
"max_diff": 44.0,
"mean": 9.15,
"mean_diff": 1.6923076923076923,
"min": 0,
"min_diff": -73.0,
"std": 20.115354831570833,
"std_diff": 19.014372224315288
},
"utime": {
"max": 1531884176889050,
"max_diff": 501124.0,
"mean": 1531884167138761.0,
"mean_diff": 500008.641025641,
"min": 1531884157388713,
"min_diff": 498885.0,
"std": 5771680.042869792,
"std_diff": 509.94828733195493
},
"vehicle_speed": {
"max": 34.7,
"max_diff": 0.6799999999999997,
"mean": 18.06225,
"mean_diff": -0.606923076923077,
"min": 11.03,
"min_diff": -1.9499999999999993,
"std": 6.635287291255745,
"std_diff": 0.7489964357388538
},
"yaw_rate": {
"max": 22.700000000000017,
"max_diff": 5.300000000000011,
"mean": 4.690000000000024,
"mean_diff": 0.13333333333333305,
"min": -6.499999999999972,
"min_diff": -6.200000000000017,
"std": 8.069132543216773,
"std_diff": 2.5520563185383387
}
}
},
"ZOE_VEH_INFO": {
"message_count": 1943,
"message_freq": 99.62769085778775,
"timespan": 19.50261,
"var_stats": {
"FL_wheel_speed": {
"max": 317.0868,
"max_diff": 4.420199999999994,
"mean": 159.52170818322182,
"mean_diff": -0.11513666323377961,
"min": 92.7825,
"min_diff": -4.920600000000007,
"std": 61.20676369985504,
"std_diff": 0.6419097334724422
},
"FR_wheel_speed": {
"max": 317.7957,
"max_diff": 7.464299999999994,
"mean": 162.95920036026763,
"mean_diff": -0.11142188465499486,
"min": 101.16420000000001,
"min_diff": -5.337600000000009,
"std": 58.23065929463294,
"std_diff": 0.6650869981421879
},
"RL_wheel_speed": {
"max": 322.4244,
"max_diff": 4.920599999999979,
"mean": 158.89792511580032,
"mean_diff": -0.11885144181256435,
"min": 90.906,
"min_diff": -6.755400000000009,
"std": 62.095674036838446,
"std_diff": 0.611800261595265
},
"RR_wheel_speed": {
"max": 319.38030000000003,
"max_diff": 5.379300000000001,
"mean": 162.77308486875967,
"mean_diff": -0.11283908341915552,
"min": 100.24680000000001,
"min_diff": -7.714500000000001,
"std": 59.11483710098457,
"std_diff": 0.69589140439911
},
"left_solar": {
"max": 0,
"max_diff": 112.0,
"mean": -55.048893463715906,
"mean_diff": 0.0,
"min": -112,
"min_diff": -112.0,
"std": 55.99192259921637,
"std_diff": 6.2254254256375985
},
"longitudinal_accel": {
"max": 0.3500000000000014,
"max_diff": 0.7000000000000011,
"mean": -0.7414822439526499,
"mean_diff": 0.0005921730175077242,
"min": -1.75,
"min_diff": -0.9000000000000004,
"std": 0.4684275395658151,
"std_diff": 0.08183911712737618
},
"meanEffTorque": {
"max": 19.0,
"max_diff": 1.5,
"mean": -36.736489963973234,
"mean_diff": 0.03553038105046344,