{
"MS_IMU": {
"message_count": 1957,
"message_freq": 99.85340886883998,
"timespan": 19.59873,
"var_stats": {
"linear_accel": {
"max": 12.501681327819824,
"max_diff": 12.513178345747292,
"mean": 3.2009069594838953,
"mean_diff": 4.922784812827384,
"min": -1.5227224826812744,
"min_diff": -1.7659608870744705,
"std": 4.663324519133542,
"std_diff": 4.960084353662168
},
"q": {
"max": 0.9068825840950012,
"max_diff": 0.9180271904915571,
"mean": 0.11786881144647356,
"mean_diff": 0.44375566391233406,
"min": -0.43470799922943115,
"min_diff": -0.016957588493824005,
"std": 0.4859083863567281,
"std_diff": 0.3731391226283948
},
"rotation_rate": {
"max": 0.3256053626537323,
"max_diff": 0.3169878972694278,
"mean": -0.00011603560658798096,
"mean_diff": 0.00047562216262988366,
"min": -0.27309420704841614,
"min_diff": -0.3099912377074361,
"std": 0.03678430557142432,
"std_diff": 0.059745617513966134
},
"utime": {
"max": 1538033812420516,
"max_diff": 25099.0,
"mean": 1538033802615282.8,
"mean_diff": 10019.800613496933,
"min": 1538033792821786,
"min_diff": 1926.0,
"std": 5663299.961762139,
"std_diff": 5374.20682330634
}
}
},
"POSE": {
"message_count": 980,
"message_freq": 50.00106124701422,
"timespan": 19.599584,
"var_stats": {
"accel": {
"max": 11.54709693782303,
"max_diff": 11.518444613263007,
"mean": 3.2033427035277806,
"mean_diff": 4.9222041175896365,
"min": -0.786488294689442,
"min_diff": -1.416006589931017,
"std": 4.654244012637333,
"std_diff": 4.947065846523282
},
"orientation": {
"max": 0.9449747908013801,
"max_diff": 0.0,
"mean": 0.15153167469465534,
"mean_diff": -0.4259088363154863,
"min": -0.3420855619548103,
"min_diff": -0.9449747908013801,
"std": 0.47648520602872146,
"std_diff": 0.3897883996243624
},
"pos": {
"max": 2699.5658051853075,
"max_diff": 1366.367653309167,
"mean": 1347.7753589325077,
"mean_diff": -697.401996561782,
"min": 0.0,
"min_diff": -2699.5658051853075,
"std": 1082.0729423363653,
"std_diff": 1951.7295091609067
},
"rotation_rate": {
"max": 0.3251890242099762,
"max_diff": 0.3169878972694278,
"mean": 1.311980435705472e-05,
"mean_diff": 0.00042089228441951417,
"min": -0.27309420704841614,
"min_diff": -0.30971470195800066,
"std": 0.03681473714098396,
"std_diff": 0.05975010027165553
},
"utime": {
"max": 1538033812401758,
"max_diff": 40182.0,
"mean": 1538033802600492.5,
"mean_diff": 20020.00408580184,
"min": 1538033792802174,
"min_diff": 17592.0,
"std": 5666363.727775828,
"std_diff": 805.4627699229986
},
"vel": {
"max": 8.733018314501859,
"max_diff": 0.0,
"mean": 2.658495300204687,
"mean_diff": -3.9877429503070307,
"min": 0.0,
"min_diff": -8.733018314501859,
"std": 3.7812392208772003,
"std_diff": 4.01820322063758
}
}
},
"SteerAngleFeedback": {
"message_count": 1944,
"message_freq": 99.20646058599787,
"timespan": 19.595498,
"var_stats": {
"utime": {
"max": 1538033812398676,
"max_diff": 20715.0,
"mean": 1538033802598592.2,
"mean_diff": 10085.176531137417,
"min": 1538033792803178,
"min_diff": 7159.0,
"std": 5665404.335612796,
"std_diff": 1069.405925107765
},
"value": {
"max": 0.193731546971369,
"max_diff": 0.010471975511972334,
"mean": 0.020330751497637037,
"mean_diff": -5.120111547281196e-05,
"min": -0.10995574287564594,
"min_diff": -0.01047197551196439,
"std": 0.04917019514356419,
"std_diff": 0.0018089905596270005
}
}
},
"VEHICLE_MONITOR": {
"message_count": 40,
"message_freq": 2.0513459059982018,
"timespan": 19.499393,
"var_stats": {
"available_distance": {
"max": 103,
"max_diff": 0.0,
"mean": 103.0,
"mean_diff": 0.0,
"min": 103,
"min_diff": 0.0,
"std": 0.0,
"std_diff": 0.0
},
"battery_level": {
"max": 94,
"max_diff": 0.0,
"mean": 94.0,
"mean_diff": 0.0,
"min": 94,
"min_diff": 0.0,
"std": 0.0,
"std_diff": 0.0
},
"brake": {
"max": 0,
"max_diff": 0.0,
"mean": 0.0,
"mean_diff": 0.0,
"min": 0,
"min_diff": 0.0,
"std": 0.0,
"std_diff": 0.0
},
"brake_switch": {
"max": 1,
"max_diff": 0.0,
"mean": 1.0,
"mean_diff": 0.0,
"min": 1,
"min_diff": 0.0,
"std": 0.0,
"std_diff": 0.0
},
"gear_position": {
"max": 7,
"max_diff": 0.0,
"mean": 7.0,
"mean_diff": 0.0,
"min": 7,
"min_diff": 0.0,
"std": 0.0,
"std_diff": 0.0
},
"left_signal": {
"max": 0,
"max_diff": 0.0,
"mean": 0.0,
"mean_diff": 0.0,
"min": 0,
"min_diff": 0.0,
"std": 0.0,
"std_diff": 0.0
},
"rear_left_rpm": {
"max": 274.5528,
"max_diff": 13.760999999999996,
"mean": 251.28941249999997,
"mean_diff": -0.6468846153846146,
"min": 193.4463,
"min_diff": -12.593399999999974,
"std": 22.198961194853094,
"std_diff": 6.28933408592505
},
"rear_right_rpm": {
"max": 275.7204,
"max_diff": 14.011200000000002,
"mean": 251.17786500000003,
"mean_diff": -0.6714769230769224,
"min": 193.69650000000001,
"min_diff": -10.967099999999988,
"std": 22.005165367267182,
"std_diff": 6.377082342522605
},
"right_signal": {
"max": 0,
"max_diff": 0.0,
"mean": 0.0,
"mean_diff": 0.0,
"min": 0,
"min_diff": 0.0,
"std": 0.0,
"std_diff": 0.0
},
"steering": {
"max": 10.899999999999636,
"max_diff": 11.0,
"mean": 1.3049999999998363,
"mean_diff": -0.06923076923076457,
"min": -5.200000000000273,
"min_diff": -8.0,
"std": 2.973125459848619,
"std_diff": 3.052124425846378
},
"steering_speed": {
"max": 21.900000000000272,
"max_diff": 33.79999999999973,
"mean": 0.31500000000022454,
"mean_diff": 0.5615384615384639,
"min": -25.899999999999455,
"min_diff": -21.90000000000009,
"std": 8.013412194564804,
"std_diff": 10.470878183840565
},
"throttle": {
"max": 283,
"max_diff": 108.0,
"mean": 66.125,
"mean_diff": -2.128205128205128,
"min": 0,
"min_diff": -217.0,
"std": 71.35025840878224,
"std_diff": 65.9545995702403
},
"utime": {
"max": 1538033812520523,
"max_diff": 501238.0,
"mean": 1538033802770981.0,
"mean_diff": 499984.4358974359,
"min": 1538033793021130,
"min_diff": 499286.0,
"std": 5771719.694030933,
"std_diff": 364.0640120435144
},
"vehicle_speed": {
"max": 31.34,
"max_diff": 1.75,
"mean": 28.71125,
"mean_diff": -0.06820512820512821,
"min": 22.55,
"min_diff": -1.1900000000000013,
"std": 2.491439531174698,
"std_diff": 0.6780245506290704
},
"yaw_rate": {
"max": 0.6000000000000227,
"max_diff": 1.0999999999999943,
"mean": -0.2224999999999774,
"mean_diff": -0.01282051282051282,
"min": -1.599999999999966,
"min_diff": -1.5999999999999943,
"std": 0.4486019950914187,
"std_diff": 0.475113744642747
}
}
},
"ZOE_VEH_INFO": {
"message_count": 1956,
"message_freq": 99.79827584702637,
"timespan": 19.599537,
"var_stats": {
"FL_wheel_speed": {
"max": 276.8463,
"max_diff": 3.961500000000001,
"mean": 252.1173259202454,
"mean_diff": -0.012563324808184137,
"min": 191.1528,
"min_diff": -5.1708000000000425,
"std": 22.252483887561493,
"std_diff": 0.7455834708332391
},
"FR_wheel_speed": {
"max": 276.4293,
"max_diff": 4.0031999999999925,
"mean": 251.76916503067486,
"mean_diff": -0.011240869565217403,
"min": 190.9026,
"min_diff": -4.461900000000014,
"std": 22.133160756186783,
"std_diff": 0.662136888175414
},
"RL_wheel_speed": {
"max": 275.9706,
"max_diff": 7.714499999999987,
"mean": 251.25927806748467,
"mean_diff": -0.011966086956521738,
"min": 189.735,
"min_diff": -4.878899999999987,
"std": 22.245022999945235,
"std_diff": 0.8302685234944541
},
"RR_wheel_speed": {
"max": 276.4293,
"max_diff": 4.670400000000001,
"mean": 251.2655458588957,
"mean_diff": -0.011838107416879804,
"min": 190.9026,
"min_diff": -4.920600000000007,
"std": 22.149471137118542,
"std_diff": 0.8080854311243307
},
"left_solar": {
"max": 0,
"max_diff": 0.0,
"mean": 0.0,
"mean_diff": 0.0,
"min": 0,
"min_diff": 0.0,
"std": 0.0,
"std_diff": 0.0
},
"longitudinal_accel": {
"max": 1.450000000000001,
"max_diff": 0.6500000000000004,
"mean": 0.005495910020450581,
"mean_diff": -0.00033248081841432244,
"min": -0.9000000000000004,
"min_diff": -0.5500000000000007,
"std": 0.44198347955556105,
"std_diff": 0.09589338679188691
},
"meanEffTorque": {
"max": 77.0,
"max_diff": 3.0,
"mean": 3.8353783231083844,
"mean_diff": -0.02071611253196931,
"min": -36.5,
"min_diff": -2.5,
"std": 24.9121256419033,
"std_diff": 0.5851578567889777
},
"odom": {
"max": 124,
"max_diff": 88.0,
"mean": 70.50715746421268,
"mean_diff": -0.01432225063938619,
"min": 4,