{
"MS_IMU": {
"message_count": 1985,
"message_freq": 99.74917980797201,
"timespan": 19.899913,
"var_stats": {
"linear_accel": {
"max": 10.91707706451416,
"max_diff": 10.686567574739456,
"mean": 3.138806011501647,
"mean_diff": 5.154210974848583,
"min": -2.502163887023926,
"min_diff": -1.064755380153656,
"std": 4.732791379834173,
"std_diff": 4.463645088652789
},
"q": {
"max": 0.9809651374816895,
"max_diff": 1.0032000299543142,
"mean": 0.16397087657812875,
"mean_diff": 0.4048129773210018,
"min": -0.7336682081222534,
"min_diff": 0.001248929649591446,
"std": 0.47234898974635064,
"std_diff": 0.4118383167884578
},
"rotation_rate": {
"max": 0.39201438426971436,
"max_diff": 0.3915330693125725,
"mean": 0.02015153738382109,
"mean_diff": 0.030070143891008462,
"min": -0.09526233375072479,
"min_diff": -0.08999793604016304,
"std": 0.07772352352758582,
"std_diff": 0.09476604034039195
},
"utime": {
"max": 1538984508451781,
"max_diff": 24998.0,
"mean": 1538984498495800.2,
"mean_diff": 10030.198084677419,
"min": 1538984488551868,
"min_diff": 2951.0,
"std": 5749199.727797471,
"std_diff": 4284.580617295607
}
}
},
"POSE": {
"message_count": 991,
"message_freq": 49.80194555245257,
"timespan": 19.898821,
"var_stats": {
"accel": {
"max": 10.275739793460788,
"max_diff": 10.493605686211076,
"mean": 3.133622975868879,
"mean_diff": 5.157242465480381,
"min": -2.3011655913652396,
"min_diff": -0.933642726318736,
"std": 4.733288344374644,
"std_diff": 4.461631853189317
},
"orientation": {
"max": 0.9999993752639171,
"max_diff": 0.047893839091757075,
"mean": 0.09473267266513465,
"mean_diff": -0.44755472578989114,
"min": -0.5522707720973945,
"min_diff": -0.9999993752639171,
"std": 0.49094370423676936,
"std_diff": 0.36473017527546125
},
"pos": {
"max": 1329.0044835293743,
"max_diff": -51.58345303496708,
"mean": 848.5097686706855,
"mean_diff": -657.7571487361828,
"min": 0.0,
"min_diff": -1253.19414797312,
"std": 601.0257355517242,
"std_diff": 572.356053091238
},
"rotation_rate": {
"max": 0.39201438426971436,
"max_diff": 0.3915330693125725,
"mean": 0.020157068259208044,
"mean_diff": 0.030068318693693426,
"min": -0.09526233375072479,
"min_diff": -0.08771107904613018,
"std": 0.07767031932500355,
"std_diff": 0.09465936634716665
},
"utime": {
"max": 1538984508456921,
"max_diff": 40686.0,
"mean": 1538984498496952.2,
"mean_diff": 20099.819191919192,
"min": 1538984488558100,
"min_diff": 14438.0,
"std": 5742606.782854729,
"std_diff": 1535.7398738841584
},
"vel": {
"max": 5.742711624723266,
"max_diff": 0.0,
"mean": 0.7630450847785897,
"mean_diff": -1.1445676271678846,
"min": 0.0,
"min_diff": -5.742711624723266,
"std": 1.5219781586325754,
"std_diff": 1.7429710043423938
}
}
},
"SteerAngleFeedback": {
"message_count": 1971,
"message_freq": 99.0702724894922,
"timespan": 19.894969,
"var_stats": {
"utime": {
"max": 1538984508450962,
"max_diff": 30674.0,
"mean": 1538984498459153.2,
"mean_diff": 10098.969035532995,
"min": 1538984488555993,
"min_diff": 3427.0,
"std": 5741925.075129539,
"std_diff": 1240.0673047705914
},
"value": {
"max": 4.67573706609281,
"max_diff": 0.047123889803851515,
"mean": 0.7399053727727898,
"mean_diff": 0.0002852771670772482,
"min": -0.17976891295541117,
"min_diff": -0.040142572795872855,
"std": 1.5234352390328305,
"std_diff": 0.010111643263346381
}
}
},
"VEHICLE_MONITOR": {
"message_count": 41,
"message_freq": 2.0500410008200163,
"timespan": 19.9996,
"var_stats": null
},
"ZOE_VEH_INFO": {
"message_count": 1982,
"message_freq": 99.55220594026305,
"timespan": 19.909152,
"var_stats": {
"FL_wheel_speed": {
"max": 181.9788,
"max_diff": 4.2117,
"mean": 70.38415080726539,
"mean_diff": -0.024312720848056524,
"min": 0.0,
"min_diff": -3.5028,
"std": 57.55170497378837,
"std_diff": 0.4056961881282646
},
"FR_wheel_speed": {
"max": 181.7703,
"max_diff": 3.9615,
"mean": 73.1125552976791,
"mean_diff": -0.022881322564361435,
"min": 0.0,
"min_diff": -3.5028,
"std": 59.07652063777973,
"std_diff": 0.39657442731506265
},
"RL_wheel_speed": {
"max": 181.7703,
"max_diff": 5.1291,
"mean": 69.67274712411705,
"mean_diff": -0.026333518425037856,
"min": 0.0,
"min_diff": -4.211699999999993,
"std": 57.331555178435124,
"std_diff": 0.41606749011710276
},
"RR_wheel_speed": {
"max": 181.9788,
"max_diff": 4.9206,
"mean": 72.54508183652877,
"mean_diff": -0.02500737001514387,
"min": 0.0,
"min_diff": -3.5028,
"std": 58.786470828540274,
"std_diff": 0.3942045369823702
},
"left_solar": {
"max": 0,
"max_diff": 0.0,
"mean": 0.0,
"mean_diff": 0.0,
"min": 0,
"min_diff": 0.0,
"std": 0.0,
"std_diff": 0.0
},
"longitudinal_accel": {
"max": 1.1500000000000004,
"max_diff": 0.25,
"mean": -0.4688950554994949,
"mean_diff": 0.0008581524482584559,
"min": -2.3499999999999996,
"min_diff": -0.25,
"std": 0.8100076864790658,
"std_diff": 0.03951715862462453
},
"meanEffTorque": {
"max": 62.5,
"max_diff": 2.5,
"mean": -7.983097880928355,
"mean_diff": 0.039121655729429584,
"min": -82.5,
"min_diff": -2.0,
"std": 41.05930946734151,
"std_diff": 0.32420295747887007
},
"odom": {
"max": 120,
"max_diff": 60.0,
"mean": 67.51564076690212,
"mean_diff": -0.02624936900555275,
"min": 0,
"min_diff": -112.0,
"std": 30.86364510014856,
"std_diff": 13.798847610305874
},
"odom_speed": {
"max": 20.0,
"max_diff": 1.0,
"mean": 7.879919273461151,
"mean_diff": -0.003028773346794548,
"min": 0.0,
"min_diff": -1.0,
"std": 6.554260859338156,
"std_diff": 0.13097280441825646
},
"pedal_cc": {
"max": 244.0,
"max_diff": 19.0,
"mean": 41.281029263370336,
"mean_diff": 0.12317011610297829,
"min": 0.0,
"min_diff": -14.0,
"std": 72.28363960357284,
"std_diff": 1.551724137833403
},
"regen": {
"max": 54.0,
"max_diff": 1.0,
"mean": 14.806760847628658,
"mean_diff": -0.024734982332155476,
"min": 0.0,
"min_diff": -2.0,
"std": 21.260303365546704,
"std_diff": 0.24794764418787327
},
"requestedTorqueAfterProc": {
"max": -272.5,
"max_diff": 8.0,
"mean": -348.21770938446014,
"mean_diff": -0.024230186774356385,
"min": -398.5,
"min_diff": -126.0,
"std": 43.132772678214145,
"std_diff": 2.9005332023035417
},
"right_solar": {
"max": 0,
"max_diff": 0.0,
"mean": 0.0,
"mean_diff": 0.0,
"min": 0,
"min_diff": 0.0,
"std": 0.0,
"std_diff": 0.0
},
"steer_corrected": {
"max": 267.9000000000001,
"max_diff": 2.700000000000273,
"mean": 42.999091826438146,
"mean_diff": 0.01625441696113088,
"min": -10.299999999999727,
"min_diff": -2.300000000000182,
"std": 87.713034820829,
"std_diff": 0.5726196732066451
},
"steer_offset_can": {
"max": -13.300000000000182,
"max_diff": 0.0,
"mean": -13.300000000000184,
"mean_diff": 0.0,
"min": -13.300000000000182,
"min_diff": 0.0,
"std": 1.7763568394002505e-15,
"std_diff": 0.0
},
"steer_raw": {
"max": 254.5999999999999,
"max_diff": 2.700000000000273,
"mean": 29.699091826437954,
"mean_diff": 0.01625441696113088,
"min": -23.59999999999991,
"min_diff": -2.300000000000182,
"std": 87.713034820829,
"std_diff": 0.5726196732066451
},
"transversal_accel": {
"max": -0.3120000000000118,
"max_diff": 0.02400000000000091,
"mean": -0.4830070635721475,
"mean_diff": 5.0479555779906264e-05,
"min": -0.568000000000012,
"min_diff": -0.027999999999991587,
"std": 0.060330463565775976,
"std_diff": 0.003794503852593612
},
"utime": {
"max": 1538984508458143,
"max_diff": 28454.0,
"mean": 1538984498500117.8,
"mean_diff": 10050.051489146896,
"min": 1538984488548991,
"min_diff": 2.0,
"std": 5746993.777516793,
"std_diff": 1702.6476336979288
}
}
},
"ZoeSensors": {
"message_count": 19177,
"message_freq": 963.5558622980845,
"timespan": 19.902323,
"var_stats": {
"brake_sensor": {
"max": 0.3771243989467621,
"max_diff": 0.00048163533210754395,
"mean": 0.2765143181560074,
"mean_diff": -3.2520610924606577e-06,
"min": 0.1818113923072815,
"min_diff": -0.000955432653427124,
"std": 0.07712237663314518,
"std_diff": 6.54776703980649e-05
},
"steering_sensor": {
"max": 0.19038954377174377,
"max_diff": 0.0004096180200576782,
"mean": 0.18876668531345664,
"mean_diff": -8.010850581319122e-09,
"min": 0.18759305775165558,
"min_diff": -0.0005632340908050537,
"std": 0.00041086016385446795,
"std_diff": 7.071517878224224e-05
},