{
"MS_IMU": {
"message_count": 1925,
"message_freq": 99.93088416666,
"timespan": 19.263314,
"var_stats": {
"linear_accel": {
"max": 13.714117050170898,
"max_diff": 14.173626095056534,
"mean": 3.134846693920133,
"mean_diff": 5.0168340775062665,
"min": -2.2690608501434326,
"min_diff": -2.2155792713165283,
"std": 4.714695352551068,
"std_diff": 4.856111189027359
},
"q": {
"max": 0.07116127759218216,
"max_diff": 0.49027951061725616,
"mean": -0.3204267311427994,
"mean_diff": -0.17464347027338945,
"min": -0.9722335934638977,
"min_diff": -0.9768009246326983,
"std": 0.3838316386258034,
"std_diff": 0.5562733185320745
},
"rotation_rate": {
"max": 0.4132033884525299,
"max_diff": 0.43593229725956917,
"mean": 0.004707491983306856,
"mean_diff": 0.009616003789746004,
"min": -0.2541113495826721,
"min_diff": -0.3468916788697243,
"std": 0.04812114475201055,
"std_diff": 0.07521917437642693
},
"utime": {
"max": 1532662821220260,
"max_diff": 28001.0,
"mean": 1532662811580691.0,
"mean_diff": 10012.117463617464,
"min": 1532662801956946,
"min_diff": 1933.0,
"std": 5559251.361524983,
"std_diff": 5450.071733942703
}
}
},
"POSE": {
"message_count": 963,
"message_freq": 50.00061267625086,
"timespan": 19.259764,
"var_stats": {
"accel": {
"max": 12.12625962410577,
"max_diff": 12.337163289614548,
"mean": 3.134638869250651,
"mean_diff": 5.017503737796471,
"min": -1.4500706001746078,
"min_diff": -1.6604065811116777,
"std": 4.699945676681143,
"std_diff": 4.831160411281435
},
"orientation": {
"max": 0.5281584970436197,
"max_diff": 0.0,
"mean": -0.13739831673608102,
"mean_diff": -0.43322737162929464,
"min": -0.9517793927972771,
"min_diff": -0.9517793927972771,
"std": 0.4807511857063813,
"std_diff": 0.3816377573098688
},
"pos": {
"max": 1772.9459971341512,
"max_diff": 1196.1240782261584,
"mean": 774.9862558247122,
"mean_diff": -283.08732583985324,
"min": 0.0,
"min_diff": -1772.9459971341512,
"std": 733.1407870479887,
"std_diff": 1475.7302539711611
},
"rotation_rate": {
"max": 0.4132033884525299,
"max_diff": 0.43593229725956917,
"mean": 0.004698651601094341,
"mean_diff": 0.009721646059379216,
"min": -0.2541113495826721,
"min_diff": -0.3468916788697243,
"std": 0.048163896407198814,
"std_diff": 0.07531900584767356
},
"utime": {
"max": 1532662821210036,
"max_diff": 39788.0,
"mean": 1532662811588424.5,
"mean_diff": 20020.544698544698,
"min": 1532662801950272,
"min_diff": 16608.0,
"std": 5562475.634023532,
"std_diff": 809.5043930375884
},
"vel": {
"max": 6.0451730182125925,
"max_diff": 0.0,
"mean": 1.1063696296062733,
"mean_diff": -1.6595544444094104,
"min": 0.0,
"min_diff": -6.0451730182125925,
"std": 1.9763739355938763,
"std_diff": 2.222845154741081
}
}
},
"SteerAngleFeedback": {
"message_count": 1894,
"message_freq": 98.41689615453386,
"timespan": 19.244663,
"var_stats": {
"utime": {
"max": 1532662821202582,
"max_diff": 30692.0,
"mean": 1532662811556003.5,
"mean_diff": 10166.224511357634,
"min": 1532662801957919,
"min_diff": 4908.0,
"std": 5549508.9297125405,
"std_diff": 1486.9893840239877
},
"value": {
"max": 0.6335545184739448,
"max_diff": 0.024434609527922202,
"mean": -0.15687137269482515,
"mean_diff": 0.0009865305333512588,
"min": -1.3770647798235276,
"min_diff": -0.015707963267950598,
"std": 0.6575670915792906,
"std_diff": 0.003674632492329192
}
}
},
"VEHICLE_MONITOR": {
"message_count": 39,
"message_freq": 2.0526326592803468,
"timespan": 18.99999,
"var_stats": {
"available_distance": {
"max": 114,
"max_diff": 0.0,
"mean": 114.0,
"mean_diff": 0.0,
"min": 114,
"min_diff": 0.0,
"std": 0.0,
"std_diff": 0.0
},
"battery_level": {
"max": 95,
"max_diff": 0.0,
"mean": 95.0,
"mean_diff": 0.0,
"min": 95,
"min_diff": 0.0,
"std": 0.0,
"std_diff": 0.0
},
"brake": {
"max": 12,
"max_diff": 6.0,
"mean": 1.4871794871794872,
"mean_diff": -0.3157894736842105,
"min": 0,
"min_diff": -11.0,
"std": 3.2095354314500204,
"std_diff": 2.6268378344142698
},
"brake_switch": {
"max": 4,
"max_diff": 3.0,
"mean": 2.3846153846153846,
"mean_diff": 0.0,
"min": 1,
"min_diff": -3.0,
"std": 1.4955555457864291,
"std_diff": 1.538967528127731
},
"gear_position": {
"max": 7,
"max_diff": 0.0,
"mean": 7.0,
"mean_diff": 0.0,
"min": 7,
"min_diff": 0.0,
"std": 0.0,
"std_diff": 0.0
},
"left_signal": {
"max": 0,
"max_diff": 0.0,
"mean": 0.0,
"mean_diff": 0.0,
"min": 0,
"min_diff": 0.0,
"std": 0.0,
"std_diff": 0.0
},
"rear_left_rpm": {
"max": 189.0261,
"max_diff": 25.019999999999996,
"mean": 106.9433923076923,
"mean_diff": 4.56176052631579,
"min": 0.0,
"min_diff": -13.093799999999987,
"std": 65.12732736735445,
"std_diff": 8.324251828449318
},
"rear_right_rpm": {
"max": 189.735,
"max_diff": 28.73129999999999,
"mean": 107.69506153846153,
"mean_diff": 4.6418684210526315,
"min": 0.0,
"min_diff": -13.052099999999996,
"std": 66.44512437233206,
"std_diff": 8.196173846153535
},
"right_signal": {
"max": 0,
"max_diff": 0.0,
"mean": 0.0,
"mean_diff": 0.0,
"min": 0,
"min_diff": 0.0,
"std": 0.0,
"std_diff": 0.0
},
"steering": {
"max": 36.20000000000027,
"max_diff": 16.600000000000364,
"mean": -8.105128205128086,
"mean_diff": 2.8157894736842106,
"min": -78.79999999999973,
"min_diff": -9.299999999999727,
"std": 37.427652938312114,
"std_diff": 5.291379599021614
},
"steering_speed": {
"max": 81.60000000000055,
"max_diff": 131.5,
"mean": 5.63333333333358,
"mean_diff": 0.0,
"min": -81.69999999999963,
"min_diff": -97.59999999999991,
"std": 23.072953789690615,
"std_diff": 33.21477160288147
},
"throttle": {
"max": 252,
"max_diff": 124.0,
"mean": 20.102564102564102,
"mean_diff": 0.0,
"min": 0,
"min_diff": -164.0,
"std": 62.02555092689104,
"std_diff": 41.33814346657525
},
"utime": {
"max": 1532662821306403,
"max_diff": 500948.0,
"mean": 1532662811806504.8,
"mean_diff": 499999.7368421053,
"min": 1532662802306413,
"min_diff": 499132.0,
"std": 5627324.94075505,
"std_diff": 453.519145084801
},
"vehicle_speed": {
"max": 21.37,
"max_diff": 2.9800000000000004,
"mean": 12.167435897435897,
"mean_diff": 0.5239473684210526,
"min": 0.0,
"min_diff": -1.1799999999999997,
"std": 7.4845241076294045,
"std_diff": 0.8913223159520509
},
"yaw_rate": {
"max": 4.400000000000034,
"max_diff": 2.0,
"mean": 0.7435897435897676,
"mean_diff": 0.08684210526315744,
"min": -2.6999999999999886,
"min_diff": -1.5999999999999943,
"std": 2.185006585895712,
"std_diff": 0.7567837251475492
}
}
},
"ZOE_VEH_INFO": {
"message_count": 1918,
"message_freq": 99.63857897723648,
"timespan": 19.249572,
"var_stats": {
"FL_wheel_speed": {
"max": 192.27870000000001,
"max_diff": 8.631900000000002,
"mean": 105.1190688738269,
"mean_diff": 0.0898170579029734,
"min": 0.0,
"min_diff": -6.2967000000000155,
"std": 65.21090560521634,
"std_diff": 0.9454531312976581
},
"FR_wheel_speed": {
"max": 194.1552,
"max_diff": 7.9646999999999935,
"mean": 105.55744066736185,
"mean_diff": 0.09153552425665101,
"min": 0.0,
"min_diff": -8.423400000000015,
"std": 66.581021037094,
"std_diff": 0.9336570435813715
},
"RL_wheel_speed": {
"max": 199.326,
"max_diff": 13.760999999999996,
"mean": 105.04817017726798,
"mean_diff": 0.0905566510172144,
"min": 0.0,
"min_diff": -10.29989999999998,
"std": 65.25392565372711,
"std_diff": 1.0250640420385886
},
"RR_wheel_speed": {
"max": 200.2434,
"max_diff": 8.381700000000023,
"mean": 105.80237924921794,
"mean_diff": 0.09190532081377152,
"min": 0.0,
"min_diff": -8.840400000000017,
"std": 66.80623228548404,
"std_diff": 1.0292731959325827
},
"left_solar": {
"max": 0,
"max_diff": 0.0,
"mean": 0.0,
"mean_diff": 0.0,
"min": 0,
"min_diff": 0.0,
"std": 0.0,
"std_diff": 0.0
},
"longitudinal_accel": {
"max": 1.450000000000001,
"max_diff": 1.0999999999999996,
"mean": -0.2287539103232528,
"mean_diff": -0.00010432968179447108,
"min": -2.1499999999999995,
"min_diff": -1.1999999999999993,
"std": 0.6052286608646772,
"std_diff": 0.12221862094722234
},
"meanEffTorque": {
"max": 83.0,
"max_diff": 5.5,
"mean": -4.679353493222107,
"mean_diff": -0.020865936358894107,
"min": -52.0,
"min_diff": -3.5,
"std": 32.02942226638859,
"std_diff": 0.5886092121828209
},
"odom": {
"max": 120,
"max_diff": 60.0,
"mean": 65.04483837330552,