{
"MS_IMU": {
"message_count": 1969,
"message_freq": 99.70135166474421,
"timespan": 19.74898,
"var_stats": {
"linear_accel": {
"max": 15.127215385437012,
"max_diff": 15.29103009402752,
"mean": 3.121572992416105,
"mean_diff": 5.134037969616407,
"min": -3.066901683807373,
"min_diff": -2.1609033346176147,
"std": 4.755684441907223,
"std_diff": 4.654826609921993
},
"q": {
"max": 0.3551829159259796,
"max_diff": 0.9369393714005128,
"mean": -0.15557480580817423,
"mean_diff": 0.4280661036868537,
"min": -0.9410023093223572,
"min_diff": -0.019415409304201603,
"std": 0.4751804888068667,
"std_diff": 0.384499030925598
},
"rotation_rate": {
"max": 0.20346491038799286,
"max_diff": 0.28399079793598503,
"mean": 0.00032772255249878784,
"mean_diff": -0.00030487813047702135,
"min": -0.28505051136016846,
"min_diff": -0.2807778208516538,
"std": 0.030993347847178693,
"std_diff": 0.04876067970808149
},
"utime": {
"max": 1535730420649506,
"max_diff": 32971.0,
"mean": 1535730410779010.5,
"mean_diff": 10035.05081300813,
"min": 1535730400900526,
"min_diff": 2018.0,
"std": 5695917.58259558,
"std_diff": 4885.304900514939
}
}
},
"POSE": {
"message_count": 983,
"message_freq": 49.747351269842895,
"timespan": 19.759846,
"var_stats": {
"accel": {
"max": 12.514993460225915,
"max_diff": 12.565051381629765,
"mean": 3.1233708732908796,
"mean_diff": 5.129924031607745,
"min": -1.218940421952654,
"min_diff": -0.4478564511370804,
"std": 4.724433686279325,
"std_diff": 4.60975769203608
},
"orientation": {
"max": 0.911032182823051,
"max_diff": 0.4329372809573776,
"mean": 0.3319985761873917,
"mean_diff": -0.16205565825031498,
"min": 0.0,
"min_diff": -0.911032182823051,
"std": 0.37386755062394045,
"std_diff": 0.5541401419879185
},
"pos": {
"max": 1427.5290058447613,
"max_diff": -229.38342788275077,
"mean": 844.411884896491,
"mean_diff": -692.3787533074138,
"min": 0.0,
"min_diff": -1198.1455779620105,
"std": 605.2180068107431,
"std_diff": 456.55374207453195
},
"rotation_rate": {
"max": 0.20346491038799286,
"max_diff": 0.27655717136804014,
"mean": 0.0004698267977877328,
"mean_diff": -0.0004124123676831517,
"min": -0.27554962038993835,
"min_diff": -0.27452085609547794,
"std": 0.031049382899980136,
"std_diff": 0.04883959980114745
},
"utime": {
"max": 1535730420657844,
"max_diff": 40840.0,
"mean": 1535730410760450.8,
"mean_diff": 20122.042769857435,
"min": 1535730400897998,
"min_diff": 15767.0,
"std": 5712686.782247313,
"std_diff": 1665.7556654776665
},
"vel": {
"max": 7.345696791087034,
"max_diff": 0.0,
"mean": 2.18651689439351,
"mean_diff": -3.279775341590265,
"min": 0.0,
"min_diff": -7.345696791087034,
"std": 3.1054418508555237,
"std_diff": 3.298486249246204
}
}
},
"SteerAngleFeedback": {
"message_count": 1924,
"message_freq": 97.40092417479802,
"timespan": 19.753406,
"var_stats": {
"utime": {
"max": 1535730420656810,
"max_diff": 30652.0,
"mean": 1535730410769219.0,
"mean_diff": 10272.182007280291,
"min": 1535730400903404,
"min_diff": 3257.0,
"std": 5717830.5366474865,
"std_diff": 1791.9546958503033
},
"value": {
"max": 0.10828238913561758,
"max_diff": 0.008726646259971646,
"mean": 0.0018109548134622939,
"mean_diff": 1.9059757822090137e-05,
"min": -0.09417580409572304,
"min_diff": -0.006981317007970972,
"std": 0.04349652904441121,
"std_diff": 0.0014573537274851012
}
}
},
"VEHICLE_MONITOR": {
"message_count": 39,
"message_freq": 2.000121956154147,
"timespan": 19.498811,
"var_stats": null
},
"ZOE_VEH_INFO": {
"message_count": 1963,
"message_freq": 99.40185201398634,
"timespan": 19.748123,
"var_stats": {
"FL_wheel_speed": {
"max": 233.4366,
"max_diff": 10.967100000000016,
"mean": 207.09696388181356,
"mean_diff": -0.013942507645259937,
"min": 171.9708,
"min_diff": -11.467500000000001,
"std": 15.93229125783155,
"std_diff": 1.3051519019694635
},
"FR_wheel_speed": {
"max": 233.8953,
"max_diff": 12.176400000000001,
"mean": 207.15854732552216,
"mean_diff": -0.014643883792048932,
"min": 171.9708,
"min_diff": -14.261400000000009,
"std": 15.758039453994563,
"std_diff": 1.2502739862726304
},
"RL_wheel_speed": {
"max": 233.4366,
"max_diff": 14.970300000000009,
"mean": 206.9138705043301,
"mean_diff": -0.015834097859327226,
"min": 171.7206,
"min_diff": -18.890100000000018,
"std": 15.909864188569545,
"std_diff": 1.2614578420472142
},
"RR_wheel_speed": {
"max": 238.31550000000001,
"max_diff": 7.923000000000002,
"mean": 210.8623060621498,
"mean_diff": -0.013836238532110096,
"min": 174.5145,
"min_diff": -10.71690000000001,
"std": 16.003069980433885,
"std_diff": 1.0151204745325593
},
"left_solar": {
"max": 32,
"max_diff": 144.0,
"mean": -9.715741212429954,
"mean_diff": 0.0,
"min": -112,
"min_diff": -144.0,
"std": 33.454810448239414,
"std_diff": 10.71548461813217
},
"longitudinal_accel": {
"max": 0.5500000000000007,
"max_diff": 2.1000000000000014,
"mean": -0.4922058074375949,
"mean_diff": -0.0005096839959225281,
"min": -2.3,
"min_diff": -1.8500000000000005,
"std": 0.38058843148368704,
"std_diff": 0.17108738149862224
},
"meanEffTorque": {
"max": 25.5,
"max_diff": 3.0,
"mean": -17.673458991339785,
"mean_diff": -0.027013251783893986,
"min": -60.0,
"min_diff": -2.5,
"std": 16.626637589760513,
"std_diff": 0.36721414344146985
},
"odom": {
"max": 120,
"max_diff": 76.0,
"mean": 61.48955680081508,
"mean_diff": 0.0020387359836901123,
"min": 0,
"min_diff": -68.0,
"std": 34.96162320683142,
"std_diff": 18.917277830931393
},
"odom_speed": {
"max": 26.0,
"max_diff": 1.0,
"mean": 23.1395822720326,
"mean_diff": -0.0015290519877675841,
"min": 19.0,
"min_diff": -1.0,
"std": 1.8399753117824595,
"std_diff": 0.11287055372452953
},
"pedal_cc": {
"max": 173.0,
"max_diff": 26.0,
"mean": 31.627101375445747,
"mean_diff": -0.08817533129459736,
"min": 0.0,
"min_diff": -25.0,
"std": 46.4108490213302,
"std_diff": 2.0275555435057844
},
"regen": {
"max": 56.0,
"max_diff": 1.0,
"mean": 33.60061130922058,
"mean_diff": 0.02803261977573904,
"min": 0.0,
"min_diff": -6.0,
"std": 20.77192057303869,
"std_diff": 0.5339914736595024
},
"requestedTorqueAfterProc": {
"max": -272.5,
"max_diff": 126.0,
"mean": -318.26974019358124,
"mean_diff": 0.03848114169215087,
"min": -398.5,
"min_diff": -126.0,
"std": 48.75899500367564,
"std_diff": 8.433400559189884
},
"right_solar": {
"max": 100,
"max_diff": 206.0,
"mean": 67.51197147223637,
"mean_diff": -0.0509683995922528,
"min": -106,
"min_diff": -206.0,
"std": 62.27374725257372,
"std_diff": 10.339272811132206
},
"steer_corrected": {
"max": 6.204123893064126,
"max_diff": 0.5,
"mean": 0.10926907900400426,
"mean_diff": 0.0010703363914372625,
"min": -5.395876106935783,
"min_diff": -0.3000000000001819,
"std": 2.491280569509857,
"std_diff": 0.08210952226181553
},
"steer_offset_can": {
"max": -12.300000000000182,
"max_diff": 0.0,
"mean": -12.300000000000182,
"mean_diff": 0.0,
"min": -12.300000000000182,
"min_diff": 0.0,
"std": 0.0,
"std_diff": 0.0
},
"steer_raw": {
"max": -5.5,
"max_diff": 0.5,
"mean": -11.594854814060122,
"mean_diff": 0.0010703363914372625,
"min": -17.09999999999991,
"min_diff": -0.3000000000001819,
"std": 2.491280569509857,
"std_diff": 0.08210952226181553
},
"transversal_accel": {
"max": -0.3919999999999959,
"max_diff": 0.07200000000000273,
"mean": -0.48970759042281936,
"mean_diff": -3.058103975535284e-05,
"min": -0.5800000000000125,
"min_diff": -0.0759999999999934,
"std": 0.020476694963519067,
"std_diff": 0.011783602809717582
},
"utime": {
"max": 1535730420649557,
"max_diff": 20778.0,
"mean": 1535730410754210.2,
"mean_diff": 10065.302242609581,
"min": 1535730400901434,
"min_diff": 2.0,
"std": 5705624.593075275,
"std_diff": 1754.8350334963113
}
}
},
"ZoeSensors": {
"message_count": 18845,
"message_freq": 954.0614235325465,
"timespan": 19.752397,
"var_stats": {
"brake_sensor": {
"max": 0.30529531836509705,
"max_diff": 0.0011010169982910156,
"mean": 0.20923364007621648,
"mean_diff": 1.3538998634894672e-06,
"min": 0.184810608625412,
"min_diff": -0.0030159950256347656,
"std": 0.044395695323166645,
"std_diff": 0.00012098889416102231
},
"steering_sensor": {
"max": 0.21977628767490387,