{
"MS_IMU": {
"message_count": 1905,
"message_freq": 99.73759849349631,
"timespan": 19.100119,
"var_stats": {
"linear_accel": {
"max": 10.986555099487305,
"max_diff": 12.078644156455994,
"mean": 3.2039940902043926,
"mean_diff": 4.725297641250303,
"min": -1.8233168125152588,
"min_diff": -3.2970547676086426,
"std": 4.674973256201402,
"std_diff": 5.559047283936884
},
"q": {
"max": 0.9994365572929382,
"max_diff": 0.3757374733686447,
"mean": 0.2944655196112476,
"mean_diff": -0.24735080385719177,
"min": -0.02123028039932251,
"min_diff": -1.0168399345129728,
"std": 0.4040916659158366,
"std_diff": 0.5291072059712465
},
"rotation_rate": {
"max": 0.160047709941864,
"max_diff": 0.17385120131075382,
"mean": -0.011862709955220964,
"mean_diff": -0.01767827644566882,
"min": -0.10850606858730316,
"min_diff": -0.1295272260904312,
"std": 0.04350489181387628,
"std_diff": 0.05425875855814209
},
"utime": {
"max": 1532506858053743,
"max_diff": 29001.0,
"mean": 1532506848491548.0,
"mean_diff": 10031.575105042017,
"min": 1532506838953624,
"min_diff": 2959.0,
"std": 5514814.720156521,
"std_diff": 3664.046246811167
}
}
},
"POSE": {
"message_count": 952,
"message_freq": 49.847136321288666,
"timespan": 19.098389,
"var_stats": {
"accel": {
"max": 10.21386822619699,
"max_diff": 11.261362963728349,
"mean": 3.203926543545596,
"mean_diff": 4.725932489262327,
"min": -1.3560280916886478,
"min_diff": -2.4205837924523603,
"std": 4.670004544297935,
"std_diff": 5.550830404655808
},
"orientation": {
"max": 0.9153147215772915,
"max_diff": 0.9153147215772915,
"mean": 0.3438360098720725,
"mean_diff": 0.10136984655985258,
"min": 0.0,
"min_diff": -0.6949173899134422,
"std": 0.3630107413221433,
"std_diff": 0.5683814630525571
},
"pos": {
"max": 1266.5577755628892,
"max_diff": 695.9585259352573,
"mean": 599.7377477993838,
"mean_diff": -294.20794803141825,
"min": 0.0,
"min_diff": -1266.5577755628892,
"std": 494.6308518230152,
"std_diff": 917.1289665330819
},
"rotation_rate": {
"max": 0.160047709941864,
"max_diff": 0.17385120131075382,
"mean": -0.011747775109315422,
"mean_diff": -0.017745321631088065,
"min": -0.1074507087469101,
"min_diff": -0.12729642167687416,
"std": 0.043531006970084586,
"std_diff": 0.054278124970046596
},
"utime": {
"max": 1532506858056320,
"max_diff": 42399.0,
"mean": 1532506848509234.2,
"mean_diff": 20082.42797055731,
"min": 1532506838957931,
"min_diff": 15702.0,
"std": 5525113.450710769,
"std_diff": 1408.788480568359
},
"vel": {
"max": 8.533353782817485,
"max_diff": 0.0,
"mean": 1.7890140543681172,
"mean_diff": -2.683521081552176,
"min": 0.0,
"min_diff": -8.533353782817485,
"std": 2.707405285773513,
"std_diff": 2.931661066205735
}
}
},
"SteerAngleFeedback": {
"message_count": 1868,
"message_freq": 97.8802583850187,
"timespan": 19.084543,
"var_stats": {
"utime": {
"max": 1532506858047784,
"max_diff": 30374.0,
"mean": 1532506848533300.8,
"mean_diff": 10222.036957686127,
"min": 1532506838963241,
"min_diff": 4367.0,
"std": 5525950.486488333,
"std_diff": 1707.7502979206772
},
"value": {
"max": 1.394518072343471,
"max_diff": 0.027925268031907757,
"mean": -0.237532023419035,
"mean_diff": -8.413477915341542e-06,
"min": -0.8377580409572782,
"min_diff": -0.05585053606382331,
"std": 0.5522534475946712,
"std_diff": 0.0064361719066139324
}
}
},
"VEHICLE_MONITOR": {
"message_count": 39,
"message_freq": 2.0526722002498574,
"timespan": 18.999624,
"var_stats": {
"available_distance": {
"max": 98,
"max_diff": 0.0,
"mean": 98.0,
"mean_diff": 0.0,
"min": 98,
"min_diff": 0.0,
"std": 0.0,
"std_diff": 0.0
},
"battery_level": {
"max": 88,
"max_diff": 0.0,
"mean": 88.0,
"mean_diff": 0.0,
"min": 88,
"min_diff": 0.0,
"std": 0.0,
"std_diff": 0.0
},
"brake": {
"max": 0,
"max_diff": 0.0,
"mean": 0.0,
"mean_diff": 0.0,
"min": 0,
"min_diff": 0.0,
"std": 0.0,
"std_diff": 0.0
},
"brake_switch": {
"max": 4,
"max_diff": 3.0,
"mean": 1.1538461538461537,
"mean_diff": 0.0,
"min": 1,
"min_diff": -3.0,
"std": 0.6617173282340483,
"std_diff": 0.6882472016116853
},
"gear_position": {
"max": 7,
"max_diff": 0.0,
"mean": 7.0,
"mean_diff": 0.0,
"min": 7,
"min_diff": 0.0,
"std": 0.0,
"std_diff": 0.0
},
"left_signal": {
"max": 1,
"max_diff": 1.0,
"mean": 0.02564102564102564,
"mean_diff": 0.0,
"min": 0,
"min_diff": -1.0,
"std": 0.15806189751202507,
"std_diff": 0.22941573387056177
},
"rear_left_rpm": {
"max": 270.5496,
"max_diff": 21.266999999999996,
"mean": 172.30440000000002,
"mean_diff": 2.7982894736842105,
"min": 106.54350000000001,
"min_diff": -13.802699999999987,
"std": 55.26349907066911,
"std_diff": 7.855838183052796
},
"rear_right_rpm": {
"max": 268.2144,
"max_diff": 20.057699999999983,
"mean": 170.5412384615384,
"mean_diff": 2.895955263157894,
"min": 103.99980000000001,
"min_diff": -11.676000000000002,
"std": 54.27180409958661,
"std_diff": 7.418417091681791
},
"right_signal": {
"max": 1,
"max_diff": 1.0,
"mean": 0.1282051282051282,
"mean_diff": 0.0,
"min": 0,
"min_diff": -1.0,
"std": 0.3343180720616743,
"std_diff": 0.39735970711951313
},
"steering": {
"max": 79.90000000000009,
"max_diff": 41.5,
"mean": -13.469230769230622,
"mean_diff": 0.16842105263158133,
"min": -47.899999999999636,
"min_diff": -45.90000000000009,
"std": 31.58100819947748,
"std_diff": 15.00154562673912
},
"steering_speed": {
"max": 123.50000000000018,
"max_diff": 129.5,
"mean": 0.010256410256675489,
"mean_diff": 0.26315789473684176,
"min": -129.49999999999983,
"min_diff": -119.59999999999991,
"std": 39.36753051575134,
"std_diff": 46.459503707686565
},
"throttle": {
"max": 320,
"max_diff": 108.0,
"mean": 115.23076923076923,
"mean_diff": 1.5789473684210527,
"min": 0,
"min_diff": -81.0,
"std": 83.46270825128461,
"std_diff": 39.15934490806516
},
"utime": {
"max": 1532506858285820,
"max_diff": 500965.0,
"mean": 1532506848786021.8,
"mean_diff": 499990.1052631579,
"min": 1532506839286196,
"min_diff": 498948.0,
"std": 5627344.5637838375,
"std_diff": 387.01120543234134
},
"vehicle_speed": {
"max": 30.68,
"max_diff": 2.3599999999999994,
"mean": 19.605897435897433,
"mean_diff": 0.32631578947368417,
"min": 12.15,
"min_diff": -1.5100000000000016,
"std": 6.198201028482426,
"std_diff": 0.8501406108237304
},
"yaw_rate": {
"max": 7.800000000000011,
"max_diff": 5.5,
"mean": -2.248717948717925,
"mean_diff": -0.015789473684210378,
"min": -6.199999999999989,
"min_diff": -5.900000000000006,
"std": 3.6465559300820147,
"std_diff": 1.7309149262729413
}
}
},
"ZOE_VEH_INFO": {
"message_count": 1903,
"message_freq": 99.66569830852697,
"timespan": 19.093831,
"var_stats": {
"FL_wheel_speed": {
"max": 273.5937,
"max_diff": 7.9646999999999935,
"mean": 170.74278649500786,
"mean_diff": 0.05698123028391169,
"min": 105.3759,
"min_diff": -6.0882000000000005,
"std": 54.051989304866105,
"std_diff": 0.8811015533217468
},
"FR_wheel_speed": {
"max": 269.1735,
"max_diff": 5.337599999999981,
"mean": 168.76231040462426,
"mean_diff": 0.05588501577287067,
"min": 103.0407,
"min_diff": -6.046500000000009,
"std": 52.79594204947553,
"std_diff": 0.8510907615692168
},
"RL_wheel_speed": {
"max": 272.2176,
"max_diff": 9.340800000000002,
"mean": 169.94982911192855,
"mean_diff": 0.055643848580441635,
"min": 104.4585,
"min_diff": -10.049700000000001,
"std": 53.84851160994171,
"std_diff": 1.078497052305311
},
"RR_wheel_speed": {
"max": 269.1735,
"max_diff": 6.505200000000002,
"mean": 168.21354892275355,
"mean_diff": 0.057748580441640385,
"min": 102.1233,
"min_diff": -6.2967000000000155,
"std": 52.620727009267206,
"std_diff": 1.017820292502176
},
"left_solar": {
"max": 32,
"max_diff": 112.0,
"mean": -2.4382553862322647,
"mean_diff": 0.0,
"min": -112,
"min_diff": -144.0,
"std": 16.26188873493708,
"std_diff": 5.588029868641416
},
"longitudinal_accel": {
"max": 1.8000000000000007,
"max_diff": 0.5,
"mean": 0.39012086179716304,
"mean_diff": -5.257623554153504e-05,
"min": -0.7999999999999989,
"min_diff": -0.6499999999999986,
"std": 0.5146330990040713,
"std_diff": 0.10236425635526998
},
"meanEffTorque": {
"max": 104.0,
"max_diff": 2.0,
"mean": 26.68759852863899,
"mean_diff": 0.0005257623554153522,
"min": -38.5,