{
"MS_IMU": {
"message_count": 1946,
"message_freq": 99.794124618349,
"timespan": 19.500146,
"var_stats": {
"linear_accel": {
"max": 10.080461502075195,
"max_diff": 10.46247285604477,
"mean": 3.114929004495998,
"mean_diff": 5.039130494550932,
"min": -2.0550551414489746,
"min_diff": -0.4032496064901352,
"std": 4.733302635348185,
"std_diff": 4.952455959236048
},
"q": {
"max": 0.7360976934432983,
"max_diff": 0.7487953593954444,
"mean": 0.011396794983978428,
"mean_diff": 0.47097540676655036,
"min": -0.6908528804779053,
"min_diff": -0.015328297391533852,
"std": 0.4998701152383686,
"std_diff": 0.342884037983469
},
"rotation_rate": {
"max": 0.015794208273291588,
"max_diff": 0.036441825330257416,
"mean": -0.0007346183544188893,
"mean_diff": -0.0009751449455383414,
"min": -0.046690963208675385,
"min_diff": -0.05668463744223118,
"std": 0.00470009526255061,
"std_diff": 0.005799533060979074
},
"utime": {
"max": 1537297152420503,
"max_diff": 25026.0,
"mean": 1537297142664055.8,
"mean_diff": 10025.782005141387,
"min": 1537297132920357,
"min_diff": 1930.0,
"std": 5635460.964576096,
"std_diff": 5286.555862388511
}
}
},
"POSE": {
"message_count": 974,
"message_freq": 49.950669867201995,
"timespan": 19.499238,
"var_stats": {
"accel": {
"max": 9.873032595976271,
"max_diff": 10.175352518534256,
"mean": 3.1130483799303983,
"mean_diff": 5.041397961021826,
"min": -1.9168568729159159,
"min_diff": -0.16582765157146195,
"std": 4.73412713745875,
"std_diff": 4.9492900729209595
},
"orientation": {
"max": 0.9998332809558425,
"max_diff": 0.0,
"mean": 0.24041786716321462,
"mean_diff": -0.34563486044770203,
"min": -0.03853666654892004,
"min_diff": -0.9998332809558425,
"std": 0.43840534799280323,
"std_diff": 0.4624606757083578
},
"pos": {
"max": 1391.7719471084633,
"max_diff": 248.27799462676603,
"mean": 845.7363783470354,
"mean_diff": -572.7591617656336,
"min": 0.0,
"min_diff": -1391.7719471084633,
"std": 606.4117340542878,
"std_diff": 818.9316807766184
},
"rotation_rate": {
"max": 0.015794208273291588,
"max_diff": 0.03304057661443949,
"mean": -0.0007354895380503898,
"mean_diff": -0.0010017840068069737,
"min": -0.04737678915262222,
"min_diff": -0.06058573164045811,
"std": 0.0046892695503386525,
"std_diff": 0.005938057713779442
},
"utime": {
"max": 1537297152417476,
"max_diff": 40135.0,
"mean": 1537297142667157.0,
"mean_diff": 20040.32682425488,
"min": 1537297132918238,
"min_diff": 12481.0,
"std": 5640336.717336384,
"std_diff": 1094.8914450923291
},
"vel": {
"max": 2.140228186642739,
"max_diff": 0.0,
"mean": 0.039227999555009274,
"mean_diff": -0.05884199933251391,
"min": 0.0,
"min_diff": -2.140228186642739,
"std": 0.2204371271650458,
"std_diff": 0.26783327572830085
}
}
},
"SteerAngleFeedback": {
"message_count": 1925,
"message_freq": 98.75428523059125,
"timespan": 19.492825,
"var_stats": {
"utime": {
"max": 1537297152399735,
"max_diff": 30873.0,
"mean": 1537297142656093.2,
"mean_diff": 10131.405925155925,
"min": 1537297132906910,
"min_diff": 4906.0,
"std": 5627786.60485514,
"std_diff": 1423.881242999035
},
"value": {
"max": -0.6771157742618307,
"max_diff": 0.006981317007978993,
"mean": -0.6922362189036535,
"mean_diff": 0.0001115777016607618,
"min": -0.8917912722571364,
"min_diff": -0.0017453292520006602,
"std": 0.03316905380981364,
"std_diff": 0.0008526009953326333
}
}
},
"VEHICLE_MONITOR": {
"message_count": 39,
"message_freq": 2.0001103650642467,
"timespan": 19.498924,
"var_stats": null
},
"ZOE_VEH_INFO": {
"message_count": 1944,
"message_freq": 99.69137723945346,
"timespan": 19.500182,
"var_stats": {
"FL_wheel_speed": {
"max": 65.4273,
"max_diff": 0.0,
"mean": 3.438212191358024,
"mean_diff": -0.03367334019557386,
"min": 0.0,
"min_diff": -3.5028,
"std": 10.8989993723992,
"std_diff": 0.1675174501614872
},
"FR_wheel_speed": {
"max": 63.0921,
"max_diff": 0.0,
"mean": 3.3347344135802466,
"mean_diff": -0.03247148739063304,
"min": 0.0,
"min_diff": -3.5028,
"std": 10.577338543070567,
"std_diff": 0.16567169461468367
},
"RL_wheel_speed": {
"max": 65.6358,
"max_diff": 0.0,
"mean": 3.367489506172839,
"mean_diff": -0.03378064848172929,
"min": 0.0,
"min_diff": -3.5028,
"std": 10.724280704532688,
"std_diff": 0.1693001167690831
},
"RR_wheel_speed": {
"max": 64.4682,
"max_diff": 0.0,
"mean": 3.3426067901234564,
"mean_diff": -0.03317972207925888,
"min": 0.0,
"min_diff": -3.5028,
"std": 10.650280540334336,
"std_diff": 0.167271178923726
},
"left_solar": {
"max": 0,
"max_diff": 0.0,
"mean": 0.0,
"mean_diff": 0.0,
"min": 0,
"min_diff": 0.0,
"std": 0.0,
"std_diff": 0.0
},
"longitudinal_accel": {
"max": 0.10000000000000142,
"max_diff": 0.1999999999999993,
"mean": -0.2636059670781881,
"mean_diff": 0.0005918682449819868,
"min": -2.05,
"min_diff": -0.10000000000000142,
"std": 0.32481208731073974,
"std_diff": 0.01893754602009288
},
"meanEffTorque": {
"max": 0.0,
"max_diff": 1.0,
"mean": -0.2811213991769547,
"mean_diff": 0.009264024704065878,
"min": -18.0,
"min_diff": 0.0,
"std": 1.7662556526532984,
"std_diff": 0.06930746148772714
},
"odom": {
"max": 112,
"max_diff": 20.0,
"mean": 70.02674897119341,
"mean_diff": -0.020586721564590838,
"min": 4,
"min_diff": -108.0,
"std": 11.598890633004883,
"std_diff": 3.4862553834493606
},
"odom_speed": {
"max": 7.0,
"max_diff": 0.0,
"mean": 0.3482510288065844,
"mean_diff": -0.003602676273803397,
"min": 0.0,
"min_diff": -1.0,
"std": 1.1831364063008878,
"std_diff": 0.05991408012704168
},
"pedal_cc": {
"max": 0.0,
"max_diff": 0.0,
"mean": 0.0,
"mean_diff": 0.0,
"min": 0.0,
"min_diff": 0.0,
"std": 0.0,
"std_diff": 0.0
},
"regen": {
"max": 12.0,
"max_diff": 0.0,
"mean": 0.147119341563786,
"mean_diff": -0.006176016469377252,
"min": 0.0,
"min_diff": -1.0,
"std": 1.1069189128318082,
"std_diff": 0.07834458047591572
},
"requestedTorqueAfterProc": {
"max": -382.5,
"max_diff": 2.0,
"mean": -382.5565843621399,
"mean_diff": 0.003088008234688626,
"min": -388.5,
"min_diff": 0.0,
"std": 0.49988461640093024,
"std_diff": 0.07852694234795944
},
"right_solar": {
"max": 0,
"max_diff": 0.0,
"mean": 0.0,
"mean_diff": 0.0,
"min": 0,
"min_diff": 0.0,
"std": 0.0,
"std_diff": 0.0
},
"steer_corrected": {
"max": -38.79587610693587,
"max_diff": 0.40000000000009095,
"mean": -39.667172403232165,
"mean_diff": 0.006330416881111777,
"min": -51.09587610693605,
"min_diff": -0.1000000000003638,
"std": 1.918503995011529,
"std_diff": 0.04872082640471433
},
"steer_offset_can": {
"max": -12.300000000000182,
"max_diff": 0.0,
"mean": -12.300000000000182,
"mean_diff": 0.0,
"min": -12.300000000000182,
"min_diff": 0.0,
"std": 0.0,
"std_diff": 0.0
},
"steer_raw": {
"max": -50.5,
"max_diff": 0.40000000000009095,
"mean": -51.37129629629629,
"mean_diff": 0.006330416881111777,
"min": -62.80000000000018,
"min_diff": -0.1000000000003638,
"std": 1.918503995011529,
"std_diff": 0.04872082640471433
},
"transversal_accel": {
"max": -0.4960000000000093,
"max_diff": 0.012000000000000455,
"mean": -0.5107777777777783,
"mean_diff": -6.1760164693774855e-06,
"min": -0.5480000000000018,
"min_diff": -0.012000000000000455,
"std": 0.004840246227114927,
"std_diff": 0.0021873079226375097
},
"utime": {
"max": 1537297152407174,
"max_diff": 22119.0,
"mean": 1537297142663064.2,
"mean_diff": 10036.120432321153,
"min": 1537297132906992,
"min_diff": 2.0,
"std": 5624455.907858994,
"std_diff": 1674.3506882938339
}
}
},
"ZoeSensors": {
"message_count": 18695,
"message_freq": 958.9079600183339,
"timespan": 19.496136,
"var_stats": {
"brake_sensor": {
"max": 0.381451278924942,
"max_diff": 0.00017690658569335938,
"mean": 0.370776880539876,
"mean_diff": 1.1419228363690102e-06,
"min": 0.33552539348602295,
"min_diff": -0.0002792477607727051,
"std": 0.013170412342647842,
"std_diff": 1.5552428105792945e-05
},
"steering_sensor": {
"max": 0.21998503804206848,
"max_diff": 0.0009019672870635986,
"mean": 0.21712742994003165,
"mean_diff": 3.5818106250430324e-08,
"min": 0.21467958390712738,
"min_diff": -0.0006774663925170898,
"std": 0.0005343135599294862,
"std_diff": 0.0001138146880409357
},
"throttle_sensor": {
"max": 0.13040293753147125,