{
"MS_IMU": {
"message_count": 1941,
"message_freq": 99.53033577976609,
"timespan": 19.501592,
"var_stats": {
"linear_accel": {
"max": 11.359308242797852,
"max_diff": 11.475390076637268,
"mean": 3.435382636807208,
"mean_diff": 4.764204156172246,
"min": -1.0909674167633057,
"min_diff": -1.8501162081956863,
"std": 4.538515975175631,
"std_diff": 4.857981860043782
},
"q": {
"max": 0.8633193373680115,
"max_diff": 0.964670489076525,
"mean": -0.10103075849985088,
"mean_diff": 0.4345334769011813,
"min": -0.9595364928245544,
"min_diff": -0.010380277206422761,
"std": 0.48968643304873277,
"std_diff": 0.37714021155739486
},
"rotation_rate": {
"max": 0.3796011209487915,
"max_diff": 0.40222904831171036,
"mean": 0.02078150398729909,
"mean_diff": 0.030690064627635783,
"min": -0.1782698929309845,
"min_diff": -0.1987072229385376,
"std": 0.08831902551717774,
"std_diff": 0.10682845618814277
},
"utime": {
"max": 1535385311921538,
"max_diff": 34954.0,
"mean": 1535385302161575.0,
"mean_diff": 10052.367010309279,
"min": 1535385292419946,
"min_diff": 1907.0,
"std": 5631557.761149579,
"std_diff": 5533.182458487311
}
}
},
"POSE": {
"message_count": 967,
"message_freq": 49.59272932637072,
"timespan": 19.498826,
"var_stats": {
"accel": {
"max": 10.446731654602855,
"max_diff": 10.995684786629901,
"mean": 3.4377419627612236,
"mean_diff": 4.762097158995921,
"min": -1.0005994344687046,
"min_diff": -1.6980001717239845,
"std": 4.531183511299129,
"std_diff": 4.8476334201375835
},
"orientation": {
"max": 0.9999998906400117,
"max_diff": 0.4872230467943782,
"mean": 0.3023535202216194,
"mean_diff": -0.2102287052494421,
"min": -0.24901952392945478,
"min_diff": -0.9999998906400117,
"std": 0.39822399326207714,
"std_diff": 0.5377148173729979
},
"pos": {
"max": 1789.5636067769196,
"max_diff": -824.4010449153914,
"mean": 889.4913989833381,
"mean_diff": -875.5969292519787,
"min": 0.0,
"min_diff": -964.8956647891414,
"std": 715.4328519128501,
"std_diff": 45.39881944335993
},
"rotation_rate": {
"max": 0.3792722523212433,
"max_diff": 0.4018632546067238,
"mean": 0.020908379679804714,
"mean_diff": 0.030558760022175505,
"min": -0.17825177311897278,
"min_diff": -0.19457660615444183,
"std": 0.08836007372949536,
"std_diff": 0.10697877385015293
},
"utime": {
"max": 1535385311915335,
"max_diff": 40331.0,
"mean": 1535385302184124.5,
"mean_diff": 20185.120082815734,
"min": 1535385292416509,
"min_diff": 16391.0,
"std": 5628962.238941203,
"std_diff": 2003.5353773653321
},
"vel": {
"max": 7.340750701780345,
"max_diff": 0.0,
"mean": 1.7194872044822567,
"mean_diff": -2.579230806723386,
"min": 0.0,
"min_diff": -7.340750701780345,
"std": 2.763897385732169,
"std_diff": 3.0399368338013244
}
}
},
"SteerAngleFeedback": {
"message_count": 1922,
"message_freq": 98.54642990433972,
"timespan": 19.503497,
"var_stats": {
"utime": {
"max": 1535385311908973,
"max_diff": 31234.0,
"mean": 1535385302156779.2,
"mean_diff": 10152.783446121812,
"min": 1535385292405476,
"min_diff": 4772.0,
"std": 5628840.477194368,
"std_diff": 1473.5241059953144
},
"value": {
"max": 3.8886655489553337,
"max_diff": 0.03316125578789375,
"mean": 0.9917658771037813,
"mean_diff": -0.0015708871820396659,
"min": -1.191987903600158,
"min_diff": -0.04363323129985841,
"std": 1.596500042253643,
"std_diff": 0.007633288698990782
}
}
},
"VEHICLE_MONITOR": {
"message_count": 40,
"message_freq": 2.0514647894532962,
"timespan": 19.498263,
"var_stats": null
},
"ZOE_VEH_INFO": {
"message_count": 1946,
"message_freq": 99.80472943122486,
"timespan": 19.498074,
"var_stats": {
"FL_wheel_speed": {
"max": 232.269,
"max_diff": 4.4202,
"mean": 161.8749642857143,
"mean_diff": 0.09238318766066839,
"min": 0.0,
"min_diff": -1.876499999999993,
"std": 73.13399735409955,
"std_diff": 0.439503328969109
},
"FR_wheel_speed": {
"max": 232.4775,
"max_diff": 5.1291,
"mean": 164.70520714285715,
"mean_diff": 0.08875989717223651,
"min": 0.0,
"min_diff": -1.8765000000000214,
"std": 70.16474047725585,
"std_diff": 0.47184404894566534
},
"RL_wheel_speed": {
"max": 232.7277,
"max_diff": 4.9206,
"mean": 160.72182857142855,
"mean_diff": 0.09227598971722364,
"min": 0.0,
"min_diff": -2.8355999999999995,
"std": 73.48924409130932,
"std_diff": 0.4825733590801953
},
"RR_wheel_speed": {
"max": 236.89770000000001,
"max_diff": 7.7145,
"mean": 166.73001428571428,
"mean_diff": 0.09008915167095116,
"min": 0.0,
"min_diff": -4.003200000000007,
"std": 71.75193328544094,
"std_diff": 0.5180824974857574
},
"left_solar": {
"max": 32,
"max_diff": 112.0,
"mean": -71.60534429599178,
"mean_diff": 0.0,
"min": -112,
"min_diff": -144.0,
"std": 54.001412681929445,
"std_diff": 8.856931986638392
},
"longitudinal_accel": {
"max": 1.6500000000000004,
"max_diff": 0.29999999999999893,
"mean": 0.15639773895169656,
"mean_diff": -0.00038560411311053987,
"min": -1.1500000000000004,
"min_diff": -0.3500000000000014,
"std": 0.6791899564877708,
"std_diff": 0.047709547512671285
},
"meanEffTorque": {
"max": 115.0,
"max_diff": 6.0,
"mean": 23.996916752312437,
"mean_diff": -0.02416452442159383,
"min": -47.0,
"min_diff": -6.0,
"std": 42.097269549770076,
"std_diff": 0.8021065668937511
},
"odom": {
"max": 120,
"max_diff": 76.0,
"mean": 62.98047276464543,
"mean_diff": -0.04524421593830334,
"min": 0,
"min_diff": -112.0,
"std": 35.143117009704596,
"std_diff": 17.545827157683373
},
"odom_speed": {
"max": 26.0,
"max_diff": 1.0,
"mean": 18.05344295991778,
"mean_diff": 0.010282776349614395,
"min": 0.0,
"min_diff": -1.0,
"std": 8.202236990015246,
"std_diff": 0.1430378174112448
},
"pedal_cc": {
"max": 477.0,
"max_diff": 76.0,
"mean": 143.9301130524152,
"mean_diff": 0.0,
"min": 0.0,
"min_diff": -302.0,
"std": 133.67510292697006,
"std_diff": 8.676831426216124
},
"regen": {
"max": 53.0,
"max_diff": 1.0,
"mean": 9.98972250770812,
"mean_diff": 0.02724935732647815,
"min": 0.0,
"min_diff": -5.0,
"std": 17.561370798481672,
"std_diff": 0.4775450201857561
},
"requestedTorqueAfterProc": {
"max": -272.5,
"max_diff": 124.0,
"mean": -323.6307810894142,
"mean_diff": 0.05115681233933162,
"min": -398.5,
"min_diff": -125.5,
"std": 37.94563216115029,
"std_diff": 6.921007100036222
},
"right_solar": {
"max": 100,
"max_diff": 206.0,
"mean": 23.542651593011307,
"mean_diff": 0.1089974293059126,
"min": -112,
"min_diff": -50.0,
"std": 80.25700290870488,
"std_diff": 7.849775021582055
},
"steer_corrected": {
"max": 222.80412389306403,
"max_diff": 1.900000000000091,
"mean": 56.85042399583906,
"mean_diff": -0.08884318766066847,
"min": -68.29587610693588,
"min_diff": -1.599999999999909,
"std": 91.30882948776568,
"std_diff": 0.4342578677679588
},
"steer_offset_can": {
"max": -12.300000000000182,
"max_diff": 0.0,
"mean": -12.30000000000018,
"mean_diff": 0.0,
"min": -12.300000000000182,
"min_diff": 0.0,
"std": 1.7763568394002505e-15,
"std_diff": 0.0
},
"steer_raw": {
"max": 211.0999999999999,
"max_diff": 1.900000000000091,
"mean": 45.14630010277492,
"mean_diff": -0.08884318766066847,
"min": -80.0,
"min_diff": -1.599999999999909,
"std": 91.30882948776568,
"std_diff": 0.4342578677679588
},
"transversal_accel": {
"max": -0.2680000000000007,
"max_diff": 0.0479999999999734,
"mean": -0.47158273381294824,
"mean_diff": -3.907455012854593e-05,
"min": -0.6200000000000045,
"min_diff": -0.027999999999991587,
"std": 0.06611956678586663,
"std_diff": 0.005638512006951761
},
"utime": {
"max": 1535385311902701,
"max_diff": 21869.0,
"mean": 1535385302147812.2,
"mean_diff": 10024.716709511567,
"min": 1535385292404627,
"min_diff": 1.0,
"std": 5634269.81137244,
"std_diff": 1677.123137076922
}
}
},
"ZoeSensors": {
"message_count": 18617,
"message_freq": 954.7346932956465,
"timespan": 19.499658,
"var_stats": {
"brake_sensor": {
"max": 0.2802841067314148,
"max_diff": 0.0009611845016479492,
"mean": 0.1959419043487244,
"mean_diff": 5.124422565877412e-06,
"min": 0.18317991495132446,
"min_diff": -0.0029484927654266357,
"std": 0.028394907131417787,
"std_diff": 0.00010602252971711002
},
"steering_sensor": {
"max": 0.22057583928108215,
"max_diff": 0.0005947500467300415,
"mean": 0.21726851626568708,