{
"MS_IMU": {
"message_count": 1944,
"message_freq": 99.74192290524003,
"timespan": 19.4903,
"var_stats": {
"linear_accel": {
"max": 9.888895988464355,
"max_diff": 9.827765688300133,
"mean": 3.2541611893474607,
"mean_diff": 4.963110925236893,
"min": -0.2159254103899002,
"min_diff": 0.03252626582980156,
"std": 4.631726097728508,
"std_diff": 4.758077570947477
},
"q": {
"max": -0.0009136535227298737,
"max_diff": 0.875164785888046,
"mean": -0.34161724111161623,
"mean_diff": 0.1313131929711223,
"min": -0.8762422204017639,
"min_diff": -0.4751285072416067,
"std": 0.36509954427275426,
"std_diff": 0.5596136693825059
},
"rotation_rate": {
"max": 0.004025127273052931,
"max_diff": 0.006017842097207904,
"mean": 4.1526676534205436e-05,
"mean_diff": 5.746709643605862e-05,
"min": -0.006509156432002783,
"min_diff": -0.005182834574952722,
"std": 0.0009096295359960795,
"std_diff": 0.0012653754999865593
},
"utime": {
"max": 1532708395549015,
"max_diff": 33964.0,
"mean": 1532708385811067.8,
"mean_diff": 10031.034482758621,
"min": 1532708376058715,
"min_diff": 1983.0,
"std": 5629707.269382456,
"std_diff": 4875.5310123026275
}
}
},
"POSE": {
"message_count": 972,
"message_freq": 49.89862673024258,
"timespan": 19.479494,
"var_stats": {
"accel": {
"max": 9.820999716243744,
"max_diff": 9.757209936935498,
"mean": 3.2541825276806127,
"mean_diff": 4.9631227791302095,
"min": -0.145742576047479,
"min_diff": 0.16719851330680763,
"std": 4.631712425994672,
"std_diff": 4.758106109665561
},
"orientation": {
"max": 0.9610129628775075,
"max_diff": 0.9610129628775075,
"mean": 0.3093937607506291,
"mean_diff": 0.22813446612953941,
"min": 0.0,
"min_diff": -0.2766464567046433,
"std": 0.3927792010895975,
"std_diff": 0.5303659101951439
},
"pos": {
"max": 1622.1557988940963,
"max_diff": 1194.1872128986615,
"mean": 683.3741652846916,
"mean_diff": -213.98392929708936,
"min": 0.0,
"min_diff": -1622.1557988940963,
"std": 686.4258653444539,
"std_diff": 1408.1707079633613
},
"rotation_rate": {
"max": 0.0038217261899262667,
"max_diff": 0.006017842097207904,
"mean": 5.078424693525463e-05,
"mean_diff": 5.148913713327491e-05,
"min": -0.005597056820988655,
"min_diff": -0.004294721642509103,
"std": 0.000911517941613009,
"std_diff": 0.0012764389287112272
},
"utime": {
"max": 1532708395548072,
"max_diff": 40178.0,
"mean": 1532708385822467.8,
"mean_diff": 20061.270854788876,
"min": 1532708376068578,
"min_diff": 17637.0,
"std": 5631671.402451776,
"std_diff": 1191.9512349132042
},
"vel": {
"max": 3.410698697958409e-39,
"max_diff": 0.0,
"mean": 3.469856585896743e-42,
"mean_diff": -5.2047848788451146e-42,
"min": 0.0,
"min_diff": -3.410698697958409e-39,
"std": 8.428984185562841e-41,
"std_diff": 1.0318980681988535e-40
}
}
},
"SteerAngleFeedback": {
"message_count": 1931,
"message_freq": 99.00647438765058,
"timespan": 19.503775,
"var_stats": {
"utime": {
"max": 1532708395553420,
"max_diff": 20631.0,
"mean": 1532708385806271.2,
"mean_diff": 10105.582901554404,
"min": 1532708376049645,
"min_diff": 3477.0,
"std": 5641332.371900833,
"std_diff": 1141.4968355237572
},
"value": {
"max": 0.18507687622336969,
"max_diff": 0.001745329252000688,
"mean": 0.1793708878402287,
"mean_diff": -3.6172626984346686e-06,
"min": 0.17809555921539078,
"min_diff": -0.001745329252000688,
"std": 0.0011359380155324017,
"std_diff": 0.0006256296094278582
}
}
},
"VEHICLE_MONITOR": {
"message_count": 40,
"message_freq": 2.051319606210227,
"timespan": 19.499643,
"var_stats": {
"available_distance": {
"max": 28,
"max_diff": 0.0,
"mean": 28.0,
"mean_diff": 0.0,
"min": 28,
"min_diff": 0.0,
"std": 0.0,
"std_diff": 0.0
},
"battery_level": {
"max": 35,
"max_diff": 0.0,
"mean": 35.0,
"mean_diff": 0.0,
"min": 35,
"min_diff": 0.0,
"std": 0.0,
"std_diff": 0.0
},
"brake": {
"max": 22,
"max_diff": 0.0,
"mean": 21.2,
"mean_diff": -0.02564102564102564,
"min": 21,
"min_diff": -1.0,
"std": 0.39999999999999997,
"std_diff": 0.15806189751202507
},
"brake_switch": {
"max": 2,
"max_diff": 0.0,
"mean": 2.0,
"mean_diff": 0.0,
"min": 2,
"min_diff": 0.0,
"std": 0.0,
"std_diff": 0.0
},
"gear_position": {
"max": 7,
"max_diff": 0.0,
"mean": 7.0,
"mean_diff": 0.0,
"min": 7,
"min_diff": 0.0,
"std": 0.0,
"std_diff": 0.0
},
"left_signal": {
"max": 0,
"max_diff": 0.0,
"mean": 0.0,
"mean_diff": 0.0,
"min": 0,
"min_diff": 0.0,
"std": 0.0,
"std_diff": 0.0
},
"rear_left_rpm": {
"max": 0.0,
"max_diff": 0.0,
"mean": 0.0,
"mean_diff": 0.0,
"min": 0.0,
"min_diff": 0.0,
"std": 0.0,
"std_diff": 0.0
},
"rear_right_rpm": {
"max": 0.0,
"max_diff": 0.0,
"mean": 0.0,
"mean_diff": 0.0,
"min": 0.0,
"min_diff": 0.0,
"std": 0.0,
"std_diff": 0.0
},
"right_signal": {
"max": 1,
"max_diff": 1.0,
"mean": 0.5,
"mean_diff": 0.0,
"min": 0,
"min_diff": -1.0,
"std": 0.5,
"std_diff": 0.7161148740394329
},
"steering": {
"max": 11.100000000000364,
"max_diff": 0.09999999999990905,
"mean": 10.875000000000124,
"mean_diff": -0.005128205128212124,
"min": 10.800000000000182,
"min_diff": -0.1000000000003638,
"std": 0.06224949798992814,
"std_diff": 0.044999817371225305
},
"steering_speed": {
"max": 1.9000000000002721,
"max_diff": 2.0,
"mean": -0.107499999999812,
"mean_diff": 0.0,
"min": -1.9999999999998188,
"min_diff": -3.900000000000091,
"std": 0.8713172499153379,
"std_diff": 1.1771325437864126
},
"throttle": {
"max": 0,
"max_diff": 0.0,
"mean": 0.0,
"mean_diff": 0.0,
"min": 0,
"min_diff": 0.0,
"std": 0.0,
"std_diff": 0.0
},
"utime": {
"max": 1532708395786244,
"max_diff": 503326.0,
"mean": 1532708386036610.2,
"mean_diff": 499990.8461538461,
"min": 1532708376286601,
"min_diff": 496825.0,
"std": 5771338.953320259,
"std_diff": 859.8708471434871
},
"vehicle_speed": {
"max": 0.0,
"max_diff": 0.0,
"mean": 0.0,
"mean_diff": 0.0,
"min": 0.0,
"min_diff": 0.0,
"std": 0.0,
"std_diff": 0.0
},
"yaw_rate": {
"max": 2.842170943040401e-14,
"max_diff": 0.4000000000000057,
"mean": -0.13999999999997498,
"mean_diff": -0.005128205128205565,
"min": -0.39999999999997726,
"min_diff": -0.30000000000001137,
"std": 0.0860232526704326,
"std_diff": 0.12998760877576915
}
}
},
"ZOE_VEH_INFO": {
"message_count": 1944,
"message_freq": 99.69539569328198,
"timespan": 19.499396,
"var_stats": {
"FL_wheel_speed": {
"max": 0.0,
"max_diff": 0.0,
"mean": 0.0,
"mean_diff": 0.0,
"min": 0.0,
"min_diff": 0.0,
"std": 0.0,
"std_diff": 0.0
},
"FR_wheel_speed": {
"max": 0.0,
"max_diff": 0.0,
"mean": 0.0,
"mean_diff": 0.0,
"min": 0.0,
"min_diff": 0.0,
"std": 0.0,
"std_diff": 0.0
},
"RL_wheel_speed": {
"max": 0.0,
"max_diff": 0.0,
"mean": 0.0,
"mean_diff": 0.0,
"min": 0.0,
"min_diff": 0.0,
"std": 0.0,
"std_diff": 0.0
},
"RR_wheel_speed": {
"max": 0.0,
"max_diff": 0.0,
"mean": 0.0,
"mean_diff": 0.0,
"min": 0.0,
"min_diff": 0.0,
"std": 0.0,
"std_diff": 0.0
},
"left_solar": {
"max": -112,
"max_diff": 0.0,
"mean": -112.0,
"mean_diff": 0.0,
"min": -112,
"min_diff": 0.0,
"std": 0.0,
"std_diff": 0.0
},
"longitudinal_accel": {
"max": -0.09999999999999964,
"max_diff": 0.05000000000000071,
"mean": -0.1562499999999987,
"mean_diff": 0.0,
"min": -0.25,
"min_diff": -0.05000000000000071,
"std": 0.018307536564533627,
"std_diff": 0.01555294114899004
},
"meanEffTorque": {
"max": 0.0,
"max_diff": 0.0,
"mean": 0.0,
"mean_diff": 0.0,
"min": 0.0,
"min_diff": 0.0,
"std": 0.0,
"std_diff": 0.0
},
"odom": {
"max": 56,
"max_diff": 0.0,
"mean": 56.0,
"mean_diff": 0.0,
"min": 56,
"min_diff": 0.0,
"std": 0.0,
"std_diff": 0.0
},
"odom_speed": {
"max": 0.0,
"max_diff": 0.0,
"mean": 0.0,
"mean_diff": 0.0,
"min": 0.0,
"min_diff": 0.0,
"std": 0.0,
"std_diff": 0.0
},
"pedal_cc": {
"max": 0.0,
"max_diff": 0.0,
"mean": 0.0,
"mean_diff": 0.0,
"min": 0.0,
"min_diff": 0.0,
"std": 0.0,
"std_diff": 0.0
},
"regen": {
"max": 0.0,
"max_diff": 0.0,
"mean": 0.0,
"mean_diff": 0.0,
"min": 0.0,
"min_diff": 0.0,
"std": 0.0,
"std_diff": 0.0
},
"requestedTorqueAfterProc": {
"max": -382.5,
"max_diff": 0.0,
"mean": -382.5,
"mean_diff": 0.0,
"min": -382.5,
"min_diff": 0.0,
"std": 0.0,
"std_diff": 0.0
},
"right_solar": {
"max": 100,
"max_diff": 0.0,
"mean": 100.0,
"mean_diff": 0.0,
"min": 100,
"min_diff": 0.0,
"std": 0.0,