{
"MS_IMU": {
"message_count": 1945,
"message_freq": 99.74241840954791,
"timespan": 19.500229,
"var_stats": {
"linear_accel": {
"max": 11.4281005859375,
"max_diff": 13.278405666351318,
"mean": 3.311144182402896,
"mean_diff": 4.342045200341752,
"min": -3.054396152496338,
"min_diff": -4.62623655796051,
"std": 4.665218966116335,
"std_diff": 6.355123084628915
},
"q": {
"max": 0.9994869232177734,
"max_diff": 0.03778431797400117,
"mean": 0.13526500705037037,
"mean_diff": -0.3964218791660429,
"min": -0.7321792840957642,
"min_diff": -1.0417255610227585,
"std": 0.48135578794928247,
"std_diff": 0.437018587664173
},
"rotation_rate": {
"max": 0.08074481785297394,
"max_diff": 0.13765152543783188,
"mean": -0.026737120584769774,
"mean_diff": -0.03710499098205639,
"min": -0.403799444437027,
"min_diff": -0.42298206873238087,
"std": 0.08718956931154213,
"std_diff": 0.10681644810301309
},
"utime": {
"max": 1538450933220492,
"max_diff": 27974.0,
"mean": 1538450923467797.0,
"mean_diff": 10030.981995884773,
"min": 1538450913720263,
"min_diff": 1933.0,
"std": 5635144.823834185,
"std_diff": 5468.120777528493
}
}
},
"POSE": {
"message_count": 974,
"message_freq": 49.95030867393264,
"timespan": 19.499379,
"var_stats": {
"accel": {
"max": 10.561441092548858,
"max_diff": 12.609511027886628,
"mean": 3.3062025989790462,
"mean_diff": 4.345823432508434,
"min": -2.8461014421710606,
"min_diff": -4.311680129134783,
"std": 4.664392374891217,
"std_diff": 6.3522701825091685
},
"orientation": {
"max": 0.9999999663194837,
"max_diff": 0.6975894492962562,
"mean": 0.3153997647316096,
"mean_diff": -0.13944145782424466,
"min": -0.02985346799854187,
"min_diff": -0.9999999663194837,
"std": 0.38797292226036256,
"std_diff": 0.5602583450277049
},
"pos": {
"max": 2012.7982610977851,
"max_diff": 1616.081816522081,
"mean": 799.0339654418113,
"mean_diff": -199.7798625973046,
"min": 0.0,
"min_diff": -2012.7982610977851,
"std": 863.1368178652656,
"std_diff": 1797.8123041169606
},
"rotation_rate": {
"max": 0.08074481785297394,
"max_diff": 0.13765152543783188,
"mean": -0.026820749084754517,
"mean_diff": -0.03717494458076449,
"min": -0.403799444437027,
"min_diff": -0.42170888744294643,
"std": 0.08727434480009552,
"std_diff": 0.10697586610401949
},
"utime": {
"max": 1538450933201354,
"max_diff": 40499.0,
"mean": 1538450923450252.2,
"mean_diff": 20040.471736896197,
"min": 1538450913701975,
"min_diff": 17626.0,
"std": 5636037.961150539,
"std_diff": 1020.3678540242072
},
"vel": {
"max": 11.584172700307752,
"max_diff": 0.0,
"mean": 1.5590139159636598,
"mean_diff": -2.3385208739454892,
"min": 0.0,
"min_diff": -11.584172700307752,
"std": 3.0754233827125854,
"std_diff": 3.5163120142809743
}
}
},
"SteerAngleFeedback": {
"message_count": 1913,
"message_freq": 98.07923130492186,
"timespan": 19.504639,
"var_stats": {
"utime": {
"max": 1538450933207695,
"max_diff": 30336.0,
"mean": 1538450923449359.0,
"mean_diff": 10201.171025104602,
"min": 1538450913703056,
"min_diff": 4780.0,
"std": 5647518.101647009,
"std_diff": 1614.5313858053098
},
"value": {
"max": 1.8727382873899188,
"max_diff": 0.05934119456780884,
"mean": -0.3566529690917978,
"mean_diff": -0.00030214643431491714,
"min": -2.6546457922833735,
"min_diff": -0.05410520681183062,
"std": 1.1313837557988922,
"std_diff": 0.008493845701740638
}
}
},
"VEHICLE_MONITOR": {
"message_count": 40,
"message_freq": 2.0513112956174453,
"timespan": 19.499722,
"var_stats": {
"available_distance": {
"max": 103,
"max_diff": 0.0,
"mean": 103.0,
"mean_diff": 0.0,
"min": 103,
"min_diff": 0.0,
"std": 0.0,
"std_diff": 0.0
},
"battery_level": {
"max": 92,
"max_diff": 0.0,
"mean": 92.0,
"mean_diff": 0.0,
"min": 92,
"min_diff": 0.0,
"std": 0.0,
"std_diff": 0.0
},
"brake": {
"max": 4,
"max_diff": 4.0,
"mean": 0.2,
"mean_diff": 0.0,
"min": 0,
"min_diff": -4.0,
"std": 0.8717797887081346,
"std_diff": 0.9058216273156766
},
"brake_switch": {
"max": 2,
"max_diff": 1.0,
"mean": 1.05,
"mean_diff": 0.0,
"min": 1,
"min_diff": -1.0,
"std": 0.21794494717703372,
"std_diff": 0.22645540682891915
},
"gear_position": {
"max": 7,
"max_diff": 0.0,
"mean": 7.0,
"mean_diff": 0.0,
"min": 7,
"min_diff": 0.0,
"std": 0.0,
"std_diff": 0.0
},
"left_signal": {
"max": 0,
"max_diff": 0.0,
"mean": 0.0,
"mean_diff": 0.0,
"min": 0,
"min_diff": 0.0,
"std": 0.0,
"std_diff": 0.0
},
"rear_left_rpm": {
"max": 368.0025,
"max_diff": 26.85480000000001,
"mean": 158.28069,
"mean_diff": 9.43596153846154,
"min": 0.0,
"min_diff": -8.423399999999999,
"std": 121.3242861339905,
"std_diff": 7.991701005084873
},
"rear_right_rpm": {
"max": 369.879,
"max_diff": 26.604600000000005,
"mean": 154.9749225,
"mean_diff": 9.484076923076923,
"min": 0.0,
"min_diff": -8.214899999999998,
"std": 121.07874297285525,
"std_diff": 8.43651589261767
},
"right_signal": {
"max": 1,
"max_diff": 1.0,
"mean": 0.375,
"mean_diff": 0.0,
"min": 0,
"min_diff": -1.0,
"std": 0.4841229182759271,
"std_diff": 0.6405126152203485
},
"steering": {
"max": 107.10000000000036,
"max_diff": 52.59999999999991,
"mean": -20.06499999999978,
"mean_diff": -2.1051282051282145,
"min": -151.0999999999999,
"min_diff": -69.59999999999991,
"std": 64.57324736297534,
"std_diff": 19.56805283236505
},
"steering_speed": {
"max": 117.50000000000018,
"max_diff": 133.5,
"mean": -2.327499999999735,
"mean_diff": -3.0641025641025643,
"min": -115.59999999999972,
"min_diff": -121.5,
"std": 44.886484533208886,
"std_diff": 42.012858148852885
},
"throttle": {
"max": 405,
"max_diff": 123.0,
"mean": 215.375,
"mean_diff": 7.846153846153846,
"min": 0,
"min_diff": -100.0,
"std": 149.87656379501098,
"std_diff": 42.171529137825736
},
"utime": {
"max": 1538450933624565,
"max_diff": 500903.0,
"mean": 1538450923874481.0,
"mean_diff": 499992.8717948718,
"min": 1538450914124843,
"min_diff": 499287.0,
"std": 5771685.989874566,
"std_diff": 392.3386279071441
},
"vehicle_speed": {
"max": 42.2,
"max_diff": 3.0700000000000003,
"mean": 17.90825,
"mean_diff": 1.0820512820512822,
"min": 0.0,
"min_diff": -0.81,
"std": 13.900910561452442,
"std_diff": 0.9224609768333875
},
"yaw_rate": {
"max": 3.200000000000017,
"max_diff": 7.400000000000006,
"mean": -4.442499999999978,
"mean_diff": 0.08205128205128176,
"min": -23.19999999999999,
"min_diff": -5.099999999999994,
"std": 7.785977379237627,
"std_diff": 2.2399486938803546
}
}
},
"ZOE_VEH_INFO": {
"message_count": 1946,
"message_freq": 99.80463217607999,
"timespan": 19.498093,
"var_stats": {
"FL_wheel_speed": {
"max": 367.7523,
"max_diff": 3.753,
"mean": 151.45390714285716,
"mean_diff": 0.1890757326478149,
"min": 0.0,
"min_diff": -3.044099999999986,
"std": 118.61745159931125,
"std_diff": 0.5330302002636446
},
"FR_wheel_speed": {
"max": 368.4612,
"max_diff": 4.0031999999999925,
"mean": 147.88013571428573,
"mean_diff": 0.18933300771208225,
"min": 0.0,
"min_diff": -4.420199999999994,
"std": 117.64431469027798,
"std_diff": 0.5487663710593126
},
"RL_wheel_speed": {
"max": 364.4997,
"max_diff": 4.170000000000016,
"mean": 149.8497,
"mean_diff": 0.18727480719794345,
"min": 0.0,
"min_diff": -4.420199999999994,
"std": 117.35303159647329,
"std_diff": 0.6602590709828942
},
"RR_wheel_speed": {
"max": 366.3762,
"max_diff": 4.920600000000007,
"mean": 146.20032857142854,
"mean_diff": 0.1883682262210797,
"min": 0.0,
"min_diff": -4.0031999999999925,
"std": 116.53340072085666,
"std_diff": 0.6676980654532135
},
"left_solar": {
"max": 32,
"max_diff": 144.0,
"mean": -49.94039054470709,
"mean_diff": 0.016452442159383032,
"min": -112,
"min_diff": -112.0,
"std": 55.74203303907644,
"std_diff": 11.586701745436986
},
"longitudinal_accel": {
"max": 2.4000000000000004,
"max_diff": 0.40000000000000036,
"mean": 1.0903391572456327,
"mean_diff": 0.0004884318766066844,
"min": -0.5499999999999989,
"min_diff": -0.40000000000000036,
"std": 0.6679755644136696,
"std_diff": 0.06621238706140081
},
"meanEffTorque": {
"max": 129.0,
"max_diff": 2.0,
"mean": 74.62358684480986,
"mean_diff": 0.032133676092544985,
"min": 2.0,
"min_diff": -1.5,
"std": 39.33739167829123,
"std_diff": 0.4276687840075622
},
"odom": {
"max": 124,