{
"MS_IMU": {
"message_count": 1930,
"message_freq": 99.66496563185343,
"timespan": 19.364879,
"var_stats": {
"linear_accel": {
"max": 11.52366828918457,
"max_diff": 11.922844380140305,
"mean": 3.1890584576332466,
"mean_diff": 4.9656154535741726,
"min": -1.362402081489563,
"min_diff": -0.8483356535434723,
"std": 4.659221100742624,
"std_diff": 4.809560016607142
},
"q": {
"max": 0.5478785037994385,
"max_diff": 0.02971398178488016,
"mean": -0.10254329200588637,
"mean_diff": -0.44860167963002423,
"min": -0.9379022121429443,
"min_diff": -0.938928464660421,
"std": 0.48937193548908375,
"std_diff": 0.3740068659310758
},
"rotation_rate": {
"max": 0.1140994057059288,
"max_diff": 0.1424795463681221,
"mean": 0.007862080974802487,
"mean_diff": 0.01150381564342787,
"min": -0.08117316663265228,
"min_diff": -0.11714442819356918,
"std": 0.029161872342813068,
"std_diff": 0.03943711955127843
},
"utime": {
"max": 1531886341920050,
"max_diff": 24034.0,
"mean": 1531886332217937.8,
"mean_diff": 10038.817522032141,
"min": 1531886322555171,
"min_diff": 1729.0,
"std": 5588723.395619336,
"std_diff": 3998.630757726249
}
}
},
"POSE": {
"message_count": 966,
"message_freq": 49.89449844459324,
"timespan": 19.360852,
"var_stats": {
"accel": {
"max": 10.536164042347465,
"max_diff": 10.783091029534036,
"mean": 3.194625490498537,
"mean_diff": 4.962157205794684,
"min": -0.9517266119876078,
"min_diff": -0.48602045987335785,
"std": 4.649487415265752,
"std_diff": 4.796011018184459
},
"orientation": {
"max": 0.9790477011899411,
"max_diff": 0.0,
"mean": 0.16388452982249413,
"mean_diff": -0.41622230416441475,
"min": -0.4141593915403699,
"min_diff": -0.9790477011899411,
"std": 0.47237893780826007,
"std_diff": 0.4001153919176301
},
"pos": {
"max": 1183.1125022153133,
"max_diff": -174.04885462729953,
"mean": 632.336222620912,
"mean_diff": -552.7089782424612,
"min": 0.0,
"min_diff": -855.4138195654555,
"std": 466.23209681291604,
"std_diff": 246.19053325061864
},
"rotation_rate": {
"max": 0.11526115238666534,
"max_diff": 0.1424795463681221,
"mean": 0.00788599314754526,
"mean_diff": 0.011460043977490904,
"min": -0.08117316663265228,
"min_diff": -0.1127183623611927,
"std": 0.02913764671792514,
"std_diff": 0.03929569619165565
},
"utime": {
"max": 1531886341911328,
"max_diff": 61046.0,
"mean": 1531886332209467.8,
"mean_diff": 20063.059067357513,
"min": 1531886322550476,
"min_diff": 14198.0,
"std": 5590808.1154187955,
"std_diff": 1650.841941145718
},
"vel": {
"max": 10.923506951084027,
"max_diff": 0.0,
"mean": 3.24333624106967,
"mean_diff": -4.865004361604504,
"min": 0.0,
"min_diff": -10.923506951084027,
"std": 4.613581740216932,
"std_diff": 4.9028850925773995
}
}
},
"SteerAngleFeedback": {
"message_count": 1892,
"message_freq": 97.7537207639133,
"timespan": 19.354762,
"var_stats": {
"utime": {
"max": 1531886341905267,
"max_diff": 32879.0,
"mean": 1531886332150606.5,
"mean_diff": 10235.199365415125,
"min": 1531886322550505,
"min_diff": 6863.0,
"std": 5581423.001698194,
"std_diff": 1877.7800894756328
},
"value": {
"max": 0.509636141582341,
"max_diff": 0.00872664625997166,
"mean": 0.08857269210332157,
"mean_diff": -0.000323038201056592,
"min": -0.10646508437165252,
"min_diff": -0.00872664625997166,
"std": 0.14961075684047567,
"std_diff": 0.0019161286978597227
}
}
},
"VEHICLE_MONITOR": {
"message_count": 40,
"message_freq": 2.0512833136102446,
"timespan": 19.499988,
"var_stats": {
"available_distance": {
"max": 83,
"max_diff": 0.0,
"mean": 83.0,
"mean_diff": 0.0,
"min": 83,
"min_diff": 0.0,
"std": 0.0,
"std_diff": 0.0
},
"battery_level": {
"max": 61,
"max_diff": 0.0,
"mean": 61.0,
"mean_diff": 0.0,
"min": 61,
"min_diff": 0.0,
"std": 0.0,
"std_diff": 0.0
},
"brake": {
"max": 0,
"max_diff": 0.0,
"mean": 0.0,
"mean_diff": 0.0,
"min": 0,
"min_diff": 0.0,
"std": 0.0,
"std_diff": 0.0
},
"brake_switch": {
"max": 2,
"max_diff": 1.0,
"mean": 1.075,
"mean_diff": 0.02564102564102564,
"min": 1,
"min_diff": 0.0,
"std": 0.26339134382131846,
"std_diff": 0.15806189751202504
},
"gear_position": {
"max": 7,
"max_diff": 0.0,
"mean": 7.0,
"mean_diff": 0.0,
"min": 7,
"min_diff": 0.0,
"std": 0.0,
"std_diff": 0.0
},
"left_signal": {
"max": 0,
"max_diff": 0.0,
"mean": 0.0,
"mean_diff": 0.0,
"min": 0,
"min_diff": 0.0,
"std": 0.0,
"std_diff": 0.0
},
"rear_left_rpm": {
"max": 345.5679,
"max_diff": 9.799500000000023,
"mean": 304.10976,
"mean_diff": -1.623092307692307,
"min": 239.0244,
"min_diff": -8.88209999999998,
"std": 29.813092967174672,
"std_diff": 4.7428642408215635
},
"rear_right_rpm": {
"max": 344.859,
"max_diff": 8.631899999999973,
"mean": 305.3305275000001,
"mean_diff": -1.8155538461538463,
"min": 237.60660000000001,
"min_diff": -9.132300000000015,
"std": 30.016693484526137,
"std_diff": 4.367869594703047
},
"right_signal": {
"max": 0,
"max_diff": 0.0,
"mean": 0.0,
"mean_diff": 0.0,
"min": 0,
"min_diff": 0.0,
"std": 0.0,
"std_diff": 0.0
},
"steering": {
"max": 25.09999999999991,
"max_diff": 9.400000000000091,
"mean": 4.502499999999918,
"mean_diff": -0.782051282051282,
"min": -7.5,
"min_diff": -10.400000000000091,
"std": 8.603385598123552,
"std_diff": 3.8483344245951465
},
"steering_speed": {
"max": 7.900000000000272,
"max_diff": 29.90000000000009,
"mean": -2.532499999999789,
"mean_diff": 0.6641025641025664,
"min": -23.99999999999982,
"min_diff": -27.90000000000009,
"std": 7.530583891704573,
"std_diff": 9.231648106308642
},
"throttle": {
"max": 200,
"max_diff": 34.0,
"mean": 54.675,
"mean_diff": -4.948717948717949,
"min": 0,
"min_diff": -64.0,
"std": 57.45145233151204,
"std_diff": 19.58407086613194
},
"utime": {
"max": 1531886342379594,
"max_diff": 500942.0,
"mean": 1531886332629520.5,
"mean_diff": 499999.6923076923,
"min": 1531886322879606,
"min_diff": 499316.0,
"std": 5771690.98043926,
"std_diff": 459.63113158305066
},
"vehicle_speed": {
"max": 39.27,
"max_diff": 0.9699999999999989,
"mean": 34.7365,
"mean_diff": -0.1953846153846154,
"min": 27.2,
"min_diff": -0.9200000000000017,
"std": 3.369773397426005,
"std_diff": 0.4856655288541281
},
"yaw_rate": {
"max": 5.400000000000034,
"max_diff": 2.1000000000000227,
"mean": 0.9650000000000233,
"mean_diff": -0.16923076923076982,
"min": -1.1999999999999886,
"min_diff": -2.8000000000000114,
"std": 1.7986870211351387,
"std_diff": 0.8907369021191673
}
}
},
"ZOE_VEH_INFO": {
"message_count": 1933,
"message_freq": 99.89236636282438,
"timespan": 19.350828,
"var_stats": {
"FL_wheel_speed": {
"max": 347.44440000000003,
"max_diff": 4.211699999999951,
"mean": 307.47101298499746,
"mean_diff": -0.028296428571428573,
"min": 246.4887,
"min_diff": -4.461900000000014,
"std": 27.688346028033415,
"std_diff": 0.6472019260697264
},
"FR_wheel_speed": {
"max": 346.9857,
"max_diff": 4.2117000000000075,
"mean": 307.8078704604242,
"mean_diff": -0.03192251552795032,
"min": 244.40370000000001,
"min_diff": -4.461900000000014,
"std": 27.780079143407978,
"std_diff": 0.6982765512489357
},
"RL_wheel_speed": {
"max": 347.44440000000003,
"max_diff": 4.420199999999966,
"mean": 306.7523837040869,
"mean_diff": -0.02795108695652172,
"min": 245.52960000000002,
"min_diff": -5.629500000000007,
"std": 27.45176738494504,
"std_diff": 0.8416161462835381
},
"RR_wheel_speed": {
"max": 346.9857,
"max_diff": 3.7530000000000427,
"mean": 307.8225183135023,
"mean_diff": -0.030109472049689445,
"min": 244.6122,
"min_diff": -4.0031999999999925,
"std": 27.592181648943676,
"std_diff": 0.8298302281397694
},
"left_solar": {
"max": 0,
"max_diff": 112.0,
"mean": -100.52767718572167,
"mean_diff": 0.0,
"min": -112,
"min_diff": -112.0,
"std": 33.96006425853994,
"std_diff": 5.096176458164849
},
"longitudinal_accel": {
"max": 0.8000000000000007,
"max_diff": 0.6000000000000014,
"mean": -0.09870667356440697,
"mean_diff": -0.0007505175983436858,
"min": -1.0999999999999996,
"min_diff": -0.75,
"std": 0.3925929341468246,
"std_diff": 0.1079677980649173
},
"meanEffTorque": {
"max": 44.5,
"max_diff": 4.0,
"mean": -2.8297982410760474,
"mean_diff": -0.046583850931677016,
"min": -47.5,
"min_diff": -1.0,
"std": 24.106404320018445,