{
"MS_IMU": {
"message_count": 1989,
"message_freq": 99.9484027049284,
"timespan": 19.900268,
"var_stats": {
"linear_accel": {
"max": 21.610023498535156,
"max_diff": 18.17085838317871,
"mean": 3.1452230486840396,
"mean_diff": 5.017982689117345,
"min": -1.539960503578186,
"min_diff": -1.7151468396186829,
"std": 4.708147051326592,
"std_diff": 4.882940914085784
},
"q": {
"max": 0.009595053270459175,
"max_diff": 0.35469397832639515,
"mean": -0.3189493963750353,
"mean_diff": -0.19848921817112591,
"min": -0.9506554007530212,
"min_diff": -0.9595861006528139,
"std": 0.38506012464082023,
"std_diff": 0.5450672441027703
},
"rotation_rate": {
"max": 0.044944360852241516,
"max_diff": 0.04897172516211867,
"mean": -0.0008794257883436706,
"mean_diff": -0.0020540914141966094,
"min": -0.12253715097904205,
"min_diff": -0.120517652714625,
"std": 0.013666877570453208,
"std_diff": 0.0176293756498733
},
"utime": {
"max": 1537845632205066,
"max_diff": 24053.0,
"mean": 1537845622255477.2,
"mean_diff": 10010.195171026156,
"min": 1537845612304798,
"min_diff": 1896.0,
"std": 5749170.328772853,
"std_diff": 3899.1507572680807
}
}
},
"POSE": {
"message_count": 991,
"message_freq": 49.80342472672192,
"timespan": 19.89823,
"var_stats": {
"accel": {
"max": 10.553490164077338,
"max_diff": 10.616537705590794,
"mean": 3.145279394978497,
"mean_diff": 5.0163882932964,
"min": -1.4189571923095468,
"min_diff": -1.6215363848920443,
"std": 4.704538343555412,
"std_diff": 4.885315200036343
},
"orientation": {
"max": 0.45408222633444606,
"max_diff": 0.0,
"mean": -0.12051278625971702,
"mean_diff": -0.44315778385048105,
"min": -0.9119526751737091,
"min_diff": -0.9119526751737091,
"std": 0.48525938254496404,
"std_diff": 0.3700601463898317
},
"pos": {
"max": 1148.3144730982503,
"max_diff": 944.7249511055938,
"mean": 437.96362911660333,
"mean_diff": -93.13467274297133,
"min": 0.0,
"min_diff": -1148.3144730982503,
"std": 493.58328586828736,
"std_diff": 1034.4989792055298
},
"rotation_rate": {
"max": 0.033476993441581726,
"max_diff": 0.04897172516211867,
"mean": -0.0009309112352395081,
"mean_diff": -0.002092039089434921,
"min": -0.12253715097904205,
"min_diff": -0.11749061662703753,
"std": 0.013736293295151952,
"std_diff": 0.0176983103174884
},
"utime": {
"max": 1537845632209305,
"max_diff": 40771.0,
"mean": 1537845622248120.8,
"mean_diff": 20099.222222222223,
"min": 1537845612311075,
"min_diff": 14625.0,
"std": 5746722.822013212,
"std_diff": 1546.0928968101427
},
"vel": {
"max": 5.3123717388695155,
"max_diff": 0.0,
"mean": 0.5494451394006818,
"mean_diff": -0.8241677091010228,
"min": 0.0,
"min_diff": -5.3123717388695155,
"std": 1.4738749452236586,
"std_diff": 1.741276416979449
}
}
},
"SteerAngleFeedback": {
"message_count": 1969,
"message_freq": 98.92271207190682,
"timespan": 19.904428,
"var_stats": {
"utime": {
"max": 1537845632202850,
"max_diff": 20754.0,
"mean": 1537845622270085.0,
"mean_diff": 10114.038617886179,
"min": 1537845612298422,
"min_diff": 1585.0,
"std": 5747046.718259208,
"std_diff": 1232.8327872974048
},
"value": {
"max": 0.2426007660272134,
"max_diff": 0.02617993877991498,
"mean": -0.410816290729458,
"mean_diff": 0.00018801311047906652,
"min": -1.0175269539126972,
"min_diff": -0.034906585039886584,
"std": 0.3818749628724528,
"std_diff": 0.004622927049334584
}
}
},
"VEHICLE_MONITOR": {
"message_count": 41,
"message_freq": 2.0500907165142057,
"timespan": 19.999115,
"var_stats": null
},
"ZOE_VEH_INFO": {
"message_count": 1986,
"message_freq": 99.75412566940369,
"timespan": 19.908951,
"var_stats": {
"FL_wheel_speed": {
"max": 169.17690000000002,
"max_diff": 1.376100000000008,
"mean": 51.359261178247735,
"mean_diff": -0.07638347607052898,
"min": 0.0,
"min_diff": -3.5028,
"std": 68.33248986440861,
"std_diff": 0.3067851642214885
},
"FR_wheel_speed": {
"max": 167.5506,
"max_diff": 1.376100000000008,
"mean": 51.108011329305135,
"mean_diff": -0.07346342569269522,
"min": 0.0,
"min_diff": -3.5028,
"std": 68.0713326239304,
"std_diff": 0.3072566531978766
},
"RL_wheel_speed": {
"max": 168.7182,
"max_diff": 2.1266999999999996,
"mean": 51.2177835347432,
"mean_diff": -0.07592130982367758,
"min": 0.0,
"min_diff": -3.5028,
"std": 68.1848584531787,
"std_diff": 0.2890427226565346
},
"RR_wheel_speed": {
"max": 167.3004,
"max_diff": 1.2093000000000131,
"mean": 51.04405453172206,
"mean_diff": -0.07310629722921914,
"min": 0.0,
"min_diff": -3.5028,
"std": 68.05121025581019,
"std_diff": 0.29459162708101405
},
"left_solar": {
"max": 32,
"max_diff": 144.0,
"mean": 29.82477341389728,
"mean_diff": 0.0,
"min": -112,
"min_diff": -144.0,
"std": 17.564197041080565,
"std_diff": 6.464162005102563
},
"longitudinal_accel": {
"max": 0.9500000000000011,
"max_diff": 0.1999999999999993,
"mean": -0.1698388721047325,
"mean_diff": -0.00042821158690176304,
"min": -1.4000000000000004,
"min_diff": -0.25,
"std": 0.5000646224297189,
"std_diff": 0.03379547329435544
},
"meanEffTorque": {
"max": 65.0,
"max_diff": 1.0,
"mean": -6.304632426988922,
"mean_diff": -0.0327455919395466,
"min": -63.5,
"min_diff": -3.5,
"std": 22.782175960193182,
"std_diff": 0.2877617406944869
},
"odom": {
"max": 116,
"max_diff": 56.0,
"mean": 74.83786505538771,
"mean_diff": -0.014105793450881612,
"min": 0,
"min_diff": -108.0,
"std": 26.42336572176948,
"std_diff": 10.88042646773508
},
"odom_speed": {
"max": 19.0,
"max_diff": 1.0,
"mean": 5.712990936555891,
"mean_diff": -0.008060453400503778,
"min": 0.0,
"min_diff": -1.0,
"std": 7.606061240224718,
"std_diff": 0.10496738787200052
},
"pedal_cc": {
"max": 271.0,
"max_diff": 12.0,
"mean": 18.401812688821753,
"mean_diff": -0.13652392947103276,
"min": 0.0,
"min_diff": -28.0,
"std": 49.1587607968174,
"std_diff": 1.2956042743929819
},
"regen": {
"max": 43.0,
"max_diff": 1.0,
"mean": 6.44159113796576,
"mean_diff": 0.0,
"min": 0.0,
"min_diff": -1.0,
"std": 13.80966364382898,
"std_diff": 0.21055282876933945
},
"requestedTorqueAfterProc": {
"max": -272.5,
"max_diff": 126.0,
"mean": -366.7212990936556,
"mean_diff": -0.030226700251889168,
"min": -398.5,
"min_diff": -126.0,
"std": 36.936572897959735,
"std_diff": 4.026185473871959
},
"right_solar": {
"max": 100,
"max_diff": 50.0,
"mean": 53.02114803625378,
"mean_diff": 0.0,
"min": 50,
"min_diff": -50.0,
"std": 11.91344057590958,
"std_diff": 2.2445006962161678
},
"steer_corrected": {
"max": 13.900000000000091,
"max_diff": 1.5,
"mean": -23.531017119838957,
"mean_diff": 0.010831234256926952,
"min": -58.30000000000018,
"min_diff": -1.5,
"std": 21.905314521887806,
"std_diff": 0.27340296835444944
},
"steer_offset_can": {
"max": -13.599999999999909,
"max_diff": 0.0,
"mean": -13.599999999999909,
"mean_diff": 0.0,
"min": -13.599999999999909,
"min_diff": 0.0,
"std": 0.0,
"std_diff": 0.0
},
"steer_raw": {
"max": 0.3000000000001819,
"max_diff": 1.5,
"mean": -37.131017119838866,
"mean_diff": 0.010831234256926952,
"min": -71.90000000000009,
"min_diff": -1.5,
"std": 21.905314521887806,
"std_diff": 0.27340296835444944
},
"transversal_accel": {
"max": -0.46000000000000796,
"max_diff": 0.031999999999982265,
"mean": -0.5099859013091622,
"mean_diff": 2.2166246851391003e-05,
"min": -0.568000000000012,
"min_diff": -0.03999999999999204,
"std": 0.011618811474454337,
"std_diff": 0.003307195779205293
},
"utime": {
"max": 1537845632206344,
"max_diff": 22717.0,
"mean": 1537845622251337.0,
"mean_diff": 10029.69823677582,
"min": 1537845612297393,
"min_diff": 2.0,
"std": 5751356.433028056,
"std_diff": 1830.868317518387
}
}
},
"ZoeSensors": {
"message_count": 17128,
"message_freq": 839.8404048258265,
"timespan": 20.394351,
"var_stats": {
"brake_sensor": {
"max": 0.541644275188446,
"max_diff": 0.004783570766448975,
"mean": 0.3309622380372688,
"mean_diff": 1.4364949951254284e-05,
"min": 0.1826011836528778,
"min_diff": -0.003910452127456665,
"std": 0.15447929238468058,
"std_diff": 0.00014624922799646002
},
"steering_sensor": {
"max": 0.19212651252746582,
"max_diff": 0.0005317330360412598,
"mean": 0.1882897202170853,
"mean_diff": 3.748563846773669e-08,
"min": 0.1866438239812851,
"min_diff": -0.000661700963973999,