{
"MS_IMU": {
"message_count": 1950,
"message_freq": 99.81465697874137,
"timespan": 19.536209,
"var_stats": {
"linear_accel": {
"max": 10.609683990478516,
"max_diff": 10.970150798559189,
"mean": 3.1781351116676024,
"mean_diff": 5.0713666074082,
"min": -2.1580898761749268,
"min_diff": -0.36328765004873276,
"std": 4.700596413224709,
"std_diff": 4.680295972450481
},
"q": {
"max": 0.4227583706378937,
"max_diff": 0.004772973246872425,
"mean": -0.12432762131047079,
"mean_diff": -0.4416354347396101,
"min": -0.9102224707603455,
"min_diff": -0.9170432165265083,
"std": 0.4842960456863599,
"std_diff": 0.36782276046997836
},
"rotation_rate": {
"max": 0.07742851972579956,
"max_diff": 0.07051782682538033,
"mean": -0.00029973715960039,
"mean_diff": -0.0009127185643006167,
"min": -0.05060028284788132,
"min_diff": -0.10610774531960487,
"std": 0.006787296162526784,
"std_diff": 0.010287546739310338
},
"utime": {
"max": 1537297734456387,
"max_diff": 28000.0,
"mean": 1537297724696556.2,
"mean_diff": 10023.709081580297,
"min": 1537297714920178,
"min_diff": 1949.0,
"std": 5648000.565722973,
"std_diff": 5293.87535749495
}
}
},
"POSE": {
"message_count": 972,
"message_freq": 49.6940848496846,
"timespan": 19.559672,
"var_stats": {
"accel": {
"max": 10.139273133089159,
"max_diff": 10.406121878880862,
"mean": 3.1761658604585277,
"mean_diff": 5.073706097943262,
"min": -2.0372735823531856,
"min_diff": -0.13588472900929083,
"std": 4.7013686193006885,
"std_diff": 4.678346231566715
},
"orientation": {
"max": 0.9402925217408953,
"max_diff": 0.0,
"mean": 0.1483406685737743,
"mean_diff": -0.4279044046862698,
"min": -0.34668697084903205,
"min_diff": -0.9402925217408953,
"std": 0.4774882679680053,
"std_diff": 0.38759663799292987
},
"pos": {
"max": 1530.8804285963038,
"max_diff": 789.0297879856645,
"mean": 758.2337487640696,
"mean_diff": -378.76998659077117,
"min": 0.0,
"min_diff": -1530.8804285963038,
"std": 619.3867385471258,
"std_diff": 1138.407238871912
},
"rotation_rate": {
"max": 0.07742851972579956,
"max_diff": 0.07051782682538033,
"mean": -0.0003382518778822237,
"mean_diff": -0.000915859866841341,
"min": -0.05060028284788132,
"min_diff": -0.10610774531960487,
"std": 0.006803807787672298,
"std_diff": 0.010205387902535615
},
"utime": {
"max": 1537297734458613,
"max_diff": 40620.0,
"mean": 1537297724681549.0,
"mean_diff": 20143.843460350156,
"min": 1537297714898941,
"min_diff": 13376.0,
"std": 5653401.420336873,
"std_diff": 1804.9455969178503
},
"vel": {
"max": 6.71969588237376,
"max_diff": 0.0,
"mean": 0.4088076013725033,
"mean_diff": -0.6132114020587548,
"min": 0.0,
"min_diff": -6.71969588237376,
"std": 1.355880816038245,
"std_diff": 1.6224291786533704
}
}
},
"SteerAngleFeedback": {
"message_count": 1922,
"message_freq": 98.24609255814474,
"timespan": 19.563119,
"var_stats": {
"utime": {
"max": 1537297734468415,
"max_diff": 30051.0,
"mean": 1537297724681660.5,
"mean_diff": 10183.820406038521,
"min": 1537297714905296,
"min_diff": 697.0,
"std": 5643182.792879204,
"std_diff": 1615.7517528152978
},
"value": {
"max": -0.017381317007970968,
"max_diff": 0.005235987755986174,
"mean": -0.022405722185543726,
"mean_diff": 5.178748951778948e-05,
"min": -0.11861041362364524,
"min_diff": -0.001745329252000688,
"std": 0.016133867894899876,
"std_diff": 0.0005621818316844254
}
}
},
"VEHICLE_MONITOR": {
"message_count": 40,
"message_freq": 2.0513209737825795,
"timespan": 19.49963,
"var_stats": null
},
"ZOE_VEH_INFO": {
"message_count": 1942,
"message_freq": 99.2889337626242,
"timespan": 19.559078,
"var_stats": {
"FL_wheel_speed": {
"max": 210.7518,
"max_diff": 2.5854000000000212,
"mean": 37.42038182286303,
"mean_diff": -0.10857897990726428,
"min": 0.0,
"min_diff": -3.5028,
"std": 65.74438452353915,
"std_diff": 0.3328153651128791
},
"FR_wheel_speed": {
"max": 210.0429,
"max_diff": 0.9591000000000065,
"mean": 37.399531822863025,
"mean_diff": -0.10821375579598146,
"min": 0.0,
"min_diff": -3.5028,
"std": 65.68311650108343,
"std_diff": 0.30919277142830137
},
"RL_wheel_speed": {
"max": 210.2931,
"max_diff": 1.6263000000000147,
"mean": 37.383384346035015,
"mean_diff": -0.10834265842349307,
"min": 0.0,
"min_diff": -3.5028,
"std": 65.73491747160824,
"std_diff": 0.34524317461415865
},
"RR_wheel_speed": {
"max": 214.0044,
"max_diff": 0.9590999999999781,
"mean": 38.071412873326466,
"mean_diff": -0.110254714064915,
"min": 0.0,
"min_diff": -3.5028,
"std": 66.9121826286681,
"std_diff": 0.33109986017548493
},
"left_solar": {
"max": 0,
"max_diff": 0.0,
"mean": 0.0,
"mean_diff": 0.0,
"min": 0,
"min_diff": 0.0,
"std": 0.0,
"std_diff": 0.0
},
"longitudinal_accel": {
"max": 0.40000000000000036,
"max_diff": 0.20000000000000107,
"mean": -0.3466529351184342,
"mean_diff": 0.0003091190108191652,
"min": -2.1499999999999995,
"min_diff": -0.25,
"std": 0.5727453193734512,
"std_diff": 0.03091273826790087
},
"meanEffTorque": {
"max": 0.0,
"max_diff": 2.0,
"mean": -12.115859938208033,
"mean_diff": 0.014683153013910355,
"min": -82.0,
"min_diff": -1.0,
"std": 23.65892675933669,
"std_diff": 0.22450532964544165
},
"odom": {
"max": 116,
"max_diff": 64.0,
"mean": 35.77960865087539,
"mean_diff": -0.04121586810922205,
"min": 0,
"min_diff": -116.0,
"std": 26.670372910703186,
"std_diff": 9.320132235071153
},
"odom_speed": {
"max": 24.0,
"max_diff": 0.0,
"mean": 4.2023686920700305,
"mean_diff": -0.012364760432766615,
"min": 0.0,
"min_diff": -1.0,
"std": 7.433518221774837,
"std_diff": 0.11050734424556093
},
"pedal_cc": {
"max": 0.0,
"max_diff": 0.0,
"mean": 0.0,
"mean_diff": 0.0,
"min": 0.0,
"min_diff": 0.0,
"std": 0.0,
"std_diff": 0.0
},
"regen": {
"max": 57.0,
"max_diff": 0.0,
"mean": 11.440782698249228,
"mean_diff": -0.02936630602782071,
"min": 0.0,
"min_diff": -1.0,
"std": 21.49421748227255,
"std_diff": 0.16883105785992425
},
"requestedTorqueAfterProc": {
"max": -272.5,
"max_diff": 2.0,
"mean": -363.1864057672503,
"mean_diff": -0.05048943843379701,
"min": -398.5,
"min_diff": -126.0,
"std": 40.435047412796564,
"std_diff": 2.86400065650307
},
"right_solar": {
"max": 0,
"max_diff": 0.0,
"mean": 0.0,
"mean_diff": 0.0,
"min": 0,
"min_diff": 0.0,
"std": 0.0,
"std_diff": 0.0
},
"steer_corrected": {
"max": -0.9958761069356923,
"max_diff": 0.3000000000001819,
"mean": -1.2830542737743083,
"mean_diff": 0.0029366306027819775,
"min": -6.795876106935874,
"min_diff": -0.1000000000003638,
"std": 0.9256196567138446,
"std_diff": 0.03236561170448085
},
"steer_offset_can": {
"max": -12.300000000000182,
"max_diff": 0.0,
"mean": -12.300000000000184,
"mean_diff": 0.0,
"min": -12.300000000000182,
"min_diff": 0.0,
"std": 1.7763568394002505e-15,
"std_diff": 0.0
},
"steer_raw": {
"max": -12.699999999999818,
"max_diff": 0.3000000000001819,
"mean": -12.987178166838435,
"mean_diff": 0.0029366306027819775,
"min": -18.5,
"min_diff": -0.1000000000003638,
"std": 0.9256196567138446,
"std_diff": 0.03236561170448085
},
"transversal_accel": {
"max": -0.4519999999999982,
"max_diff": 0.027999999999991587,
"mean": -0.49016683831101715,
"mean_diff": 1.2364760432767084e-05,
"min": -0.5320000000000107,
"min_diff": -0.03200000000001069,
"std": 0.00845177585673268,
"std_diff": 0.003389812847569102
},
"utime": {
"max": 1537297734460165,
"max_diff": 25097.0,
"mean": 1537297724686496.8,
"mean_diff": 10076.804739824833,
"min": 1537297714901087,
"min_diff": 3.0,
"std": 5649243.862256195,
"std_diff": 1661.6899641132893
}
}
},
"ZoeSensors": {
"message_count": 18774,
"message_freq": 960.2904502659417,
"timespan": 19.550335,
"var_stats": {
"brake_sensor": {
"max": 0.37019702792167664,
"max_diff": 0.0007054954767227173,
"mean": 0.3442905530273197,
"mean_diff": 9.866044300731418e-06,
"min": 0.18484602868556976,
"min_diff": -0.0002199113368988037,
"std": 0.04068453668966148,
"std_diff": 3.806040295772043e-05
},
"steering_sensor": {
"max": 0.22000078856945038,
"max_diff": 0.0006380677223205566,
"mean": 0.21708743372711622,
"mean_diff": 9.860817424554915e-09,
"min": 0.21463626623153687,
"min_diff": -0.0005868673324584961,
"std": 0.0003393269353832019,
"std_diff": 0.00011298817343609674
},