{
"MS_IMU": {
"message_count": 1890,
"message_freq": 99.52762818500258,
"timespan": 18.989702,
"var_stats": {
"linear_accel": {
"max": 10.629095077514648,
"max_diff": 10.944552421569824,
"mean": 3.1797389155199203,
"mean_diff": 4.874882364689418,
"min": -1.0556751489639282,
"min_diff": -1.455789029598236,
"std": 4.685602998989964,
"std_diff": 5.225235859133245
},
"q": {
"max": 0.7023728489875793,
"max_diff": 0.7317815683782101,
"mean": -0.003793412702165485,
"mean_diff": 0.4713164285166974,
"min": -0.7164682745933533,
"min_diff": -0.03084692545235157,
"std": 0.4999856285962506,
"std_diff": 0.3484205918010743
},
"rotation_rate": {
"max": 0.05057218670845032,
"max_diff": 0.05482545122504234,
"mean": 0.0002990419444008365,
"mean_diff": -0.0009111733726264165,
"min": -0.039767030626535416,
"min_diff": -0.04946532309986651,
"std": 0.01022421411471622,
"std_diff": 0.014250565280941156
},
"utime": {
"max": 1533153737450753,
"max_diff": 31980.0,
"mean": 1533153727949301.8,
"mean_diff": 10052.780307040763,
"min": 1533153718461051,
"min_diff": 2971.0,
"std": 5478420.266992672,
"std_diff": 4560.379646218382
}
}
},
"POSE": {
"message_count": 943,
"message_freq": 49.633282152629654,
"timespan": 18.999348,
"var_stats": {
"accel": {
"max": 10.122517390294993,
"max_diff": 10.421734140034648,
"mean": 3.179167092143146,
"mean_diff": 4.875286982648685,
"min": -0.895119345669759,
"min_diff": -0.9279981292599302,
"std": 4.684002256182594,
"std_diff": 5.223184558999693
},
"orientation": {
"max": 0.999942324646158,
"max_diff": 0.01776602304546867,
"mean": 0.25366221048587556,
"mean_diff": -0.32837705740782047,
"min": 0.0,
"min_diff": -0.999942324646158,
"std": 0.430877573066201,
"std_diff": 0.4748703417792211
},
"pos": {
"max": 2407.270893058811,
"max_diff": -876.6028999718609,
"mean": 1064.8294066453782,
"mean_diff": -1157.9335286639753,
"min": 0.0,
"min_diff": -1526.6235892615348,
"std": 955.0296474658677,
"std_diff": 281.5408621659679
},
"rotation_rate": {
"max": 0.04941944777965546,
"max_diff": 0.05482545122504234,
"mean": 0.00030226461279464896,
"mean_diff": -0.0009103797266283734,
"min": -0.038417715579271317,
"min_diff": -0.04946532309986651,
"std": 0.010223754662959834,
"std_diff": 0.014287112049231469
},
"utime": {
"max": 1533153737456956,
"max_diff": 40877.0,
"mean": 1533153727951311.2,
"mean_diff": 20169.15923566879,
"min": 1533153718457608,
"min_diff": 11591.0,
"std": 5498626.574172633,
"std_diff": 1981.2811061981488
},
"vel": {
"max": 10.226906420674219,
"max_diff": 0.0,
"mean": 3.0701777442112643,
"mean_diff": -4.6052666163168965,
"min": 0.0,
"min_diff": -10.226906420674219,
"std": 4.355823604071844,
"std_diff": 4.624965445157026
}
}
},
"SteerAngleFeedback": {
"message_count": 1849,
"message_freq": 97.35087677916758,
"timespan": 18.993152,
"var_stats": {
"utime": {
"max": 1533153737456921,
"max_diff": 30467.0,
"mean": 1533153727940078.0,
"mean_diff": 10277.679653679654,
"min": 1533153718463769,
"min_diff": 2931.0,
"std": 5485742.950704882,
"std_diff": 1904.732081459264
},
"value": {
"max": -0.013890658503985484,
"max_diff": 0.003490658503993417,
"mean": -0.03536604293455521,
"mean_diff": -5.666653415565146e-06,
"min": -0.08021317007977319,
"min_diff": -0.00523598775598616,
"std": 0.012905631975906329,
"std_diff": 0.0008457879663324046
}
}
},
"VEHICLE_MONITOR": {
"message_count": 39,
"message_freq": 2.0526438948107373,
"timespan": 18.999886,
"var_stats": {
"available_distance": {
"max": 64,
"max_diff": 0.0,
"mean": 64.0,
"mean_diff": 0.0,
"min": 64,
"min_diff": 0.0,
"std": 0.0,
"std_diff": 0.0
},
"battery_level": {
"max": 73,
"max_diff": 0.0,
"mean": 73.0,
"mean_diff": 0.0,
"min": 73,
"min_diff": 0.0,
"std": 0.0,
"std_diff": 0.0
},
"brake": {
"max": 0,
"max_diff": 0.0,
"mean": 0.0,
"mean_diff": 0.0,
"min": 0,
"min_diff": 0.0,
"std": 0.0,
"std_diff": 0.0
},
"brake_switch": {
"max": 1,
"max_diff": 0.0,
"mean": 1.0,
"mean_diff": 0.0,
"min": 1,
"min_diff": 0.0,
"std": 0.0,
"std_diff": 0.0
},
"gear_position": {
"max": 7,
"max_diff": 0.0,
"mean": 7.0,
"mean_diff": 0.0,
"min": 7,
"min_diff": 0.0,
"std": 0.0,
"std_diff": 0.0
},
"left_signal": {
"max": 0,
"max_diff": 0.0,
"mean": 0.0,
"mean_diff": 0.0,
"min": 0,
"min_diff": 0.0,
"std": 0.0,
"std_diff": 0.0
},
"rear_left_rpm": {
"max": 325.26,
"max_diff": 8.381700000000023,
"mean": 291.83798461538464,
"mean_diff": 0.7253605263157891,
"min": 249.07410000000002,
"min_diff": -14.011199999999974,
"std": 19.89155087919902,
"std_diff": 5.238347324879612
},
"rear_right_rpm": {
"max": 330.5976,
"max_diff": 9.090599999999995,
"mean": 297.2108692307692,
"mean_diff": 0.6946342105263156,
"min": 253.74450000000002,
"min_diff": -12.635099999999966,
"std": 20.37639307593979,
"std_diff": 5.311820541925256
},
"right_signal": {
"max": 0,
"max_diff": 0.0,
"mean": 0.0,
"mean_diff": 0.0,
"min": 0,
"min_diff": 0.0,
"std": 0.0,
"std_diff": 0.0
},
"steering": {
"max": -0.29999999999972715,
"max_diff": 1.699999999999818,
"mean": -1.4564102564100978,
"mean_diff": -0.007894736842098083,
"min": -3.799999999999727,
"min_diff": -2.699999999999818,
"std": 0.7611714560700703,
"std_diff": 0.7389115675837545
},
"steering_speed": {
"max": 5.900000000000272,
"max_diff": 7.900000000000091,
"mean": 0.2410256410258362,
"mean_diff": 0.15526315789473924,
"min": -1.9999999999998188,
"min_diff": -3.900000000000091,
"std": 1.5508009425600648,
"std_diff": 2.3124033258223844
},
"throttle": {
"max": 260,
"max_diff": 115.0,
"mean": 138.97435897435898,
"mean_diff": -2.789473684210526,
"min": 0,
"min_diff": -111.0,
"std": 85.41977408115915,
"std_diff": 43.39546295393275
},
"utime": {
"max": 1533153737842223,
"max_diff": 501818.0,
"mean": 1533153728342017.8,
"mean_diff": 499997.0,
"min": 1533153718842337,
"min_diff": 498470.0,
"std": 5627086.14525422,
"std_diff": 590.5634241084838
},
"vehicle_speed": {
"max": 37.0,
"max_diff": 0.9299999999999962,
"mean": 33.27230769230769,
"mean_diff": 0.07973684210526319,
"min": 28.43,
"min_diff": -1.370000000000001,
"std": 2.252958694624564,
"std_diff": 0.5788849846772368
},
"yaw_rate": {
"max": 2.842170943040401e-14,
"max_diff": 0.4000000000000057,
"mean": -0.23589743589740936,
"mean_diff": -0.005263157894736543,
"min": -0.6999999999999886,
"min_diff": -0.6000000000000227,
"std": 0.20062361684121813,
"std_diff": 0.21019711102859243
}
}
},
"ZOE_VEH_INFO": {
"message_count": 1890,
"message_freq": 99.48263764791463,
"timespan": 18.99829,
"var_stats": {
"FL_wheel_speed": {
"max": 324.75960000000003,
"max_diff": 3.2942999999999643,
"mean": 291.52509714285713,
"mean_diff": 0.013951508734780306,
"min": 249.07410000000002,
"min_diff": -2.793900000000008,
"std": 19.34398080518149,
"std_diff": 0.37281142298570863
},
"FR_wheel_speed": {
"max": 323.8422,
"max_diff": 2.543700000000001,
"mean": 291.3427865079365,
"mean_diff": 0.014083959767072527,
"min": 248.8239,
"min_diff": -2.0849999999999795,
"std": 19.30688486147402,
"std_diff": 0.3547177470556283
},
"RL_wheel_speed": {
"max": 324.3009,
"max_diff": 2.335200000000043,
"mean": 290.7213682539682,
"mean_diff": 0.014591688724192685,
"min": 248.36520000000002,
"min_diff": -2.585399999999993,
"std": 19.292539555691285,
"std_diff": 0.4259781241133643
},
"RR_wheel_speed": {
"max": 329.88870000000003,
"max_diff": 2.0850000000000364,
"mean": 296.0787150793651,
"mean_diff": 0.014238485971413448,
"min": 253.03560000000002,
"min_diff": -2.335199999999986,
"std": 19.62194617644358,
"std_diff": 0.4070724646717696
},
"left_solar": {
"max": 0,
"max_diff": 0.0,
"mean": 0.0,
"mean_diff": 0.0,
"min": 0,
"min_diff": 0.0,
"std": 0.0,
"std_diff": 0.0
},
"longitudinal_accel": {
"max": 0.6000000000000014,
"max_diff": 0.45000000000000107,
"mean": 0.04751322751322822,
"mean_diff": -7.940709370037075e-05,
"min": -0.9000000000000004,
"min_diff": -0.6000000000000014,
"std": 0.3477846078004553,
"std_diff": 0.06270540873197056
},
"meanEffTorque": {
"max": 42.0,
"max_diff": 3.0,
"mean": 10.880687830687831,
"mean_diff": -0.003440974060349391,
"min": -47.0,
"min_diff": -1.5,
"std": 22.11598030185581,