{
"MS_IMU": {
"message_count": 1926,
"message_freq": 99.7914276262153,
"timespan": 19.300255,
"var_stats": {
"linear_accel": {
"max": 12.637632369995117,
"max_diff": 12.670167338103056,
"mean": 3.1764996488625252,
"mean_diff": 5.087214478321823,
"min": -1.7280769348144531,
"min_diff": -2.0198430120944977,
"std": 4.704998507700299,
"std_diff": 4.636874792085442
},
"q": {
"max": 0.8637270331382751,
"max_diff": 0.8643487958470359,
"mean": 0.08708236320448284,
"mean_diff": 0.45656733776550057,
"min": -0.5186776518821716,
"min_diff": 0.0015600877231918275,
"std": 0.4923582846961417,
"std_diff": 0.34880101659358503
},
"rotation_rate": {
"max": 0.09620032459497452,
"max_diff": 0.12048200657591224,
"mean": 0.00019404330993868434,
"mean_diff": -0.00029928698118425863,
"min": -0.11481817066669464,
"min_diff": -0.13726985082030296,
"std": 0.01559259078212963,
"std_diff": 0.024137445078461914
},
"utime": {
"max": 1537297192456506,
"max_diff": 28965.0,
"mean": 1537297182805074.5,
"mean_diff": 10026.106493506493,
"min": 1537297173156251,
"min_diff": 1935.0,
"std": 5575865.086680697,
"std_diff": 5258.569264662826
}
}
},
"POSE": {
"message_count": 959,
"message_freq": 49.691364293764984,
"timespan": 19.299128,
"var_stats": {
"accel": {
"max": 10.586286860751565,
"max_diff": 10.39439984596617,
"mean": 3.178200903118877,
"mean_diff": 5.082863722762117,
"min": -1.2575942144263297,
"min_diff": -0.2355820547273184,
"std": 4.692037715932176,
"std_diff": 4.62379255830471
},
"orientation": {
"max": 0.9730057832526086,
"max_diff": 0.0,
"mean": 0.18193061063837077,
"mean_diff": -0.4041974313430724,
"min": -0.2475707066201003,
"min_diff": -0.9730057832526086,
"std": 0.46572658600594136,
"std_diff": 0.4122593477763671
},
"pos": {
"max": 1408.1174856277967,
"max_diff": 75.03882681723098,
"mean": 879.7873356668774,
"mean_diff": -671.1607772761856,
"min": 0.0,
"min_diff": -1339.4458668080617,
"std": 623.0051631759012,
"std_diff": 627.8096467515568
},
"rotation_rate": {
"max": 0.07913553714752197,
"max_diff": 0.1189437136054039,
"mean": 5.764464457531401e-05,
"mean_diff": -0.00029782736650270147,
"min": -0.10333065688610077,
"min_diff": -0.1306283101439476,
"std": 0.015753711946526694,
"std_diff": 0.024640441212869516
},
"utime": {
"max": 1537297192456589,
"max_diff": 40555.0,
"mean": 1537297182782588.5,
"mean_diff": 20145.227557411272,
"min": 1537297173157461,
"min_diff": 17216.0,
"std": 5571850.370971684,
"std_diff": 1752.4474136986853
},
"vel": {
"max": 10.423843712029788,
"max_diff": 0.0,
"mean": 2.796625967070865,
"mean_diff": -4.194938950606297,
"min": 0.0,
"min_diff": -10.423843712029788,
"std": 4.0313343959475265,
"std_diff": 4.302516463437778
}
}
},
"SteerAngleFeedback": {
"message_count": 1901,
"message_freq": 98.48104514446744,
"timespan": 19.303207,
"var_stats": {
"utime": {
"max": 1537297192455540,
"max_diff": 33639.0,
"mean": 1537297182791338.5,
"mean_diff": 10159.582631578947,
"min": 1537297173152333,
"min_diff": 2919.0,
"std": 5571321.063550275,
"std_diff": 1575.948542111242
},
"value": {
"max": 0.11177304763960308,
"max_diff": 0.0052359877559861635,
"mean": -0.006248301484732018,
"mean_diff": 2.3883452922031018e-05,
"min": -0.059269219055836465,
"min_diff": -0.005235987755986167,
"std": 0.03809729570848522,
"std_diff": 0.0012036474562883853
}
}
},
"VEHICLE_MONITOR": {
"message_count": 39,
"message_freq": 2.0526712279126658,
"timespan": 18.999633,
"var_stats": null
},
"ZOE_VEH_INFO": {
"message_count": 1925,
"message_freq": 99.73798184520032,
"timespan": 19.300571,
"var_stats": {
"FL_wheel_speed": {
"max": 330.13890000000004,
"max_diff": 11.926199999999994,
"mean": 264.29044083116884,
"mean_diff": -0.10052214137214138,
"min": 136.4841,
"min_diff": -10.00800000000001,
"std": 43.58467142691333,
"std_diff": 0.898073228680807
},
"FR_wheel_speed": {
"max": 329.88870000000003,
"max_diff": 12.384900000000016,
"mean": 264.33954935064935,
"mean_diff": -0.10065218295218296,
"min": 136.2339,
"min_diff": -7.464300000000037,
"std": 43.61074064562424,
"std_diff": 0.825570081287384
},
"RL_wheel_speed": {
"max": 329.88870000000003,
"max_diff": 10.758600000000001,
"mean": 263.78352046753247,
"mean_diff": -0.10102063409563411,
"min": 135.525,
"min_diff": -7.0055999999999585,
"std": 43.390403784186304,
"std_diff": 0.7864294950346873
},
"RR_wheel_speed": {
"max": 335.51820000000004,
"max_diff": 5.337600000000009,
"mean": 268.85239916883114,
"mean_diff": -0.10238607068607071,
"min": 138.5274,
"min_diff": -8.840399999999988,
"std": 44.23038085414822,
"std_diff": 0.6834213412082363
},
"left_solar": {
"max": 0,
"max_diff": 0.0,
"mean": 0.0,
"mean_diff": 0.0,
"min": 0,
"min_diff": 0.0,
"std": 0.0,
"std_diff": 0.0
},
"longitudinal_accel": {
"max": 1.1000000000000014,
"max_diff": 1.3000000000000007,
"mean": -0.38503896103896046,
"mean_diff": -0.0004937629937629934,
"min": -1.3499999999999996,
"min_diff": -1.950000000000001,
"std": 0.38160231020967655,
"std_diff": 0.11738671923600069
},
"meanEffTorque": {
"max": 26.5,
"max_diff": 4.5,
"mean": -13.909610389610389,
"mean_diff": -0.030145530145530147,
"min": -67.5,
"min_diff": -2.0,
"std": 22.854426633178104,
"std_diff": 0.4284888347713152
},
"odom": {
"max": 124,
"max_diff": 84.0,
"mean": 100.72103896103896,
"mean_diff": -0.058212058212058215,
"min": 4,
"min_diff": -112.0,
"std": 37.29118274617837,
"std_diff": 11.495852100400512
},
"odom_speed": {
"max": 37.0,
"max_diff": 1.0,
"mean": 29.69974025974026,
"mean_diff": -0.010914760914760915,
"min": 16.0,
"min_diff": -1.0,
"std": 4.878388592272076,
"std_diff": 0.10878938343623223
},
"pedal_cc": {
"max": 191.0,
"max_diff": 24.0,
"mean": 51.79064935064935,
"mean_diff": 0.0,
"min": 0.0,
"min_diff": -24.0,
"std": 64.30671081172244,
"std_diff": 2.483835475517384
},
"regen": {
"max": 60.0,
"max_diff": 2.0,
"mean": 28.502857142857142,
"mean_diff": 0.018191268191268192,
"min": 0.0,
"min_diff": -9.0,
"std": 24.279425679312393,
"std_diff": 0.7057689609230076
},
"requestedTorqueAfterProc": {
"max": -272.5,
"max_diff": 126.0,
"mean": -322.63324675324674,
"mean_diff": 0.0038981288981288983,
"min": -398.5,
"min_diff": -126.0,
"std": 45.50567295708059,
"std_diff": 8.013217406495313
},
"right_solar": {
"max": 0,
"max_diff": 0.0,
"mean": 0.0,
"mean_diff": 0.0,
"min": 0,
"min_diff": 0.0,
"std": 0.0,
"std_diff": 0.0
},
"steer_corrected": {
"max": 6.404123893063944,
"max_diff": 0.3000000000001819,
"mean": -0.3572787043384704,
"mean_diff": 0.0013513513513515405,
"min": -3.3958761069357832,
"min_diff": -0.3000000000001819,
"std": 2.187131456210745,
"std_diff": 0.06715361763120352
},
"steer_offset_can": {
"max": -12.300000000000182,
"max_diff": 0.0,
"mean": -12.300000000000182,
"mean_diff": 0.0,
"min": -12.300000000000182,
"min_diff": 0.0,
"std": 0.0,
"std_diff": 0.0
},
"steer_raw": {
"max": -5.300000000000182,
"max_diff": 0.3000000000001819,
"mean": -12.061402597402596,
"mean_diff": 0.0013513513513515405,
"min": -15.099999999999909,
"min_diff": -0.3000000000001819,
"std": 2.187131456210745,
"std_diff": 0.06715361763120352
},
"transversal_accel": {
"max": -0.41200000000000614,
"max_diff": 0.060000000000002274,
"mean": -0.488353246753244,
"mean_diff": 1.455301455301018e-05,
"min": -0.5480000000000018,
"min_diff": -0.07200000000000273,
"std": 0.014510681998307316,
"std_diff": 0.008143706436871637
},
"utime": {
"max": 1537297192457099,
"max_diff": 20937.0,
"mean": 1537297182790333.0,
"mean_diff": 10031.481808731809,
"min": 1537297173156528,
"min_diff": 1.0,
"std": 5571060.229176511,
"std_diff": 1512.1824352387332
}
}
},
"ZoeSensors": {
"message_count": 18513,
"message_freq": 959.2555517828304,
"timespan": 19.299341,
"var_stats": {
"brake_sensor": {
"max": 0.31514972448349,
"max_diff": 0.0008019953966140747,
"mean": 0.2063954863740554,
"mean_diff": 7.005014787641391e-06,
"min": 0.18483740091323853,
"min_diff": -0.0005611926317214966,
"std": 0.03867122451381144,
"std_diff": 4.3347770049650594e-05
},
"steering_sensor": {
"max": 0.22059158980846405,
"max_diff": 0.0007916837930679321,
"mean": 0.21727906089351132,