{
"MS_IMU": {
"message_count": 1950,
"message_freq": 99.8163021725095,
"timespan": 19.535887,
"var_stats": {
"linear_accel": {
"max": 11.140228271484375,
"max_diff": 11.729568183422089,
"mean": 3.4426667841175473,
"mean_diff": 4.838433073919637,
"min": -2.3323798179626465,
"min_diff": -1.4275435991585255,
"std": 4.513660055197764,
"std_diff": 4.57871756006857
},
"q": {
"max": 0.0016985421534627676,
"max_diff": 0.8655646685510874,
"mean": -0.3491375889964708,
"mean_diff": 0.1188623390136621,
"min": -0.8813160061836243,
"min_diff": -0.5076169574167579,
"std": 0.35791473982377653,
"std_diff": 0.5518628897923635
},
"rotation_rate": {
"max": 0.043991364538669586,
"max_diff": 0.07122466154396534,
"mean": -0.0018082041169107345,
"mean_diff": -0.001609347406311156,
"min": -0.15567900240421295,
"min_diff": -0.1731513813138008,
"std": 0.011675187048538746,
"std_diff": 0.014611898277470947
},
"utime": {
"max": 1537292942955991,
"max_diff": 28977.0,
"mean": 1537292933193707.5,
"mean_diff": 10023.54386865059,
"min": 1537292923420104,
"min_diff": 1901.0,
"std": 5642730.289028823,
"std_diff": 5265.441213093883
}
}
},
"POSE": {
"message_count": 973,
"message_freq": 49.79882655949017,
"timespan": 19.538613,
"var_stats": {
"accel": {
"max": 10.157596821934154,
"max_diff": 10.284888090928176,
"mean": 3.441377918319537,
"mean_diff": 4.840038698840409,
"min": -1.9902882591622013,
"min_diff": -1.201723574551105,
"std": 4.511927879963601,
"std_diff": 4.569458849596462
},
"orientation": {
"max": 0.9687937847527783,
"max_diff": 0.9687937847527783,
"mean": 0.30453883609612264,
"mean_diff": 0.23945667097224002,
"min": 0.0,
"min_diff": -0.28578394713344546,
"std": 0.3965552890949999,
"std_diff": 0.5253511550003729
},
"pos": {
"max": 1392.3412767076443,
"max_diff": 198.3483682969529,
"mean": 862.8748015606441,
"mean_diff": -599.7508050044105,
"min": 0.0,
"min_diff": -1392.3412767076443,
"std": 615.0363613477109,
"std_diff": 789.3731258822725
},
"rotation_rate": {
"max": 0.039474569261074066,
"max_diff": 0.06817768700420856,
"mean": -0.0017938158865134027,
"mean_diff": -0.0016119844112188523,
"min": -0.15383438766002655,
"min_diff": -0.15136312134563923,
"std": 0.011557058611793507,
"std_diff": 0.014266162058112663
},
"utime": {
"max": 1537292942953510,
"max_diff": 40679.0,
"mean": 1537292933179815.8,
"mean_diff": 20101.453703703704,
"min": 1537292923414897,
"min_diff": 11759.0,
"std": 5640517.040891015,
"std_diff": 1567.5082605950145
},
"vel": {
"max": 3.529295267344545,
"max_diff": 0.0,
"mean": 0.17019262782163597,
"mean_diff": -0.2552889417324539,
"min": 0.0,
"min_diff": -3.529295267344545,
"std": 0.6205060818362178,
"std_diff": 0.7455317219743082
}
}
},
"SteerAngleFeedback": {
"message_count": 1934,
"message_freq": 98.96158392159788,
"timespan": 19.542937,
"var_stats": {
"utime": {
"max": 1537292942950458,
"max_diff": 20917.0,
"mean": 1537292933187401.8,
"mean_diff": 10110.158820486291,
"min": 1537292923407521,
"min_diff": 2695.0,
"std": 5642093.145684019,
"std_diff": 1265.6791560028344
},
"value": {
"max": -0.015635987755978225,
"max_diff": 0.0017453292520006776,
"mean": -0.07424529916796146,
"mean_diff": -0.0008812422917467481,
"min": -1.7190773377024422,
"min_diff": -0.02617993877991509,
"std": 0.20797686698462758,
"std_diff": 0.0036859155792923312
}
}
},
"VEHICLE_MONITOR": {
"message_count": 40,
"message_freq": 2.051352849254746,
"timespan": 19.499327,
"var_stats": null
},
"ZOE_VEH_INFO": {
"message_count": 1951,
"message_freq": 99.80369212274678,
"timespan": 19.548375,
"var_stats": {
"FL_wheel_speed": {
"max": 116.5932,
"max_diff": 7.0056,
"mean": 16.168036852895952,
"mean_diff": 0.012210615384615382,
"min": 0.0,
"min_diff": -3.5028,
"std": 31.500492989558076,
"std_diff": 0.41290807830977044
},
"FR_wheel_speed": {
"max": 109.3374,
"max_diff": 5.838,
"mean": 15.989310353664788,
"mean_diff": 0.008853230769230771,
"min": 0.0,
"min_diff": -3.5028,
"std": 31.017181309239664,
"std_diff": 0.3838492618367775
},
"RL_wheel_speed": {
"max": 114.7167,
"max_diff": 6.5469,
"mean": 16.078908713480267,
"mean_diff": 0.011376615384615376,
"min": 0.0,
"min_diff": -3.5028,
"std": 31.40231745313128,
"std_diff": 0.42684564182555207
},
"RR_wheel_speed": {
"max": 111.6726,
"max_diff": 6.2967,
"mean": 16.209480369041515,
"mean_diff": 0.00718523076923077,
"min": 0.0,
"min_diff": -3.5028,
"std": 31.52658369119704,
"std_diff": 0.3907907864007491
},
"left_solar": {
"max": 0,
"max_diff": 0.0,
"mean": 0.0,
"mean_diff": 0.0,
"min": 0,
"min_diff": 0.0,
"std": 0.0,
"std_diff": 0.0
},
"longitudinal_accel": {
"max": 1.5500000000000007,
"max_diff": 0.3000000000000007,
"mean": 0.08452075858534146,
"mean_diff": 0.00035897435897435954,
"min": -2.1999999999999993,
"min_diff": -0.3000000000000007,
"std": 0.6802204872547017,
"std_diff": 0.035371643850571254
},
"meanEffTorque": {
"max": 104.5,
"max_diff": 3.5,
"mean": 12.882111737570476,
"mean_diff": 0.03358974358974359,
"min": -41.5,
"min_diff": -2.0,
"std": 33.69333149507674,
"std_diff": 0.3968141538747312
},
"odom": {
"max": 116,
"max_diff": 36.0,
"mean": 20.422347514095335,
"mean_diff": 0.028717948717948718,
"min": 0,
"min_diff": -116.0,
"std": 27.612646001324407,
"std_diff": 6.984759665665938
},
"odom_speed": {
"max": 12.0,
"max_diff": 1.0,
"mean": 1.6919528446950283,
"mean_diff": 0.0010256410256410256,
"min": 0.0,
"min_diff": -1.0,
"std": 3.3726265386454615,
"std_diff": 0.10621204895179175
},
"pedal_cc": {
"max": 365.0,
"max_diff": 48.0,
"mean": 50.01588928754485,
"mean_diff": 0.11333333333333333,
"min": 0.0,
"min_diff": -59.0,
"std": 110.06490910836823,
"std_diff": 2.3907893057050225
},
"regen": {
"max": 20.0,
"max_diff": 1.0,
"mean": 1.026652998462327,
"mean_diff": -0.008205128205128205,
"min": 0.0,
"min_diff": -1.0,
"std": 4.167594473135118,
"std_diff": 0.11063619741671221
},
"requestedTorqueAfterProc": {
"max": -276.5,
"max_diff": 12.0,
"mean": -368.2027165556125,
"mean_diff": 0.031794871794871796,
"min": -396.5,
"min_diff": -4.0,
"std": 32.368422890391216,
"std_diff": 0.653993145870426
},
"right_solar": {
"max": 0,
"max_diff": 0.0,
"mean": 0.0,
"mean_diff": 0.0,
"min": 0,
"min_diff": 0.0,
"std": 0.0,
"std_diff": 0.0
},
"steer_corrected": {
"max": -0.8958761069357832,
"max_diff": 0.1000000000003638,
"mean": -4.187572672799558,
"mean_diff": -0.04933333333333347,
"min": -97.09587610693606,
"min_diff": -2.400000000000091,
"std": 11.685750882924856,
"std_diff": 0.211604533582049
},
"steer_offset_can": {
"max": -12.300000000000182,
"max_diff": 0.0,
"mean": -12.300000000000182,
"mean_diff": 0.0,
"min": -12.300000000000182,
"min_diff": 0.0,
"std": 0.0,
"std_diff": 0.0
},
"steer_raw": {
"max": -12.599999999999909,
"max_diff": 0.1000000000003638,
"mean": -15.891696565863684,
"mean_diff": -0.04933333333333347,
"min": -108.80000000000018,
"min_diff": -2.400000000000091,
"std": 11.685750882924856,
"std_diff": 0.211604533582049
},
"transversal_accel": {
"max": -0.4159999999999968,
"max_diff": 0.03200000000001069,
"mean": -0.4582880574064526,
"mean_diff": -4.307692307692471e-05,
"min": -0.6080000000000041,
"min_diff": -0.036000000000001364,
"std": 0.017599597400828653,
"std_diff": 0.003959563660139294
},
"utime": {
"max": 1537292942949704,
"max_diff": 22570.0,
"mean": 1537292933181163.2,
"mean_diff": 10024.807692307691,
"min": 1537292923401329,
"min_diff": 2.0,
"std": 5643900.389312331,
"std_diff": 1816.4973636778338
}
}
},
"ZoeSensors": {
"message_count": 18563,
"message_freq": 949.5401484941044,
"timespan": 19.549463,
"var_stats": {
"brake_sensor": {
"max": 0.3904390335083008,
"max_diff": 0.0009748935699462891,
"mean": 0.3370232091019433,
"mean_diff": -5.984215461004269e-06,
"min": 0.18474812805652618,
"min_diff": -0.006161242723464966,
"std": 0.0772181774195769,
"std_diff": 0.0001313048159462047
},
"steering_sensor": {
"max": 0.21934695541858673,
"max_diff": 0.0004884004592895508,
"mean": 0.21773246576712446,
"mean_diff": 7.426738096791446e-08,
"min": 0.21615660190582275,
"min_diff": -0.00034661591053009033,
"std": 0.0003175522560490877,