{
"MS_IMU": {
"message_count": 1935,
"message_freq": 99.74287986611877,
"timespan": 19.399881,
"var_stats": {
"linear_accel": {
"max": 11.424909591674805,
"max_diff": 11.780284255743027,
"mean": 3.2954007267316294,
"mean_diff": 4.8218665014464195,
"min": -0.49897366762161255,
"min_diff": -0.9294597059488297,
"std": 4.610329408825644,
"std_diff": 5.071882271690026
},
"q": {
"max": 0.9288811087608337,
"max_diff": 0.9318229025229812,
"mean": 0.13464791621581518,
"mean_diff": 0.43613052042674444,
"min": -0.4377239942550659,
"min_diff": -0.010501615703105927,
"std": 0.48152876942927225,
"std_diff": 0.3810222789987741
},
"rotation_rate": {
"max": 0.044469304382801056,
"max_diff": 0.07976140454411507,
"mean": -0.0018277597440828294,
"mean_diff": -0.0032316906962247343,
"min": -0.07638590037822723,
"min_diff": -0.09358594939112663,
"std": 0.014705467094015138,
"std_diff": 0.02090346300459178
},
"utime": {
"max": 1532708725449500,
"max_diff": 33981.0,
"mean": 1532708715758371.0,
"mean_diff": 10030.962254395035,
"min": 1532708706049619,
"min_diff": 2598.0,
"std": 5605968.206716201,
"std_diff": 4880.704714268464
}
}
},
"POSE": {
"message_count": 969,
"message_freq": 49.948255360017384,
"timespan": 19.400077,
"var_stats": {
"accel": {
"max": 10.550204144777355,
"max_diff": 10.616958931480413,
"mean": 3.2950202972029214,
"mean_diff": 4.8221973979709505,
"min": -0.3830063043805554,
"min_diff": -0.8278307654056077,
"std": 4.609310086010688,
"std_diff": 5.070682598356615
},
"orientation": {
"max": 0.9596258803737437,
"max_diff": 0.0,
"mean": 0.1489950985688262,
"mean_diff": -0.42745322512565787,
"min": -0.3557466564975946,
"min_diff": -0.9596258803737437,
"std": 0.47728446507556244,
"std_diff": 0.38809415566716154
},
"pos": {
"max": 1481.3082161961422,
"max_diff": 683.143803560352,
"mean": 760.9178321548103,
"mean_diff": -409.31857922108713,
"min": 0.0,
"min_diff": -1481.3082161961422,
"std": 599.189155427377,
"std_diff": 1054.95122931183
},
"rotation_rate": {
"max": 0.04216562956571579,
"max_diff": 0.0778654646128416,
"mean": -0.001778274910826439,
"mean_diff": -0.003198754743924785,
"min": -0.07638590037822723,
"min_diff": -0.09358594939112663,
"std": 0.014642549981122762,
"std_diff": 0.020780318936593965
},
"utime": {
"max": 1532708725459982,
"max_diff": 40127.0,
"mean": 1532708715773351.8,
"mean_diff": 20041.40185950413,
"min": 1532708706059905,
"min_diff": 9931.0,
"std": 5602733.8750651255,
"std_diff": 1161.7391230199746
},
"vel": {
"max": 4.739810915930798,
"max_diff": 0.0,
"mean": 1.0200525926134139,
"mean_diff": -1.5300788889201207,
"min": 0.0,
"min_diff": -4.739810915930798,
"std": 1.5216546584016217,
"std_diff": 1.6409658376639118
}
}
},
"SteerAngleFeedback": {
"message_count": 1905,
"message_freq": 98.17659015540812,
"timespan": 19.403811,
"var_stats": {
"utime": {
"max": 1532708725455232,
"max_diff": 30710.0,
"mean": 1532708715758423.8,
"mean_diff": 10191.077205882353,
"min": 1532708706051421,
"min_diff": 3607.0,
"std": 5601194.671817193,
"std_diff": 1635.5924365544254
},
"value": {
"max": 0.2828153143350505,
"max_diff": 0.031415926535893174,
"mean": -0.10418510702382788,
"mean_diff": 0.0005160821265088291,
"min": -0.99127503962081,
"min_diff": -0.01570796326795057,
"std": 0.2557125442739172,
"std_diff": 0.0033120426259554163
}
}
},
"VEHICLE_MONITOR": {
"message_count": 40,
"message_freq": 2.051367261922162,
"timespan": 19.49919,
"var_stats": {
"available_distance": {
"max": 28,
"max_diff": 0.0,
"mean": 28.0,
"mean_diff": 0.0,
"min": 28,
"min_diff": 0.0,
"std": 0.0,
"std_diff": 0.0
},
"battery_level": {
"max": 35,
"max_diff": 0.0,
"mean": 35.0,
"mean_diff": 0.0,
"min": 35,
"min_diff": 0.0,
"std": 0.0,
"std_diff": 0.0
},
"brake": {
"max": 0,
"max_diff": 0.0,
"mean": 0.0,
"mean_diff": 0.0,
"min": 0,
"min_diff": 0.0,
"std": 0.0,
"std_diff": 0.0
},
"brake_switch": {
"max": 1,
"max_diff": 0.0,
"mean": 1.0,
"mean_diff": 0.0,
"min": 1,
"min_diff": 0.0,
"std": 0.0,
"std_diff": 0.0
},
"gear_position": {
"max": 7,
"max_diff": 0.0,
"mean": 7.0,
"mean_diff": 0.0,
"min": 7,
"min_diff": 0.0,
"std": 0.0,
"std_diff": 0.0
},
"left_signal": {
"max": 0,
"max_diff": 0.0,
"mean": 0.0,
"mean_diff": 0.0,
"min": 0,
"min_diff": 0.0,
"std": 0.0,
"std_diff": 0.0
},
"rear_left_rpm": {
"max": 156.3333,
"max_diff": 9.6327,
"mean": 97.9126425,
"mean_diff": 1.5044076923076926,
"min": 56.0865,
"min_diff": -5.129099999999994,
"std": 28.037931563659324,
"std_diff": 4.788250571404574
},
"rear_right_rpm": {
"max": 159.7944,
"max_diff": 9.8412,
"mean": 99.498285,
"mean_diff": 1.6412692307692305,
"min": 56.7537,
"min_diff": -5.587800000000001,
"std": 28.82416686436531,
"std_diff": 4.93586710539599
},
"right_signal": {
"max": 0,
"max_diff": 0.0,
"mean": 0.0,
"mean_diff": 0.0,
"min": 0,
"min_diff": 0.0,
"std": 0.0,
"std_diff": 0.0
},
"steering": {
"max": 15.5,
"max_diff": 32.19999999999982,
"mean": -5.41249999999975,
"mean_diff": 1.3487179487179581,
"min": -52.5,
"min_diff": -13.0,
"std": 14.562197421749248,
"std_diff": 7.080050405255589
},
"steering_speed": {
"max": 61.70000000000046,
"max_diff": 41.80000000000018,
"mean": 2.8125000000002283,
"mean_diff": -0.35641025641025875,
"min": -35.89999999999945,
"min_diff": -61.70000000000027,
"std": 15.823308558895043,
"std_diff": 17.938738984234952
},
"throttle": {
"max": 242,
"max_diff": 206.0,
"mean": 77.75,
"mean_diff": 3.4358974358974357,
"min": 0,
"min_diff": -221.0,
"std": 85.43323416563369,
"std_diff": 64.70160100733642
},
"utime": {
"max": 1532708725777694,
"max_diff": 500878.0,
"mean": 1532708716028409.8,
"mean_diff": 499979.23076923075,
"min": 1532708706278504,
"min_diff": 499021.0,
"std": 5771547.216405768,
"std_diff": 439.7167772344598
},
"vehicle_speed": {
"max": 17.81,
"max_diff": 1.0500000000000007,
"mean": 11.2095,
"mean_diff": 0.17487179487179483,
"min": 6.45,
"min_diff": -0.5899999999999999,
"std": 3.1821863160412214,
"std_diff": 0.5331083105176024
},
"yaw_rate": {
"max": 1.3000000000000114,
"max_diff": 2.5,
"mean": -0.5324999999999747,
"mean_diff": 0.11025641025641054,
"min": -4.299999999999983,
"min_diff": -0.6000000000000227,
"std": 1.200497292791618,
"std_diff": 0.5816840590133037
}
}
},
"ZOE_VEH_INFO": {
"message_count": 1929,
"message_freq": 99.43317420589028,
"timespan": 19.399964,
"var_stats": {
"FL_wheel_speed": {
"max": 151.4127,
"max_diff": 2.8356000000000137,
"mean": 96.48798491446347,
"mean_diff": 0.028744450207468877,
"min": 56.0865,
"min_diff": -3.294300000000007,
"std": 26.770948850237406,
"std_diff": 0.27161325635412414
},
"FR_wheel_speed": {
"max": 151.1625,
"max_diff": 1.3760999999999939,
"mean": 96.16342099533438,
"mean_diff": 0.030539626556016594,
"min": 55.5861,
"min_diff": -1.3760999999999939,
"std": 26.924800518784537,
"std_diff": 0.24191589313844733
},
"RL_wheel_speed": {
"max": 150.91230000000002,
"max_diff": 2.585400000000007,
"mean": 96.20231073094868,
"mean_diff": 0.028809336099585067,
"min": 55.8363,
"min_diff": -3.5444999999999993,
"std": 26.695874212711143,
"std_diff": 0.26929030467294124
},
"RR_wheel_speed": {
"max": 153.74790000000002,
"max_diff": 2.1266999999999996,
"mean": 97.76680653188181,
"mean_diff": 0.031015456431535273,
"min": 56.5452,
"min_diff": -1.6263000000000005,
"std": 27.38890867749322,
"std_diff": 0.2266391010761768
},
"left_solar": {
"max": 32,
"max_diff": 0.0,
"mean": 32.0,
"mean_diff": 0.0,
"min": 32,
"min_diff": 0.0,
"std": 0.0,
"std_diff": 0.0
},
"longitudinal_accel": {
"max": 0.75,
"max_diff": 0.15000000000000036,
"mean": 0.09315707620528842,
"mean_diff": 2.5933609958506593e-05,
"min": -0.5,
"min_diff": -0.1999999999999993,
"std": 0.3271653339390046,
"std_diff": 0.03040612639697173
},
"meanEffTorque": {
"max": 53.0,
"max_diff": 1.5,
"mean": 11.08424053913945,
"mean_diff": 0.010114107883817428,
"min": -17.0,
"min_diff": -3.0,
"std": 22.756595850389683,
"std_diff": 0.4327447709353886
},
"odom": {
"max": 120,
"max_diff": 48.0,
"mean": 58.66044582685329,
"mean_diff": -0.03112033195020747,
"min": 0,
"min_diff": -104.0,
"std": 34.71787046776905,
"std_diff": 16.467466555650077
},