{
"MS_IMU": {
"message_count": 1986,
"message_freq": 99.8013771685505,
"timespan": 19.899525,
"var_stats": {
"linear_accel": {
"max": 9.91038703918457,
"max_diff": 9.630003452301025,
"mean": 3.4375679511733206,
"mean_diff": 4.779769411676329,
"min": 0.15258732438087463,
"min_diff": -0.08919373154640198,
"std": 4.497848263678034,
"std_diff": 4.743138501448244
},
"q": {
"max": 0.004479005932807922,
"max_diff": 0.8718597460538149,
"mean": -0.33992027001466446,
"mean_diff": 0.1445387016260292,
"min": -0.8899027705192566,
"min_diff": -0.4606533502228558,
"std": 0.3666800056957691,
"std_diff": 0.5505794929477813
},
"rotation_rate": {
"max": 0.003945454023778439,
"max_diff": 0.0041471242875559255,
"mean": -2.8788226072417886e-05,
"mean_diff": -3.463281171711864e-07,
"min": -0.0043096113950014114,
"min_diff": -0.005687388824298978,
"std": 0.0008470537857827738,
"std_diff": 0.001215176515883943
},
"utime": {
"max": 1537289981456131,
"max_diff": 33996.0,
"mean": 1537289971512566.5,
"mean_diff": 10024.949622166247,
"min": 1537289961556606,
"min_diff": 1873.0,
"std": 5744849.651206143,
"std_diff": 5317.08534904688
}
}
},
"POSE": {
"message_count": 992,
"message_freq": 49.85019313432185,
"timespan": 19.899622,
"var_stats": {
"accel": {
"max": 9.817722100887273,
"max_diff": 9.553615478676315,
"mean": 3.437402491153183,
"mean_diff": 4.779945946627823,
"min": 0.17193272527220269,
"min_diff": -0.013135350263860646,
"std": 4.4978680761663075,
"std_diff": 4.742882243467591
},
"orientation": {
"max": 0.9520456482431748,
"max_diff": 0.9520456482431748,
"mean": 0.3145148267718866,
"mean_diff": 0.21532579387274392,
"min": 0.0,
"min_diff": -0.30613055124227967,
"std": 0.38869065301425787,
"std_diff": 0.5356940692469966
},
"pos": {
"max": 1185.1335273714494,
"max_diff": -50.23532270919691,
"mean": 773.3430719522219,
"mean_diff": -592.5662350244063,
"min": 0.0,
"min_diff": -1134.8982046622525,
"std": 547.2205753949044,
"std_diff": 542.3305107856406
},
"rotation_rate": {
"max": 0.003636552020907402,
"max_diff": 0.0041471242875559255,
"mean": -6.245571844927507e-05,
"mean_diff": 1.2815000834032914e-05,
"min": -0.0043096113950014114,
"min_diff": -0.004522083094343543,
"std": 0.0008549913763934632,
"std_diff": 0.001245481662883116
},
"utime": {
"max": 1537289981455865,
"max_diff": 40579.0,
"mean": 1537289971528023.0,
"mean_diff": 20080.345105953584,
"min": 1537289961556243,
"min_diff": 14426.0,
"std": 5747669.6904162215,
"std_diff": 1363.946094429819
},
"vel": {
"max": 2.4183153606148215e-07,
"max_diff": 0.0,
"mean": 2.364942601527041e-10,
"mean_diff": -3.5474139022905603e-10,
"min": 0.0,
"min_diff": -2.4183153606148215e-07,
"std": 5.910944332111307e-09,
"std_diff": 7.236501032589184e-09
}
}
},
"SteerAngleFeedback": {
"message_count": 1959,
"message_freq": 98.42702163902244,
"timespan": 19.903071,
"var_stats": {
"utime": {
"max": 1537289981453814,
"max_diff": 30997.0,
"mean": 1537289971526384.8,
"mean_diff": 10165.00051072523,
"min": 1537289961550743,
"min_diff": 4802.0,
"std": 5757689.713560994,
"std_diff": 1502.025125124869
},
"value": {
"max": -0.03832526803190768,
"max_diff": 0.00174532925199275,
"mean": -0.03835645053513369,
"mean_diff": 0.0,
"min": -0.04007059728390043,
"min_diff": -0.00174532925199275,
"std": 0.00023119555904745897,
"std_diff": 0.00033000463816524933
}
}
},
"VEHICLE_MONITOR": {
"message_count": 40,
"message_freq": 1.9998278148251434,
"timespan": 20.001722,
"var_stats": null
},
"ZOE_VEH_INFO": {
"message_count": 1982,
"message_freq": 99.59726424103945,
"timespan": 19.900145,
"var_stats": {
"FL_wheel_speed": {
"max": 0.0,
"max_diff": 0.0,
"mean": 0.0,
"mean_diff": 0.0,
"min": 0.0,
"min_diff": 0.0,
"std": 0.0,
"std_diff": 0.0
},
"FR_wheel_speed": {
"max": 0.0,
"max_diff": 0.0,
"mean": 0.0,
"mean_diff": 0.0,
"min": 0.0,
"min_diff": 0.0,
"std": 0.0,
"std_diff": 0.0
},
"RL_wheel_speed": {
"max": 0.0,
"max_diff": 0.0,
"mean": 0.0,
"mean_diff": 0.0,
"min": 0.0,
"min_diff": 0.0,
"std": 0.0,
"std_diff": 0.0
},
"RR_wheel_speed": {
"max": 0.0,
"max_diff": 0.0,
"mean": 0.0,
"mean_diff": 0.0,
"min": 0.0,
"min_diff": 0.0,
"std": 0.0,
"std_diff": 0.0
},
"left_solar": {
"max": 0,
"max_diff": 0.0,
"mean": 0.0,
"mean_diff": 0.0,
"min": 0,
"min_diff": 0.0,
"std": 0.0,
"std_diff": 0.0
},
"longitudinal_accel": {
"max": 0.3500000000000014,
"max_diff": 0.09999999999999964,
"mean": 0.19664480322906247,
"mean_diff": 5.0479555779908955e-05,
"min": 0.10000000000000142,
"min_diff": -0.09999999999999964,
"std": 0.022576117926747578,
"std_diff": 0.018113932880074925
},
"meanEffTorque": {
"max": 20.5,
"max_diff": 0.5,
"mean": 5.721493440968718,
"mean_diff": -0.008076728924785462,
"min": 4.0,
"min_diff": -0.5,
"std": 4.109025309075496,
"std_diff": 0.06691731069063786
},
"odom": {
"max": 44,
"max_diff": 0.0,
"mean": 44.0,
"mean_diff": 0.0,
"min": 44,
"min_diff": 0.0,
"std": 0.0,
"std_diff": 0.0
},
"odom_speed": {
"max": 0.0,
"max_diff": 0.0,
"mean": 0.0,
"mean_diff": 0.0,
"min": 0.0,
"min_diff": 0.0,
"std": 0.0,
"std_diff": 0.0
},
"pedal_cc": {
"max": 0.0,
"max_diff": 0.0,
"mean": 0.0,
"mean_diff": 0.0,
"min": 0.0,
"min_diff": 0.0,
"std": 0.0,
"std_diff": 0.0
},
"regen": {
"max": 0.0,
"max_diff": 0.0,
"mean": 0.0,
"mean_diff": 0.0,
"min": 0.0,
"min_diff": 0.0,
"std": 0.0,
"std_diff": 0.0
},
"requestedTorqueAfterProc": {
"max": -364.5,
"max_diff": 4.0,
"mean": -377.6725529767911,
"mean_diff": -0.007067137809187279,
"min": -378.5,
"min_diff": -8.0,
"std": 2.856382984608607,
"std_diff": 0.24188083898457224
},
"right_solar": {
"max": 0,
"max_diff": 0.0,
"mean": 0.0,
"mean_diff": 0.0,
"min": 0,
"min_diff": 0.0,
"std": 0.0,
"std_diff": 0.0
},
"steer_corrected": {
"max": -2.195876106935965,
"max_diff": 0.09999999999990905,
"mean": -2.197742908146862,
"mean_diff": 0.0,
"min": -2.295876106935874,
"min_diff": -0.09999999999990905,
"std": 0.013534961186810418,
"std_diff": 0.018797789509905714
},
"steer_offset_can": {
"max": -12.300000000000182,
"max_diff": 0.0,
"mean": -12.300000000000184,
"mean_diff": 0.0,
"min": -12.300000000000182,
"min_diff": 0.0,
"std": 1.7763568394002505e-15,
"std_diff": 0.0
},
"steer_raw": {
"max": -13.900000000000091,
"max_diff": 0.09999999999990905,
"mean": -13.901866801210986,
"mean_diff": 0.0,
"min": -14.0,
"min_diff": -0.09999999999990905,
"std": 0.013534961186810416,
"std_diff": 0.018797789509905714
},
"transversal_accel": {
"max": -0.46000000000000796,
"max_diff": 0.008000000000009777,
"mean": -0.46799999999999575,
"mean_diff": 0.0,
"min": -0.4759999999999991,
"min_diff": -0.008000000000009777,
"std": 0.002731141188171106,
"std_diff": 0.0020961251239115814
},
"utime": {
"max": 1537289981449336,
"max_diff": 20699.0,
"mean": 1537289971512253.8,
"mean_diff": 10045.5047955578,
"min": 1537289961549191,
"min_diff": 288.0,
"std": 5743925.589004604,
"std_diff": 1759.9957750861997
}
}
},
"ZoeSensors": {
"message_count": 18950,
"message_freq": 952.4069913005789,
"timespan": 19.896956,
"var_stats": {
"brake_sensor": {
"max": 0.32411274313926697,
"max_diff": 9.074807167053223e-05,
"mean": 0.32099517223702884,
"mean_diff": 1.3816110678502731e-06,
"min": 0.29514285922050476,
"min_diff": -0.000433504581451416,
"std": 0.005445751941900994,
"std_diff": 1.1823974318952014e-05
},
"steering_sensor": {
"max": 0.1977667510509491,
"max_diff": 0.000661700963973999,
"mean": 0.19628221536138757,
"mean_diff": -3.2218089298218294e-08,
"min": 0.19497419893741608,
"min_diff": -0.0006577670574188232,
"std": 0.00033101959754638764,
"std_diff": 8.981584866076961e-05
},
"throttle_sensor": {
"max": 0.12667015194892883,
"max_diff": 0.0012907758355140686,
"mean": 0.12414211858191716,
"mean_diff": 7.180025712299664e-08,
"min": 0.1219780221581459,
"min_diff": -0.0014477521181106567,
"std": 0.00048407209917394466,
"std_diff": 0.00028982953877082095
},
"utime": {
"max": 1537289981448974,
"max_diff": 13896.0,
"mean": 1537289971513657.0,
"mean_diff": 1050.0267032561085,
"min": 1537289961552018,
"min_diff": 1.0,
"std": 5741507.644950815,
"std_diff": 675.9571406275613
}
}
}
}