{
"MS_IMU": {
"message_count": 1939,
"message_freq": 99.43485719431447,
"timespan": 19.500204,
"var_stats": {
"linear_accel": {
"max": 10.977862358093262,
"max_diff": 11.148815512657166,
"mean": 3.3599304518524806,
"mean_diff": 4.785169505903739,
"min": -0.5903647541999817,
"min_diff": -1.8082114160060883,
"std": 4.566108261871365,
"std_diff": 4.9934767633483395
},
"q": {
"max": 0.3464896082878113,
"max_diff": 0.944741923827678,
"mean": -0.14854746777999522,
"mean_diff": 0.4273667791843906,
"min": -0.9398472309112549,
"min_diff": 0.0005279001779854298,
"std": 0.4774239911208033,
"std_diff": 0.38653929600552184
},
"rotation_rate": {
"max": 0.049246303737163544,
"max_diff": 0.04247265588492155,
"mean": -0.0005410684848333109,
"mean_diff": 0.00012635390894495015,
"min": -0.05148995667695999,
"min_diff": -0.07208184339106083,
"std": 0.0045284159161038855,
"std_diff": 0.006545664012877407
},
"utime": {
"max": 1537299100920542,
"max_diff": 30973.0,
"mean": 1537299091168365.5,
"mean_diff": 10062.024767801857,
"min": 1537299081420338,
"min_diff": 1940.0,
"std": 5635886.545477994,
"std_diff": 5327.097727327421
}
}
},
"POSE": {
"message_count": 974,
"message_freq": 49.95082612973871,
"timespan": 19.499177,
"var_stats": {
"accel": {
"max": 10.081442719856167,
"max_diff": 10.109117937469374,
"mean": 3.3578848546727937,
"mean_diff": 4.787792495941474,
"min": -0.2179321076085164,
"min_diff": -1.507438574410289,
"std": 4.565728085790311,
"std_diff": 4.987110226973766
},
"orientation": {
"max": 0.9034043009267202,
"max_diff": 0.43237486105921635,
"mean": 0.3332037174641738,
"mean_diff": -0.15762256015614795,
"min": 0.0,
"min_diff": -0.9034043009267202,
"std": 0.3727938876484633,
"std_diff": 0.5554173762704538
},
"pos": {
"max": 1451.1720337300017,
"max_diff": -231.35982085252613,
"mean": 888.0240638498129,
"mean_diff": -724.0366769687637,
"min": 0.0,
"min_diff": -1219.8122128774755,
"std": 635.0354684326231,
"std_diff": 491.96239633228157
},
"rotation_rate": {
"max": 0.04894920438528061,
"max_diff": 0.04247265588492155,
"mean": -0.0005578529625857508,
"mean_diff": 0.0001367127416682082,
"min": -0.05148995667695999,
"min_diff": -0.07208184339106083,
"std": 0.004619057418162482,
"std_diff": 0.006657858404306389
},
"utime": {
"max": 1537299100913398,
"max_diff": 41041.0,
"mean": 1537299091152798.0,
"mean_diff": 20040.264131551903,
"min": 1537299081414221,
"min_diff": 12485.0,
"std": 5635068.468686916,
"std_diff": 1281.03255706048
},
"vel": {
"max": 3.2150205622726773,
"max_diff": 0.0,
"mean": 0.08371899501503914,
"mean_diff": -0.1255784925225587,
"min": 0.0,
"min_diff": -3.2150205622726773,
"std": 0.4249694455818573,
"std_diff": 0.5154045905135892
}
}
},
"SteerAngleFeedback": {
"message_count": 1927,
"message_freq": 98.80733344234444,
"timespan": 19.502601,
"var_stats": {
"utime": {
"max": 1537299100903323,
"max_diff": 29278.0,
"mean": 1537299091156807.0,
"mean_diff": 10125.961059190031,
"min": 1537299081400722,
"min_diff": 4536.0,
"std": 5633230.572088667,
"std_diff": 1283.944572258113
},
"value": {
"max": 0.0698851455917455,
"max_diff": 0.00698131700797891,
"mean": -0.036940416746852715,
"mean_diff": -9.96813176112982e-06,
"min": -0.07672251157577975,
"min_diff": -0.0034906585039934206,
"std": 0.032474976130878415,
"std_diff": 0.0009094398590698841
}
}
},
"VEHICLE_MONITOR": {
"message_count": 40,
"message_freq": 2.051375257357847,
"timespan": 19.499114,
"var_stats": null
},
"ZOE_VEH_INFO": {
"message_count": 1946,
"message_freq": 99.79561898258315,
"timespan": 19.499854,
"var_stats": {
"FL_wheel_speed": {
"max": 103.49940000000001,
"max_diff": 4.2117,
"mean": 8.281371428571429,
"mean_diff": 0.05321305912596402,
"min": 0.0,
"min_diff": -1.1676000000000073,
"std": 22.981462041344436,
"std_diff": 0.27840538517187186
},
"FR_wheel_speed": {
"max": 103.49940000000001,
"max_diff": 4.2117,
"mean": 8.279314285714285,
"mean_diff": 0.05321305912596402,
"min": 0.0,
"min_diff": -1.209299999999999,
"std": 22.943556597561553,
"std_diff": 0.2743619532148649
},
"RL_wheel_speed": {
"max": 102.58200000000001,
"max_diff": 7.0056,
"mean": 8.2254,
"mean_diff": 0.052741388174807204,
"min": 0.0,
"min_diff": -2.8355999999999995,
"std": 22.85475851383502,
"std_diff": 0.32214852296329133
},
"RR_wheel_speed": {
"max": 105.8763,
"max_diff": 4.4202,
"mean": 8.386328571428571,
"mean_diff": 0.054435115681233937,
"min": 0.0,
"min_diff": -2.3352000000000004,
"std": 23.238458819669376,
"std_diff": 0.323145994138585
},
"left_solar": {
"max": 0,
"max_diff": 0.0,
"mean": 0.0,
"mean_diff": 0.0,
"min": 0,
"min_diff": 0.0,
"std": 0.0,
"std_diff": 0.0
},
"longitudinal_accel": {
"max": 1.5500000000000007,
"max_diff": 0.3500000000000014,
"mean": 0.1926258992805758,
"mean_diff": 0.0005655526992287916,
"min": -0.049999999999998934,
"min_diff": -0.40000000000000036,
"std": 0.4234163904470599,
"std_diff": 0.030752163733775307
},
"meanEffTorque": {
"max": 96.0,
"max_diff": 3.5,
"mean": 13.532374100719425,
"mean_diff": 0.038560411311053984,
"min": 0.0,
"min_diff": -0.5,
"std": 30.53013910629579,
"std_diff": 0.28420996723626263
},
"odom": {
"max": 116,
"max_diff": 32.0,
"mean": 60.29599177800617,
"mean_diff": 0.012339331619537276,
"min": 0,
"min_diff": -108.0,
"std": 12.604618901193767,
"std_diff": 4.956142036388187
},
"odom_speed": {
"max": 11.0,
"max_diff": 1.0,
"mean": 0.8319630010277492,
"mean_diff": 0.005655526992287918,
"min": 0.0,
"min_diff": 0.0,
"std": 2.3992603242377637,
"std_diff": 0.07499027941491763
},
"pedal_cc": {
"max": 305.0,
"max_diff": 28.0,
"mean": 45.42600205549846,
"mean_diff": 0.15475578406169666,
"min": 0.0,
"min_diff": -47.0,
"std": 103.48630903856551,
"std_diff": 1.6279086697406195
},
"regen": {
"max": 0.0,
"max_diff": 0.0,
"mean": 0.0,
"mean_diff": 0.0,
"min": 0.0,
"min_diff": 0.0,
"std": 0.0,
"std_diff": 0.0
},
"requestedTorqueAfterProc": {
"max": -286.5,
"max_diff": 12.0,
"mean": -368.4095580678314,
"mean_diff": 0.038046272493573265,
"min": -382.5,
"min_diff": -2.0,
"std": 30.668067445683633,
"std_diff": 0.5333044755752805
},
"right_solar": {
"max": 0,
"max_diff": 0.0,
"mean": 0.0,
"mean_diff": 0.0,
"min": 0,
"min_diff": 0.0,
"std": 0.0,
"std_diff": 0.0
},
"steer_corrected": {
"max": 4.004123893064308,
"max_diff": 0.40000000000009095,
"mean": -2.1163797040582204,
"mean_diff": -0.0006169665809767702,
"min": -4.395876106935783,
"min_diff": -0.20000000000027285,
"std": 1.8581992280865993,
"std_diff": 0.05120280579605711
},
"steer_offset_can": {
"max": -12.300000000000182,
"max_diff": 0.0,
"mean": -12.30000000000018,
"mean_diff": 0.0,
"min": -12.300000000000182,
"min_diff": 0.0,
"std": 1.7763568394002505e-15,
"std_diff": 0.0
},
"steer_raw": {
"max": -7.699999999999818,
"max_diff": 0.40000000000009095,
"mean": -13.820503597122345,
"mean_diff": -0.0006169665809767702,
"min": -16.09999999999991,
"min_diff": -0.20000000000027285,
"std": 1.858199228086599,
"std_diff": 0.05120280579605711
},
"transversal_accel": {
"max": -0.45599999999998886,
"max_diff": 0.03200000000001069,
"mean": -0.4928283658787187,
"mean_diff": 0.0,
"min": -0.5480000000000018,
"min_diff": -0.02400000000000091,
"std": 0.0062503720014069645,
"std_diff": 0.003147120935070293
},
"utime": {
"max": 1537299100899409,
"max_diff": 24593.0,
"mean": 1537299091152340.2,
"mean_diff": 10025.631876606683,
"min": 1537299081399555,
"min_diff": 2.0,
"std": 5631714.990886707,
"std_diff": 1482.1306979728008
}
}
},
"ZoeSensors": {
"message_count": 18788,
"message_freq": 963.4690959133793,
"timespan": 19.500366,
"var_stats": {
"brake_sensor": {
"max": 0.41387510299682617,
"max_diff": 0.00024145841598510742,
"mean": 0.3302493832048924,
"mean_diff": -8.421879004548862e-06,
"min": 0.1839725226163864,
"min_diff": -0.004848048090934753,
"std": 0.07302419195004577,
"std_diff": 0.00014863623628117448
},
"steering_sensor": {
"max": 0.22111544013023376,
"max_diff": 0.0006656497716903687,
"mean": 0.21697787226375834,
"mean_diff": -2.096489554882532e-08,
"min": 0.21391941606998444,
"min_diff": -0.0008625686168670654,
"std": 0.0006469409246872484,