{
"MS_IMU": {
"message_count": 1971,
"message_freq": 99.79560381884511,
"timespan": 19.750369,
"var_stats": {
"linear_accel": {
"max": 11.681967735290527,
"max_diff": 12.263098418712616,
"mean": 3.1212825800914215,
"mean_diff": 5.169769110523545,
"min": -2.7176003456115723,
"min_diff": -1.0448032915592194,
"std": 4.743750111891039,
"std_diff": 4.550365822997181
},
"q": {
"max": 0.4369961619377136,
"max_diff": 0.0037685942370444536,
"mean": -0.12405092051702538,
"mean_diff": -0.4414515650032459,
"min": -0.9200321435928345,
"min_diff": -0.9190507554449141,
"std": 0.48436699557657165,
"std_diff": 0.3661078415807838
},
"rotation_rate": {
"max": 0.16681401431560516,
"max_diff": 0.14767977595329285,
"mean": -9.92400681300481e-05,
"mean_diff": -0.0010546255430854622,
"min": -0.14391972124576569,
"min_diff": -0.1316048502922058,
"std": 0.024858743803781325,
"std_diff": 0.031236698911273703
},
"utime": {
"max": 1535659406800616,
"max_diff": 24539.0,
"mean": 1535659396935099.2,
"mean_diff": 10025.568020304569,
"min": 1535659387050247,
"min_diff": 2948.0,
"std": 5699828.174010793,
"std_diff": 4663.903781265886
}
}
},
"POSE": {
"message_count": 987,
"message_freq": 50.00026595886148,
"timespan": 19.739895,
"var_stats": {
"accel": {
"max": 10.553704382611647,
"max_diff": 10.532659580340717,
"mean": 3.122090996177388,
"mean_diff": 5.169393068655857,
"min": -2.3536742091456566,
"min_diff": -0.5753180462861367,
"std": 4.738132755203911,
"std_diff": 4.5411594538305025
},
"orientation": {
"max": 0.946447641236227,
"max_diff": 0.0,
"mean": 0.1478636919139898,
"mean_diff": -0.4281455347939746,
"min": -0.3701046002085001,
"min_diff": -0.946447641236227,
"std": 0.47763618855104006,
"std_diff": 0.3873302652379682
},
"pos": {
"max": 802.8150493026368,
"max_diff": -108.99512246814425,
"mean": 439.62749728257444,
"mean_diff": -385.94083520960345,
"min": 0.0,
"min_diff": -600.8438720311783,
"std": 324.86684778450433,
"std_diff": 166.31118256344365
},
"rotation_rate": {
"max": 0.16552582383155823,
"max_diff": 0.14489248022437096,
"mean": 6.240721374101673e-05,
"mean_diff": -0.0010893827507231833,
"min": -0.14391972124576569,
"min_diff": -0.1289534755051136,
"std": 0.02489793919289839,
"std_diff": 0.031437700412767715
},
"utime": {
"max": 1535659406800249,
"max_diff": 40081.0,
"mean": 1535659396939367.8,
"mean_diff": 20020.17748478702,
"min": 1535659387060354,
"min_diff": 15515.0,
"std": 5700142.011347559,
"std_diff": 863.2267029640034
},
"vel": {
"max": 10.702154720310215,
"max_diff": 0.0,
"mean": 2.0639710068888317,
"mean_diff": -3.095956510333247,
"min": 0.0,
"min_diff": -10.702154720310215,
"std": 3.5700904220851446,
"std_diff": 3.99040551759315
}
}
},
"SteerAngleFeedback": {
"message_count": 1958,
"message_freq": 99.12658241818437,
"timespan": 19.752522,
"var_stats": {
"utime": {
"max": 1535659406806450,
"max_diff": 28073.0,
"mean": 1535659396929541.2,
"mean_diff": 10093.266223811957,
"min": 1535659387053928,
"min_diff": 4260.0,
"std": 5707060.217638943,
"std_diff": 1148.0703911538465
},
"value": {
"max": 0.6964583470577035,
"max_diff": 0.024434609527922202,
"mean": 0.07582354369020307,
"mean_diff": 0.00034870911473162047,
"min": -0.36470183815484414,
"min_diff": -0.013962634015949882,
"std": 0.29065255788983674,
"std_diff": 0.0036018998102190706
}
}
},
"VEHICLE_MONITOR": {
"message_count": 40,
"message_freq": 2.051289204495687,
"timespan": 19.499932,
"var_stats": null
},
"ZOE_VEH_INFO": {
"message_count": 1961,
"message_freq": 99.29426135373674,
"timespan": 19.749379,
"var_stats": {
"FL_wheel_speed": {
"max": 340.8558,
"max_diff": 1.8764999999999645,
"mean": 194.40178500764918,
"mean_diff": -0.16152367346938776,
"min": 10.0497,
"min_diff": -3.252600000000001,
"std": 112.99059871575571,
"std_diff": 0.4472090868121104
},
"FR_wheel_speed": {
"max": 339.021,
"max_diff": 4.253399999999999,
"mean": 194.40797302396734,
"mean_diff": -0.16128964285714287,
"min": 10.299900000000001,
"min_diff": -8.9238,
"std": 112.93465326453853,
"std_diff": 0.5524529596373952
},
"RL_wheel_speed": {
"max": 339.5214,
"max_diff": 2.585399999999993,
"mean": 194.10376078531363,
"mean_diff": -0.16080030612244897,
"min": 9.8412,
"min_diff": -3.7530000000000143,
"std": 112.82211795123835,
"std_diff": 0.5316941280337976
},
"RR_wheel_speed": {
"max": 344.4003,
"max_diff": 4.2117000000000075,
"mean": 197.78312126466088,
"mean_diff": -0.16380015306122447,
"min": 10.299900000000001,
"min_diff": -4.712099999999992,
"std": 114.90790354249272,
"std_diff": 0.5537186369659645
},
"left_solar": {
"max": 0,
"max_diff": 0.0,
"mean": 0.0,
"mean_diff": 0.0,
"min": 0,
"min_diff": 0.0,
"std": 0.0,
"std_diff": 0.0
},
"longitudinal_accel": {
"max": 0.3000000000000007,
"max_diff": 0.5,
"mean": -0.5863844977052519,
"mean_diff": -0.0002040816326530614,
"min": -2.6499999999999995,
"min_diff": -0.45000000000000107,
"std": 0.4735866092224787,
"std_diff": 0.06917855618904972
},
"meanEffTorque": {
"max": 30.0,
"max_diff": 2.0,
"mean": -18.871239163691993,
"mean_diff": -0.007653061224489796,
"min": -52.5,
"min_diff": -3.5,
"std": 22.791504920182135,
"std_diff": 0.4841282951492283
},
"odom": {
"max": 124,
"max_diff": 84.0,
"mean": 83.44518103008669,
"mean_diff": -0.04693877551020408,
"min": 0,
"min_diff": -112.0,
"std": 40.94889513440594,
"std_diff": 13.265493091304043
},
"odom_speed": {
"max": 38.0,
"max_diff": 1.0,
"mean": 21.863844977052523,
"mean_diff": -0.018367346938775512,
"min": 1.0,
"min_diff": -1.0,
"std": 12.83450233086645,
"std_diff": 0.13802317076661974
},
"pedal_cc": {
"max": 177.0,
"max_diff": 3.0,
"mean": 24.882712901580827,
"mean_diff": -0.08928571428571429,
"min": 0.0,
"min_diff": -14.0,
"std": 56.35542768410258,
"std_diff": 0.6937678109498913
},
"regen": {
"max": 60.0,
"max_diff": 1.0,
"mean": 33.8281489036206,
"mean_diff": 0.0,
"min": 0.0,
"min_diff": -1.0,
"std": 25.86525203266279,
"std_diff": 0.24743582965269675
},
"requestedTorqueAfterProc": {
"max": -272.5,
"max_diff": 125.5,
"mean": -320.00433452320243,
"mean_diff": -0.009183673469387756,
"min": -398.5,
"min_diff": -126.0,
"std": 46.382322532696165,
"std_diff": 4.075833124668084
},
"right_solar": {
"max": 0,
"max_diff": 0.0,
"mean": 0.0,
"mean_diff": 0.0,
"min": 0,
"min_diff": 0.0,
"std": 0.0,
"std_diff": 0.0
},
"steer_corrected": {
"max": 39.90412389306395,
"max_diff": 1.400000000000091,
"mean": 4.267560914991712,
"mean_diff": 0.01984693877551002,
"min": -20.895876106935784,
"min_diff": -0.6999999999998181,
"std": 16.579321004619977,
"std_diff": 0.20770607431405277
},
"steer_offset_can": {
"max": -12.300000000000182,
"max_diff": 0.0,
"mean": -12.300000000000182,
"mean_diff": 0.0,
"min": -12.300000000000182,
"min_diff": 0.0,
"std": 0.0,
"std_diff": 0.0
},
"steer_raw": {
"max": 28.199999999999818,
"max_diff": 1.400000000000091,
"mean": -7.4365629780724145,
"mean_diff": 0.01984693877551002,
"min": -32.59999999999991,
"min_diff": -0.6999999999998181,
"std": 16.579321004619977,
"std_diff": 0.20770607431405277
},
"transversal_accel": {
"max": -0.3160000000000025,
"max_diff": 0.04800000000000182,
"mean": -0.4837470678225374,
"mean_diff": -1.632653061225035e-05,
"min": -0.5999999999999943,
"min_diff": -0.06399999999999295,
"std": 0.03888482808233039,
"std_diff": 0.007868286822812034
},
"utime": {
"max": 1535659406802401,
"max_diff": 27786.0,
"mean": 1535659396924369.5,
"mean_diff": 10076.213775510205,
"min": 1535659387053022,
"min_diff": 2.0,
"std": 5692556.93644665,
"std_diff": 1698.3788758197163
}
}
},
"ZoeSensors": {
"message_count": 18799,
"message_freq": 951.9682661715224,
"timespan": 19.747507,
"var_stats": {
"brake_sensor": {
"max": 0.1845889538526535,
"max_diff": 2.8327107429504395e-05,
"mean": 0.18439480170105815,
"mean_diff": -1.328643274657307e-08,
"min": 0.18323566019535065,
"min_diff": -2.7135014533996582e-05,
"std": 0.00025417685064900127,
"std_diff": 5.40344845680746e-06
},
"steering_sensor": {
"max": 0.19596675038337708,
"max_diff": 0.0013312846422195435,
"mean": 0.18906129014254872,
"mean_diff": -1.0560260629232848e-07,
"min": 0.1844184547662735,