{
"MS_IMU": {
"message_count": 1949,
"message_freq": 99.94874357660092,
"timespan": 19.499995,
"var_stats": {
"linear_accel": {
"max": 11.848936080932617,
"max_diff": 11.946605682373047,
"mean": 2.9914429286748487,
"mean_diff": 5.1640190683512115,
"min": -2.8326709270477295,
"min_diff": -1.651839256286621,
"std": 4.814585206158502,
"std_diff": 4.857659049980917
},
"q": {
"max": 0.9998334646224976,
"max_diff": 0.22941789031028748,
"mean": 0.2643674407713598,
"mean_diff": -0.30826830884929096,
"min": -0.2887529730796814,
"min_diff": -0.9868620149791241,
"std": 0.4243935358420801,
"std_diff": 0.48034402483283706
},
"rotation_rate": {
"max": 0.08880666643381119,
"max_diff": 0.09617346152663231,
"mean": -0.015952408320763913,
"mean_diff": -0.028382744177127904,
"min": -0.13341985642910004,
"min_diff": -0.18570823967456818,
"std": 0.040423774297545796,
"std_diff": 0.04751828643667442
},
"utime": {
"max": 1538451072220404,
"max_diff": 34944.0,
"mean": 1538451062463215.2,
"mean_diff": 10010.264373716633,
"min": 1538451052720409,
"min_diff": 1935.0,
"std": 5632993.134706254,
"std_diff": 5465.628669888633
}
}
},
"POSE": {
"message_count": 973,
"message_freq": 49.847077567790485,
"timespan": 19.5197,
"var_stats": {
"accel": {
"max": 10.514893576593526,
"max_diff": 10.869006825400447,
"mean": 2.9945098678311184,
"mean_diff": 5.160231806573747,
"min": -1.9813648873763159,
"min_diff": -1.1767227001509863,
"std": 4.8054430938247945,
"std_diff": 4.85067340995754
},
"orientation": {
"max": 0.8784579498484839,
"max_diff": 0.8509633475501066,
"mean": 0.34687720034938335,
"mean_diff": 0.029855929601698163,
"min": 0.0,
"min_diff": -0.8784579498484839,
"std": 0.36010582871952207,
"std_diff": 0.5765777977003206
},
"pos": {
"max": 2763.0884086496276,
"max_diff": 2024.2843395171594,
"mean": 1144.206891486573,
"mean_diff": -370.08460719665624,
"min": 0.0,
"min_diff": -2763.0884086496276,
"std": 1136.0732032586802,
"std_diff": 2322.9921470255226
},
"rotation_rate": {
"max": 0.08880666643381119,
"max_diff": 0.09438498318195343,
"mean": -0.015809662406763098,
"mean_diff": -0.028291554229922144,
"min": -0.13320788741111755,
"min_diff": -0.18570823967456818,
"std": 0.04037608944792114,
"std_diff": 0.04753151460731689
},
"utime": {
"max": 1538451072216138,
"max_diff": 40843.0,
"mean": 1538451062445136.5,
"mean_diff": 20081.995884773663,
"min": 1538451052696438,
"min_diff": 16291.0,
"std": 5643883.722078049,
"std_diff": 1375.7063647598197
},
"vel": {
"max": 11.392967175400104,
"max_diff": 0.0,
"mean": 2.8502391725009484,
"mean_diff": -4.275358758751422,
"min": 0.0,
"min_diff": -11.392967175400104,
"std": 4.18353174981737,
"std_diff": 4.489989905027718
}
}
},
"SteerAngleFeedback": {
"message_count": 1919,
"message_freq": 98.43650109585629,
"timespan": 19.494801,
"var_stats": {
"utime": {
"max": 1538451072201256,
"max_diff": 29232.0,
"mean": 1538451062434100.2,
"mean_diff": 10164.129822732013,
"min": 1538451052706455,
"min_diff": 2625.0,
"std": 5631774.949027173,
"std_diff": 1446.1712693484528
},
"value": {
"max": 0.10471975511965978,
"max_diff": 0.01047197551197232,
"mean": -0.2585424706280197,
"mean_diff": -0.00024660282966134603,
"min": -0.6544984694978736,
"min_diff": -0.017453292519943292,
"std": 0.25822694922860323,
"std_diff": 0.002071823514049263
}
}
},
"VEHICLE_MONITOR": {
"message_count": 40,
"message_freq": 2.051207787041146,
"timespan": 19.500706,
"var_stats": {
"available_distance": {
"max": 103,
"max_diff": 0.0,
"mean": 103.0,
"mean_diff": 0.0,
"min": 103,
"min_diff": 0.0,
"std": 0.0,
"std_diff": 0.0
},
"battery_level": {
"max": 91,
"max_diff": 0.0,
"mean": 91.0,
"mean_diff": 0.0,
"min": 91,
"min_diff": 0.0,
"std": 0.0,
"std_diff": 0.0
},
"brake": {
"max": 15,
"max_diff": 9.0,
"mean": 0.725,
"mean_diff": 0.38461538461538464,
"min": 0,
"min_diff": -2.0,
"std": 2.5395619701042937,
"std_diff": 1.7039228436755025
},
"brake_switch": {
"max": 4,
"max_diff": 3.0,
"mean": 1.9,
"mean_diff": 0.07692307692307693,
"min": 1,
"min_diff": 0.0,
"std": 1.374772708486752,
"std_diff": 0.4741856925360751
},
"gear_position": {
"max": 7,
"max_diff": 0.0,
"mean": 7.0,
"mean_diff": 0.0,
"min": 7,
"min_diff": 0.0,
"std": 0.0,
"std_diff": 0.0
},
"left_signal": {
"max": 0,
"max_diff": 0.0,
"mean": 0.0,
"mean_diff": 0.0,
"min": 0,
"min_diff": 0.0,
"std": 0.0,
"std_diff": 0.0
},
"rear_left_rpm": {
"max": 352.0731,
"max_diff": 7.756200000000035,
"mean": 262.60262250000005,
"mean_diff": -7.314607692307693,
"min": 66.8034,
"min_diff": -25.72890000000001,
"std": 69.98760957475076,
"std_diff": 8.453247036809316
},
"rear_right_rpm": {
"max": 350.4885,
"max_diff": 7.672799999999995,
"mean": 260.172555,
"mean_diff": -7.309261538461538,
"min": 65.4273,
"min_diff": -25.478700000000003,
"std": 70.32060712905198,
"std_diff": 8.192923958518058
},
"right_signal": {
"max": 0,
"max_diff": 0.0,
"mean": 0.0,
"mean_diff": 0.0,
"min": 0,
"min_diff": 0.0,
"std": 0.0,
"std_diff": 0.0
},
"steering": {
"max": 5.700000000000273,
"max_diff": 9.400000000000091,
"mean": -15.39749999999982,
"mean_diff": -0.6487179487179534,
"min": -36.09999999999991,
"min_diff": -10.299999999999727,
"std": 14.728874490265703,
"std_diff": 3.7298430430214204
},
"steering_speed": {
"max": 17.900000000000272,
"max_diff": 37.899999999999636,
"mean": -0.6324999999997775,
"mean_diff": 0.04871794871795105,
"min": -39.89999999999945,
"min_diff": -37.899999999999636,
"std": 9.34417967239499,
"std_diff": 13.373622561132269
},
"throttle": {
"max": 151,
"max_diff": 96.0,
"mean": 34.3,
"mean_diff": 0.0,
"min": 0,
"min_diff": -151.0,
"std": 51.364481891672966,
"std_diff": 33.075670817082454
},
"utime": {
"max": 1538451072624364,
"max_diff": 501292.0,
"mean": 1538451062874010.8,
"mean_diff": 500018.10256410256,
"min": 1538451053123658,
"min_diff": 498752.0,
"std": 5771691.838059574,
"std_diff": 440.9046524562061
},
"vehicle_speed": {
"max": 40.13,
"max_diff": 0.8500000000000014,
"mean": 29.898250000000008,
"mean_diff": -0.8256410256410257,
"min": 7.930000000000001,
"min_diff": -2.88,
"std": 7.9225487967888215,
"std_diff": 0.9225794243393535
},
"yaw_rate": {
"max": 0.5000000000000284,
"max_diff": 2.3000000000000114,
"mean": -3.1999999999999766,
"mean_diff": -0.017948717948718385,
"min": -7.699999999999989,
"min_diff": -3.8999999999999773,
"std": 2.6243094329747025,
"std_diff": 0.9231695110260598
}
}
},
"ZOE_VEH_INFO": {
"message_count": 1941,
"message_freq": 99.53643507873198,
"timespan": 19.500397,
"var_stats": {
"FL_wheel_speed": {
"max": 359.3706,
"max_diff": 5.337599999999981,
"mean": 270.48628732612053,
"mean_diff": -0.1394800515463918,
"min": 88.7793,
"min_diff": -6.296699999999987,
"std": 62.16461896844454,
"std_diff": 0.8068953601655541
},
"FR_wheel_speed": {
"max": 358.20300000000003,
"max_diff": 9.382499999999993,
"mean": 267.6735030911901,
"mean_diff": -0.13945855670103094,
"min": 87.153,
"min_diff": -8.423399999999987,
"std": 62.720836322081844,
"std_diff": 0.9654619286721999
},
"RL_wheel_speed": {
"max": 359.5791,
"max_diff": 4.878900000000044,
"mean": 269.7747448222566,
"mean_diff": -0.1397164948453608,
"min": 88.5291,
"min_diff": -5.337599999999981,
"std": 61.831342348002515,
"std_diff": 0.8094902029081082
},
"RR_wheel_speed": {
"max": 358.9119,
"max_diff": 4.461899999999957,
"mean": 267.3347684698609,
"mean_diff": -0.14021087628865977,
"min": 86.6526,
"min_diff": -7.255799999999994,
"std": 62.49891463339521,
"std_diff": 0.8640668211382824
},
"left_solar": {
"max": 32,
"max_diff": 144.0,
"mean": -69.3827923750644,
"mean_diff": 0.0577319587628866,
"min": -112,
"min_diff": -144.0,
"std": 58.91752627401298,
"std_diff": 7.9501518503496404
},
"longitudinal_accel": {
"max": 0.75,
"max_diff": 1.200000000000001,
"mean": -0.4882792375064395,
"mean_diff": -0.0009020618556701031,
"min": -2.05,
"min_diff": -1.0,
"std": 0.6592272389921379,
"std_diff": 0.13445368917151823
},
"meanEffTorque": {
"max": 32.0,
"max_diff": 5.5,
"mean": -23.47166409067491,
"mean_diff": -0.019329896907216496,
"min": -92.0,
"min_diff": -2.0,
"std": 35.537228533059746,