{
"MS_IMU": {
"message_count": 1946,
"message_freq": 99.46854864295713,
"timespan": 19.563973,
"var_stats": {
"linear_accel": {
"max": 12.855306625366211,
"max_diff": 13.810224533081055,
"mean": 3.3750619822806565,
"mean_diff": 4.83028012959695,
"min": -1.623986840248108,
"min_diff": -4.113112151622772,
"std": 4.57934562135751,
"std_diff": 4.857036922384878
},
"q": {
"max": 0.019199855625629425,
"max_diff": 0.8921982254832983,
"mean": -0.34182680555177525,
"mean_diff": 0.1333313471560774,
"min": -0.8984306454658508,
"min_diff": -0.4980051890015602,
"std": 0.3649033455489582,
"std_diff": 0.5568618001517501
},
"rotation_rate": {
"max": 0.1998264491558075,
"max_diff": 0.22780704498291016,
"mean": -0.0006331447118674891,
"mean_diff": 0.0009793862908345676,
"min": -0.1700623631477356,
"min_diff": -0.21060112956911325,
"std": 0.029137415943215204,
"std_diff": 0.042377473177209087
},
"utime": {
"max": 1537290161220268,
"max_diff": 34004.0,
"mean": 1537290151446314.2,
"mean_diff": 10058.59794344473,
"min": 1537290141656295,
"min_diff": 1936.0,
"std": 5643493.661372459,
"std_diff": 5307.087165944859
}
}
},
"POSE": {
"message_count": 974,
"message_freq": 49.796687385292515,
"timespan": 19.559534,
"var_stats": {
"accel": {
"max": 11.331166650640418,
"max_diff": 11.276000662040826,
"mean": 3.3760518043300634,
"mean_diff": 4.826982884076586,
"min": -0.6203196658412145,
"min_diff": -1.090906039949369,
"std": 4.555153466693513,
"std_diff": 4.82213369340232
},
"orientation": {
"max": 0.9639198698360981,
"max_diff": 0.9639198698360981,
"mean": 0.3100671335457502,
"mean_diff": 0.2263562370272689,
"min": 0.0,
"min_diff": -0.3241952423212934,
"std": 0.39224784600392887,
"std_diff": 0.5311272797476967
},
"pos": {
"max": 1603.7691045694187,
"max_diff": 1145.7254101704802,
"mean": 694.8496486557249,
"mean_diff": -260.87695281806776,
"min": 0.0,
"min_diff": -1603.7691045694187,
"std": 650.1167260990838,
"std_diff": 1302.7086201873776
},
"rotation_rate": {
"max": 0.1998264491558075,
"max_diff": 0.22780704498291016,
"mean": -0.0006004381065023806,
"mean_diff": 0.0009696873001135562,
"min": -0.1587095409631729,
"min_diff": -0.21060112956911325,
"std": 0.029132715554485055,
"std_diff": 0.04234799578761898
},
"utime": {
"max": 1537290161209492,
"max_diff": 40221.0,
"mean": 1537290151453078.8,
"mean_diff": 20102.295991778006,
"min": 1537290141649958,
"min_diff": 15389.0,
"std": 5640499.359635463,
"std_diff": 1531.9284298012312
},
"vel": {
"max": 8.345445564368971,
"max_diff": 0.0,
"mean": 2.3989076586696756,
"mean_diff": -3.598361488004513,
"min": 0.0,
"min_diff": -8.345445564368971,
"std": 3.452286786966601,
"std_diff": 3.682574863200781
}
}
},
"SteerAngleFeedback": {
"message_count": 1933,
"message_freq": 98.90707427092363,
"timespan": 19.543597,
"var_stats": {
"utime": {
"max": 1537290161201048,
"max_diff": 20605.0,
"mean": 1537290151473186.2,
"mean_diff": 10115.733436853003,
"min": 1537290141657451,
"min_diff": 1305.0,
"std": 5631741.095215754,
"std_diff": 1278.7590313700812
},
"value": {
"max": 0.3491378259108382,
"max_diff": 0.006981317007978938,
"mean": -0.0033825665046528447,
"mean_diff": 3.884531979076159e-05,
"min": -0.3018699850830499,
"min_diff": -0.01221730476396507,
"std": 0.11661687048367836,
"std_diff": 0.0020777530838739272
}
}
},
"VEHICLE_MONITOR": {
"message_count": 38,
"message_freq": 1.9488075938672664,
"timespan": 19.499103,
"var_stats": null
},
"ZOE_VEH_INFO": {
"message_count": 1951,
"message_freq": 99.78268752470913,
"timespan": 19.55249,
"var_stats": {
"FL_wheel_speed": {
"max": 264.7533,
"max_diff": 9.799499999999995,
"mean": 227.6918105074321,
"mean_diff": 0.04398815384615385,
"min": 144.1569,
"min_diff": -14.469899999999996,
"std": 34.518884270046215,
"std_diff": 1.0611377995911782
},
"FR_wheel_speed": {
"max": 267.297,
"max_diff": 11.008800000000008,
"mean": 227.7070712967709,
"mean_diff": 0.043368,
"min": 143.9484,
"min_diff": -14.761799999999994,
"std": 34.82114003429117,
"std_diff": 1.2813692259180587
},
"RL_wheel_speed": {
"max": 264.2529,
"max_diff": 24.102599999999995,
"mean": 227.03519046642748,
"mean_diff": 0.044330307692307704,
"min": 142.5306,
"min_diff": -17.305499999999995,
"std": 34.47576065833079,
"std_diff": 1.405164904438643
},
"RR_wheel_speed": {
"max": 268.9233,
"max_diff": 19.849199999999996,
"mean": 231.342430702204,
"mean_diff": 0.04492907692307691,
"min": 145.116,
"min_diff": -17.764199999999988,
"std": 35.45010304112546,
"std_diff": 1.2767798735403104
},
"left_solar": {
"max": 0,
"max_diff": 0.0,
"mean": 0.0,
"mean_diff": 0.0,
"min": 0,
"min_diff": 0.0,
"std": 0.0,
"std_diff": 0.0
},
"longitudinal_accel": {
"max": 1.5500000000000007,
"max_diff": 1.75,
"mean": 0.11688877498718675,
"mean_diff": -0.0004102564102564097,
"min": -1.1999999999999993,
"min_diff": -2.3000000000000007,
"std": 0.3905016650634287,
"std_diff": 0.17338954482257696
},
"meanEffTorque": {
"max": 56.5,
"max_diff": 2.5,
"mean": 16.118913377754996,
"mean_diff": -0.028974358974358974,
"min": -25.0,
"min_diff": -2.5,
"std": 21.403064972295052,
"std_diff": 0.4045338873434517
},
"odom": {
"max": 120,
"max_diff": 84.0,
"mean": 62.93388006150692,
"mean_diff": 0.022564102564102566,
"min": 0,
"min_diff": -76.0,
"std": 34.80238176900334,
"std_diff": 18.280759216398597
},
"odom_speed": {
"max": 30.0,
"max_diff": 1.0,
"mean": 25.37980522808816,
"mean_diff": 0.005128205128205128,
"min": 16.0,
"min_diff": -1.0,
"std": 3.9988186573057733,
"std_diff": 0.09593993299420363
},
"pedal_cc": {
"max": 292.0,
"max_diff": 23.0,
"mean": 137.5228088159918,
"mean_diff": -0.08307692307692308,
"min": 0.0,
"min_diff": -22.0,
"std": 76.13351437962632,
"std_diff": 2.2844560075635285
},
"regen": {
"max": 50.0,
"max_diff": 1.0,
"mean": 5.441824705279344,
"mean_diff": 0.0,
"min": 0.0,
"min_diff": -5.0,
"std": 11.343414988903534,
"std_diff": 0.41137667560372115
},
"requestedTorqueAfterProc": {
"max": -272.5,
"max_diff": 126.0,
"mean": -354.9948744233726,
"mean_diff": -0.027692307692307693,
"min": -398.5,
"min_diff": -126.0,
"std": 31.790736417392733,
"std_diff": 6.999304163780876
},
"right_solar": {
"max": 0,
"max_diff": 0.0,
"mean": 0.0,
"mean_diff": 0.0,
"min": 0,
"min_diff": 0.0,
"std": 0.0,
"std_diff": 0.0
},
"steer_corrected": {
"max": 20.004123893064307,
"max_diff": 0.599999999999909,
"mean": -0.20417954107221606,
"mean_diff": 0.0021538461538460605,
"min": -17.295876106935875,
"min_diff": -0.5,
"std": 6.6617163807885245,
"std_diff": 0.11812846949706896
},
"steer_offset_can": {
"max": -12.300000000000182,
"max_diff": 0.0,
"mean": -12.300000000000182,
"mean_diff": 0.0,
"min": -12.300000000000182,
"min_diff": 0.0,
"std": 0.0,
"std_diff": 0.0
},
"steer_raw": {
"max": 8.300000000000182,
"max_diff": 0.599999999999909,
"mean": -11.908303434136341,
"mean_diff": 0.0021538461538460605,
"min": -29.0,
"min_diff": -0.5,
"std": 6.6617163807885245,
"std_diff": 0.11812846949706896
},
"transversal_accel": {
"max": -0.3439999999999941,
"max_diff": 0.09999999999999432,
"mean": -0.47878626345463665,
"mean_diff": -1.2307692307692774e-05,
"min": -0.6200000000000045,
"min_diff": -0.12000000000000455,
"std": 0.03280014088945916,
"std_diff": 0.01449653724551029
},
"utime": {
"max": 1537290161205148,
"max_diff": 21183.0,
"mean": 1537290151436605.2,
"mean_diff": 10026.917948717948,
"min": 1537290141652658,
"min_diff": 4.0,
"std": 5646364.925884635,
"std_diff": 1563.7887061141448
}
}
},
"ZoeSensors": {
"message_count": 18708,
"message_freq": 956.7336780840739,
"timespan": 19.554031,
"var_stats": {
"brake_sensor": {
"max": 0.18502874672412872,
"max_diff": 2.421438694000244e-05,
"mean": 0.18493104689914447,
"mean_diff": -1.0299460856174169e-09,
"min": 0.18480363488197327,
"min_diff": -2.8908252716064453e-05,
"std": 2.090766252991506e-05,
"std_diff": 4.3064165181313655e-06
},
"steering_sensor": {
"max": 0.2011934369802475,
"max_diff": 0.0007601678371429443,
"mean": 0.19884368266391786,
"mean_diff": -3.158342018153951e-09,
"min": 0.1974043846130371,
"min_diff": -0.0006538182497024536,
"std": 0.0004246779044016365,