{
"MS_IMU": {
"message_count": 1944,
"message_freq": 99.69065129379389,
"timespan": 19.500324,
"var_stats": {
"linear_accel": {
"max": 10.723699569702148,
"max_diff": 11.264821708202362,
"mean": 3.0949130774574733,
"mean_diff": 5.108910689424134,
"min": -2.4612317085266113,
"min_diff": -1.4043946862220764,
"std": 4.758469182210345,
"std_diff": 4.755070759327575
},
"q": {
"max": 0.8235618472099304,
"max_diff": 0.933273795992136,
"mean": -0.10210939006165866,
"mean_diff": 0.44729904473257165,
"min": -0.9148332476615906,
"min_diff": -0.03841398749500513,
"std": 0.4894626537634896,
"std_diff": 0.3792464738761091
},
"rotation_rate": {
"max": 0.32734155654907227,
"max_diff": 0.3611386716365814,
"mean": 0.01763881414601023,
"mean_diff": 0.03023533530596047,
"min": -0.07635650783777237,
"min_diff": -0.10888920351862907,
"std": 0.06938210978834577,
"std_diff": 0.08770814777271418
},
"utime": {
"max": 1538985608801293,
"max_diff": 24991.0,
"mean": 1538985599051815.5,
"mean_diff": 10036.193515182707,
"min": 1538985589300969,
"min_diff": 2945.0,
"std": 5638346.06813931,
"std_diff": 4306.804878691164
}
}
},
"POSE": {
"message_count": 972,
"message_freq": 49.84829348828973,
"timespan": 19.499163,
"var_stats": {
"accel": {
"max": 10.385228658656628,
"max_diff": 10.743028614885626,
"mean": 3.0972289522161285,
"mean_diff": 5.107228806278766,
"min": -2.0234096547573324,
"min_diff": -1.0183734307143162,
"std": 4.754595868203691,
"std_diff": 4.748862217859228
},
"orientation": {
"max": 0.999999748080051,
"max_diff": 0.3689752677497444,
"mean": 0.30907572461532445,
"mean_diff": -0.2191514646907784,
"min": -0.17134765868356006,
"min_diff": -0.999999748080051,
"std": 0.393029510919361,
"std_diff": 0.5341404018207384
},
"pos": {
"max": 1850.469088481081,
"max_diff": -291.7754542919263,
"mean": 1117.0716448642684,
"mean_diff": -915.1415031438297,
"min": 0.0,
"min_diff": -1536.3584521976543,
"std": 800.0390273620404,
"std_diff": 605.8845074909783
},
"rotation_rate": {
"max": 0.32734155654907227,
"max_diff": 0.3611386716365814,
"mean": 0.01756401724848301,
"mean_diff": 0.03007831053441417,
"min": -0.07591017335653305,
"min_diff": -0.10886801779270172,
"std": 0.06918732405005715,
"std_diff": 0.08749605449995995
},
"utime": {
"max": 1538985608804270,
"max_diff": 41859.0,
"mean": 1538985599053762.2,
"mean_diff": 20081.527291452112,
"min": 1538985589305107,
"min_diff": 15384.0,
"std": 5638276.200354347,
"std_diff": 1392.8120182767689
},
"vel": {
"max": 5.88423534328369,
"max_diff": 0.0,
"mean": 1.1951016282651805,
"mean_diff": -1.7926524423977703,
"min": 0.0,
"min_diff": -5.88423534328369,
"std": 2.1111781471809263,
"std_diff": 2.36947437785047
}
}
},
"SteerAngleFeedback": {
"message_count": 1913,
"message_freq": 98.07475110904446,
"timespan": 19.50553,
"var_stats": {
"utime": {
"max": 1538985608803214,
"max_diff": 39875.0,
"mean": 1538985599092013.2,
"mean_diff": 10201.637029288702,
"min": 1538985589297684,
"min_diff": 3046.0,
"std": 5638647.7806930365,
"std_diff": 1759.3102404118363
},
"value": {
"max": 2.64591914602341,
"max_diff": 0.019198621771936042,
"mean": 0.5945642461722037,
"mean_diff": -0.0007485198674871078,
"min": -0.49218284906239773,
"min_diff": -0.05759586531581595,
"std": 0.8788790186737658,
"std_diff": 0.006455873358312462
}
}
},
"VEHICLE_MONITOR": {
"message_count": 40,
"message_freq": 2.0513061409798095,
"timespan": 19.499771,
"var_stats": null
},
"ZOE_VEH_INFO": {
"message_count": 1944,
"message_freq": 99.69135167780699,
"timespan": 19.500187,
"var_stats": {
"FL_wheel_speed": {
"max": 186.9411,
"max_diff": 2.585399999999993,
"mean": 111.2924736111111,
"mean_diff": -0.056873391662377766,
"min": 0.0,
"min_diff": -3.5028,
"std": 69.0167013620623,
"std_diff": 0.4768419112822406
},
"FR_wheel_speed": {
"max": 186.6909,
"max_diff": 6.5886,
"mean": 113.72980000000001,
"mean_diff": -0.06035018013381369,
"min": 0.0,
"min_diff": -4.253399999999999,
"std": 70.079059014977,
"std_diff": 0.5264237047287853
},
"RL_wheel_speed": {
"max": 187.1496,
"max_diff": 3.0441000000000145,
"mean": 110.64743209876544,
"mean_diff": -0.05627246525990736,
"min": 0.0,
"min_diff": -3.5028,
"std": 68.74672766887689,
"std_diff": 0.5215554960885767
},
"RR_wheel_speed": {
"max": 186.4407,
"max_diff": 3.5028000000000077,
"mean": 113.25282407407408,
"mean_diff": -0.05966340710241894,
"min": 0.0,
"min_diff": -3.7530000000000143,
"std": 69.8597248509745,
"std_diff": 0.5409211662762927
},
"left_solar": {
"max": 0,
"max_diff": 0.0,
"mean": 0.0,
"mean_diff": 0.0,
"min": 0,
"min_diff": 0.0,
"std": 0.0,
"std_diff": 0.0
},
"longitudinal_accel": {
"max": 0.45000000000000107,
"max_diff": 0.3000000000000007,
"mean": -0.3851080246913575,
"mean_diff": -0.0003088008234688633,
"min": -2.1999999999999993,
"min_diff": -0.40000000000000036,
"std": 0.7142369728257159,
"std_diff": 0.05303362589728946
},
"meanEffTorque": {
"max": 25.5,
"max_diff": 1.0,
"mean": -4.67772633744856,
"mean_diff": -0.011580030880082347,
"min": -104.5,
"min_diff": -1.5,
"std": 31.964360502930802,
"std_diff": 0.3131115317997069
},
"odom": {
"max": 120,
"max_diff": 60.0,
"mean": 50.150205761316876,
"mean_diff": -0.014410705095213588,
"min": 0,
"min_diff": -116.0,
"std": 37.052877213979016,
"std_diff": 16.063941913472295
},
"odom_speed": {
"max": 21.0,
"max_diff": 1.0,
"mean": 12.450617283950617,
"mean_diff": -0.006176016469377252,
"min": 0.0,
"min_diff": -1.0,
"std": 7.719599183449676,
"std_diff": 0.12818437530464724
},
"pedal_cc": {
"max": 164.0,
"max_diff": 7.0,
"mean": 64.16460905349794,
"mean_diff": -0.06639217704580545,
"min": 0.0,
"min_diff": -34.0,
"std": 69.29823617960535,
"std_diff": 1.3863601801962238
},
"regen": {
"max": 52.0,
"max_diff": 1.0,
"mean": 9.767489711934155,
"mean_diff": 0.0,
"min": 0.0,
"min_diff": -1.0,
"std": 18.163536163474014,
"std_diff": 0.2313557348931212
},
"requestedTorqueAfterProc": {
"max": -272.5,
"max_diff": 123.5,
"mean": -353.86574074074076,
"mean_diff": -0.010293360782295419,
"min": -398.5,
"min_diff": -126.0,
"std": 38.690276279273704,
"std_diff": 4.034322262250417
},
"right_solar": {
"max": 0,
"max_diff": 0.0,
"mean": 0.0,
"mean_diff": 0.0,
"min": 0,
"min_diff": 0.0,
"std": 0.0,
"std_diff": 0.0
},
"steer_corrected": {
"max": 151.60000000000036,
"max_diff": 0.7000000000002728,
"mean": 34.377211934156534,
"mean_diff": -0.04215131240349979,
"min": -28.199999999999818,
"min_diff": -1.900000000000091,
"std": 50.64580721360085,
"std_diff": 0.3567435834179882
},
"steer_offset_can": {
"max": -13.300000000000182,
"max_diff": 0.0,
"mean": -13.300000000000182,
"mean_diff": 0.0,
"min": -13.300000000000182,
"min_diff": 0.0,
"std": 0.0,
"std_diff": 0.0
},
"steer_raw": {
"max": 138.30000000000018,
"max_diff": 0.7000000000002728,
"mean": 21.077211934156356,
"mean_diff": -0.04215131240349979,
"min": -41.5,
"min_diff": -1.900000000000091,
"std": 50.64580721360085,
"std_diff": 0.3567435834179882
},
"transversal_accel": {
"max": -0.2839999999999918,
"max_diff": 0.03999999999999204,
"mean": -0.5088148148148147,
"mean_diff": -5.352547606792846e-05,
"min": -0.6040000000000134,
"min_diff": -0.027999999999991587,
"std": 0.06836583589152433,
"std_diff": 0.005374423013016983
},
"utime": {
"max": 1538985608799031,
"max_diff": 21107.0,
"mean": 1538985599047907.5,
"mean_diff": 10036.123005661348,
"min": 1538985589298844,
"min_diff": 2.0,
"std": 5631930.401431563,
"std_diff": 1705.3604584238965
}
}
},
"ZoeSensors": {
"message_count": 18819,
"message_freq": 964.9715679759887,
"timespan": 19.502129,
"var_stats": {
"brake_sensor": {
"max": 0.3704628050327301,
"max_diff": 0.0008469372987747192,
"mean": 0.26043266968000794,
"mean_diff": 8.564743697674954e-06,
"min": 0.1817338764667511,
"min_diff": -0.00014409422874450684,
"std": 0.08046630152883405,
"std_diff": 4.022541632695338e-05
},
"steering_sensor": {
"max": 0.19107487797737122,
"max_diff": 0.000500217080116272,
"mean": 0.18867205756650265,
"mean_diff": -9.419136592667546e-09,
"min": 0.18722280859947205,
"min_diff": -0.0005041658878326416,
"std": 0.0004787871652812242,