{
"MS_IMU": {
"message_count": 1958,
"message_freq": 99.89534457593024,
"timespan": 19.600513,
"var_stats": {
"linear_accel": {
"max": 11.833121299743652,
"max_diff": 12.09164184331894,
"mean": 2.8886814247304633,
"mean_diff": 5.470917928336042,
"min": -3.7289175987243652,
"min_diff": -0.6611512005329132,
"std": 4.912943330293183,
"std_diff": 4.211482829292361
},
"q": {
"max": 0.9875858426094055,
"max_diff": 0.9982560081407428,
"mean": 0.32365945005529356,
"mean_diff": 0.12202878870960397,
"min": -0.06567440181970596,
"min_diff": -0.7435922473669052,
"std": 0.38110966684465014,
"std_diff": 0.5710150015592012
},
"rotation_rate": {
"max": 0.34697583317756653,
"max_diff": 0.3722647428512573,
"mean": 0.016874444097536277,
"mean_diff": 0.031879370418755076,
"min": -0.20417742431163788,
"min_diff": -0.12072567641735077,
"std": 0.07238614433368727,
"std_diff": 0.09225910391693834
},
"utime": {
"max": 1538986137401882,
"max_diff": 24996.0,
"mean": 1538986127602753.8,
"mean_diff": 10015.591722023506,
"min": 1538986117801369,
"min_diff": 2973.0,
"std": 5664276.090461562,
"std_diff": 4296.629800281529
}
}
},
"POSE": {
"message_count": 980,
"message_freq": 50.00338288192354,
"timespan": 19.598674,
"var_stats": {
"accel": {
"max": 10.645782262858715,
"max_diff": 10.81835070369853,
"mean": 2.885746206460003,
"mean_diff": 5.4762284400366665,
"min": -3.3456929677534064,
"min_diff": -0.21932032742467783,
"std": 4.908449970337537,
"std_diff": 4.191728350357209
},
"orientation": {
"max": 0.5903553083882848,
"max_diff": 0.0,
"mean": -0.1670630279344317,
"mean_diff": -0.3969942048488679,
"min": -0.9995549502831648,
"min_diff": -0.9995549502831648,
"std": 0.4712641984040155,
"std_diff": 0.41920035144277784
},
"pos": {
"max": 1722.5523171658344,
"max_diff": 832.1756511499265,
"mean": 868.9739016046052,
"mean_diff": -447.78005632346935,
"min": 0.0,
"min_diff": -1722.5523171658344,
"std": 699.0590565003967,
"std_diff": 1263.6492171226942
},
"rotation_rate": {
"max": 0.34697583317756653,
"max_diff": 0.3722647428512573,
"mean": 0.016864400729648444,
"mean_diff": 0.03187246424297936,
"min": -0.20417742431163788,
"min_diff": -0.11106821894645691,
"std": 0.07240549950296624,
"std_diff": 0.09234229014209716
},
"utime": {
"max": 1538986137398409,
"max_diff": 39913.0,
"mean": 1538986127597326.0,
"mean_diff": 20019.074565883555,
"min": 1538986117799735,
"min_diff": 14735.0,
"std": 5666172.313313797,
"std_diff": 935.3448712361628
},
"vel": {
"max": 7.515206603168021,
"max_diff": 0.0,
"mean": 1.5625955660968454,
"mean_diff": -2.3438933491452683,
"min": 0.0,
"min_diff": -7.515206603168021,
"std": 2.3709283158873626,
"std_diff": 2.56917748340312
}
}
},
"SteerAngleFeedback": {
"message_count": 1938,
"message_freq": 98.90143874546027,
"timespan": 19.595266,
"var_stats": {
"utime": {
"max": 1538986137400417,
"max_diff": 20815.0,
"mean": 1538986127616305.8,
"mean_diff": 10116.296334537945,
"min": 1538986117805151,
"min_diff": 3655.0,
"std": 5667340.618913128,
"std_diff": 1249.9798081805352
},
"value": {
"max": 2.7384215963791045,
"max_diff": 0.022689280275929535,
"mean": 0.5114418098745295,
"mean_diff": -0.00015948542984150382,
"min": -0.14486232791552459,
"min_diff": -0.024434609527922202,
"std": 0.8704788642286061,
"std_diff": 0.006040119920454218
}
}
},
"VEHICLE_MONITOR": {
"message_count": 40,
"message_freq": 2.0511905366273404,
"timespan": 19.50087,
"var_stats": null
},
"ZOE_VEH_INFO": {
"message_count": 1953,
"message_freq": 99.64049322299242,
"timespan": 19.600465,
"var_stats": {
"FL_wheel_speed": {
"max": 235.0212,
"max_diff": 8.4234,
"mean": 145.30916943164362,
"mean_diff": -0.11373504098360655,
"min": 11.884500000000001,
"min_diff": -14.761800000000008,
"std": 47.583640809956954,
"std_diff": 0.9769213645120891
},
"FR_wheel_speed": {
"max": 236.439,
"max_diff": 8.840399999999988,
"mean": 147.84620768049152,
"mean_diff": -0.11431183401639344,
"min": 12.1347,
"min_diff": -10.258199999999988,
"std": 47.969126000749306,
"std_diff": 1.048420461873634
},
"RL_wheel_speed": {
"max": 235.5216,
"max_diff": 7.464299999999994,
"mean": 145.0056113671275,
"mean_diff": -0.11490998975409837,
"min": 11.2173,
"min_diff": -7.464300000000009,
"std": 47.7531531471607,
"std_diff": 0.7614453710018089
},
"RR_wheel_speed": {
"max": 236.18880000000001,
"max_diff": 6.2967000000000155,
"mean": 147.75375453149002,
"mean_diff": -0.11525179303278689,
"min": 11.2173,
"min_diff": -7.714499999999987,
"std": 48.18853669767835,
"std_diff": 0.7929654086273701
},
"left_solar": {
"max": 0,
"max_diff": 0.0,
"mean": 0.0,
"mean_diff": 0.0,
"min": 0,
"min_diff": 0.0,
"std": 0.0,
"std_diff": 0.0
},
"longitudinal_accel": {
"max": 0.3500000000000014,
"max_diff": 1.2000000000000002,
"mean": -1.1364823348694313,
"mean_diff": 0.0007684426229508206,
"min": -3.5,
"min_diff": -0.8500000000000005,
"std": 0.6110637789594867,
"std_diff": 0.1230979204557307
},
"meanEffTorque": {
"max": 23.5,
"max_diff": 2.5,
"mean": -48.739119303635434,
"mean_diff": 0.04789959016393443,
"min": -98.5,
"min_diff": -1.0,
"std": 30.030129359908916,
"std_diff": 0.3174980543373908
},
"odom": {
"max": 120,
"max_diff": 72.0,
"mean": 58.96979006656426,
"mean_diff": -0.028688524590163935,
"min": 0,
"min_diff": -112.0,
"std": 35.14492865326338,
"std_diff": 17.979017732009197
},
"odom_speed": {
"max": 27.0,
"max_diff": 1.0,
"mean": 16.361495135688685,
"mean_diff": -0.01331967213114754,
"min": 1.0,
"min_diff": -1.0,
"std": 5.374399521547151,
"std_diff": 0.1425285571841912
},
"pedal_cc": {
"max": 81.0,
"max_diff": 13.0,
"mean": 2.494111623143881,
"mean_diff": 0.0,
"min": 0.0,
"min_diff": -14.0,
"std": 12.258234058973615,
"std_diff": 0.8689781072154075
},
"regen": {
"max": 58.0,
"max_diff": 1.0,
"mean": 42.3968253968254,
"mean_diff": -0.02971311475409836,
"min": 0.0,
"min_diff": -2.0,
"std": 16.217060992634977,
"std_diff": 0.30891520878947654
},
"requestedTorqueAfterProc": {
"max": -272.5,
"max_diff": 125.5,
"mean": -297.99667178699434,
"mean_diff": -0.03560450819672131,
"min": -398.5,
"min_diff": -126.0,
"std": 40.17909043170855,
"std_diff": 4.95268470656094
},
"right_solar": {
"max": 0,
"max_diff": 0.0,
"mean": 0.0,
"mean_diff": 0.0,
"min": 0,
"min_diff": 0.0,
"std": 0.0,
"std_diff": 0.0
},
"steer_corrected": {
"max": 156.9000000000001,
"max_diff": 1.300000000000182,
"mean": 29.43302611367146,
"mean_diff": -0.009067622950819578,
"min": -8.299999999999727,
"min_diff": -2.300000000000182,
"std": 50.107615779917204,
"std_diff": 0.3489808809422104
},
"steer_offset_can": {
"max": -13.300000000000182,
"max_diff": 0.0,
"mean": -13.300000000000182,
"mean_diff": 0.0,
"min": -13.300000000000182,
"min_diff": 0.0,
"std": 0.0,
"std_diff": 0.0
},
"steer_raw": {
"max": 143.5999999999999,
"max_diff": 1.300000000000182,
"mean": 16.133026113671285,
"mean_diff": -0.009067622950819578,
"min": -21.59999999999991,
"min_diff": -2.300000000000182,
"std": 50.107615779917204,
"std_diff": 0.3489808809422104
},
"transversal_accel": {
"max": -0.30000000000001137,
"max_diff": 0.056000000000011596,
"mean": -0.49283154121863787,
"mean_diff": 6.14754098360679e-06,
"min": -0.671999999999997,
"min_diff": -0.056000000000011596,
"std": 0.06429550306051615,
"std_diff": 0.008484796136999557
},
"utime": {
"max": 1538986137403666,
"max_diff": 25235.0,
"mean": 1538986127614422.2,
"mean_diff": 10041.221823770491,
"min": 1538986117803201,
"min_diff": 2.0,
"std": 5665218.360718931,
"std_diff": 1715.5515642335602
}
}
},
"ZoeSensors": {
"message_count": 18894,
"message_freq": 963.9688701421585,
"timespan": 19.600218,
"var_stats": {
"brake_sensor": {
"max": 0.40613025426864624,
"max_diff": 0.0007758438587188721,
"mean": 0.2868164120547807,
"mean_diff": -5.866621786533591e-06,
"min": 0.18189288675785065,
"min_diff": -0.0020056962966918945,
"std": 0.06852313452910316,
"std_diff": 0.00010076015967614139
},
"steering_sensor": {
"max": 0.19078734517097473,
"max_diff": 0.00048445165157318115,
"mean": 0.18863192531587308,
"mean_diff": 1.0006800542367128e-07,
"min": 0.18737249076366425,