{
"MS_IMU": {
"message_count": 1943,
"message_freq": 99.63747445924363,
"timespan": 19.500695,
"var_stats": {
"linear_accel": {
"max": 11.49339771270752,
"max_diff": 11.436905300244689,
"mean": 3.0469196690706464,
"mean_diff": 5.28411015378991,
"min": -2.5286355018615723,
"min_diff": -1.2992135286331177,
"std": 4.801472871559076,
"std_diff": 4.408160176253635
},
"q": {
"max": 0.9313740730285645,
"max_diff": 0.9470478910952806,
"mean": 0.0868605579668264,
"mean_diff": 0.450166300447876,
"min": -0.6259210705757141,
"min_diff": -0.01755918748676777,
"std": 0.49239746245000876,
"std_diff": 0.3606031852725795
},
"rotation_rate": {
"max": 0.14471328258514404,
"max_diff": 0.21179115027189255,
"mean": 0.006004582738173538,
"mean_diff": 0.014041075258963706,
"min": -0.09455780684947968,
"min_diff": -0.13119659572839737,
"std": 0.036136621456961886,
"std_diff": 0.05146913239413509
},
"utime": {
"max": 1542193501421984,
"max_diff": 29985.0,
"mean": 1542193491654993.8,
"mean_diff": 10041.552523171988,
"min": 1542193481921289,
"min_diff": 1969.0,
"std": 5631447.07102236,
"std_diff": 5528.936387852364
}
}
},
"POSE": {
"message_count": 970,
"message_freq": 49.74560762951974,
"timespan": 19.499209,
"var_stats": {
"accel": {
"max": 10.792644506169362,
"max_diff": 10.753224846490673,
"mean": 3.045381552131654,
"mean_diff": 5.286006187217401,
"min": -1.4698784694944094,
"min_diff": -1.1395839422327179,
"std": 4.79932108912092,
"std_diff": 4.401003808897493
},
"orientation": {
"max": 0.9953940714778532,
"max_diff": 0.0,
"mean": 0.17340828635626052,
"mean_diff": -0.40674660722664585,
"min": -0.39908925173360654,
"min_diff": -0.9953940714778532,
"std": 0.4689664873133102,
"std_diff": 0.40974447017982557
},
"pos": {
"max": 1623.2311383881997,
"max_diff": 962.9909770441207,
"mean": 763.2525421950445,
"mean_diff": -354.9806055587686,
"min": 0.0,
"min_diff": -1623.2311383881997,
"std": 646.3121114470697,
"std_diff": 1225.3019769770947
},
"rotation_rate": {
"max": 0.14452305436134338,
"max_diff": 0.21179115027189255,
"mean": 0.00592516567967442,
"mean_diff": 0.01386705195645564,
"min": -0.09455780684947968,
"min_diff": -0.13119659572839737,
"std": 0.03602519394792847,
"std_diff": 0.05138534880514337
},
"utime": {
"max": 1542193501415090,
"max_diff": 40634.0,
"mean": 1542193491641169.0,
"mean_diff": 20123.02270381837,
"min": 1542193481915881,
"min_diff": 12071.0,
"std": 5638861.77991445,
"std_diff": 1741.9372125086811
},
"vel": {
"max": 8.837349976272149,
"max_diff": 0.0,
"mean": 1.910359918508405,
"mean_diff": -2.865539877762607,
"min": 0.0,
"min_diff": -8.837349976272149,
"std": 2.9446410854675173,
"std_diff": 3.20456867919107
}
}
},
"SteerAngleFeedback": {
"message_count": 1916,
"message_freq": 98.28348609678524,
"timespan": 19.494628,
"var_stats": {
"utime": {
"max": 1542193501398847,
"max_diff": 30383.0,
"mean": 1542193491660413.2,
"mean_diff": 10179.962402088773,
"min": 1542193481904219,
"min_diff": 3007.0,
"std": 5619772.915230428,
"std_diff": 1602.7704854013266
},
"value": {
"max": 1.0279989294246616,
"max_diff": 0.015707963267950542,
"mean": 0.2862968510423054,
"mean_diff": 6.835493154024782e-05,
"min": -0.12042771838761032,
"min_diff": -0.010471975511964327,
"std": 0.36309106233929844,
"std_diff": 0.002511095524428796
}
}
},
"VEHICLE_MONITOR": {
"message_count": 40,
"message_freq": 2.0512328216943305,
"timespan": 19.500468,
"var_stats": null
},
"ZOE_VEH_INFO": {
"message_count": 1940,
"message_freq": 99.49922654737838,
"timespan": 19.497639,
"var_stats": {
"FL_wheel_speed": {
"max": 279.6819,
"max_diff": 7.005600000000015,
"mean": 179.1851794329897,
"mean_diff": -0.08277632800412585,
"min": 73.392,
"min_diff": -9.090599999999995,
"std": 64.67619069705607,
"std_diff": 0.6922612786724227
},
"FR_wheel_speed": {
"max": 277.8054,
"max_diff": 4.920600000000036,
"mean": 180.18376546391752,
"mean_diff": -0.08219566787003611,
"min": 74.1009,
"min_diff": -3.752999999999986,
"std": 63.89726202201035,
"std_diff": 0.5608429621210438
},
"RL_wheel_speed": {
"max": 281.058,
"max_diff": 5.62949999999995,
"mean": 179.0636905670103,
"mean_diff": -0.08277632800412582,
"min": 72.6831,
"min_diff": -9.799500000000023,
"std": 64.92494631496852,
"std_diff": 0.7257078663795403
},
"RR_wheel_speed": {
"max": 279.4317,
"max_diff": 6.338400000000007,
"mean": 180.24603603092783,
"mean_diff": -0.08303439917483238,
"min": 72.9333,
"min_diff": -7.506,
"std": 64.16354456219882,
"std_diff": 0.6789958000234585
},
"left_solar": {
"max": 0,
"max_diff": 0.0,
"mean": 0.0,
"mean_diff": 0.0,
"min": 0,
"min_diff": 0.0,
"std": 0.0,
"std_diff": 0.0
},
"longitudinal_accel": {
"max": 1.0500000000000007,
"max_diff": 1.049999999999999,
"mean": -0.7110567010309274,
"mean_diff": 0.0004125838060856115,
"min": -1.6999999999999993,
"min_diff": -0.6999999999999993,
"std": 0.6920779013429496,
"std_diff": 0.07881493960525147
},
"meanEffTorque": {
"max": 62.5,
"max_diff": 3.5,
"mean": -38.521649484536084,
"mean_diff": 0.02552862300154719,
"min": -76.0,
"min_diff": -4.0,
"std": 41.49825540191915,
"std_diff": 0.4938958665070718
},
"odom": {
"max": 124,
"max_diff": 84.0,
"mean": 63.575257731958764,
"mean_diff": -0.04538421866941723,
"min": 0,
"min_diff": -96.0,
"std": 36.5183897493034,
"std_diff": 17.436246594409617
},
"odom_speed": {
"max": 31.0,
"max_diff": 1.0,
"mean": 20.090721649484536,
"mean_diff": -0.009283135636926251,
"min": 8.0,
"min_diff": -1.0,
"std": 7.3236670786718605,
"std_diff": 0.12812952679289372
},
"pedal_cc": {
"max": 254.0,
"max_diff": 19.0,
"mean": 34.20927835051546,
"mean_diff": 0.0,
"min": 0.0,
"min_diff": -50.0,
"std": 78.54541346105374,
"std_diff": 2.4549578300646155
},
"regen": {
"max": 59.0,
"max_diff": 1.0,
"mean": 42.34123711340206,
"mean_diff": -0.01444043321299639,
"min": 0.0,
"min_diff": -2.0,
"std": 22.515494104243196,
"std_diff": 0.23114361051032853
},
"requestedTorqueAfterProc": {
"max": -272.5,
"max_diff": 122.0,
"mean": -299.7798969072165,
"mean_diff": 0.004383702939659618,
"min": -398.5,
"min_diff": -126.0,
"std": 34.20808456306649,
"std_diff": 5.537076154958473
},
"right_solar": {
"max": 0,
"max_diff": 0.0,
"mean": 0.0,
"mean_diff": 0.0,
"min": 0,
"min_diff": 0.0,
"std": 0.0,
"std_diff": 0.0
},
"steer_corrected": {
"max": 58.90000000000009,
"max_diff": 0.5,
"mean": 16.318505154639272,
"mean_diff": 0.0038679731820526046,
"min": -6.900000000000091,
"min_diff": -0.599999999999909,
"std": 20.7725801332984,
"std_diff": 0.1405819155784013
},
"steer_offset_can": {
"max": -13.400000000000091,
"max_diff": 0.0,
"mean": -13.40000000000009,
"mean_diff": 0.0,
"min": -13.400000000000091,
"min_diff": 0.0,
"std": 1.7763568394002505e-15,
"std_diff": 0.0
},
"steer_raw": {
"max": 45.5,
"max_diff": 0.5,
"mean": 2.9185051546391825,
"mean_diff": 0.0038679731820526046,
"min": -20.300000000000182,
"min_diff": -0.599999999999909,
"std": 20.772580133298398,
"std_diff": 0.1405819155784013
},
"transversal_accel": {
"max": -0.36000000000001364,
"max_diff": 0.06800000000001205,
"mean": -0.48985567010309067,
"mean_diff": 8.251676121707649e-06,
"min": -0.5440000000000111,
"min_diff": -0.07600000000002183,
"std": 0.03166506080994335,
"std_diff": 0.007116791407995685
},
"utime": {
"max": 1542193501406335,
"max_diff": 29624.0,
"mean": 1542193491656717.8,
"mean_diff": 10055.512635379062,
"min": 1542193481908696,
"min_diff": 2.0,
"std": 5630645.3961591115,
"std_diff": 1804.9992653264437
}
}
},
"ZoeSensors": {
"message_count": 18724,
"message_freq": 960.2332458042746,
"timespan": 19.499429,
"var_stats": {
"brake_sensor": {
"max": 0.3297175168991089,
"max_diff": 0.0003120005130767822,
"mean": 0.2789685175816006,
"mean_diff": -6.359091829121549e-06,
"min": 0.19004227221012115,
"min_diff": -0.0048947930335998535,
"std": 0.054701819524711245,
"std_diff": 0.00010206867824444991
},
"steering_sensor": {
"max": 0.19140179455280304,
"max_diff": 0.0005159825086593628,
"mean": 0.188744451754357,
"mean_diff": -1.7039676395891594e-08,
"min": 0.18721887469291687,
"min_diff": -0.0004529505968093872,
"std": 0.0005605722245986886,