{
"MS_IMU": {
"message_count": 1941,
"message_freq": 99.67550769419431,
"timespan": 19.473189,
"var_stats": {
"linear_accel": {
"max": 12.789308547973633,
"max_diff": 13.989755630493164,
"mean": 3.0535791227948383,
"mean_diff": 5.021199009187868,
"min": -2.335235834121704,
"min_diff": -2.036665678024292,
"std": 4.788729843367755,
"std_diff": 5.200306399869289
},
"q": {
"max": 0.999826967716217,
"max_diff": 0.2258000448346138,
"mean": 0.2055147648858487,
"mean_diff": -0.37873345126971325,
"min": -0.23447047173976898,
"min_diff": -1.0155395213514566,
"std": 0.4558110332184985,
"std_diff": 0.44559616658897094
},
"rotation_rate": {
"max": 0.1127597838640213,
"max_diff": 0.1599118933081627,
"mean": -0.015844116418818582,
"mean_diff": -0.025240835668209477,
"min": -0.24046847224235535,
"min_diff": -0.2351656286045909,
"std": 0.04889321756246678,
"std_diff": 0.05802297466737754
},
"utime": {
"max": 1534867353421228,
"max_diff": 34968.0,
"mean": 1534867343674372.5,
"mean_diff": 10037.726288659795,
"min": 1534867333948039,
"min_diff": 1901.0,
"std": 5614646.893072601,
"std_diff": 5586.558691653413
}
}
},
"POSE": {
"message_count": 972,
"message_freq": 49.95054792976048,
"timespan": 19.459246,
"var_stats": {
"accel": {
"max": 10.923084566595756,
"max_diff": 11.704074564532286,
"mean": 3.0494592999405414,
"mean_diff": 5.023460201517089,
"min": -2.228621126661572,
"min_diff": -1.8852855373842048,
"std": 4.7865874991954485,
"std_diff": 5.191922713680028
},
"orientation": {
"max": 0.8572170119635518,
"max_diff": 0.8572170119635518,
"mean": 0.3466562001341095,
"mean_diff": -0.07183931068524775,
"min": 0.0,
"min_diff": -0.8491238890439478,
"std": 0.3603185797437876,
"std_diff": 0.5728633753117769
},
"pos": {
"max": 1700.0013232493077,
"max_diff": 1255.2213332401957,
"mean": 697.8781379294588,
"mean_diff": -214.30733441676443,
"min": 0.0,
"min_diff": -1700.0013232493077,
"std": 706.0546346865062,
"std_diff": 1450.8346091074222
},
"rotation_rate": {
"max": 0.1127597838640213,
"max_diff": 0.1599118933081627,
"mean": -0.015916234589484584,
"mean_diff": -0.025254690169392285,
"min": -0.2396256923675537,
"min_diff": -0.2351656286045909,
"std": 0.04893292030121565,
"std_diff": 0.058008679307040505
},
"utime": {
"max": 1534867353407255,
"max_diff": 40447.0,
"mean": 1534867343682061.8,
"mean_diff": 20040.418125643668,
"min": 1534867333948009,
"min_diff": 12859.0,
"std": 5623507.539606989,
"std_diff": 1164.7009376627861
},
"vel": {
"max": 5.9648100058057185,
"max_diff": 0.0,
"mean": 1.2785619067443086,
"mean_diff": -1.9178428601164628,
"min": 0.0,
"min_diff": -5.9648100058057185,
"std": 2.000148291039878,
"std_diff": 2.1851428711165286
}
}
},
"SteerAngleFeedback": {
"message_count": 1930,
"message_freq": 99.21182629643897,
"timespan": 19.453326,
"var_stats": {
"utime": {
"max": 1534867353402424,
"max_diff": 30330.0,
"mean": 1534867343696840.2,
"mean_diff": 10084.668740279938,
"min": 1534867333949098,
"min_diff": 2429.0,
"std": 5609216.122201602,
"std_diff": 1187.2696837194287
},
"value": {
"max": 0.02450658503988659,
"max_diff": 0.03665191429187953,
"mean": -0.9064520379738856,
"mean_diff": 0.0016810895542796616,
"min": -4.300419301402057,
"min_diff": -0.019198621771935986,
"std": 1.4708949933997708,
"std_diff": 0.0065398947180397736
}
}
},
"VEHICLE_MONITOR": {
"message_count": 40,
"message_freq": 2.0513279168703464,
"timespan": 19.499564,
"var_stats": {
"available_distance": {
"max": 119,
"max_diff": 0.0,
"mean": 119.0,
"mean_diff": 0.0,
"min": 119,
"min_diff": 0.0,
"std": 0.0,
"std_diff": 0.0
},
"battery_level": {
"max": 94,
"max_diff": 0.0,
"mean": 94.0,
"mean_diff": 0.0,
"min": 94,
"min_diff": 0.0,
"std": 0.0,
"std_diff": 0.0
},
"brake": {
"max": 14,
"max_diff": 7.0,
"mean": 1.6,
"mean_diff": 0.07692307692307693,
"min": 0,
"min_diff": -6.0,
"std": 3.618010503025109,
"std_diff": 2.0176733920929233
},
"brake_switch": {
"max": 4,
"max_diff": 2.0,
"mean": 1.725,
"mean_diff": 0.0,
"min": 1,
"min_diff": -3.0,
"std": 1.2447389284504602,
"std_diff": 0.5991446895152781
},
"gear_position": {
"max": 7,
"max_diff": 0.0,
"mean": 7.0,
"mean_diff": 0.0,
"min": 7,
"min_diff": 0.0,
"std": 0.0,
"std_diff": 0.0
},
"left_signal": {
"max": 0,
"max_diff": 0.0,
"mean": 0.0,
"mean_diff": 0.0,
"min": 0,
"min_diff": 0.0,
"std": 0.0,
"std_diff": 0.0
},
"rear_left_rpm": {
"max": 188.3172,
"max_diff": 17.72250000000001,
"mean": 118.96801500000001,
"mean_diff": -1.2167846153846154,
"min": 32.943,
"min_diff": -17.5557,
"std": 48.04890344189735,
"std_diff": 9.797358446175185
},
"rear_right_rpm": {
"max": 191.56980000000001,
"max_diff": 20.349599999999995,
"mean": 118.69383750000001,
"mean_diff": -0.9345076923076923,
"min": 33.4017,
"min_diff": -17.5557,
"std": 50.83728193734244,
"std_diff": 10.050876608264387
},
"right_signal": {
"max": 1,
"max_diff": 1.0,
"mean": 0.1,
"mean_diff": 0.0,
"min": 0,
"min_diff": -1.0,
"std": 0.30000000000000004,
"std_diff": 0.32025630761017426
},
"steering": {
"max": 1.800000000000182,
"max_diff": 79.69999999999982,
"mean": -51.02749999999979,
"mean_diff": 4.961538461538462,
"min": -245.79999999999973,
"min_diff": -20.59999999999991,
"std": 84.09362635628223,
"std_diff": 17.068288415304206
},
"steering_speed": {
"max": 187.20000000000044,
"max_diff": 105.5999999999999,
"mean": 10.420000000000275,
"mean_diff": 1.1256410256410163,
"min": -43.89999999999945,
"min_diff": -125.5,
"std": 39.20277541195267,
"std_diff": 32.37117044333023
},
"throttle": {
"max": 275,
"max_diff": 103.0,
"mean": 67.225,
"mean_diff": 0.0,
"min": 0,
"min_diff": -169.0,
"std": 100.038114611382,
"std_diff": 41.34718543733955
},
"utime": {
"max": 1534867353623772,
"max_diff": 500657.0,
"mean": 1534867343874145.2,
"mean_diff": 499988.8205128205,
"min": 1534867334124208,
"min_diff": 499391.0,
"std": 5771613.423444082,
"std_diff": 326.11283809284134
},
"vehicle_speed": {
"max": 21.48,
"max_diff": 1.9400000000000004,
"mean": 13.55925,
"mean_diff": -0.13025641025641027,
"min": 4.12,
"min_diff": -1.9000000000000004,
"std": 5.484885772511585,
"std_diff": 1.1133237075727453
},
"yaw_rate": {
"max": 2.842170943040401e-14,
"max_diff": 4.199999999999989,
"mean": -3.0874999999999764,
"mean_diff": 0.34615384615384615,
"min": -14.099999999999966,
"min_diff": -2.0,
"std": 4.194292997633808,
"std_diff": 1.213776930852545
}
}
},
"ZOE_VEH_INFO": {
"message_count": 1937,
"message_freq": 99.59747605495683,
"timespan": 19.448284,
"var_stats": {
"FL_wheel_speed": {
"max": 189.0261,
"max_diff": 11.675999999999988,
"mean": 121.70751017036655,
"mean_diff": -0.024253202479338844,
"min": 41.3664,
"min_diff": -6.7971,
"std": 46.290762706757874,
"std_diff": 0.5425431178070798
},
"FR_wheel_speed": {
"max": 189.0261,
"max_diff": 1.6262999999999863,
"mean": 119.49075797625194,
"mean_diff": -0.019902272727272727,
"min": 35.2782,
"min_diff": -2.1266999999999996,
"std": 48.17176038179317,
"std_diff": 0.386004327049624
},
"RL_wheel_speed": {
"max": 188.8176,
"max_diff": 9.090600000000023,
"mean": 121.0853685596283,
"mean_diff": -0.024253202479338834,
"min": 39.4899,
"min_diff": -6.546900000000022,
"std": 46.69269110635864,
"std_diff": 0.5261577531977221
},
"RR_wheel_speed": {
"max": 192.5289,
"max_diff": 5.796300000000002,
"mean": 121.05072978833248,
"mean_diff": -0.020742303719008256,
"min": 33.8604,
"min_diff": -6.046500000000009,
"std": 49.57199742187705,
"std_diff": 0.43480750933990364
},
"left_solar": {
"max": -112,
"max_diff": 0.0,
"mean": -112.0,
"mean_diff": 0.0,
"min": -112,
"min_diff": 0.0,
"std": 0.0,
"std_diff": 0.0
},
"longitudinal_accel": {
"max": 1.0500000000000007,
"max_diff": 0.75,
"mean": -0.27601961796592617,
"mean_diff": 0.000671487603305785,
"min": -2.75,
"min_diff": -0.4499999999999993,
"std": 0.6914958799701956,
"std_diff": 0.050916837205488105
},
"meanEffTorque": {
"max": 66.0,
"max_diff": 1.5,
"mean": 0.11564274651522974,
"mean_diff": 0.02556818181818182,
"min": -51.5,
"min_diff": -2.5,
"std": 34.84025493560125,
"std_diff": 0.35207793367988505
},
"odom": {
"max": 120,
"max_diff": 60.0,
"mean": 58.112545172947854,