{
"MS_IMU": {
"message_count": 1895,
"message_freq": 99.47784890779359,
"timespan": 19.049467,
"var_stats": {
"linear_accel": {
"max": 11.92863655090332,
"max_diff": 11.820764124393463,
"mean": 3.4325181462710037,
"mean_diff": 4.64330922516368,
"min": -0.8092543482780457,
"min_diff": -1.7747443914413452,
"std": 4.525210795123679,
"std_diff": 5.205514306966709
},
"q": {
"max": 0.4162231385707855,
"max_diff": 0.012079383246600628,
"mean": -0.12578114522587205,
"mean_diff": -0.44086371889319875,
"min": -0.91382896900177,
"min_diff": -0.9217478428035975,
"std": 0.4839205729592148,
"std_diff": 0.374178888024196
},
"rotation_rate": {
"max": 0.0848645493388176,
"max_diff": 0.11549383774399757,
"mean": 0.00013333168874775212,
"mean_diff": -3.594698685782965e-05,
"min": -0.08604874461889267,
"min_diff": -0.08967738086357713,
"std": 0.015022735368501938,
"std_diff": 0.023616344856315162
},
"utime": {
"max": 1533151688700741,
"max_diff": 32009.0,
"mean": 1533151679160477.5,
"mean_diff": 10057.796726504752,
"min": 1533151669651274,
"min_diff": 2945.0,
"std": 5496992.821802239,
"std_diff": 4544.031164417715
}
}
},
"POSE": {
"message_count": 947,
"message_freq": 49.68613786135123,
"timespan": 19.059642,
"var_stats": {
"accel": {
"max": 10.313582644238675,
"max_diff": 10.551345586554184,
"mean": 3.4330025677669047,
"mean_diff": 4.6437313456223555,
"min": -0.376009816772092,
"min_diff": -1.3869703248279885,
"std": 4.520897671604528,
"std_diff": 5.199975979368561
},
"orientation": {
"max": 0.9395575337745316,
"max_diff": 0.0,
"mean": 0.14770204694092792,
"mean_diff": -0.4282945889248198,
"min": -0.3535703738289132,
"min_diff": -0.9395575337745316,
"std": 0.47768619964309195,
"std_diff": 0.38716544064657044
},
"pos": {
"max": 1522.6137556068097,
"max_diff": 771.0138045057964,
"mean": 759.7351336963901,
"mean_diff": -395.72319431537886,
"min": 0.0,
"min_diff": -1522.6137556068097,
"std": 608.265000551369,
"std_diff": 1092.9987049417725
},
"rotation_rate": {
"max": 0.0848645493388176,
"max_diff": 0.10848615318536758,
"mean": 0.00014231704707576601,
"mean_diff": -9.5314877134789e-05,
"min": -0.07964501529932022,
"min_diff": -0.08967738086357713,
"std": 0.015067592946944434,
"std_diff": 0.023695899923574258
},
"utime": {
"max": 1533151688716179,
"max_diff": 40960.0,
"mean": 1533151679187033.2,
"mean_diff": 20147.61310782241,
"min": 1533151669656537,
"min_diff": 17662.0,
"std": 5505369.851901264,
"std_diff": 1803.9507999921295
},
"vel": {
"max": 9.444143399046451,
"max_diff": 0.0,
"mean": 2.2761525325561105,
"mean_diff": -3.4142287988341655,
"min": 0.0,
"min_diff": -9.444143399046451,
"std": 3.5847047478953997,
"std_diff": 3.922946524078494
}
}
},
"SteerAngleFeedback": {
"message_count": 1857,
"message_freq": 97.46292511902995,
"timespan": 19.053399,
"var_stats": {
"utime": {
"max": 1533151688705477,
"max_diff": 30948.0,
"mean": 1533151679157947.2,
"mean_diff": 10265.839978448275,
"min": 1533151669652078,
"min_diff": 6160.0,
"std": 5505230.545699017,
"std_diff": 1902.4203188989236
},
"value": {
"max": 0.04021454830783715,
"max_diff": 0.003490658503993424,
"mean": -0.013943290942386619,
"mean_diff": 9.403713642210818e-06,
"min": -0.08719448708774416,
"min_diff": -0.00523598775598616,
"std": 0.028169688490986285,
"std_diff": 0.0009972530801634217
}
}
},
"VEHICLE_MONITOR": {
"message_count": 39,
"message_freq": 2.052647027817104,
"timespan": 18.999857,
"var_stats": {
"available_distance": {
"max": 70,
"max_diff": 0.0,
"mean": 70.0,
"mean_diff": 0.0,
"min": 70,
"min_diff": 0.0,
"std": 0.0,
"std_diff": 0.0
},
"battery_level": {
"max": 80,
"max_diff": 0.0,
"mean": 80.0,
"mean_diff": 0.0,
"min": 80,
"min_diff": 0.0,
"std": 0.0,
"std_diff": 0.0
},
"brake": {
"max": 0,
"max_diff": 0.0,
"mean": 0.0,
"mean_diff": 0.0,
"min": 0,
"min_diff": 0.0,
"std": 0.0,
"std_diff": 0.0
},
"brake_switch": {
"max": 1,
"max_diff": 0.0,
"mean": 1.0,
"mean_diff": 0.0,
"min": 1,
"min_diff": 0.0,
"std": 0.0,
"std_diff": 0.0
},
"gear_position": {
"max": 7,
"max_diff": 0.0,
"mean": 7.0,
"mean_diff": 0.0,
"min": 7,
"min_diff": 0.0,
"std": 0.0,
"std_diff": 0.0
},
"left_signal": {
"max": 0,
"max_diff": 0.0,
"mean": 0.0,
"mean_diff": 0.0,
"min": 0,
"min_diff": 0.0,
"std": 0.0,
"std_diff": 0.0
},
"rear_left_rpm": {
"max": 298.1133,
"max_diff": 18.681600000000003,
"mean": 217.90923076923076,
"mean_diff": 7.0286447368421054,
"min": 18.2229,
"min_diff": -5.170799999999986,
"std": 84.99743740030668,
"std_diff": 6.738408012622682
},
"rear_right_rpm": {
"max": 304.2015,
"max_diff": 19.390500000000003,
"mean": 222.24282307692303,
"mean_diff": 7.150452631578947,
"min": 18.4731,
"min_diff": -5.129099999999994,
"std": 86.66108591930143,
"std_diff": 6.914830069447491
},
"right_signal": {
"max": 0,
"max_diff": 0.0,
"mean": 0.0,
"mean_diff": 0.0,
"min": 0,
"min_diff": 0.0,
"std": 0.0,
"std_diff": 0.0
},
"steering": {
"max": 2.800000000000182,
"max_diff": 2.5,
"mean": -0.18974358974337052,
"mean_diff": 0.02631578947368421,
"min": -4.099999999999909,
"min_diff": -4.200000000000273,
"std": 1.6084384642342344,
"std_diff": 1.1566021493391858
},
"steering_speed": {
"max": 11.900000000000272,
"max_diff": 11.900000000000091,
"mean": 0.23589743589763573,
"mean_diff": -0.0500000000000024,
"min": -7.999999999999819,
"min_diff": -11.900000000000091,
"std": 3.1797022259782484,
"std_diff": 4.180200826200664
},
"throttle": {
"max": 337,
"max_diff": 78.0,
"mean": 199.87179487179486,
"mean_diff": 1.894736842105263,
"min": 0,
"min_diff": -120.0,
"std": 79.70624898681199,
"std_diff": 35.610310063596536
},
"utime": {
"max": 1533151688897418,
"max_diff": 500797.0,
"mean": 1533151679397336.5,
"mean_diff": 499996.2368421053,
"min": 1533151669897561,
"min_diff": 499246.0,
"std": 5627255.636514025,
"std_diff": 389.8427776350849
},
"vehicle_speed": {
"max": 33.980000000000004,
"max_diff": 2.1799999999999997,
"mean": 24.831794871794877,
"mean_diff": 0.8063157894736842,
"min": 1.94,
"min_diff": -0.5399999999999991,
"std": 9.73637269154646,
"std_diff": 0.7693005061080235
},
"yaw_rate": {
"max": 0.5000000000000284,
"max_diff": 0.6000000000000227,
"mean": -0.16410256410253948,
"mean_diff": 0.0,
"min": -1.1999999999999886,
"min_diff": -0.700000000000017,
"std": 0.2913163576763871,
"std_diff": 0.2772040859423983
}
}
},
"ZOE_VEH_INFO": {
"message_count": 1891,
"message_freq": 99.26513876043302,
"timespan": 19.049991,
"var_stats": {
"FL_wheel_speed": {
"max": 299.28090000000003,
"max_diff": 7.005600000000015,
"mean": 216.970260126917,
"mean_diff": 0.14341269841269838,
"min": 14.0112,
"min_diff": -8.423400000000015,
"std": 85.68447759271436,
"std_diff": 0.6619013052819808
},
"FR_wheel_speed": {
"max": 299.28090000000003,
"max_diff": 5.337600000000009,
"mean": 216.90216409307243,
"mean_diff": 0.1440525396825397,
"min": 13.761000000000001,
"min_diff": -3.7112999999999943,
"std": 85.69039335985943,
"std_diff": 0.50471374484908
},
"RL_wheel_speed": {
"max": 299.28090000000003,
"max_diff": 8.882100000000037,
"mean": 216.23242813326286,
"mean_diff": 0.14365539682539682,
"min": 14.2614,
"min_diff": -9.799500000000023,
"std": 85.48214570116195,
"std_diff": 0.7353329456207717
},
"RR_wheel_speed": {
"max": 304.9104,
"max_diff": 7.714499999999987,
"mean": 220.38972628239026,
"mean_diff": 0.14625888888888888,
"min": 14.4699,
"min_diff": -5.170799999999986,
"std": 87.1466695527772,
"std_diff": 0.5901858627682165
},
"left_solar": {
"max": 0,
"max_diff": 0.0,
"mean": 0.0,
"mean_diff": 0.0,
"min": 0,
"min_diff": 0.0,
"std": 0.0,
"std_diff": 0.0
},
"longitudinal_accel": {
"max": 1.4000000000000004,
"max_diff": 0.8000000000000007,
"mean": 0.4748545742993132,
"mean_diff": -0.00018518518518518499,
"min": -0.4499999999999993,
"min_diff": -0.9500000000000011,
"std": 0.45477188743039376,
"std_diff": 0.07356182004153276
},
"meanEffTorque": {
"max": 91.5,
"max_diff": 4.0,
"mean": 37.18958223162348,
"mean_diff": -0.014814814814814815,
"min": -18.5,
"min_diff": -1.0,
"std": 28.333706681346534,
"std_diff": 0.273702021173169
},
"odom": {
"max": 124,
"max_diff": 84.0,