{
"MS_IMU": {
"message_count": 1947,
"message_freq": 99.84817641177861,
"timespan": 19.499605,
"var_stats": {
"linear_accel": {
"max": 9.900973320007324,
"max_diff": 10.391919374465942,
"mean": 2.976230435370423,
"mean_diff": 5.114592440572003,
"min": -1.3177173137664795,
"min_diff": -0.642624706029892,
"std": 4.799456109245959,
"std_diff": 5.012964946553928
},
"q": {
"max": 0.030878707766532898,
"max_diff": 0.5682619027793407,
"mean": -0.3338439104852922,
"mean_diff": -0.116579308368596,
"min": -0.8756121397018433,
"min_diff": -0.8793891607783735,
"std": 0.37222071532680034,
"std_diff": 0.5764143783403434
},
"rotation_rate": {
"max": 0.013316275551915169,
"max_diff": 0.010159840807318687,
"mean": -0.0020872432109060026,
"mean_diff": -0.003449714879463499,
"min": -0.07599975168704987,
"min_diff": -0.08640538342297077,
"std": 0.010034612983088264,
"std_diff": 0.012672511304992983
},
"utime": {
"max": 1542801007447794,
"max_diff": 25066.0,
"mean": 1542800997694176.2,
"mean_diff": 10020.352004110997,
"min": 1542800987948189,
"min_diff": 1944.0,
"std": 5626674.184794444,
"std_diff": 5539.873011031404
}
}
},
"POSE": {
"message_count": 974,
"message_freq": 49.95077489601239,
"timespan": 19.499197,
"var_stats": {
"accel": {
"max": 9.850408985154903,
"max_diff": 10.314568906022126,
"mean": 2.976225427592326,
"mean_diff": 5.114658387023012,
"min": -1.1964499762133942,
"min_diff": -0.5879228360058242,
"std": 4.799158703821553,
"std_diff": 5.012282859763329
},
"orientation": {
"max": 0.2842413886722315,
"max_diff": 0.0,
"mean": -0.1785140947552369,
"mean_diff": -0.40663077293904637,
"min": -0.9761009117712647,
"min_diff": -0.9761009117712647,
"std": 0.46704680490687256,
"std_diff": 0.40985942447664536
},
"pos": {
"max": 1321.3976229112855,
"max_diff": -417.19579681562834,
"mean": 741.5046933433727,
"mean_diff": -660.4876597037326,
"min": 0.0,
"min_diff": -903.7621913887524,
"std": 551.322855430248,
"std_diff": 243.05118868847615
},
"rotation_rate": {
"max": 0.013316275551915169,
"max_diff": 0.010159840807318687,
"mean": -0.002079849028479678,
"mean_diff": -0.0034498782084003213,
"min": -0.07599975168704987,
"min_diff": -0.08640538342297077,
"std": 0.010038963856823296,
"std_diff": 0.012684990040867011
},
"utime": {
"max": 1542801007464909,
"max_diff": 40589.0,
"mean": 1542800997698737.5,
"mean_diff": 20040.284686536485,
"min": 1542800987965712,
"min_diff": 16497.0,
"std": 5628633.518678367,
"std_diff": 1065.365900377607
},
"vel": {
"max": 0.5462360869636537,
"max_diff": 0.0,
"mean": 0.01463969779849693,
"mean_diff": -0.021959546697745393,
"min": 0.0,
"min_diff": -0.5462360869636537,
"std": 0.07077202422131405,
"std_diff": 0.08574542876940966
}
}
},
"SteerAngleFeedback": {
"message_count": 1923,
"message_freq": 98.59276389611944,
"timespan": 19.504474,
"var_stats": {
"utime": {
"max": 1542801007456168,
"max_diff": 29806.0,
"mean": 1542800997680390.5,
"mean_diff": 10148.009365244538,
"min": 1542800987951694,
"min_diff": 5676.0,
"std": 5635010.624172255,
"std_diff": 1364.9024854975887
},
"value": {
"max": -5.0928707573194485,
"max_diff": 0.0017453292520013264,
"mean": -5.110169756561783,
"mean_diff": -1.906967444946906e-05,
"min": -5.129522671611328,
"min_diff": -0.0017453292520013264,
"std": 0.01756768332733225,
"std_diff": 0.0008765340487102303
}
}
},
"VEHICLE_MONITOR": {
"message_count": 40,
"message_freq": 2.0511580351116208,
"timespan": 19.501179,
"var_stats": null
},
"ZOE_VEH_INFO": {
"message_count": 1941,
"message_freq": 99.53976321228815,
"timespan": 19.499745,
"var_stats": {
"FL_wheel_speed": {
"max": 18.9318,
"max_diff": 4.4202,
"mean": 1.5329530139103553,
"mean_diff": 0.0,
"min": 0.0,
"min_diff": -3.5028,
"std": 4.101824958562052,
"std_diff": 0.2462750649130727
},
"FR_wheel_speed": {
"max": 15.637500000000001,
"max_diff": 4.2117,
"mean": 1.2126085007727976,
"mean_diff": 9.156478553609539e-19,
"min": 0.0,
"min_diff": -3.5028,
"std": 3.3682831854259145,
"std_diff": 0.2256841664119842
},
"RL_wheel_speed": {
"max": 18.723300000000002,
"max_diff": 4.6704,
"mean": 1.5004910355486862,
"mean_diff": 4.578239276804769e-19,
"min": 0.0,
"min_diff": -3.5028,
"std": 3.9671822763361195,
"std_diff": 0.24540366632000218
},
"RR_wheel_speed": {
"max": 15.429,
"max_diff": 5.3793,
"mean": 1.1368352395672334,
"mean_diff": -1.3734717830414307e-18,
"min": 0.0,
"min_diff": -3.5028,
"std": 3.209120611900668,
"std_diff": 0.2387424259067396
},
"left_solar": {
"max": 0,
"max_diff": 0.0,
"mean": 0.0,
"mean_diff": 0.0,
"min": 0,
"min_diff": 0.0,
"std": 0.0,
"std_diff": 0.0
},
"longitudinal_accel": {
"max": 0.25,
"max_diff": 0.20000000000000107,
"mean": -0.3768675940236984,
"mean_diff": 2.577319587628811e-05,
"min": -1.1500000000000004,
"min_diff": -0.15000000000000036,
"std": 0.2324868966649488,
"std_diff": 0.02896406155074874
},
"meanEffTorque": {
"max": 31.5,
"max_diff": 0.5,
"mean": 5.260947964966512,
"mean_diff": -0.003865979381443299,
"min": 0.0,
"min_diff": -1.5,
"std": 6.3948346562805405,
"std_diff": 0.18614511182685
},
"odom": {
"max": 116,
"max_diff": 8.0,
"mean": 43.51983513652756,
"mean_diff": -0.012371134020618556,
"min": 0,
"min_diff": -116.0,
"std": 21.058448705915207,
"std_diff": 2.6786385883507697
},
"odom_speed": {
"max": 1.0,
"max_diff": 1.0,
"mean": 0.06646058732612056,
"mean_diff": 0.0,
"min": 0.0,
"min_diff": -1.0,
"std": 0.24908548263274535,
"std_diff": 0.03210806495339678
},
"pedal_cc": {
"max": 0.0,
"max_diff": 0.0,
"mean": 0.0,
"mean_diff": 0.0,
"min": 0.0,
"min_diff": 0.0,
"std": 0.0,
"std_diff": 0.0
},
"regen": {
"max": 0.0,
"max_diff": 0.0,
"mean": 0.0,
"mean_diff": 0.0,
"min": 0.0,
"min_diff": 0.0,
"std": 0.0,
"std_diff": 0.0
},
"requestedTorqueAfterProc": {
"max": -344.5,
"max_diff": 8.0,
"mean": -376.2403400309119,
"mean_diff": -0.004123711340206186,
"min": -382.5,
"min_diff": -18.0,
"std": 9.020588145873031,
"std_diff": 0.7034403711968236
},
"right_solar": {
"max": 0,
"max_diff": 0.0,
"mean": 0.0,
"mean_diff": 0.0,
"min": 0,
"min_diff": 0.0,
"std": 0.0,
"std_diff": 0.0
},
"steer_corrected": {
"max": -291.7999999999997,
"max_diff": 0.1000000000003638,
"mean": -292.7946419371455,
"mean_diff": -0.0010824742268040768,
"min": -293.89999999999964,
"min_diff": -0.1000000000003638,
"std": 1.0064511839377988,
"std_diff": 0.050296680651863386
},
"steer_offset_can": {
"max": -13.300000000000182,
"max_diff": 0.0,
"mean": -13.300000000000182,
"mean_diff": 0.0,
"min": -13.300000000000182,
"min_diff": 0.0,
"std": 0.0,
"std_diff": 0.0
},
"steer_raw": {
"max": -305.0999999999999,
"max_diff": 0.1000000000003638,
"mean": -306.09464193714564,
"mean_diff": -0.0010824742268040768,
"min": -307.1999999999998,
"min_diff": -0.1000000000003638,
"std": 1.006451183937799,
"std_diff": 0.050296680651863386
},
"transversal_accel": {
"max": -0.5039999999999907,
"max_diff": 0.008000000000009777,
"mean": -0.5393137557959791,
"mean_diff": 0.0,
"min": -0.568000000000012,
"min_diff": -0.012000000000000455,
"std": 0.008330063945588074,
"std_diff": 0.0019855145532660786
},
"utime": {
"max": 1542801007451554,
"max_diff": 29026.0,
"mean": 1542800997704341.8,
"mean_diff": 10051.414948453608,
"min": 1542800987951809,
"min_diff": 2.0,
"std": 5619230.536278669,
"std_diff": 1937.3278449577676
}
}
},
"ZoeSensors": {
"message_count": 18808,
"message_freq": 964.5890477806477,
"timespan": 19.498459,
"var_stats": {
"brake_sensor": {
"max": 0.33321356773376465,
"max_diff": 0.0009791404008865356,
"mean": 0.3180479301763235,
"mean_diff": 8.605767229422685e-07,
"min": 0.1898730993270874,
"min_diff": -0.0020231306552886963,
"std": 0.02476824549454826,
"std_diff": 7.395421328539627e-05
},
"steering_sensor": {
"max": 0.1914844959974289,
"max_diff": 0.0007089674472808838,
"mean": 0.18859270028690742,
"mean_diff": 5.445139585718011e-08,
"min": 0.1871558576822281,
"min_diff": -0.0006498843431472778,
"std": 0.00042861678136817724,
"std_diff": 6.789616794625735e-05
},
"throttle_sensor": {
"max": 0.12490842491388321,
"max_diff": 0.0010989010334014893,
"mean": 0.12139949615948102,