{
"MS_IMU": {
"message_count": 1966,
"message_freq": 99.04470225958447,
"timespan": 19.849623,
"var_stats": {
"linear_accel": {
"max": 11.146510124206543,
"max_diff": 12.057265281677246,
"mean": 3.475608197863821,
"mean_diff": 4.50934145008408,
"min": -1.974729299545288,
"min_diff": -2.3638455867767334,
"std": 4.5041876545247685,
"std_diff": 5.408460353736165
},
"q": {
"max": 0.9998995065689087,
"max_diff": 1.0162895359098911,
"mean": 0.30125177898791256,
"mean_diff": 0.23041135386142272,
"min": -0.21262340247631073,
"min_diff": -0.5764621943235397,
"std": 0.39905812079454483,
"std_diff": 0.5270311004002219
},
"rotation_rate": {
"max": 0.2716774344444275,
"max_diff": 0.2980491816997528,
"mean": -0.017002221464125236,
"mean_diff": -0.025300417465677297,
"min": -0.3340516686439514,
"min_diff": -0.3411865569651127,
"std": 0.09415867750156548,
"std_diff": 0.11572624994716608
},
"utime": {
"max": 1542193321397825,
"max_diff": 39969.0,
"mean": 1542193311478443.2,
"mean_diff": 10101.5893129771,
"min": 1542193301548202,
"min_diff": 1970.0,
"std": 5743168.44377992,
"std_diff": 5625.174536645324
}
}
},
"POSE": {
"message_count": 985,
"message_freq": 49.648531242711805,
"timespan": 19.839459,
"var_stats": {
"accel": {
"max": 10.373358529027783,
"max_diff": 11.718822346087371,
"mean": 3.472270203895363,
"mean_diff": 4.509596443676753,
"min": -1.7920057881151736,
"min_diff": -2.1582899238198867,
"std": 4.501366288627591,
"std_diff": 5.406694277662449
},
"orientation": {
"max": 0.839609661980235,
"max_diff": 0.0,
"mean": -0.08729107146630426,
"mean_diff": -0.4409174324902889,
"min": -0.9901391014375088,
"min_diff": -0.9901391014375088,
"std": 0.49232130650852857,
"std_diff": 0.3727266438819538
},
"pos": {
"max": 2366.259241053955,
"max_diff": 1551.9751238871756,
"mean": 1043.3719821660259,
"mean_diff": -399.78067288326133,
"min": 0.0,
"min_diff": -2366.259241053955,
"std": 967.0666807676854,
"std_diff": 1930.8319083748809
},
"rotation_rate": {
"max": 0.27116072177886963,
"max_diff": 0.2948455363512039,
"mean": -0.017267324463199323,
"mean_diff": -0.025622344711074833,
"min": -0.3340516686439514,
"min_diff": -0.34024025313556194,
"std": 0.09415282797993596,
"std_diff": 0.11576170484206005
},
"utime": {
"max": 1542193321402805,
"max_diff": 40500.0,
"mean": 1542193311477674.0,
"mean_diff": 20162.051829268294,
"min": 1542193301563346,
"min_diff": 12054.0,
"std": 5730828.385207958,
"std_diff": 1957.979447446441
},
"vel": {
"max": 7.224418451153375,
"max_diff": 0.0,
"mean": 1.757455072576611,
"mean_diff": -2.6361826088649165,
"min": 0.0,
"min_diff": -7.224418451153375,
"std": 2.5819096531907206,
"std_diff": 2.771804455001325
}
}
},
"SteerAngleFeedback": {
"message_count": 1911,
"message_freq": 96.29780542290182,
"timespan": 19.844689,
"var_stats": {
"utime": {
"max": 1542193321398528,
"max_diff": 31367.0,
"mean": 1542193311482643.2,
"mean_diff": 10389.889528795811,
"min": 1542193301553839,
"min_diff": 2915.0,
"std": 5757597.065964185,
"std_diff": 2269.5684417703474
},
"value": {
"max": 1.9041542139258119,
"max_diff": 0.04363323129985819,
"mean": -0.5436148069361871,
"mean_diff": 0.0002914973986315146,
"min": -3.509857125760595,
"min_diff": -0.048869219055844404,
"std": 1.3726370325565056,
"std_diff": 0.009497441744676807
}
}
},
"VEHICLE_MONITOR": {
"message_count": 41,
"message_freq": 2.050058119147678,
"timespan": 19.999433,
"var_stats": null
},
"ZOE_VEH_INFO": {
"message_count": 1965,
"message_freq": 98.95034581005713,
"timespan": 19.858445,
"var_stats": {
"FL_wheel_speed": {
"max": 229.6836,
"max_diff": 4.670400000000001,
"mean": 167.99669450381683,
"mean_diff": 0.036646741344195516,
"min": 102.8322,
"min_diff": -5.629500000000007,
"std": 36.69257452272934,
"std_diff": 0.5564406080890589
},
"FR_wheel_speed": {
"max": 228.2658,
"max_diff": 7.255800000000022,
"mean": 165.47088412213742,
"mean_diff": 0.03758095723014256,
"min": 97.6614,
"min_diff": -4.920600000000007,
"std": 41.0195619538998,
"std_diff": 0.6007083477927053
},
"RL_wheel_speed": {
"max": 228.0573,
"max_diff": 4.420199999999994,
"mean": 166.51482717557252,
"mean_diff": 0.03569129327902241,
"min": 102.3318,
"min_diff": -4.878899999999987,
"std": 36.75133995530678,
"std_diff": 0.5631490923498117
},
"RR_wheel_speed": {
"max": 226.6395,
"max_diff": 8.173200000000008,
"mean": 164.1496413740458,
"mean_diff": 0.03734740325865579,
"min": 96.70230000000001,
"min_diff": -8.173200000000008,
"std": 41.192969942505925,
"std_diff": 0.6629677442891162
},
"left_solar": {
"max": 0,
"max_diff": 0.0,
"mean": 0.0,
"mean_diff": 0.0,
"min": 0,
"min_diff": 0.0,
"std": 0.0,
"std_diff": 0.0
},
"longitudinal_accel": {
"max": 1.6000000000000014,
"max_diff": 0.75,
"mean": 0.7374809160305351,
"mean_diff": 0.00022912423625254545,
"min": -0.6999999999999993,
"min_diff": -0.4499999999999993,
"std": 0.5456989031442152,
"std_diff": 0.06513497225014638
},
"meanEffTorque": {
"max": 98.0,
"max_diff": 10.0,
"mean": 53.8910941475827,
"mean_diff": 0.013238289205702648,
"min": -41.0,
"min_diff": -6.5,
"std": 34.806836611278904,
"std_diff": 0.6217198259636398
},
"odom": {
"max": 120,
"max_diff": 72.0,
"mean": 58.49974554707379,
"mean_diff": 0.034623217922606926,
"min": 0,
"min_diff": -88.0,
"std": 35.140381864662295,
"std_diff": 18.50212798931475
},
"odom_speed": {
"max": 26.0,
"max_diff": 1.0,
"mean": 18.46819338422392,
"mean_diff": 0.004073319755600814,
"min": 11.0,
"min_diff": -1.0,
"std": 4.354475460095865,
"std_diff": 0.10575933714840914
},
"pedal_cc": {
"max": 399.0,
"max_diff": 47.0,
"mean": 253.13689567430026,
"mean_diff": 0.04786150712830957,
"min": 0.0,
"min_diff": -93.0,
"std": 115.45230925581595,
"std_diff": 3.728536745410831
},
"regen": {
"max": 37.0,
"max_diff": 1.0,
"mean": 2.9302798982188296,
"mean_diff": 0.0,
"min": 0.0,
"min_diff": -5.0,
"std": 9.213703930842328,
"std_diff": 0.32854676002575584
},
"requestedTorqueAfterProc": {
"max": -272.5,
"max_diff": 97.5,
"mean": -314.606106870229,
"mean_diff": 0.014256619144602852,
"min": -388.5,
"min_diff": -113.5,
"std": 25.309374569072965,
"std_diff": 3.5137278651770054
},
"right_solar": {
"max": 0,
"max_diff": 0.0,
"mean": 0.0,
"mean_diff": 0.0,
"min": 0,
"min_diff": 0.0,
"std": 0.0,
"std_diff": 0.0
},
"steer_corrected": {
"max": 109.09999999999991,
"max_diff": 2.0,
"mean": -31.19704834605588,
"mean_diff": 0.016242362525458295,
"min": -201.0999999999999,
"min_diff": -4.0,
"std": 79.26522214483107,
"std_diff": 0.5226498501903447
},
"steer_offset_can": {
"max": -13.400000000000091,
"max_diff": 0.0,
"mean": -13.400000000000091,
"mean_diff": 0.0,
"min": -13.400000000000091,
"min_diff": 0.0,
"std": 0.0,
"std_diff": 0.0
},
"steer_raw": {
"max": 95.69999999999982,
"max_diff": 2.0,
"mean": -44.59704834605597,
"mean_diff": 0.016242362525458295,
"min": -214.5,
"min_diff": -4.0,
"std": 79.26522214483107,
"std_diff": 0.5226498501903447
},
"transversal_accel": {
"max": -0.24799999999999045,
"max_diff": 0.06800000000001205,
"mean": -0.5091826972010174,
"mean_diff": 1.2219959266802908e-05,
"min": -0.6999999999999886,
"min_diff": -0.056000000000011596,
"std": 0.09692754674979462,
"std_diff": 0.007918105098494435
},
"utime": {
"max": 1542193321407415,
"max_diff": 30773.0,
"mean": 1542193311477903.0,
"mean_diff": 10111.224541751528,
"min": 1542193301548970,
"min_diff": 2.0,
"std": 5746137.250026869,
"std_diff": 2260.48284407986
}
}
},
"ZoeSensors": {
"message_count": 18869,
"message_freq": 950.5621056746579,
"timespan": 19.85036,
"var_stats": {
"brake_sensor": {
"max": 0.29897838830947876,
"max_diff": 0.0007771700620651245,
"mean": 0.1970629015393234,
"mean_diff": 9.492895778569474e-10,
"min": 0.1903194785118103,
"min_diff": -0.002165570855140686,
"std": 0.023694651062279054,
"std_diff": 0.0001155898645166162
},
"steering_sensor": {
"max": 0.1905195116996765,
"max_diff": 0.0007286667823791504,
"mean": 0.18860158077771108,
"mean_diff": -1.1063725204823607e-08,
"min": 0.18741974234580994,
"min_diff": -0.0007286518812179565,
"std": 0.0004390797128838283,
"std_diff": 7.755267676021992e-05
},