{
"MS_IMU": {
"message_count": 1947,
"message_freq": 99.84641498293149,
"timespan": 19.499949,
"var_stats": {
"linear_accel": {
"max": 13.302167892456055,
"max_diff": 13.378841772675514,
"mean": 3.1846107018247922,
"mean_diff": 5.0040321273215636,
"min": -2.766981840133667,
"min_diff": -2.108314961194992,
"std": 4.696819898016844,
"std_diff": 4.794064743620333
},
"q": {
"max": 0.5149487257003784,
"max_diff": 0.0034113285946659744,
"mean": -0.09428986953874616,
"mean_diff": -0.4527100917564804,
"min": -0.9126927852630615,
"min_diff": -0.9118262861738913,
"std": 0.4910289587893598,
"std_diff": 0.35406157430196517
},
"rotation_rate": {
"max": 0.23542705178260803,
"max_diff": 0.2791689708828926,
"mean": -0.003830245269813233,
"mean_diff": -0.005814457785002951,
"min": -0.15906424820423126,
"min_diff": -0.2372518212068826,
"std": 0.028082684035735443,
"std_diff": 0.04483157047569268
},
"utime": {
"max": 1535729297948775,
"max_diff": 26003.0,
"mean": 1535729288189004.2,
"mean_diff": 10020.528776978417,
"min": 1535729278448826,
"min_diff": 1998.0,
"std": 5629488.496103443,
"std_diff": 4842.028277607994
}
}
},
"POSE": {
"message_count": 970,
"message_freq": 49.745584669087755,
"timespan": 19.499218,
"var_stats": {
"accel": {
"max": 11.097570173604296,
"max_diff": 11.307830312964018,
"mean": 3.1844413661164395,
"mean_diff": 5.004730857259358,
"min": -1.541600918135354,
"min_diff": -0.7093313425198142,
"std": 4.666842858138786,
"std_diff": 4.744809742623749
},
"orientation": {
"max": 0.971252244466397,
"max_diff": 0.0,
"mean": 0.17199342426655917,
"mean_diff": -0.41140877419650257,
"min": -0.3540149170477929,
"min_diff": -0.971252244466397,
"std": 0.46948723306290596,
"std_diff": 0.405063147975059
},
"pos": {
"max": 1690.7549979660603,
"max_diff": 1169.8110770505036,
"mean": 747.0142296412339,
"mean_diff": -294.1586648166724,
"min": 0.0,
"min_diff": -1690.7549979660603,
"std": 684.419432538212,
"std_diff": 1359.259785597542
},
"rotation_rate": {
"max": 0.2342572957277298,
"max_diff": 0.2686739042401314,
"mean": -0.004023057495993674,
"mean_diff": -0.00588805571879246,
"min": -0.15906424820423126,
"min_diff": -0.2372518212068826,
"std": 0.02813482163050553,
"std_diff": 0.044827663164891764
},
"utime": {
"max": 1535729297953184,
"max_diff": 40620.0,
"mean": 1535729288198593.8,
"mean_diff": 20123.031991744065,
"min": 1535729278453966,
"min_diff": 16181.0,
"std": 5625693.150920703,
"std_diff": 1654.398924644871
},
"vel": {
"max": 8.715714161694729,
"max_diff": 0.0,
"mean": 2.4462116518744175,
"mean_diff": -3.6693174778116258,
"min": 0.0,
"min_diff": -8.715714161694729,
"std": 3.5130709696389384,
"std_diff": 3.744934962353175
}
}
},
"SteerAngleFeedback": {
"message_count": 1927,
"message_freq": 98.85409279541932,
"timespan": 19.493376,
"var_stats": {
"utime": {
"max": 1535729297955625,
"max_diff": 29815.0,
"mean": 1535729288222032.2,
"mean_diff": 10121.171339563864,
"min": 1535729278462249,
"min_diff": 3553.0,
"std": 5628066.890954864,
"std_diff": 1338.0460594639915
},
"value": {
"max": 0.03497856055185892,
"max_diff": 0.01047197551197232,
"mean": -0.07739818133291002,
"mean_diff": -0.00010330609279717297,
"min": -0.591594640914107,
"min_diff": -0.022689280275921486,
"std": 0.11817930696840499,
"std_diff": 0.0020776437007403816
}
}
},
"VEHICLE_MONITOR": {
"message_count": 38,
"message_freq": 1.9488267831983028,
"timespan": 19.498911,
"var_stats": {
"available_distance": {
"max": 40,
"max_diff": 0.0,
"mean": 40.0,
"mean_diff": 0.0,
"min": 40,
"min_diff": 0.0,
"std": 0.0,
"std_diff": 0.0
},
"battery_level": {
"max": 42,
"max_diff": 0.0,
"mean": 42.0,
"mean_diff": 0.0,
"min": 42,
"min_diff": 0.0,
"std": 0.0,
"std_diff": 0.0
},
"brake": {
"max": 0,
"max_diff": 0.0,
"mean": 0.0,
"mean_diff": 0.0,
"min": 0,
"min_diff": 0.0,
"std": 0.0,
"std_diff": 0.0
},
"brake_switch": {
"max": 4,
"max_diff": 3.0,
"mean": 1.1578947368421053,
"mean_diff": 0.0,
"min": 1,
"min_diff": -3.0,
"std": 0.669890634808308,
"std_diff": 0.6974858324629157
},
"gear_position": {
"max": 7,
"max_diff": 0.0,
"mean": 7.0,
"mean_diff": 0.0,
"min": 7,
"min_diff": 0.0,
"std": 0.0,
"std_diff": 0.0
},
"left_signal": {
"max": 0,
"max_diff": 0.0,
"mean": 0.0,
"mean_diff": 0.0,
"min": 0,
"min_diff": 0.0,
"std": 0.0,
"std_diff": 0.0
},
"rear_left_rpm": {
"max": 274.803,
"max_diff": 8.631899999999973,
"mean": 230.44297894736846,
"mean_diff": -0.6243729729729729,
"min": 169.4271,
"min_diff": -16.09620000000001,
"std": 33.33755010674235,
"std_diff": 6.5952766523802255
},
"rear_right_rpm": {
"max": 279.8904,
"max_diff": 7.964700000000022,
"mean": 234.40338157894735,
"mean_diff": -0.6897405405405405,
"min": 171.2619,
"min_diff": -16.8468,
"std": 34.46127121448576,
"std_diff": 6.473977183098145
},
"right_signal": {
"max": 0,
"max_diff": 0.0,
"mean": 0.0,
"mean_diff": 0.0,
"min": 0,
"min_diff": 0.0,
"std": 0.0,
"std_diff": 0.0
},
"steering": {
"max": 2.600000000000364,
"max_diff": 13.600000000000364,
"mean": -4.178947368420854,
"mean_diff": -0.1648648648648747,
"min": -30.5,
"min_diff": -10.300000000000182,
"std": 6.980957478241764,
"std_diff": 3.9514770564542543
},
"steering_speed": {
"max": 31.800000000000363,
"max_diff": 47.80000000000018,
"mean": -0.2973684210524193,
"mean_diff": 0.21351351351351597,
"min": -19.99999999999982,
"min_diff": -25.90000000000009,
"std": 7.724856900126004,
"std_diff": 11.991554734583886
},
"throttle": {
"max": 193,
"max_diff": 193.0,
"mean": 91.92105263157895,
"mean_diff": 0.5675675675675675,
"min": 0,
"min_diff": -174.0,
"std": 79.73587371307036,
"std_diff": 58.83487683271811
},
"utime": {
"max": 1535729298205957,
"max_diff": 1000132.0,
"mean": 1535729288706311.5,
"mean_diff": 526997.5945945946,
"min": 1535729278707046,
"min_diff": 496151.0,
"std": 5722696.642282041,
"std_diff": 113077.0291458759
},
"vehicle_speed": {
"max": 31.34,
"max_diff": 0.9100000000000001,
"mean": 26.29315789473684,
"mean_diff": -0.07729729729729728,
"min": 19.29,
"min_diff": -1.8000000000000007,
"std": 3.8325098999172837,
"std_diff": 0.7240003309266404
},
"yaw_rate": {
"max": 2.842170943040401e-14,
"max_diff": 2.5999999999999943,
"mean": -0.899999999999975,
"mean_diff": -0.03513513513513467,
"min": -4.899999999999977,
"min_diff": -2.5999999999999943,
"std": 0.9843512424033676,
"std_diff": 0.711760746400694
}
}
},
"ZOE_VEH_INFO": {
"message_count": 1941,
"message_freq": 99.55548807962798,
"timespan": 19.496665,
"var_stats": {
"FL_wheel_speed": {
"max": 277.0965,
"max_diff": 12.384899999999988,
"mean": 231.95432720247294,
"mean_diff": -0.014337061855670113,
"min": 168.0093,
"min_diff": -10.758600000000001,
"std": 33.26192756447747,
"std_diff": 0.8449526136427268
},
"FR_wheel_speed": {
"max": 279.6819,
"max_diff": 13.55249999999998,
"mean": 231.51298608964453,
"mean_diff": -0.01590618556701031,
"min": 165.8826,
"min_diff": -14.219699999999989,
"std": 33.84774521903988,
"std_diff": 0.9883911801992965
},
"RL_wheel_speed": {
"max": 276.1791,
"max_diff": 15.178799999999967,
"mean": 231.48651808346216,
"mean_diff": -0.014337061855670097,
"min": 167.75910000000002,
"min_diff": -12.13470000000001,
"std": 33.13351375016344,
"std_diff": 1.045475659191294
},
"RR_wheel_speed": {
"max": 281.5584,
"max_diff": 9.799500000000023,
"mean": 235.37155734157653,
"mean_diff": -0.01564824742268041,
"min": 167.5506,
"min_diff": -10.758600000000001,
"std": 34.39589642096295,
"std_diff": 0.9111868880988797
},
"left_solar": {
"max": 32,
"max_diff": 144.0,
"mean": -10.048428645028336,
"mean_diff": -0.0577319587628866,
"min": -112,
"min_diff": -144.0,
"std": 55.05727170218935,
"std_diff": 7.034287675622289
},
"longitudinal_accel": {
"max": 0.7000000000000011,
"max_diff": 1.450000000000001,
"mean": -0.25291087068521323,
"mean_diff": 0.00020618556701030856,
"min": -1.75,
"min_diff": -1.25,
"std": 0.4891196676100669,
"std_diff": 0.130808188695433
},
"meanEffTorque": {
"max": 26.5,
"max_diff": 5.0,
"mean": -5.602782071097373,
"mean_diff": 0.011855670103092783,
"min": -79.0,
"min_diff": -3.0,
"std": 27.83584900702128,