{
"MS_IMU": {
"message_count": 1969,
"message_freq": 99.62686223552963,
"timespan": 19.763746,
"var_stats": {
"linear_accel": {
"max": 11.177302360534668,
"max_diff": 11.329579055309296,
"mean": 3.192906367656534,
"mean_diff": 5.0632310294729,
"min": -1.481687307357788,
"min_diff": -0.7697685658931732,
"std": 4.689798955856376,
"std_diff": 4.652170897973044
},
"q": {
"max": 0.919507622718811,
"max_diff": 0.9251761520281434,
"mean": 0.12584109845024552,
"mean_diff": 0.4406168007882937,
"min": -0.4363615810871124,
"min_diff": -0.0016737966798245907,
"std": 0.4839049848889021,
"std_diff": 0.3684176158347816
},
"rotation_rate": {
"max": 0.08340875059366226,
"max_diff": 0.12593594938516617,
"mean": -0.0006663238653267082,
"mean_diff": 0.0007244938975019248,
"min": -0.062005020678043365,
"min_diff": -0.09359158016741276,
"std": 0.015749021731395814,
"std_diff": 0.022233954809707183
},
"utime": {
"max": 1537290261219636,
"max_diff": 29967.0,
"mean": 1537290251341763.5,
"mean_diff": 10042.553861788618,
"min": 1537290241455890,
"min_diff": 1860.0,
"std": 5705771.059933124,
"std_diff": 5312.12275266445
}
}
},
"POSE": {
"message_count": 983,
"message_freq": 49.79608427503487,
"timespan": 19.740508,
"var_stats": {
"accel": {
"max": 10.119006589605725,
"max_diff": 10.394437391835632,
"mean": 3.194546479162391,
"mean_diff": 5.0613445664841485,
"min": -1.3605677962631095,
"min_diff": -0.3868189126042023,
"std": 4.683742054117438,
"std_diff": 4.6436405543456365
},
"orientation": {
"max": 0.9481313378154865,
"max_diff": 0.0,
"mean": 0.14922417932452442,
"mean_diff": -0.42733184092835447,
"min": -0.3522124656144195,
"min_diff": -0.9481313378154865,
"std": 0.47721289201458317,
"std_diff": 0.38822780820301483
},
"pos": {
"max": 1604.5927477989856,
"max_diff": 949.5264904609696,
"mean": 755.8414889563487,
"mean_diff": -355.39084879784036,
"min": 0.0,
"min_diff": -1604.5927477989856,
"std": 636.7585622691726,
"std_diff": 1202.1600229968483
},
"rotation_rate": {
"max": 0.07567949593067169,
"max_diff": 0.10727482661604881,
"mean": -0.0007529772008796749,
"mean_diff": 0.0007233231615232273,
"min": -0.062005020678043365,
"min_diff": -0.08628504537045956,
"std": 0.01567895954054151,
"std_diff": 0.02221974484995405
},
"utime": {
"max": 1537290261206511,
"max_diff": 40778.0,
"mean": 1537290251345828.8,
"mean_diff": 20102.35030549898,
"min": 1537290241466003,
"min_diff": 14426.0,
"std": 5701283.821521896,
"std_diff": 1565.9930867518187
},
"vel": {
"max": 8.08715049162909,
"max_diff": 0.0,
"mean": 2.156249016769944,
"mean_diff": -3.2343735251549157,
"min": 0.0,
"min_diff": -8.08715049162909,
"std": 3.2322199594394534,
"std_diff": 3.4905316833624584
}
}
},
"SteerAngleFeedback": {
"message_count": 1951,
"message_freq": 98.81434435821501,
"timespan": 19.744097,
"var_stats": {
"utime": {
"max": 1537290261202459,
"max_diff": 30403.0,
"mean": 1537290251351330.8,
"mean_diff": 10125.177948717948,
"min": 1537290241458362,
"min_diff": 4668.0,
"std": 5698814.925371944,
"std_diff": 1402.9738823257187
},
"value": {
"max": 0.17111424220741187,
"max_diff": 0.0052359877559861635,
"mean": -0.007002378011746658,
"mean_diff": 1.0740487704578854e-05,
"min": -0.26870872929515605,
"min_diff": -0.00698131700797891,
"std": 0.08931455298124394,
"std_diff": 0.0013622436242100924
}
}
},
"VEHICLE_MONITOR": {
"message_count": 39,
"message_freq": 2.0000402059364477,
"timespan": 19.499608,
"var_stats": null
},
"ZOE_VEH_INFO": {
"message_count": 1970,
"message_freq": 99.69974687398276,
"timespan": 19.759328,
"var_stats": {
"FL_wheel_speed": {
"max": 256.2882,
"max_diff": 3.5028000000000077,
"mean": 203.6070447715736,
"mean_diff": -0.09650934484509903,
"min": 43.6599,
"min_diff": -3.5028000000000077,
"std": 59.540217655425714,
"std_diff": 0.5011322350311653
},
"FR_wheel_speed": {
"max": 255.8295,
"max_diff": 3.0441000000000145,
"mean": 203.672029035533,
"mean_diff": -0.09661523616048756,
"min": 43.6599,
"min_diff": -2.8355999999999995,
"std": 59.638495503984856,
"std_diff": 0.4503796942027762
},
"RL_wheel_speed": {
"max": 255.57930000000002,
"max_diff": 3.752999999999986,
"mean": 203.12785461928934,
"mean_diff": -0.09602224479431183,
"min": 43.9101,
"min_diff": -4.461900000000014,
"std": 59.3816077789584,
"std_diff": 0.500949975872747
},
"RR_wheel_speed": {
"max": 260.2914,
"max_diff": 2.585399999999993,
"mean": 207.0191843147208,
"mean_diff": -0.09801300152361606,
"min": 44.619,
"min_diff": -2.335199999999986,
"std": 60.62627987760916,
"std_diff": 0.443298200216818
},
"left_solar": {
"max": 0,
"max_diff": 0.0,
"mean": 0.0,
"mean_diff": 0.0,
"min": 0,
"min_diff": 0.0,
"std": 0.0,
"std_diff": 0.0
},
"longitudinal_accel": {
"max": 0.6000000000000014,
"max_diff": 0.3000000000000007,
"mean": -0.3337055837563445,
"mean_diff": -0.0003301168105637381,
"min": -1.4499999999999993,
"min_diff": -0.40000000000000036,
"std": 0.4767045021337732,
"std_diff": 0.05509715056186793
},
"meanEffTorque": {
"max": 39.5,
"max_diff": 2.0,
"mean": -9.529695431472081,
"mean_diff": -0.001015744032503809,
"min": -74.0,
"min_diff": -1.0,
"std": 27.06038099702575,
"std_diff": 0.3171082267648342
},
"odom": {
"max": 120,
"max_diff": 84.0,
"mean": 58.28832487309645,
"mean_diff": 0.026409344845099034,
"min": 0,
"min_diff": -100.0,
"std": 34.46027825478192,
"std_diff": 17.95902206968337
},
"odom_speed": {
"max": 29.0,
"max_diff": 1.0,
"mean": 22.83705583756345,
"mean_diff": -0.010665312341289994,
"min": 5.0,
"min_diff": -1.0,
"std": 6.613579896519251,
"std_diff": 0.1250211326795265
},
"pedal_cc": {
"max": 220.0,
"max_diff": 10.0,
"mean": 64.94010152284264,
"mean_diff": -0.028440832910106652,
"min": 0.0,
"min_diff": -12.0,
"std": 70.7382711914647,
"std_diff": 1.3409227422143402
},
"regen": {
"max": 55.0,
"max_diff": 1.0,
"mean": 20.105583756345176,
"mean_diff": 0.0,
"min": 0.0,
"min_diff": -4.0,
"std": 21.860494913363652,
"std_diff": 0.3864121799038689
},
"requestedTorqueAfterProc": {
"max": -272.5,
"max_diff": 126.0,
"mean": -332.2530456852792,
"mean_diff": 0.006094464195022855,
"min": -398.5,
"min_diff": -126.0,
"std": 48.8931322278362,
"std_diff": 6.967089685284539
},
"right_solar": {
"max": 0,
"max_diff": 0.0,
"mean": 0.0,
"mean_diff": 0.0,
"min": 0,
"min_diff": 0.0,
"std": 0.0,
"std_diff": 0.0
},
"steer_corrected": {
"max": 9.804123893064034,
"max_diff": 0.3000000000001819,
"mean": -0.4066882896769441,
"mean_diff": 0.000609446419502193,
"min": -15.395876106935784,
"min_diff": -0.40000000000009184,
"std": 5.114690680938474,
"std_diff": 0.07728003290749223
},
"steer_offset_can": {
"max": -12.300000000000182,
"max_diff": 0.0,
"mean": -12.30000000000018,
"mean_diff": 0.0,
"min": -12.300000000000182,
"min_diff": 0.0,
"std": 1.7763568394002505e-15,
"std_diff": 0.0
},
"steer_raw": {
"max": -1.900000000000091,
"max_diff": 0.3000000000001819,
"mean": -12.11081218274107,
"mean_diff": 0.000609446419502193,
"min": -27.09999999999991,
"min_diff": -0.40000000000009095,
"std": 5.114690680938474,
"std_diff": 0.07728003290749223
},
"transversal_accel": {
"max": -0.4199999999999875,
"max_diff": 0.036000000000001364,
"mean": -0.4854517766497436,
"mean_diff": -2.4377856780092342e-05,
"min": -0.5480000000000018,
"min_diff": -0.04400000000001114,
"std": 0.01975391651434496,
"std_diff": 0.0060456545539519626
},
"utime": {
"max": 1537290261209179,
"max_diff": 20693.0,
"mean": 1537290251321292.0,
"mean_diff": 10035.209751142713,
"min": 1537290241449851,
"min_diff": 2.0,
"std": 5697942.16390234,
"std_diff": 1459.1208040317088
}
}
},
"ZoeSensors": {
"message_count": 18752,
"message_freq": 949.3091108311806,
"timespan": 19.753313,
"var_stats": {
"brake_sensor": {
"max": 0.3303944766521454,
"max_diff": 0.0009959638118743896,
"mean": 0.21281704811042385,
"mean_diff": 7.207001325550235e-06,
"min": 0.18484137952327728,
"min_diff": -0.00021073222160339355,
"std": 0.05377293222318298,
"std_diff": 4.3865921297675533e-05
},
"steering_sensor": {
"max": 0.20295009016990662,
"max_diff": 0.000925600528717041,
"mean": 0.20125496670692752,
"mean_diff": 2.100514600158825e-08,