{
"MS_IMU": {
"message_count": 1956,
"message_freq": 99.58944810083788,
"timespan": 19.640635,
"var_stats": {
"linear_accel": {
"max": 12.56529426574707,
"max_diff": 12.29797488823533,
"mean": 3.371076136690689,
"mean_diff": 4.79468283393981,
"min": -2.94665265083313,
"min_diff": -2.31581974029541,
"std": 4.59006227774723,
"std_diff": 4.969415243145546
},
"q": {
"max": 0.011473985388875008,
"max_diff": 0.7554309028200805,
"mean": -0.35496350771514884,
"mean_diff": 0.0014552194587048334,
"min": -0.7543315887451172,
"min_diff": -0.7285353969782591,
"std": 0.35213765364311844,
"std_diff": 0.5747309058351692
},
"rotation_rate": {
"max": 0.1615551859140396,
"max_diff": 0.26906123757362366,
"mean": 0.001060588577578813,
"mean_diff": -0.001271810026471222,
"min": -0.14094685018062592,
"min_diff": -0.1914750412106514,
"std": 0.031416934407574836,
"std_diff": 0.044102065172236
},
"utime": {
"max": 1537286947200587,
"max_diff": 32000.0,
"mean": 1537286937390157.0,
"mean_diff": 10046.360613810743,
"min": 1537286927559952,
"min_diff": 2318.0,
"std": 5669590.9457573565,
"std_diff": 4677.419506991246
}
}
},
"POSE": {
"message_count": 980,
"message_freq": 49.89870562757602,
"timespan": 19.639788,
"var_stats": {
"accel": {
"max": 10.868441797108543,
"max_diff": 10.757054453749811,
"mean": 3.3674031795092367,
"mean_diff": 4.795502408905078,
"min": -2.816796601040509,
"min_diff": -2.153272513466429,
"std": 4.575748504585823,
"std_diff": 4.948888057575588
},
"orientation": {
"max": 0.9999998988837824,
"max_diff": 0.9999998988837824,
"mean": -0.09310821905691467,
"mean_diff": -0.14001052780441392,
"min": -0.9999999989839786,
"min_diff": -0.9999999989839786,
"std": 0.49125437356226115,
"std_diff": 0.5601164034709775
},
"pos": {
"max": 1960.6034170090506,
"max_diff": -783.6493227109892,
"mean": 903.2663154595456,
"mean_diff": -962.287372716009,
"min": 0.0,
"min_diff": -1176.905479305272,
"std": 790.3212575280137,
"std_diff": 178.43964514102362
},
"rotation_rate": {
"max": 0.15774403512477875,
"max_diff": 0.26906123757362366,
"mean": 0.0012587501227127721,
"mean_diff": -0.0012510875186290712,
"min": -0.13734516501426697,
"min_diff": -0.1914750412106514,
"std": 0.03136493941624717,
"std_diff": 0.04377247485560264
},
"utime": {
"max": 1537286947199582,
"max_diff": 40366.0,
"mean": 1537286937375905.5,
"mean_diff": 20061.070480081715,
"min": 1537286927559794,
"min_diff": 17847.0,
"std": 5670898.172517666,
"std_diff": 1198.6714820569919
},
"vel": {
"max": 6.814063723821188,
"max_diff": 0.0,
"mean": 1.5948882630608094,
"mean_diff": -2.392332394591214,
"min": 0.0,
"min_diff": -6.814063723821188,
"std": 2.6243463861136322,
"std_diff": 2.902247319358686
}
}
},
"SteerAngleFeedback": {
"message_count": 1947,
"message_freq": 99.11117081649941,
"timespan": 19.644607,
"var_stats": {
"utime": {
"max": 1537286947203311,
"max_diff": 20389.0,
"mean": 1537286937373136.0,
"mean_diff": 10094.864850976363,
"min": 1537286927558704,
"min_diff": 2281.0,
"std": 5674432.629331428,
"std_diff": 1168.171853218307
},
"value": {
"max": 0.5515960191421789,
"max_diff": 0.020943951023936758,
"mean": -0.038890012473999945,
"mean_diff": 2.8700172694663646e-05,
"min": -0.9371698328089874,
"min_diff": -0.015707963267950542,
"std": 0.3043906186509348,
"std_diff": 0.003535987106354652
}
}
},
"VEHICLE_MONITOR": {
"message_count": 40,
"message_freq": 2.0513796759148333,
"timespan": 19.499072,
"var_stats": null
},
"ZOE_VEH_INFO": {
"message_count": 1960,
"message_freq": 99.75502507032093,
"timespan": 19.648133,
"var_stats": {
"FL_wheel_speed": {
"max": 216.33960000000002,
"max_diff": 7.214100000000002,
"mean": 151.56518158163266,
"mean_diff": 0.05762220520673812,
"min": 0.0,
"min_diff": -7.005599999999987,
"std": 73.27164152397614,
"std_diff": 0.8880719192004215
},
"FR_wheel_speed": {
"max": 216.84,
"max_diff": 9.090599999999995,
"mean": 151.58962714285715,
"mean_diff": 0.05738805513016845,
"min": 0.0,
"min_diff": -9.841199999999986,
"std": 73.6522576925327,
"std_diff": 0.902945761249983
},
"RL_wheel_speed": {
"max": 215.4222,
"max_diff": 9.090600000000023,
"mean": 151.0285706632653,
"mean_diff": 0.057153905053598776,
"min": 0.0,
"min_diff": -8.840399999999988,
"std": 73.14327246596943,
"std_diff": 0.9760569138554661
},
"RR_wheel_speed": {
"max": 220.0926,
"max_diff": 5.8796999999999855,
"mean": 153.9558681122449,
"mean_diff": 0.05832465543644717,
"min": 0.0,
"min_diff": -6.75539999999998,
"std": 74.93185547231933,
"std_diff": 0.8434348392585591
},
"left_solar": {
"max": 0,
"max_diff": 0.0,
"mean": 0.0,
"mean_diff": 0.0,
"min": 0,
"min_diff": 0.0,
"std": 0.0,
"std_diff": 0.0
},
"longitudinal_accel": {
"max": 1.8500000000000014,
"max_diff": 1.25,
"mean": 0.15497448979591905,
"mean_diff": 0.0002807554874936196,
"min": -2.9499999999999993,
"min_diff": -0.6999999999999993,
"std": 0.8285095416310662,
"std_diff": 0.10834818428340134
},
"meanEffTorque": {
"max": 125.0,
"max_diff": 2.5,
"mean": 27.03341836734694,
"mean_diff": 0.005615109749872384,
"min": -35.5,
"min_diff": -1.0,
"std": 35.554256189839265,
"std_diff": 0.3964738875877245
},
"odom": {
"max": 120,
"max_diff": 68.0,
"mean": 62.09591836734694,
"mean_diff": -0.00408371618172537,
"min": 0,
"min_diff": -108.0,
"std": 33.238884649278326,
"std_diff": 17.10812933958248
},
"odom_speed": {
"max": 24.0,
"max_diff": 1.0,
"mean": 16.744897959183675,
"mean_diff": 0.006125574272588055,
"min": 0.0,
"min_diff": -1.0,
"std": 8.304549066244915,
"std_diff": 0.1354223030286931
},
"pedal_cc": {
"max": 436.0,
"max_diff": 21.0,
"mean": 150.27959183673468,
"mean_diff": 0.0,
"min": 0.0,
"min_diff": -37.0,
"std": 113.87129053451827,
"std_diff": 2.2306967896673817
},
"regen": {
"max": 49.0,
"max_diff": 1.0,
"mean": 3.289285714285714,
"mean_diff": 0.011230219499744768,
"min": 0.0,
"min_diff": -2.0,
"std": 9.807560988901391,
"std_diff": 0.21876367912718198
},
"requestedTorqueAfterProc": {
"max": -272.5,
"max_diff": 126.0,
"mean": -353.01045918367345,
"mean_diff": 0.05691679428279735,
"min": -398.5,
"min_diff": -124.5,
"std": 33.00144195664368,
"std_diff": 4.94687983488429
},
"right_solar": {
"max": 0,
"max_diff": 0.0,
"mean": 0.0,
"mean_diff": 0.0,
"min": 0,
"min_diff": 0.0,
"std": 0.0,
"std_diff": 0.0
},
"steer_corrected": {
"max": 31.604123893064216,
"max_diff": 1.2000000000002728,
"mean": -2.1583761069358833,
"mean_diff": 0.0016334864726900552,
"min": -53.69587610693596,
"min_diff": -0.9000000000000901,
"std": 17.43723428954166,
"std_diff": 0.20108786937923204
},
"steer_offset_can": {
"max": -12.300000000000182,
"max_diff": 0.0,
"mean": -12.300000000000182,
"mean_diff": 0.0,
"min": -12.300000000000182,
"min_diff": 0.0,
"std": 0.0,
"std_diff": 0.0
},
"steer_raw": {
"max": 19.90000000000009,
"max_diff": 1.2000000000002728,
"mean": -13.86250000000001,
"mean_diff": 0.0016334864726900552,
"min": -65.40000000000009,
"min_diff": -0.900000000000091,
"std": 17.43723428954166,
"std_diff": 0.20108786937923204
},
"transversal_accel": {
"max": -0.3120000000000118,
"max_diff": 0.10000000000002274,
"mean": -0.4840346938775494,
"mean_diff": 4.083716181726009e-05,
"min": -0.5960000000000036,
"min_diff": -0.09199999999998454,
"std": 0.04222958171525161,
"std_diff": 0.012594689503483053
},
"utime": {
"max": 1537286947201874,
"max_diff": 21738.0,
"mean": 1537286937371021.0,
"mean_diff": 10029.67483409903,
"min": 1537286927553741,
"min_diff": 14.0,
"std": 5669269.108384224,
"std_diff": 1484.8772017140502
}
}
},
"ZoeSensors": {
"message_count": 18831,
"message_freq": 958.3709922256983,
"timespan": 19.648967,
"var_stats": {
"brake_sensor": {
"max": 0.39971914887428284,
"max_diff": 0.00037810206413269043,
"mean": 0.20324650919606432,
"mean_diff": -9.350166065035763e-06,
"min": 0.18485496938228607,
"min_diff": -0.002053380012512207,
"std": 0.055446341827407514,
"std_diff": 7.808728490959212e-05
},
"steering_sensor": {
"max": 0.2192445546388626,
"max_diff": 0.0005317330360412598,
"mean": 0.21795187126440563,
"mean_diff": -1.2341136952631663e-08,
"min": 0.21665681898593903,
"min_diff": -0.0006223171949386597,