{
"MS_IMU": {
"message_count": 1979,
"message_freq": 99.69714536191398,
"timespan": 19.850117,
"var_stats": {
"linear_accel": {
"max": 12.848329544067383,
"max_diff": 13.094754815101624,
"mean": 3.1499481935294504,
"mean_diff": 5.0273338318612115,
"min": -2.6529364585876465,
"min_diff": -1.8810086846351624,
"std": 4.723113384740041,
"std_diff": 4.8254532176315506
},
"q": {
"max": 0.9787517786026001,
"max_diff": 0.9915782455354929,
"mean": 0.32052431954574406,
"mean_diff": 0.16030407605979186,
"min": -0.032458238303661346,
"min_diff": -0.7314601922407746,
"std": 0.38375014960854625,
"std_diff": 0.5584415934200454
},
"rotation_rate": {
"max": 0.43832117319107056,
"max_diff": 0.4523356528952718,
"mean": 0.01346374866923007,
"mean_diff": 0.01854727895653255,
"min": -0.1143115758895874,
"min_diff": -0.15111461048945785,
"std": 0.08170144875234456,
"std_diff": 0.10246695191638683
},
"utime": {
"max": 1538985190151936,
"max_diff": 24947.0,
"mean": 1538985180237431.8,
"mean_diff": 10035.448432760364,
"min": 1538985170301819,
"min_diff": 2943.0,
"std": 5733230.077734079,
"std_diff": 4315.476149978286
}
}
},
"POSE": {
"message_count": 983,
"message_freq": 49.50049568477037,
"timespan": 19.858387,
"var_stats": {
"accel": {
"max": 10.851170497134913,
"max_diff": 11.073543512463642,
"mean": 3.1471765762700428,
"mean_diff": 5.031909081314003,
"min": -2.3800579704613107,
"min_diff": -1.6021552729031547,
"std": 4.720311196251682,
"std_diff": 4.812580526866123
},
"orientation": {
"max": 0.9999999993256111,
"max_diff": 0.9999999993256111,
"mean": -0.08186239083766743,
"mean_diff": -0.3415686982593263,
"min": -0.9999999443116253,
"min_diff": -0.9999999443116253,
"std": 0.49325302732607834,
"std_diff": 0.4654719730582741
},
"pos": {
"max": 1818.0873837205797,
"max_diff": 1207.0693611950362,
"mean": 798.6931870561812,
"mean_diff": -299.508859828741,
"min": 0.0,
"min_diff": -1818.0873837205797,
"std": 747.2225980382416,
"std_diff": 1497.6148094325501
},
"rotation_rate": {
"max": 0.43832117319107056,
"max_diff": 0.4523356528952718,
"mean": 0.01352432114247659,
"mean_diff": 0.01853059559912804,
"min": -0.1143115758895874,
"min_diff": -0.15111461048945785,
"std": 0.0817616135503245,
"std_diff": 0.10267857654658029
},
"utime": {
"max": 1538985190163493,
"max_diff": 43916.0,
"mean": 1538985180249520.2,
"mean_diff": 20222.390020366598,
"min": 1538985170305106,
"min_diff": 15298.0,
"std": 5732411.965036364,
"std_diff": 2276.584614001185
},
"vel": {
"max": 5.871122642603228,
"max_diff": 0.0,
"mean": 1.0439355561004284,
"mean_diff": -1.5659033341506425,
"min": 0.0,
"min_diff": -5.871122642603228,
"std": 1.848907691838807,
"std_diff": 2.0761354472777116
}
}
},
"SteerAngleFeedback": {
"message_count": 1948,
"message_freq": 98.11189500455833,
"timespan": 19.854881,
"var_stats": {
"utime": {
"max": 1538985190154209,
"max_diff": 30635.0,
"mean": 1538985180241525.8,
"mean_diff": 10197.678993323061,
"min": 1538985170299328,
"min_diff": 2953.0,
"std": 5724659.877503152,
"std_diff": 1735.2240783663017
},
"value": {
"max": 4.8659779545601936,
"max_diff": 0.08726646259971638,
"mean": 0.7165589013756442,
"mean_diff": -0.0012003060443864413,
"min": -0.7644542123735116,
"min_diff": -0.05061454830783729,
"std": 1.6733219673739768,
"std_diff": 0.011403471092305557
}
}
},
"VEHICLE_MONITOR": {
"message_count": 41,
"message_freq": 2.0500626294133286,
"timespan": 19.999389,
"var_stats": null
},
"ZOE_VEH_INFO": {
"message_count": 1978,
"message_freq": 99.65273691355019,
"timespan": 19.848928,
"var_stats": {
"FL_wheel_speed": {
"max": 188.5674,
"max_diff": 9.799499999999995,
"mean": 97.74286046511627,
"mean_diff": 0.0027209408194233693,
"min": 0.0,
"min_diff": -8.381699999999995,
"std": 61.26313327885115,
"std_diff": 0.9110225391532555
},
"FR_wheel_speed": {
"max": 191.82,
"max_diff": 21.266999999999996,
"mean": 99.34987052578363,
"mean_diff": 0.0016452200303490143,
"min": 0.0,
"min_diff": -21.266999999999996,
"std": 60.637186174382464,
"std_diff": 1.1268744932508532
},
"RL_wheel_speed": {
"max": 186.9411,
"max_diff": 12.801900000000018,
"mean": 96.85402644084934,
"mean_diff": 0.0026154779969651057,
"min": 0.0,
"min_diff": -7.923000000000002,
"std": 61.235891488904144,
"std_diff": 0.7744200289555618
},
"RR_wheel_speed": {
"max": 184.5642,
"max_diff": 6.0882000000000005,
"mean": 98.61984646107179,
"mean_diff": 0.0018983308042488547,
"min": 0.0,
"min_diff": -7.005599999999987,
"std": 60.58468303338755,
"std_diff": 0.743913109542752
},
"left_solar": {
"max": 0,
"max_diff": 0.0,
"mean": 0.0,
"mean_diff": 0.0,
"min": 0,
"min_diff": 0.0,
"std": 0.0,
"std_diff": 0.0
},
"longitudinal_accel": {
"max": 1.4000000000000004,
"max_diff": 1.3500000000000014,
"mean": -0.2443124368048528,
"mean_diff": 0.0009357612544258985,
"min": -2.6999999999999993,
"min_diff": -1.4000000000000004,
"std": 0.8926954770917394,
"std_diff": 0.11002084881209104
},
"meanEffTorque": {
"max": 85.5,
"max_diff": 2.5,
"mean": 9.120323559150657,
"mean_diff": 0.0139099645928174,
"min": -34.0,
"min_diff": -2.5,
"std": 33.29861797501462,
"std_diff": 0.40971230883508364
},
"odom": {
"max": 120,
"max_diff": 60.0,
"mean": 54.08695652173913,
"mean_diff": -0.03237228123419322,
"min": 0,
"min_diff": -116.0,
"std": 36.998353770651086,
"std_diff": 15.671868100492413
},
"odom_speed": {
"max": 21.0,
"max_diff": 1.0,
"mean": 10.776541961577351,
"mean_diff": 0.0,
"min": 0.0,
"min_diff": -1.0,
"std": 6.90449186109798,
"std_diff": 0.15581787742632397
},
"pedal_cc": {
"max": 257.0,
"max_diff": 24.0,
"mean": 72.11931243680485,
"mean_diff": 0.007587253414264037,
"min": 0.0,
"min_diff": -30.0,
"std": 93.49678095891282,
"std_diff": 2.2628139239507266
},
"regen": {
"max": 53.0,
"max_diff": 1.0,
"mean": 14.147623862487361,
"mean_diff": 0.0,
"min": 0.0,
"min_diff": -4.0,
"std": 20.17051795709042,
"std_diff": 0.3366050865921017
},
"requestedTorqueAfterProc": {
"max": -272.5,
"max_diff": 121.5,
"mean": -329.5510616784631,
"mean_diff": 0.015174506828528073,
"min": -398.5,
"min_diff": -126.0,
"std": 41.600842569747066,
"std_diff": 5.5473108754430625
},
"right_solar": {
"max": 0,
"max_diff": 0.0,
"mean": 0.0,
"mean_diff": 0.0,
"min": 0,
"min_diff": 0.0,
"std": 0.0,
"std_diff": 0.0
},
"steer_corrected": {
"max": 278.8000000000002,
"max_diff": 1.7000000000002728,
"mean": 41.43377148635001,
"mean_diff": -0.06798179059180558,
"min": -43.79999999999973,
"min_diff": -3.400000000000091,
"std": 96.17003664060005,
"std_diff": 0.6359581078133262
},
"steer_offset_can": {
"max": -13.300000000000182,
"max_diff": 0.0,
"mean": -13.30000000000018,
"mean_diff": 0.0,
"min": -13.300000000000182,
"min_diff": 0.0,
"std": 1.7763568394002505e-15,
"std_diff": 0.0
},
"steer_raw": {
"max": 265.5,
"max_diff": 1.7000000000002728,
"mean": 28.133771486349836,
"mean_diff": -0.06798179059180558,
"min": -57.09999999999991,
"min_diff": -3.400000000000091,
"std": 96.17003664060005,
"std_diff": 0.6359581078133262
},
"transversal_accel": {
"max": -0.3439999999999941,
"max_diff": 0.06800000000001205,
"mean": -0.5056258847320521,
"mean_diff": 8.09307030854382e-06,
"min": -0.6080000000000041,
"min_diff": -0.0759999999999934,
"std": 0.05618308919935667,
"std_diff": 0.008533544465140916
},
"utime": {
"max": 1538985190151587,
"max_diff": 28756.0,
"mean": 1538985180232524.0,
"mean_diff": 10039.923115832069,
"min": 1538985170302659,
"min_diff": 1.0,
"std": 5732684.353835557,
"std_diff": 2068.1759500587514
}
}
},
"ZoeSensors": {
"message_count": 19050,
"message_freq": 959.6758804283146,
"timespan": 19.850452,
"var_stats": {
"brake_sensor": {
"max": 0.36996182799339294,
"max_diff": 0.0007631778717041016,
"mean": 0.24108370338055718,
"mean_diff": -9.348255873690177e-06,
"min": 0.1819102168083191,
"min_diff": -0.003392338752746582,
"std": 0.07336231535690232,
"std_diff": 0.000141272801965035
},
"steering_sensor": {
"max": 0.19057072699069977,
"max_diff": 0.0004923343658447266,
"mean": 0.18863479126078564,
"mean_diff": -3.1014816474023405e-08,
"min": 0.18706920742988586,
"min_diff": -0.0006971508264541626,