{
"MS_IMU": {
"message_count": 1947,
"message_freq": 99.8465839545155,
"timespan": 19.499916,
"var_stats": {
"linear_accel": {
"max": 11.092794418334961,
"max_diff": 11.463574230670929,
"mean": 3.435637112828923,
"mean_diff": 4.560129380933153,
"min": -1.7155601978302002,
"min_diff": -2.746640145778656,
"std": 4.51655372270128,
"std_diff": 5.3339585266259935
},
"q": {
"max": 0.5724632143974304,
"max_diff": 0.026997432112693787,
"mean": -0.0778229341650122,
"mean_diff": -0.462533013427978,
"min": -0.8364512920379639,
"min_diff": -0.8267315998673439,
"std": 0.4939064786930255,
"std_diff": 0.35007047877105063
},
"rotation_rate": {
"max": 0.10103720426559448,
"max_diff": 0.14629190717823803,
"mean": -0.00044947117640066416,
"mean_diff": -0.0001487348250444623,
"min": -0.14298541843891144,
"min_diff": -0.13226386066526175,
"std": 0.019967052335680194,
"std_diff": 0.029723126179605135
},
"utime": {
"max": 1532662902456358,
"max_diff": 34988.0,
"mean": 1532662892719685.8,
"mean_diff": 10020.511819116136,
"min": 1532662882956442,
"min_diff": 1931.0,
"std": 5630872.4784459565,
"std_diff": 5493.249482949604
}
}
},
"POSE": {
"message_count": 973,
"message_freq": 49.84957263853788,
"timespan": 19.518723,
"var_stats": {
"accel": {
"max": 10.735772192073455,
"max_diff": 10.793781533427564,
"mean": 3.4329282568013744,
"mean_diff": 4.5607064970264,
"min": -1.591660746699066,
"min_diff": -2.6119732224101355,
"std": 4.51314248870702,
"std_diff": 5.327319351909614
},
"orientation": {
"max": 0.9858555735950831,
"max_diff": 0.0,
"mean": 0.20024524668054863,
"mean_diff": -0.3884879662751799,
"min": -0.19614497298834677,
"min_diff": -0.9858555735950831,
"std": 0.458150456926375,
"std_diff": 0.42709534461605647
},
"pos": {
"max": 1548.3304200873065,
"max_diff": 758.2493962347235,
"mean": 790.7948314728325,
"mean_diff": -423.0317700560754,
"min": 0.0,
"min_diff": -1548.3304200873065,
"std": 624.6678440568154,
"std_diff": 1103.7870421236855
},
"rotation_rate": {
"max": 0.10103720426559448,
"max_diff": 0.14629190717823803,
"mean": -0.0005220219458369877,
"mean_diff": -0.0001620649363706865,
"min": -0.14298541843891144,
"min_diff": -0.13226386066526175,
"std": 0.019952906722214787,
"std_diff": 0.02970951197233216
},
"utime": {
"max": 1532662902466413,
"max_diff": 40810.0,
"mean": 1532662892731443.5,
"mean_diff": 20080.99074074074,
"min": 1532662882947690,
"min_diff": 14590.0,
"std": 5637166.536582443,
"std_diff": 1421.5667662483954
},
"vel": {
"max": 7.838296229145528,
"max_diff": 0.0,
"mean": 2.0418903081205513,
"mean_diff": -3.062835462180827,
"min": 0.0,
"min_diff": -7.838296229145528,
"std": 2.9596587325575068,
"std_diff": 3.164234930754728
}
}
},
"SteerAngleFeedback": {
"message_count": 1927,
"message_freq": 98.79520604850192,
"timespan": 19.504995,
"var_stats": {
"utime": {
"max": 1532662902458113,
"max_diff": 29920.0,
"mean": 1532662892695784.8,
"mean_diff": 10127.204049844237,
"min": 1532662882953118,
"min_diff": 5984.0,
"std": 5640403.602867082,
"std_diff": 1294.248750048973
},
"value": {
"max": 0.2076941809873268,
"max_diff": 0.012217304763957132,
"mean": 0.01108696179225007,
"mean_diff": 0.00015949010817808954,
"min": -0.3752457891787809,
"min_diff": -0.01396263401595781,
"std": 0.1344068587703569,
"std_diff": 0.0027610165043731112
}
}
},
"VEHICLE_MONITOR": {
"message_count": 40,
"message_freq": 2.0512686917372385,
"timespan": 19.500127,
"var_stats": {
"available_distance": {
"max": 114,
"max_diff": 0.0,
"mean": 114.0,
"mean_diff": 0.0,
"min": 114,
"min_diff": 0.0,
"std": 0.0,
"std_diff": 0.0
},
"battery_level": {
"max": 95,
"max_diff": 0.0,
"mean": 95.0,
"mean_diff": 0.0,
"min": 95,
"min_diff": 0.0,
"std": 0.0,
"std_diff": 0.0
},
"brake": {
"max": 0,
"max_diff": 0.0,
"mean": 0.0,
"mean_diff": 0.0,
"min": 0,
"min_diff": 0.0,
"std": 0.0,
"std_diff": 0.0
},
"brake_switch": {
"max": 4,
"max_diff": 3.0,
"mean": 1.225,
"mean_diff": 0.0,
"min": 1,
"min_diff": -3.0,
"std": 0.7901740314639554,
"std_diff": 0.6793662204867574
},
"gear_position": {
"max": 7,
"max_diff": 0.0,
"mean": 7.0,
"mean_diff": 0.0,
"min": 7,
"min_diff": 0.0,
"std": 0.0,
"std_diff": 0.0
},
"left_signal": {
"max": 0,
"max_diff": 0.0,
"mean": 0.0,
"mean_diff": 0.0,
"min": 0,
"min_diff": 0.0,
"std": 0.0,
"std_diff": 0.0
},
"rear_left_rpm": {
"max": 247.1976,
"max_diff": 25.228499999999997,
"mean": 193.36394249999998,
"mean_diff": 0.2812076923076927,
"min": 134.6076,
"min_diff": -31.06649999999999,
"std": 35.55074613944753,
"std_diff": 13.402042319590498
},
"rear_right_rpm": {
"max": 246.4887,
"max_diff": 26.43780000000001,
"mean": 193.3159875,
"mean_diff": 0.3592615384615385,
"min": 132.7311,
"min_diff": -31.77539999999999,
"std": 35.79909199933839,
"std_diff": 13.69984217638114
},
"right_signal": {
"max": 0,
"max_diff": 0.0,
"mean": 0.0,
"mean_diff": 0.0,
"min": 0,
"min_diff": 0.0,
"std": 0.0,
"std_diff": 0.0
},
"steering": {
"max": 11.900000000000091,
"max_diff": 15.0,
"mean": 0.9650000000000887,
"mean_diff": 0.40512820512819814,
"min": -21.40000000000009,
"min_diff": -17.600000000000364,
"std": 7.715554095461993,
"std_diff": 5.948451585548557
},
"steering_speed": {
"max": 41.80000000000037,
"max_diff": 61.79999999999973,
"mean": 1.507500000000266,
"mean_diff": -0.5615384615384639,
"min": -65.79999999999954,
"min_diff": -63.79999999999973,
"std": 18.242990263386073,
"std_diff": 22.413601815662766
},
"throttle": {
"max": 452,
"max_diff": 298.0,
"mean": 182.85,
"mean_diff": 2.923076923076923,
"min": 0,
"min_diff": -153.0,
"std": 134.68770359613384,
"std_diff": 89.3791648455123
},
"utime": {
"max": 1532662902806139,
"max_diff": 500837.0,
"mean": 1532662893056121.5,
"mean_diff": 500003.25641025644,
"min": 1532662883306012,
"min_diff": 499040.0,
"std": 5771661.3765075905,
"std_diff": 429.37967885398905
},
"vehicle_speed": {
"max": 28.19,
"max_diff": 2.9200000000000017,
"mean": 22.13475,
"mean_diff": 0.03743589743589746,
"min": 15.42,
"min_diff": -3.580000000000002,
"std": 4.031576606924393,
"std_diff": 1.5280920195622498
},
"yaw_rate": {
"max": 1.3000000000000114,
"max_diff": 1.3999999999999773,
"mean": -0.18499999999997527,
"mean_diff": 0.06923076923076966,
"min": -2.599999999999966,
"min_diff": -2.4000000000000057,
"std": 0.9398271117604566,
"std_diff": 0.7500953259603844
}
}
},
"ZOE_VEH_INFO": {
"message_count": 1944,
"message_freq": 99.69285472489516,
"timespan": 19.499893,
"var_stats": {
"FL_wheel_speed": {
"max": 248.6154,
"max_diff": 4.2117000000000075,
"mean": 193.4999050925926,
"mean_diff": 0.0022963973237262038,
"min": 135.0663,
"min_diff": -2.8355999999999995,
"std": 35.629999947560606,
"std_diff": 0.5541998480395423
},
"FR_wheel_speed": {
"max": 247.9065,
"max_diff": 4.253399999999999,
"mean": 193.19773024691358,
"mean_diff": 0.00349825012866701,
"min": 132.4809,
"min_diff": -2.5854000000000212,
"std": 35.88248972539957,
"std_diff": 0.569372194210354
},
"RL_wheel_speed": {
"max": 247.9065,
"max_diff": 3.7112999999999943,
"mean": 192.42924043209877,
"mean_diff": 0.00266124549665465,
"min": 133.3983,
"min_diff": -2.8355999999999995,
"std": 35.61240925815783,
"std_diff": 0.6291514778617452
},
"RR_wheel_speed": {
"max": 247.4061,
"max_diff": 3.085800000000006,
"mean": 192.4254436728395,
"mean_diff": 0.00349825012866701,
"min": 131.772,
"min_diff": -3.044099999999986,
"std": 35.90382416043989,
"std_diff": 0.6308555967735155
},
"left_solar": {
"max": 32,
"max_diff": 144.0,
"mean": -54.13991769547325,
"mean_diff": 0.041173443129181676,
"min": -112,
"min_diff": -144.0,
"std": 54.04674256498934,
"std_diff": 21.168304632423705
},
"longitudinal_accel": {
"max": 2.450000000000001,
"max_diff": 0.34999999999999964,
"mean": 0.6920010288065851,
"mean_diff": 0.00041173443129181625,
"min": -1.549999999999999,
"min_diff": -0.4499999999999993,
"std": 0.9245252691246305,
"std_diff": 0.057458036388997415
},
"meanEffTorque": {
"max": 159.0,
"max_diff": 3.0,
"mean": 44.7525720164609,
"mean_diff": 0.027020072053525475,
"min": -94.5,
"min_diff": -7.0,
"std": 60.00949422113898,
"std_diff": 0.8388812754165902
},