{
"MS_IMU": {
"message_count": 1991,
"message_freq": 99.79987893688217,
"timespan": 19.949924,
"var_stats": {
"linear_accel": {
"max": 11.863533973693848,
"max_diff": 12.28464949131012,
"mean": 3.409361528244427,
"mean_diff": 4.690914438049498,
"min": -2.073833703994751,
"min_diff": -2.4750936031341553,
"std": 4.5570089967847025,
"std_diff": 5.1263749876576234
},
"q": {
"max": 0.43272218108177185,
"max_diff": 0.03220308991149068,
"mean": -0.13066731395127357,
"mean_diff": -0.43506346923960654,
"min": -0.9999508857727051,
"min_diff": -1.0085131358355284,
"std": 0.4826241493067279,
"std_diff": 0.3909190223687054
},
"rotation_rate": {
"max": 0.47953349351882935,
"max_diff": 0.47523724485654384,
"mean": 0.01457489338467717,
"mean_diff": 0.021196777954658522,
"min": -0.10783623158931732,
"min_diff": -0.14708879590034485,
"std": 0.07434202567458441,
"std_diff": 0.09016835046722121
},
"utime": {
"max": 1542800387897859,
"max_diff": 25069.0,
"mean": 1542800377932221.5,
"mean_diff": 10025.08743718593,
"min": 1542800367947935,
"min_diff": 1969.0,
"std": 5766917.47588727,
"std_diff": 5556.064105743256
}
}
},
"POSE": {
"message_count": 992,
"message_freq": 49.70339797881533,
"timespan": 19.958394,
"var_stats": {
"accel": {
"max": 11.053682938720524,
"max_diff": 11.13859243615261,
"mean": 3.415445641499624,
"mean_diff": 4.6914136689649455,
"min": -0.6898325913466976,
"min_diff": -1.398454389603744,
"std": 4.542450550619609,
"std_diff": 5.097926853166685
},
"orientation": {
"max": 0.9451608014626388,
"max_diff": 0.0,
"mean": 0.1389353167676211,
"mean_diff": -0.43219041658621155,
"min": -0.7004611459868646,
"min_diff": -0.9451608014626388,
"std": 0.48030925220599363,
"std_diff": 0.38281167320808057
},
"pos": {
"max": 2010.9841008175194,
"max_diff": 1402.1328003322924,
"mean": 873.3832959877601,
"mean_diff": -344.079284690242,
"min": 0.0,
"min_diff": -2010.9841008175194,
"std": 800.7159408621209,
"std_diff": 1590.0943937085
},
"rotation_rate": {
"max": 0.47953349351882935,
"max_diff": 0.4727803177665919,
"mean": 0.014535044273519931,
"mean_diff": 0.02110937881408675,
"min": -0.10465831309556961,
"min_diff": -0.14708879590034485,
"std": 0.07414576088231657,
"std_diff": 0.08997463272319638
},
"utime": {
"max": 1542800387915003,
"max_diff": 40601.0,
"mean": 1542800377957621.8,
"mean_diff": 20139.650857719476,
"min": 1542800367956609,
"min_diff": 15052.0,
"std": 5767596.348300721,
"std_diff": 1746.0236812414298
},
"vel": {
"max": 14.879414591298058,
"max_diff": 0.0,
"mean": 4.132365949570594,
"mean_diff": -6.19854892435589,
"min": 0.0,
"min_diff": -14.879414591298058,
"std": 6.01202057172662,
"std_diff": 6.43500200282939
}
}
},
"SteerAngleFeedback": {
"message_count": 1960,
"message_freq": 98.22320732749137,
"timespan": 19.954551,
"var_stats": {
"utime": {
"max": 1542800387902288,
"max_diff": 30362.0,
"mean": 1542800377958032.2,
"mean_diff": 10186.09035222052,
"min": 1542800367947737,
"min_diff": 4628.0,
"std": 5764161.743524738,
"std_diff": 1513.0686149313856
},
"value": {
"max": 3.033382239966148,
"max_diff": 0.00698131700797891,
"mean": 0.2583862005425737,
"mean_diff": -0.0015671435192741332,
"min": -0.07330382858375867,
"min_diff": -0.045378560551850855,
"std": 0.7062241561821861,
"std_diff": 0.004870830285231688
}
}
},
"VEHICLE_MONITOR": {
"message_count": 41,
"message_freq": 2.0500952269232906,
"timespan": 19.999071,
"var_stats": null
},
"ZOE_VEH_INFO": {
"message_count": 1987,
"message_freq": 99.61310310858555,
"timespan": 19.947175,
"var_stats": {
"FL_wheel_speed": {
"max": 474.546,
"max_diff": 7.506000000000029,
"mean": 393.3150925515853,
"mean_diff": 0.14435422960725075,
"min": 187.8585,
"min_diff": -5.587800000000016,
"std": 78.87507164207014,
"std_diff": 0.8567852118527041
},
"FR_wheel_speed": {
"max": 473.8371,
"max_diff": 6.7971,
"mean": 394.83182249622547,
"mean_diff": 0.13305785498489425,
"min": 208.6668,
"min_diff": -7.9646999999999935,
"std": 74.648662741414,
"std_diff": 0.8328625913823362
},
"RL_wheel_speed": {
"max": 473.1282,
"max_diff": 13.093799999999987,
"mean": 391.4563680422748,
"mean_diff": 0.14504712990936552,
"min": 184.3557,
"min_diff": -9.841200000000015,
"std": 79.3542784558461,
"std_diff": 1.120220210123215
},
"RR_wheel_speed": {
"max": 471.50190000000003,
"max_diff": 8.88209999999998,
"mean": 393.4134558631102,
"mean_diff": 0.13270090634441087,
"min": 204.6636,
"min_diff": -7.2140999999999735,
"std": 75.01803343431027,
"std_diff": 1.0968176445962514
},
"left_solar": {
"max": 0,
"max_diff": 0.0,
"mean": 0.0,
"mean_diff": 0.0,
"min": 0,
"min_diff": 0.0,
"std": 0.0,
"std_diff": 0.0
},
"longitudinal_accel": {
"max": 1.5500000000000007,
"max_diff": 0.8000000000000007,
"mean": 0.41489682939104244,
"mean_diff": -7.552870090634459e-05,
"min": -0.34999999999999964,
"min_diff": -1.25,
"std": 0.3967907582250319,
"std_diff": 0.12013438403278212
},
"meanEffTorque": {
"max": 95.0,
"max_diff": 1.5,
"mean": 33.854302969300456,
"mean_diff": -0.00730110775427996,
"min": 0.0,
"min_diff": -1.0,
"std": 24.24601379727565,
"std_diff": 0.3081995713809108
},
"odom": {
"max": 124,
"max_diff": 88.0,
"mean": 116.91595369904378,
"mean_diff": 0.050352467270896276,
"min": 4,
"min_diff": -56.0,
"std": 22.66169838877894,
"std_diff": 6.410392680394428
},
"odom_speed": {
"max": 53.0,
"max_diff": 1.0,
"mean": 44.14745848012078,
"mean_diff": 0.015609264853977844,
"min": 22.0,
"min_diff": -1.0,
"std": 8.820179619945101,
"std_diff": 0.12795571519128854
},
"pedal_cc": {
"max": 395.0,
"max_diff": 12.0,
"mean": 244.72169099144438,
"mean_diff": 0.010574018126888218,
"min": 121.0,
"min_diff": -15.0,
"std": 62.7904267588681,
"std_diff": 1.9501307758997724
},
"regen": {
"max": 0.0,
"max_diff": 0.0,
"mean": 0.0,
"mean_diff": 0.0,
"min": 0.0,
"min_diff": 0.0,
"std": 0.0,
"std_diff": 0.0
},
"requestedTorqueAfterProc": {
"max": -286.5,
"max_diff": 4.0,
"mean": -349.80447911424255,
"mean_diff": -0.00906344410876133,
"min": -386.5,
"min_diff": -4.0,
"std": 24.64404661957043,
"std_diff": 0.6330272454304172
},
"right_solar": {
"max": 0,
"max_diff": 0.0,
"mean": 0.0,
"mean_diff": 0.0,
"min": 0,
"min_diff": 0.0,
"std": 0.0,
"std_diff": 0.0
},
"steer_corrected": {
"max": 173.80000000000018,
"max_diff": 0.40000000000009095,
"mean": 14.840211373930718,
"mean_diff": -0.0885699899295066,
"min": -4.199999999999818,
"min_diff": -1.7000000000002728,
"std": 40.50423140247692,
"std_diff": 0.27421088720238845
},
"steer_offset_can": {
"max": -13.300000000000182,
"max_diff": 0.0,
"mean": -13.300000000000182,
"mean_diff": 0.0,
"min": -13.300000000000182,
"min_diff": 0.0,
"std": 0.0,
"std_diff": 0.0
},
"steer_raw": {
"max": 160.5,
"max_diff": 0.40000000000009095,
"mean": 1.5402113739305356,
"mean_diff": -0.0885699899295066,
"min": -17.5,
"min_diff": -1.7000000000002728,
"std": 40.50423140247692,
"std_diff": 0.27421088720238845
},
"transversal_accel": {
"max": -0.17599999999998772,
"max_diff": 0.08400000000000318,
"mean": -0.5021217916456975,
"mean_diff": -0.000179254783484388,
"min": -0.5840000000000032,
"min_diff": -0.06400000000002137,
"std": 0.0827979226015209,
"std_diff": 0.0096417235220625
},
"utime": {
"max": 1542800387898171,
"max_diff": 25511.0,
"mean": 1542800377939810.2,
"mean_diff": 10043.894763343404,
"min": 1542800367950996,
"min_diff": 3.0,
"std": 5759231.083125758,
"std_diff": 1632.1330542113637
}
}
},
"ZoeSensors": {
"message_count": 19093,
"message_freq": 957.0283110558048,
"timespan": 19.950298,
"var_stats": {
"brake_sensor": {
"max": 0.18997859954833984,
"max_diff": 4.0903687477111816e-05,
"mean": 0.1897802164160874,
"mean_diff": -1.0227572610736417e-08,
"min": 0.1896098554134369,
"min_diff": -3.813207149505615e-05,
"std": 5.7600287041477065e-05,
"std_diff": 7.603990721638144e-06
},
"steering_sensor": {
"max": 0.1894403100013733,
"max_diff": 0.00042538344860076904,
"mean": 0.18840807600065193,
"mean_diff": -2.743821086160247e-08,
"min": 0.18766000866889954,
"min_diff": -0.00042538344860076904,
"std": 0.0002409626958458081,
"std_diff": 6.255387475297583e-05
},