{
"MS_IMU": {
"message_count": 1946,
"message_freq": 99.7949587956051,
"timespan": 19.499983,
"var_stats": {
"linear_accel": {
"max": 9.887763023376465,
"max_diff": 10.115187644958496,
"mean": 3.24529210453883,
"mean_diff": 4.810452200544142,
"min": -0.2641163468360901,
"min_diff": -0.4994678199291229,
"std": 4.621816110781259,
"std_diff": 5.167146068824783
},
"q": {
"max": 0.9585134387016296,
"max_diff": 0.9658202012069523,
"mean": 0.1690502582492526,
"mean_diff": 0.414580834303951,
"min": -0.2859184443950653,
"min_diff": -0.018205847591161728,
"std": 0.470555019853877,
"std_diff": 0.41021696568381283
},
"rotation_rate": {
"max": 0.0029452175367623568,
"max_diff": 0.004067881964147091,
"mean": 6.668575227774212e-05,
"mean_diff": 8.196893750556877e-05,
"min": -0.0030741598457098007,
"min_diff": -0.0046983344946056604,
"std": 0.000815751069988862,
"std_diff": 0.0011991330979795353
},
"utime": {
"max": 1538449237920477,
"max_diff": 30001.0,
"mean": 1538449228164285.5,
"mean_diff": 10025.698200514138,
"min": 1538449218420494,
"min_diff": 1897.0,
"std": 5631461.442119695,
"std_diff": 5455.212505260873
}
}
},
"POSE": {
"message_count": 974,
"message_freq": 49.94961191869537,
"timespan": 19.499651,
"var_stats": {
"accel": {
"max": 9.800401960224619,
"max_diff": 10.010435445621464,
"mean": 3.2453800893403835,
"mean_diff": 4.810451624302066,
"min": -0.21798823805084627,
"min_diff": -0.39081164117406936,
"std": 4.6216275258750885,
"std_diff": 5.16681927057121
},
"orientation": {
"max": 0.8705762913574594,
"max_diff": 0.0,
"mean": 0.09461862568488877,
"mean_diff": -0.4542095759329375,
"min": -0.4921215036573547,
"min_diff": -0.8705762913574594,
"std": 0.4909656970435948,
"std_diff": 0.3564084657582568
},
"pos": {
"max": 2883.2493296935227,
"max_diff": 1296.1872865497114,
"mean": 1490.103822651267,
"mean_diff": -793.5311065809602,
"min": 0.0,
"min_diff": -2883.2493296935227,
"std": 1179.07654923456,
"std_diff": 2089.718148210922
},
"rotation_rate": {
"max": 0.0029452175367623568,
"max_diff": 0.004067881964147091,
"mean": 7.797350085293064e-05,
"mean_diff": 7.425156247145986e-05,
"min": -0.002924493048340082,
"min_diff": -0.0046983344946056604,
"std": 0.0008228622443584382,
"std_diff": 0.001209167626360558
},
"utime": {
"max": 1538449237909020,
"max_diff": 39934.0,
"mean": 1538449228161127.5,
"mean_diff": 20040.751284686536,
"min": 1538449218409369,
"min_diff": 12513.0,
"std": 5640345.1630576365,
"std_diff": 1063.3393326171774
},
"vel": {
"max": 4.935590513343116e-64,
"max_diff": 0.0,
"mean": 5.010886878532191e-67,
"mean_diff": -7.516330317798286e-67,
"min": 0.0,
"min_diff": -4.935590513343116e-64,
"std": 1.2184996647777882e-65,
"std_diff": 1.4917201398208594e-65
}
}
},
"SteerAngleFeedback": {
"message_count": 1926,
"message_freq": 98.79345796492247,
"timespan": 19.495218,
"var_stats": {
"utime": {
"max": 1538449237900261,
"max_diff": 29898.0,
"mean": 1538449228180072.0,
"mean_diff": 10127.385974025974,
"min": 1538449218405043,
"min_diff": 3995.0,
"std": 5624191.400775069,
"std_diff": 1286.4651010497162
},
"value": {
"max": -0.029670597283900427,
"max_diff": 0.00174532925199275,
"mean": -0.050919935617241834,
"mean_diff": -1.6319961836831743e-05,
"min": -0.06632251157577976,
"min_diff": -0.003490658503993417,
"std": 0.015158985154841988,
"std_diff": 0.0007397660443568797
}
}
},
"VEHICLE_MONITOR": {
"message_count": 40,
"message_freq": 2.051346642401971,
"timespan": 19.499386,
"var_stats": null
},
"ZOE_VEH_INFO": {
"message_count": 1946,
"message_freq": 99.7958595179942,
"timespan": 19.499807,
"var_stats": {
"FL_wheel_speed": {
"max": 0.0,
"max_diff": 0.0,
"mean": 0.0,
"mean_diff": 0.0,
"min": 0.0,
"min_diff": 0.0,
"std": 0.0,
"std_diff": 0.0
},
"FR_wheel_speed": {
"max": 0.0,
"max_diff": 0.0,
"mean": 0.0,
"mean_diff": 0.0,
"min": 0.0,
"min_diff": 0.0,
"std": 0.0,
"std_diff": 0.0
},
"RL_wheel_speed": {
"max": 0.0,
"max_diff": 0.0,
"mean": 0.0,
"mean_diff": 0.0,
"min": 0.0,
"min_diff": 0.0,
"std": 0.0,
"std_diff": 0.0
},
"RR_wheel_speed": {
"max": 0.0,
"max_diff": 0.0,
"mean": 0.0,
"mean_diff": 0.0,
"min": 0.0,
"min_diff": 0.0,
"std": 0.0,
"std_diff": 0.0
},
"left_solar": {
"max": 0,
"max_diff": 0.0,
"mean": 0.0,
"mean_diff": 0.0,
"min": 0,
"min_diff": 0.0,
"std": 0.0,
"std_diff": 0.0
},
"longitudinal_accel": {
"max": 0.25,
"max_diff": 0.09999999999999964,
"mean": 0.21646968139773956,
"mean_diff": -2.570694087403544e-05,
"min": 0.15000000000000036,
"min_diff": -0.09999999999999964,
"std": 0.028894025378451826,
"std_diff": 0.02342738839080967
},
"meanEffTorque": {
"max": 0.0,
"max_diff": 0.0,
"mean": 0.0,
"mean_diff": 0.0,
"min": 0.0,
"min_diff": 0.0,
"std": 0.0,
"std_diff": 0.0
},
"odom": {
"max": 52,
"max_diff": 0.0,
"mean": 52.0,
"mean_diff": 0.0,
"min": 52,
"min_diff": 0.0,
"std": 0.0,
"std_diff": 0.0
},
"odom_speed": {
"max": 0.0,
"max_diff": 0.0,
"mean": 0.0,
"mean_diff": 0.0,
"min": 0.0,
"min_diff": 0.0,
"std": 0.0,
"std_diff": 0.0
},
"pedal_cc": {
"max": 0.0,
"max_diff": 0.0,
"mean": 0.0,
"mean_diff": 0.0,
"min": 0.0,
"min_diff": 0.0,
"std": 0.0,
"std_diff": 0.0
},
"regen": {
"max": 0.0,
"max_diff": 0.0,
"mean": 0.0,
"mean_diff": 0.0,
"min": 0.0,
"min_diff": 0.0,
"std": 0.0,
"std_diff": 0.0
},
"requestedTorqueAfterProc": {
"max": -382.5,
"max_diff": 0.0,
"mean": -382.5,
"mean_diff": 0.0,
"min": -382.5,
"min_diff": 0.0,
"std": 0.0,
"std_diff": 0.0
},
"right_solar": {
"max": 0,
"max_diff": 0.0,
"mean": 0.0,
"mean_diff": 0.0,
"min": 0,
"min_diff": 0.0,
"std": 0.0,
"std_diff": 0.0
},
"steer_corrected": {
"max": -1.699999999999818,
"max_diff": 0.09999999999990905,
"mean": -2.9144398766699258,
"mean_diff": -0.0009254498714653892,
"min": -3.799999999999727,
"min_diff": -0.20000000000027285,
"std": 0.8694554885621647,
"std_diff": 0.04228884755305219
},
"steer_offset_can": {
"max": -14.300000000000182,
"max_diff": 0.0,
"mean": -14.30000000000018,
"mean_diff": 0.0,
"min": -14.300000000000182,
"min_diff": 0.0,
"std": 1.7763568394002505e-15,
"std_diff": 0.0
},
"steer_raw": {
"max": -16.0,
"max_diff": 0.09999999999990905,
"mean": -17.21443987667011,
"mean_diff": -0.0009254498714653892,
"min": -18.09999999999991,
"min_diff": -0.20000000000027285,
"std": 0.8694554885621647,
"std_diff": 0.04228884755305219
},
"transversal_accel": {
"max": -0.5120000000000005,
"max_diff": 0.008000000000009777,
"mean": -0.5211983556012355,
"mean_diff": 4.113110539850785e-06,
"min": -0.5240000000000009,
"min_diff": -0.008000000000009777,
"std": 0.0031415259626608855,
"std_diff": 0.0023789962558095137
},
"utime": {
"max": 1538449237904997,
"max_diff": 30511.0,
"mean": 1538449228170625.8,
"mean_diff": 10025.607712082263,
"min": 1538449218405190,
"min_diff": 2.0,
"std": 5629680.3363185655,
"std_diff": 1789.5724065528277
}
}
},
"ZoeSensors": {
"message_count": 18830,
"message_freq": 965.620970436255,
"timespan": 19.500405,
"var_stats": {
"brake_sensor": {
"max": 0.4435943365097046,
"max_diff": 0.0003158450126647949,
"mean": 0.42711303985251814,
"mean_diff": -1.7401761070136795e-06,
"min": 0.38332369923591614,
"min_diff": -0.004990577697753906,
"std": 0.016901112392461084,
"std_diff": 5.970991959320084e-05
},
"steering_sensor": {
"max": 0.1899050772190094,
"max_diff": 0.00027965009212493896,
"mean": 0.18877808348143665,
"mean_diff": -8.994986357707391e-09,
"min": 0.18785694241523743,
"min_diff": -0.0004884004592895508,
"std": 0.0002633174517064857,
"std_diff": 5.957551551877398e-05
},
"throttle_sensor": {
"max": 0.1229897066950798,
"max_diff": 0.001482650637626648,
"mean": 0.12131779227629344,
"mean_diff": 6.4846839886551435e-09,
"min": 0.11984999477863312,
"min_diff": -0.0009419173002243042,
"std": 0.0003631496238198146,
"std_diff": 0.00017669592638259202
},
"utime": {
"max": 1538449237898750,
"max_diff": 26910.0,
"mean": 1538449228128167.0,
"mean_diff": 1035.6580275107547,
"min": 1538449218398345,
"min_diff": 1.0,
"std": 5645860.041531755,
"std_diff": 706.7551962164816
}
}
}
}