{
"MS_IMU": {
"message_count": 1971,
"message_freq": 99.79532086018402,
"timespan": 19.750425,
"var_stats": {
"linear_accel": {
"max": 9.899801254272461,
"max_diff": 10.231430470943451,
"mean": 2.981308460457362,
"mean_diff": 5.1452391024306605,
"min": -0.643802285194397,
"min_diff": 0.0240667462348938,
"std": 4.797420913985957,
"std_diff": 4.913682975244758
},
"q": {
"max": 0.05648354813456535,
"max_diff": -0.009060369804501534,
"mean": -0.22502313314510375,
"mean_diff": -0.35126171798728634,
"min": -0.9980002045631409,
"min_diff": -1.0146430972963572,
"std": 0.4465026380915042,
"std_diff": 0.4689725798212257
},
"rotation_rate": {
"max": 0.0038173228967934847,
"max_diff": 0.005506081972271204,
"mean": -5.875579327733192e-05,
"mean_diff": -5.9059211708669995e-05,
"min": -0.003843886312097311,
"min_diff": -0.0049769217148423195,
"std": 0.0009086835238301778,
"std_diff": 0.0013242421798604755
},
"utime": {
"max": 1537932259153978,
"max_diff": 24067.0,
"mean": 1537932249271271.8,
"mean_diff": 10025.596446700507,
"min": 1537932239403553,
"min_diff": 1933.0,
"std": 5702009.517623635,
"std_diff": 3981.3670669653543
}
}
},
"POSE": {
"message_count": 985,
"message_freq": 49.90080125995217,
"timespan": 19.739162,
"var_stats": {
"accel": {
"max": 9.792085649724566,
"max_diff": 10.101727230686587,
"mean": 2.9813099326933576,
"mean_diff": 5.1452880605377205,
"min": -0.5676735474574719,
"min_diff": 0.16828450737238632,
"std": 4.797271486199743,
"std_diff": 4.913248925680878
},
"orientation": {
"max": 0.7293935461737145,
"max_diff": 0.0,
"mean": 0.011300899908739455,
"mean_diff": -0.47116364607410627,
"min": -0.6842007540396801,
"min_diff": -0.7293935461737145,
"std": 0.49987227334715484,
"std_diff": 0.33367372079845864
},
"pos": {
"max": 1566.4741484859844,
"max_diff": 657.7126382384268,
"mean": 825.078553580759,
"mean_diff": -454.38076290578175,
"min": 0.0,
"min_diff": -1566.4741484859844,
"std": 642.2421317710682,
"std_diff": 1112.0933720249327
},
"rotation_rate": {
"max": 0.0035916990600526333,
"max_diff": 0.005506081972271204,
"mean": -6.0503998619202636e-05,
"mean_diff": -6.713409164871715e-05,
"min": -0.003843886312097311,
"min_diff": -0.0049769217148423195,
"std": 0.0009013777529894912,
"std_diff": 0.0013251778459372908
},
"utime": {
"max": 1537932259152650,
"max_diff": 40465.0,
"mean": 1537932249274966.5,
"mean_diff": 20060.12398373984,
"min": 1537932239413488,
"min_diff": 17669.0,
"std": 5703002.525819039,
"std_diff": 1194.6739889662724
},
"vel": {
"max": 1.3360202182866457e-141,
"max_diff": 0.0,
"mean": 1.341254631473786e-144,
"mean_diff": -2.0118819472106794e-144,
"min": 0.0,
"min_diff": -1.3360202182866457e-141,
"std": 3.279931606480602e-143,
"std_diff": 4.015399704249537e-143
}
}
},
"SteerAngleFeedback": {
"message_count": 1953,
"message_freq": 98.86746383642816,
"timespan": 19.753718,
"var_stats": {
"utime": {
"max": 1537932259151280,
"max_diff": 20826.0,
"mean": 1537932249262808.8,
"mean_diff": 10119.732581967213,
"min": 1537932239397562,
"min_diff": 4303.0,
"std": 5706981.469347242,
"std_diff": 1238.502218855722
},
"value": {
"max": -0.04014257279586482,
"max_diff": 0.001745329251992743,
"mean": -0.04025785568040504,
"mean_diff": 0.0,
"min": -0.04188790204785756,
"min_diff": -0.001745329251992743,
"std": 0.00043349330695438104,
"std_diff": 0.0006145329076721064
}
}
},
"VEHICLE_MONITOR": {
"message_count": 40,
"message_freq": 1.951229125567887,
"timespan": 20.499899,
"var_stats": null
},
"ZOE_VEH_INFO": {
"message_count": 1971,
"message_freq": 99.7529103708713,
"timespan": 19.758822,
"var_stats": {
"FL_wheel_speed": {
"max": 0.0,
"max_diff": 0.0,
"mean": 0.0,
"mean_diff": 0.0,
"min": 0.0,
"min_diff": 0.0,
"std": 0.0,
"std_diff": 0.0
},
"FR_wheel_speed": {
"max": 0.0,
"max_diff": 0.0,
"mean": 0.0,
"mean_diff": 0.0,
"min": 0.0,
"min_diff": 0.0,
"std": 0.0,
"std_diff": 0.0
},
"RL_wheel_speed": {
"max": 0.0,
"max_diff": 0.0,
"mean": 0.0,
"mean_diff": 0.0,
"min": 0.0,
"min_diff": 0.0,
"std": 0.0,
"std_diff": 0.0
},
"RR_wheel_speed": {
"max": 0.0,
"max_diff": 0.0,
"mean": 0.0,
"mean_diff": 0.0,
"min": 0.0,
"min_diff": 0.0,
"std": 0.0,
"std_diff": 0.0
},
"left_solar": {
"max": 0,
"max_diff": 0.0,
"mean": 0.0,
"mean_diff": 0.0,
"min": 0,
"min_diff": 0.0,
"std": 0.0,
"std_diff": 0.0
},
"longitudinal_accel": {
"max": -0.34999999999999964,
"max_diff": 0.09999999999999964,
"mean": -0.4388635210553011,
"mean_diff": 0.0,
"min": -0.5499999999999989,
"min_diff": -0.09999999999999964,
"std": 0.02752291870174687,
"std_diff": 0.021135290573214827
},
"meanEffTorque": {
"max": 0.0,
"max_diff": 0.0,
"mean": 0.0,
"mean_diff": 0.0,
"min": 0.0,
"min_diff": 0.0,
"std": 0.0,
"std_diff": 0.0
},
"odom": {
"max": 12,
"max_diff": 0.0,
"mean": 12.0,
"mean_diff": 0.0,
"min": 12,
"min_diff": 0.0,
"std": 0.0,
"std_diff": 0.0
},
"odom_speed": {
"max": 0.0,
"max_diff": 0.0,
"mean": 0.0,
"mean_diff": 0.0,
"min": 0.0,
"min_diff": 0.0,
"std": 0.0,
"std_diff": 0.0
},
"pedal_cc": {
"max": 0.0,
"max_diff": 0.0,
"mean": 0.0,
"mean_diff": 0.0,
"min": 0.0,
"min_diff": 0.0,
"std": 0.0,
"std_diff": 0.0
},
"regen": {
"max": 0.0,
"max_diff": 0.0,
"mean": 0.0,
"mean_diff": 0.0,
"min": 0.0,
"min_diff": 0.0,
"std": 0.0,
"std_diff": 0.0
},
"requestedTorqueAfterProc": {
"max": -382.5,
"max_diff": 0.0,
"mean": -382.5,
"mean_diff": 0.0,
"min": -382.5,
"min_diff": 0.0,
"std": 0.0,
"std_diff": 0.0
},
"right_solar": {
"max": 0,
"max_diff": 0.0,
"mean": 0.0,
"mean_diff": 0.0,
"min": 0,
"min_diff": 0.0,
"std": 0.0,
"std_diff": 0.0
},
"steer_corrected": {
"max": -2.299999999999727,
"max_diff": 0.09999999999990905,
"mean": -2.30654490106517,
"mean_diff": 0.0,
"min": -2.399999999999636,
"min_diff": -0.09999999999990905,
"std": 0.024731647267969694,
"std_diff": 0.03504891433321226
},
"steer_offset_can": {
"max": -13.800000000000182,
"max_diff": 0.0,
"mean": -13.800000000000182,
"mean_diff": 0.0,
"min": -13.800000000000182,
"min_diff": 0.0,
"std": 0.0,
"std_diff": 0.0
},
"steer_raw": {
"max": -16.09999999999991,
"max_diff": 0.09999999999990905,
"mean": -16.10654490106535,
"mean_diff": 0.0,
"min": -16.199999999999818,
"min_diff": -0.09999999999990905,
"std": 0.024731647267969694,
"std_diff": 0.03504891433321226
},
"transversal_accel": {
"max": -0.5240000000000009,
"max_diff": 0.008000000000009777,
"mean": -0.5301796042617987,
"mean_diff": 0.0,
"min": -0.539999999999992,
"min_diff": -0.008000000000009777,
"std": 0.002574946625169549,
"std_diff": 0.0018292602038586438
},
"utime": {
"max": 1537932259159552,
"max_diff": 21223.0,
"mean": 1537932249274497.2,
"mean_diff": 10029.858883248731,
"min": 1537932239400730,
"min_diff": 2.0,
"std": 5702916.105910464,
"std_diff": 1754.8417610947154
}
}
},
"ZoeSensors": {
"message_count": 17999,
"message_freq": 911.2706238328126,
"timespan": 19.751542,
"var_stats": {
"brake_sensor": {
"max": 0.18273834884166718,
"max_diff": 4.4599175453186035e-05,
"mean": 0.18252895204360184,
"mean_diff": 1.8827225555511486e-09,
"min": 0.18241797387599945,
"min_diff": -5.093216896057129e-05,
"std": 3.7394823861777744e-05,
"std_diff": 7.435064536105957e-06
},
"steering_sensor": {
"max": 0.1896648108959198,
"max_diff": 0.0003781169652938843,
"mean": 0.18869657842071397,
"mean_diff": -1.7288095726677016e-08,
"min": 0.18782149255275726,
"min_diff": -0.00042144954204559326,
"std": 0.00024177531841182448,
"std_diff": 6.171355087238236e-05
},
"throttle_sensor": {
"max": 0.12267573922872543,
"max_diff": 0.0013082176446914673,
"mean": 0.12094336393704196,
"mean_diff": 2.907291228591846e-09,
"min": 0.11941391974687576,
"min_diff": -0.0011337846517562866,
"std": 0.00042602194231386296,
"std_diff": 0.00021899975415685802
},
"utime": {
"max": 1537932259148355,
"max_diff": 17088.0,
"mean": 1537932249267283.2,
"mean_diff": 1097.4298255361707,
"min": 1537932239396813,
"min_diff": 1.0,
"std": 5699761.314875852,
"std_diff": 786.4414659728852
}
}
}
}