{
"MS_IMU": {
"message_count": 1940,
"message_freq": 99.486551956621,
"timespan": 19.500123,
"var_stats": {
"linear_accel": {
"max": 13.557772636413574,
"max_diff": 13.414945930242538,
"mean": 3.4344556554146,
"mean_diff": 4.639031814376339,
"min": -2.280571460723877,
"min_diff": -3.263029098510742,
"std": 4.540906746002533,
"std_diff": 5.258029882321377
},
"q": {
"max": 0.030619528144598007,
"max_diff": 0.9192162845283747,
"mean": -0.33378263329325525,
"mean_diff": 0.14690583054859613,
"min": -0.9046121835708618,
"min_diff": -0.47448546439409256,
"std": 0.3722756635315546,
"std_diff": 0.5603148601254496
},
"rotation_rate": {
"max": 0.10497422516345978,
"max_diff": 0.13986701611429453,
"mean": 0.0019653473150960136,
"mean_diff": 0.0006936449646456456,
"min": -0.13677608966827393,
"min_diff": -0.19761670380830765,
"std": 0.022285803039299033,
"std_diff": 0.03488266492939246
},
"utime": {
"max": 1533152368950853,
"max_diff": 39965.0,
"mean": 1533152359193080.5,
"mean_diff": 10056.793708096957,
"min": 1533152349450730,
"min_diff": 1507.0,
"std": 5632525.251134148,
"std_diff": 4564.494563775385
}
}
},
"POSE": {
"message_count": 966,
"message_freq": 49.539884222316125,
"timespan": 19.49944,
"var_stats": {
"accel": {
"max": 11.295352296125738,
"max_diff": 11.686951768917748,
"mean": 3.435643908145756,
"mean_diff": 4.6314017466082085,
"min": -0.9599528999087724,
"min_diff": -1.9860209883472306,
"std": 4.524331812040868,
"std_diff": 5.246539539584515
},
"orientation": {
"max": 0.9545213875891375,
"max_diff": 0.9545213875891375,
"mean": 0.31495559737932893,
"mean_diff": 0.21413345164034533,
"min": 0.0,
"min_diff": -0.3340440271641635,
"std": 0.3883335829920328,
"std_diff": 0.5361717991669509
},
"pos": {
"max": 1314.5909890912687,
"max_diff": -56.716062897007305,
"mean": 780.1607968008849,
"mean_diff": -630.5238219235052,
"min": 0.0,
"min_diff": -1131.857188020389,
"std": 557.3152709382572,
"std_diff": 451.8888062116248
},
"rotation_rate": {
"max": 0.10497422516345978,
"max_diff": 0.13510405365377665,
"mean": 0.0019050561255365575,
"mean_diff": 0.0007332616161517892,
"min": -0.13677608966827393,
"min_diff": -0.19291169941425323,
"std": 0.022483149273328656,
"std_diff": 0.035191567080322894
},
"utime": {
"max": 1533152368956708,
"max_diff": 40269.0,
"mean": 1533152359191347.2,
"mean_diff": 20206.673575129535,
"min": 1533152349457268,
"min_diff": 17141.0,
"std": 5653139.040935571,
"std_diff": 2087.1103871281466
},
"vel": {
"max": 9.753231013015666,
"max_diff": 0.0,
"mean": 2.6049738093517103,
"mean_diff": -3.907460714027565,
"min": 0.0,
"min_diff": -9.753231013015666,
"std": 3.917348721320144,
"std_diff": 4.234266771955516
}
}
},
"SteerAngleFeedback": {
"message_count": 1899,
"message_freq": 97.37371951507785,
"timespan": 19.502182,
"var_stats": {
"utime": {
"max": 1533152368953387,
"max_diff": 30664.0,
"mean": 1533152359178013.0,
"mean_diff": 10275.122233930453,
"min": 1533152349451205,
"min_diff": 1895.0,
"std": 5644351.198808426,
"std_diff": 1879.9615912665265
},
"value": {
"max": 0.39975237421866744,
"max_diff": 0.00872664625997165,
"mean": 0.023302592770214965,
"mean_diff": -0.0002298905758685892,
"min": -0.10639310885968811,
"min_diff": -0.012217304763957104,
"std": 0.07911168143888224,
"std_diff": 0.0016406084211000411
}
}
},
"VEHICLE_MONITOR": {
"message_count": 39,
"message_freq": 2.0000564118475137,
"timespan": 19.49945,
"var_stats": {
"available_distance": {
"max": 68,
"max_diff": 0.0,
"mean": 68.0,
"mean_diff": 0.0,
"min": 68,
"min_diff": 0.0,
"std": 0.0,
"std_diff": 0.0
},
"battery_level": {
"max": 78,
"max_diff": 0.0,
"mean": 78.0,
"mean_diff": 0.0,
"min": 78,
"min_diff": 0.0,
"std": 0.0,
"std_diff": 0.0
},
"brake": {
"max": 0,
"max_diff": 0.0,
"mean": 0.0,
"mean_diff": 0.0,
"min": 0,
"min_diff": 0.0,
"std": 0.0,
"std_diff": 0.0
},
"brake_switch": {
"max": 1,
"max_diff": 0.0,
"mean": 1.0,
"mean_diff": 0.0,
"min": 1,
"min_diff": 0.0,
"std": 0.0,
"std_diff": 0.0
},
"gear_position": {
"max": 7,
"max_diff": 0.0,
"mean": 7.0,
"mean_diff": 0.0,
"min": 7,
"min_diff": 0.0,
"std": 0.0,
"std_diff": 0.0
},
"left_signal": {
"max": 0,
"max_diff": 0.0,
"mean": 0.0,
"mean_diff": 0.0,
"min": 0,
"min_diff": 0.0,
"std": 0.0,
"std_diff": 0.0
},
"rear_left_rpm": {
"max": 307.49580000000003,
"max_diff": 16.8468,
"mean": 248.32243076923072,
"mean_diff": 5.0237526315789465,
"min": 76.8531,
"min_diff": -15.178799999999967,
"std": 69.08371499576421,
"std_diff": 7.69105029552418
},
"rear_right_rpm": {
"max": 313.3338,
"max_diff": 17.80589999999998,
"mean": 253.5156846153846,
"mean_diff": 5.0237526315789465,
"min": 81.0648,
"min_diff": -13.760999999999967,
"std": 70.17412479473795,
"std_diff": 7.685401854737907
},
"right_signal": {
"max": 0,
"max_diff": 0.0,
"mean": 0.0,
"mean_diff": 0.0,
"min": 0,
"min_diff": 0.0,
"std": 0.0,
"std_diff": 0.0
},
"steering": {
"max": 20.600000000000364,
"max_diff": 5.699999999999818,
"mean": 1.5179487179489348,
"mean_diff": -0.7763157894736842,
"min": -8.899999999999636,
"min_diff": -10.0,
"std": 4.502128943401274,
"std_diff": 3.0060845499303115
},
"steering_speed": {
"max": 17.900000000000272,
"max_diff": 23.90000000000009,
"mean": -2.530769230769021,
"mean_diff": 0.5763157894736747,
"min": -31.899999999999455,
"min_diff": -27.90000000000009,
"std": 8.095429348179174,
"std_diff": 9.073281603597021
},
"throttle": {
"max": 311,
"max_diff": 73.0,
"mean": 207.89743589743588,
"mean_diff": -5.7368421052631575,
"min": 0,
"min_diff": -182.0,
"std": 93.31578448714353,
"std_diff": 34.17423175937523
},
"utime": {
"max": 1533152369378395,
"max_diff": 999574.0,
"mean": 1533152359532593.8,
"mean_diff": 513143.4210526316,
"min": 1533152349878945,
"min_diff": 499149.0,
"std": 5813231.014561728,
"std_diff": 79969.79183404574
},
"vehicle_speed": {
"max": 35.1,
"max_diff": 1.92,
"mean": 28.347179487179492,
"mean_diff": 0.5765789473684211,
"min": 8.77,
"min_diff": -1.3599999999999994,
"std": 7.913121186769625,
"std_diff": 0.8433432101363612
},
"yaw_rate": {
"max": 2.1000000000000227,
"max_diff": 0.8000000000000114,
"mean": -0.07692307692305142,
"mean_diff": -0.1000000000000003,
"min": -1.6999999999999886,
"min_diff": -1.9000000000000057,
"std": 0.5672522789103592,
"std_diff": 0.47958315233127446
}
}
},
"ZOE_VEH_INFO": {
"message_count": 1937,
"message_freq": 99.35026363723419,
"timespan": 19.496677,
"var_stats": {
"FL_wheel_speed": {
"max": 309.3306,
"max_diff": 12.343199999999996,
"mean": 248.3244257098606,
"mean_diff": 0.10888094008264462,
"min": 65.1771,
"min_diff": -9.090599999999995,
"std": 72.14271615809675,
"std_diff": 0.8303584437561232
},
"FR_wheel_speed": {
"max": 309.0804,
"max_diff": 6.588599999999985,
"mean": 248.41912798141453,
"mean_diff": 0.10827784090909091,
"min": 66.0945,
"min_diff": -8.423400000000015,
"std": 71.94450806881811,
"std_diff": 0.8395547505328281
},
"RL_wheel_speed": {
"max": 308.8719,
"max_diff": 10.508399999999995,
"mean": 247.33406685596285,
"mean_diff": 0.10959173553719008,
"min": 65.886,
"min_diff": -8.88209999999998,
"std": 72.01589424757668,
"std_diff": 0.935223991408076
},
"RR_wheel_speed": {
"max": 314.5014,
"max_diff": 7.297499999999985,
"mean": 252.19710061951474,
"mean_diff": 0.11103486570247936,
"min": 66.0945,
"min_diff": -8.173200000000008,
"std": 73.26187098862363,
"std_diff": 0.8885865575430225
},
"left_solar": {
"max": 0,
"max_diff": 0.0,
"mean": 0.0,
"mean_diff": 0.0,
"min": 0,
"min_diff": 0.0,
"std": 0.0,
"std_diff": 0.0
},
"longitudinal_accel": {
"max": 1.6000000000000014,
"max_diff": 0.9500000000000011,
"mean": 0.48469282395456964,
"mean_diff": -0.0009814049586776862,
"min": -1.049999999999999,
"min_diff": -1.0,
"std": 0.4939717355205266,
"std_diff": 0.11626090842487925
},
"meanEffTorque": {
"max": 86.0,
"max_diff": 0.5,
"mean": 36.587506453278266,
"mean_diff": -0.058884297520661155,
"min": -28.5,
"min_diff": -1.5,
"std": 30.085014781992633,
"std_diff": 0.1891793800936183
},
"odom": {
"max": 124,
"max_diff": 92.0,
"mean": 95.93598347960764,
"mean_diff": 0.05578512396694215,
"min": 0,
"min_diff": -96.0,