{
"MS_IMU": {
"message_count": 1949,
"message_freq": 99.94665750993235,
"timespan": 19.500402,
"var_stats": {
"linear_accel": {
"max": 10.870304107666016,
"max_diff": 10.906773686408997,
"mean": 3.2766830274280583,
"mean_diff": 4.990360628844285,
"min": -1.3546524047851562,
"min_diff": -1.4763948917388916,
"std": 4.627368730260682,
"std_diff": 4.623079585137211
},
"q": {
"max": 0.9107678532600403,
"max_diff": 0.9072136175818741,
"mean": 0.12241239052618529,
"mean_diff": 0.44272151713251395,
"min": -0.43738824129104614,
"min_diff": -0.004245320218615234,
"std": 0.4847836870362199,
"std_diff": 0.3607765013214595
},
"rotation_rate": {
"max": 0.05088448524475098,
"max_diff": 0.05715159513056278,
"mean": -0.0005269219926665714,
"mean_diff": -0.0016805254484088432,
"min": -0.06823958456516266,
"min_diff": -0.07308479398488998,
"std": 0.010166328533317805,
"std_diff": 0.013411361845461225
},
"utime": {
"max": 1535486488897480,
"max_diff": 35002.0,
"mean": 1535486479155777.0,
"mean_diff": 10010.473305954825,
"min": 1535486469397078,
"min_diff": 1329.0,
"std": 5630919.216193502,
"std_diff": 5552.792191591908
}
}
},
"POSE": {
"message_count": 970,
"message_freq": 49.74453361422755,
"timespan": 19.49963,
"var_stats": {
"accel": {
"max": 10.188215363528457,
"max_diff": 10.335938850042956,
"mean": 3.2769238912836425,
"mean_diff": 4.989396387381365,
"min": -1.2440311388644183,
"min_diff": -0.9699121783140383,
"std": 4.62497589854632,
"std_diff": 4.621674609302278
},
"orientation": {
"max": 0.9457179163671552,
"max_diff": 0.0,
"mean": 0.15037108673193786,
"mean_diff": -0.42663211952113717,
"min": -0.34864776086903737,
"min_diff": -0.9457179163671552,
"std": 0.4768527406601078,
"std_diff": 0.3889966168570563
},
"pos": {
"max": 1625.7096606650448,
"max_diff": 995.7183864660778,
"mean": 753.0607474483386,
"mean_diff": -326.0416314187859,
"min": 0.0,
"min_diff": -1625.7096606650448,
"std": 660.0140284164119,
"std_diff": 1281.1405202761775
},
"rotation_rate": {
"max": 0.044799935072660446,
"max_diff": 0.05715159513056278,
"mean": -0.0005673745496562358,
"mean_diff": -0.001718213696385787,
"min": -0.06823958456516266,
"min_diff": -0.06967104226350784,
"std": 0.01011805467891857,
"std_diff": 0.013361362594793898
},
"utime": {
"max": 1535486488908772,
"max_diff": 40508.0,
"mean": 1535486479160280.0,
"mean_diff": 20123.45717234262,
"min": 1535486469409142,
"min_diff": 15034.0,
"std": 5639853.302898352,
"std_diff": 1657.9426451868771
},
"vel": {
"max": 4.583889177153158,
"max_diff": 0.0,
"mean": 0.7256942339548531,
"mean_diff": -1.0885413509322797,
"min": 0.0,
"min_diff": -4.583889177153158,
"std": 1.3055404634755483,
"std_diff": 1.47026520116659
}
}
},
"SteerAngleFeedback": {
"message_count": 1929,
"message_freq": 98.90907241287529,
"timespan": 19.502761,
"var_stats": {
"utime": {
"max": 1535486488900930,
"max_diff": 29683.0,
"mean": 1535486479141125.5,
"mean_diff": 10115.539937759337,
"min": 1535486469398169,
"min_diff": 926.0,
"std": 5631978.971726072,
"std_diff": 1348.954807269846
},
"value": {
"max": 0.286305972839036,
"max_diff": 0.012217304763957139,
"mean": -0.08040136525054019,
"mean_diff": -0.00011949349650583834,
"min": -0.25474609527920616,
"min_diff": -0.015707963267950556,
"std": 0.1768204461589399,
"std_diff": 0.0022558836550768996
}
}
},
"VEHICLE_MONITOR": {
"message_count": 40,
"message_freq": 2.051274898118304,
"timespan": 19.500068,
"var_stats": {
"available_distance": {
"max": 24,
"max_diff": 0.0,
"mean": 24.0,
"mean_diff": 0.0,
"min": 24,
"min_diff": 0.0,
"std": 0.0,
"std_diff": 0.0
},
"battery_level": {
"max": 46,
"max_diff": 0.0,
"mean": 46.0,
"mean_diff": 0.0,
"min": 46,
"min_diff": 0.0,
"std": 0.0,
"std_diff": 0.0
},
"brake": {
"max": 9,
"max_diff": 5.0,
"mean": 2.025,
"mean_diff": 0.1794871794871795,
"min": 0,
"min_diff": -4.0,
"std": 2.6219029348928995,
"std_diff": 1.429932666010122
},
"brake_switch": {
"max": 2,
"max_diff": 1.0,
"mean": 1.55,
"mean_diff": 0.02564102564102564,
"min": 1,
"min_diff": -1.0,
"std": 0.4974937185533099,
"std_diff": 0.3571381609534389
},
"gear_position": {
"max": 7,
"max_diff": 0.0,
"mean": 7.0,
"mean_diff": 0.0,
"min": 7,
"min_diff": 0.0,
"std": 0.0,
"std_diff": 0.0
},
"left_signal": {
"max": 0,
"max_diff": 0.0,
"mean": 0.0,
"mean_diff": 0.0,
"min": 0,
"min_diff": 0.0,
"std": 0.0,
"std_diff": 0.0
},
"rear_left_rpm": {
"max": 144.8658,
"max_diff": 10.716899999999995,
"mean": 65.5930575,
"mean_diff": -2.6303076923076927,
"min": 0.0,
"min_diff": -16.805099999999996,
"std": 45.06770447756846,
"std_diff": 7.17436652207132
},
"rear_right_rpm": {
"max": 145.8249,
"max_diff": 12.80189999999999,
"mean": 66.66266250000001,
"mean_diff": -2.6666615384615384,
"min": 0.0,
"min_diff": -17.09700000000001,
"std": 45.79234733438376,
"std_diff": 7.3415868440358825
},
"right_signal": {
"max": 0,
"max_diff": 0.0,
"mean": 0.0,
"mean_diff": 0.0,
"min": 0,
"min_diff": 0.0,
"std": 0.0,
"std_diff": 0.0
},
"steering": {
"max": 17.0,
"max_diff": 11.799999999999727,
"mean": -4.404999999999836,
"mean_diff": -0.18205128205129137,
"min": -14.0,
"min_diff": -24.5,
"std": 10.2155017008466,
"std_diff": 5.169083229477673
},
"steering_speed": {
"max": 35.80000000000037,
"max_diff": 33.90000000000009,
"mean": -0.5224999999997866,
"mean_diff": 0.5128205128205128,
"min": -31.899999999999455,
"min_diff": -33.90000000000009,
"std": 9.74372843166311,
"std_diff": 11.297632597191198
},
"throttle": {
"max": 223,
"max_diff": 152.0,
"mean": 30.875,
"mean_diff": -1.8205128205128205,
"min": 0,
"min_diff": -121.0,
"std": 59.85156117429185,
"std_diff": 36.03123416751709
},
"utime": {
"max": 1535486489277900,
"max_diff": 501380.0,
"mean": 1535486479528078.8,
"mean_diff": 500001.74358974356,
"min": 1535486469777832,
"min_diff": 498670.0,
"std": 5771378.768923357,
"std_diff": 563.8489849627506
},
"vehicle_speed": {
"max": 16.36,
"max_diff": 1.25,
"mean": 7.5525,
"mean_diff": -0.3017948717948718,
"min": 0.0,
"min_diff": -1.8900000000000006,
"std": 5.148500145673495,
"std_diff": 0.8013894081926997
},
"yaw_rate": {
"max": 1.200000000000017,
"max_diff": 1.5,
"mean": -0.3124999999999737,
"mean_diff": 0.020512820512820804,
"min": -1.099999999999966,
"min_diff": -1.1000000000000227,
"std": 0.5912645347050672,
"std_diff": 0.3776984872507861
}
}
},
"ZOE_VEH_INFO": {
"message_count": 1947,
"message_freq": 99.84921588877444,
"timespan": 19.499402,
"var_stats": {
"FL_wheel_speed": {
"max": 144.4071,
"max_diff": 2.3769000000000062,
"mean": 68.0238157164869,
"mean_diff": -0.05247857142857143,
"min": 0.0,
"min_diff": -3.5028,
"std": 44.07984755876761,
"std_diff": 0.34586082910940485
},
"FR_wheel_speed": {
"max": 145.116,
"max_diff": 4.420200000000008,
"mean": 67.91387935285054,
"mean_diff": -0.05247857142857143,
"min": 0.0,
"min_diff": -3.5028,
"std": 44.10109669413377,
"std_diff": 0.4070904535824427
},
"RL_wheel_speed": {
"max": 145.8249,
"max_diff": 4.670400000000001,
"mean": 67.82578890600924,
"mean_diff": -0.05271428571428572,
"min": 0.0,
"min_diff": -3.5028000000000077,
"std": 44.04186774203256,
"std_diff": 0.39382407757986637
},
"RR_wheel_speed": {
"max": 147.4512,
"max_diff": 6.505200000000002,
"mean": 69.00043528505392,
"mean_diff": -0.05367857142857143,
"min": 0.0,
"min_diff": -5.170800000000014,
"std": 44.8901020679861,
"std_diff": 0.4343090739135823
},
"left_solar": {
"max": 0,
"max_diff": 0.0,
"mean": 0.0,
"mean_diff": 0.0,
"min": 0,
"min_diff": 0.0,
"std": 0.0,
"std_diff": 0.0
},
"longitudinal_accel": {
"max": 1.0500000000000007,
"max_diff": 0.5999999999999996,
"mean": -0.23569594247560283,
"mean_diff": 5.1387461459403724e-05,
"min": -1.4000000000000004,
"min_diff": -0.45000000000000107,
"std": 0.4891656848982197,
"std_diff": 0.04765840068481585
},
"meanEffTorque": {
"max": 51.5,
"max_diff": 2.0,
"mean": -0.7596302003081664,
"mean_diff": -0.0007708119218910585,
"min": -65.5,
"min_diff": -4.0,
"std": 24.790136163782403,
"std_diff": 0.41906569340199384
},
"odom": {
"max": 116,
"max_diff": 48.0,
"mean": 58.333846944016436,
"mean_diff": -0.0041109969167523125,
"min": 0,