{
"MS_IMU": {
"message_count": 1950,
"message_freq": 99.95332948384869,
"timespan": 19.509105,
"var_stats": {
"linear_accel": {
"max": 13.441884994506836,
"max_diff": 14.204648077487946,
"mean": 3.28970831851268,
"mean_diff": 5.059824422827134,
"min": -0.8957643508911133,
"min_diff": -0.8445402979850769,
"std": 4.609413507615956,
"std_diff": 4.330755423714874
},
"q": {
"max": 0.9167296290397644,
"max_diff": 0.9056024868041277,
"mean": 0.12658735976852953,
"mean_diff": 0.43851736071272795,
"min": -0.3992787003517151,
"min_diff": 0.034169855527579784,
"std": 0.4837103034297656,
"std_diff": 0.357410432364039
},
"rotation_rate": {
"max": 0.04916854575276375,
"max_diff": 0.10035792815324385,
"mean": -1.8259181877746004e-05,
"mean_diff": -5.333827301244699e-05,
"min": -0.10011895000934601,
"min_diff": -0.10191727615892887,
"std": 0.003539125736267318,
"std_diff": 0.005425101777448465
},
"utime": {
"max": 1535657713559672,
"max_diff": 31958.0,
"mean": 1535657703812828.0,
"mean_diff": 10009.802462801437,
"min": 1535657694050567,
"min_diff": 2973.0,
"std": 5633487.649073951,
"std_diff": 4672.235544748046
}
}
},
"POSE": {
"message_count": 965,
"message_freq": 49.48784693865358,
"timespan": 19.499737,
"var_stats": {
"accel": {
"max": 10.594963459579269,
"max_diff": 10.244302029929331,
"mean": 3.2897129379347883,
"mean_diff": 5.059716458335557,
"min": -0.5006529723116812,
"min_diff": 0.47613704422685377,
"std": 4.607499884546635,
"std_diff": 4.326976874746818
},
"orientation": {
"max": 0.9368060340225975,
"max_diff": 0.0,
"mean": 0.14668669211128138,
"mean_diff": -0.42891701167139107,
"min": -0.35011996983839067,
"min_diff": -0.9368060340225975,
"std": 0.47799896899203675,
"std_diff": 0.3864757824653664
},
"pos": {
"max": 1301.2033639554027,
"max_diff": -405.13020820095016,
"mean": 732.4254952267663,
"mean_diff": -650.6016781071576,
"min": 0.0,
"min_diff": -896.0731380865091,
"std": 543.6714416507572,
"std_diff": 245.4714513588261
},
"rotation_rate": {
"max": 0.04916854575276375,
"max_diff": 0.05524188745766878,
"mean": 4.802732941993899e-05,
"mean_diff": -4.756861816792993e-05,
"min": -0.04723788797855377,
"min_diff": -0.05324429413303733,
"std": 0.0033923271766278583,
"std_diff": 0.0050379559473909645
},
"utime": {
"max": 1535657713565174,
"max_diff": 60339.0,
"mean": 1535657703830827.2,
"mean_diff": 20227.94294605809,
"min": 1535657694065437,
"min_diff": 12420.0,
"std": 5653787.992931331,
"std_diff": 2405.4337709471233
},
"vel": {
"max": 5e-324,
"max_diff": 0.0,
"mean": 0.0,
"mean_diff": -0.0,
"min": 0.0,
"min_diff": -5e-324,
"std": 0.0,
"std_diff": 0.0
}
}
},
"SteerAngleFeedback": {
"message_count": 1929,
"message_freq": 98.91233352192823,
"timespan": 19.502118,
"var_stats": {
"utime": {
"max": 1535657713555688,
"max_diff": 31243.0,
"mean": 1535657703786586.8,
"mean_diff": 10115.206431535269,
"min": 1535657694053570,
"min_diff": 4147.0,
"std": 5625929.825105814,
"std_diff": 1345.3536632314397
},
"value": {
"max": 0.16238759594744023,
"max_diff": 0.01047197551196441,
"mean": 0.11200557724964315,
"mean_diff": 1.176829889829954e-05,
"min": 0.10304640137963142,
"min_diff": -0.003490658503993438,
"std": 0.012411820498670128,
"std_diff": 0.001162210104165064
}
}
},
"VEHICLE_MONITOR": {
"message_count": 40,
"message_freq": 2.0513226569510556,
"timespan": 19.499614,
"var_stats": null
},
"ZOE_VEH_INFO": {
"message_count": 1932,
"message_freq": 99.09004361500584,
"timespan": 19.497418,
"var_stats": {
"FL_wheel_speed": {
"max": 0.0,
"max_diff": 0.0,
"mean": 0.0,
"mean_diff": 0.0,
"min": 0.0,
"min_diff": 0.0,
"std": 0.0,
"std_diff": 0.0
},
"FR_wheel_speed": {
"max": 0.0,
"max_diff": 0.0,
"mean": 0.0,
"mean_diff": 0.0,
"min": 0.0,
"min_diff": 0.0,
"std": 0.0,
"std_diff": 0.0
},
"RL_wheel_speed": {
"max": 0.0,
"max_diff": 0.0,
"mean": 0.0,
"mean_diff": 0.0,
"min": 0.0,
"min_diff": 0.0,
"std": 0.0,
"std_diff": 0.0
},
"RR_wheel_speed": {
"max": 0.0,
"max_diff": 0.0,
"mean": 0.0,
"mean_diff": 0.0,
"min": 0.0,
"min_diff": 0.0,
"std": 0.0,
"std_diff": 0.0
},
"left_solar": {
"max": 0,
"max_diff": 0.0,
"mean": 0.0,
"mean_diff": 0.0,
"min": 0,
"min_diff": 0.0,
"std": 0.0,
"std_diff": 0.0
},
"longitudinal_accel": {
"max": -0.09999999999999964,
"max_diff": 0.15000000000000036,
"mean": -0.3783902691511379,
"mean_diff": 2.5893319523562368e-05,
"min": -0.75,
"min_diff": -0.15000000000000036,
"std": 0.05509869620535518,
"std_diff": 0.025821547344567455
},
"meanEffTorque": {
"max": 0.0,
"max_diff": 0.0,
"mean": 0.0,
"mean_diff": 0.0,
"min": 0.0,
"min_diff": 0.0,
"std": 0.0,
"std_diff": 0.0
},
"odom": {
"max": 96,
"max_diff": 0.0,
"mean": 96.0,
"mean_diff": 0.0,
"min": 96,
"min_diff": 0.0,
"std": 0.0,
"std_diff": 0.0
},
"odom_speed": {
"max": 0.0,
"max_diff": 0.0,
"mean": 0.0,
"mean_diff": 0.0,
"min": 0.0,
"min_diff": 0.0,
"std": 0.0,
"std_diff": 0.0
},
"pedal_cc": {
"max": 0.0,
"max_diff": 0.0,
"mean": 0.0,
"mean_diff": 0.0,
"min": 0.0,
"min_diff": 0.0,
"std": 0.0,
"std_diff": 0.0
},
"regen": {
"max": 0.0,
"max_diff": 0.0,
"mean": 0.0,
"mean_diff": 0.0,
"min": 0.0,
"min_diff": 0.0,
"std": 0.0,
"std_diff": 0.0
},
"requestedTorqueAfterProc": {
"max": -382.5,
"max_diff": 0.0,
"mean": -382.5,
"mean_diff": 0.0,
"min": -382.5,
"min_diff": 0.0,
"std": 0.0,
"std_diff": 0.0
},
"right_solar": {
"max": 0,
"max_diff": 0.0,
"mean": 0.0,
"mean_diff": 0.0,
"min": 0,
"min_diff": 0.0,
"std": 0.0,
"std_diff": 0.0
},
"steer_corrected": {
"max": 9.304123893064034,
"max_diff": 0.599999999999909,
"mean": 6.419444804037169,
"mean_diff": 0.0006732263076124947,
"min": 5.904123893063944,
"min_diff": -0.20000000000027285,
"std": 0.70903168632496,
"std_diff": 0.06630409053342025
},
"steer_offset_can": {
"max": -12.300000000000182,
"max_diff": 0.0,
"mean": -12.300000000000182,
"mean_diff": 0.0,
"min": -12.300000000000182,
"min_diff": 0.0,
"std": 0.0,
"std_diff": 0.0
},
"steer_raw": {
"max": -2.400000000000091,
"max_diff": 0.599999999999909,
"mean": -5.284679089026955,
"mean_diff": 0.0006732263076124947,
"min": -5.800000000000182,
"min_diff": -0.20000000000027285,
"std": 0.70903168632496,
"std_diff": 0.06630409053342025
},
"transversal_accel": {
"max": -0.3919999999999959,
"max_diff": 0.06799999999998363,
"mean": -0.45778881987577374,
"mean_diff": -2.0714655618949245e-06,
"min": -0.4960000000000093,
"min_diff": -0.06399999999999295,
"std": 0.007584234987555357,
"std_diff": 0.004043266244440433
},
"utime": {
"max": 1535657713556783,
"max_diff": 24453.0,
"mean": 1535657703814394.0,
"mean_diff": 10097.057483169343,
"min": 1535657694059365,
"min_diff": 1.0,
"std": 5641961.542248051,
"std_diff": 1590.0451352617424
}
}
},
"ZoeSensors": {
"message_count": 18697,
"message_freq": 958.7541866975458,
"timespan": 19.501349,
"var_stats": {
"brake_sensor": {
"max": 0.6075348258018494,
"max_diff": 0.005053669214248657,
"mean": 0.2711756544758204,
"mean_diff": 1.7878317716900078e-05,
"min": 0.18498192727565765,
"min_diff": -0.0001887679100036621,
"std": 0.15871237030285304,
"std_diff": 0.00018105296546069947
},
"steering_sensor": {
"max": 0.1898459941148758,
"max_diff": 0.0005986839532852173,
"mean": 0.1883510121299716,
"mean_diff": 1.8749193192344473e-08,
"min": 0.1860412061214447,
"min_diff": -0.0005159825086593628,
"std": 0.0002929832955828635,
"std_diff": 0.00010752476281739234
},
"throttle_sensor": {
"max": 0.12822256982326508,
"max_diff": 0.0031397193670272827,
"mean": 0.12350908983888337,
"mean_diff": 5.5045667345522816e-08,
"min": 0.11969300359487534,
"min_diff": -0.002005934715270996,
"std": 0.0005454046394427544,
"std_diff": 0.00036917750638850875
},
"utime": {
"max": 1535657713551530,
"max_diff": 15297.0,
"mean": 1535657703762978.8,
"mean_diff": 1043.0760055626872,
"min": 1535657694050181,
"min_diff": 1.0,
"std": 5633855.660038056,
"std_diff": 653.6905109233653
}
}
}
}