{
"MS_IMU": {
"message_count": 1943,
"message_freq": 99.64180233610026,
"timespan": 19.499848,
"var_stats": {
"linear_accel": {
"max": 11.340371131896973,
"max_diff": 11.31913535296917,
"mean": 3.4276782631370666,
"mean_diff": 4.858232748739894,
"min": -1.41819429397583,
"min_diff": -1.3967952281236649,
"std": 4.550636091366358,
"std_diff": 4.610750758337579
},
"q": {
"max": 0.9708518385887146,
"max_diff": 0.014769143890589476,
"mean": -0.059130992365703745,
"mean_diff": -0.4460253206743632,
"min": -0.9080474972724915,
"min_diff": -0.9720576135441661,
"std": 0.4964912317098616,
"std_diff": 0.3649286219801316
},
"rotation_rate": {
"max": 0.43869248032569885,
"max_diff": 0.435742000117898,
"mean": 0.031000107887856832,
"mean_diff": 0.0460050908819249,
"min": -0.08526308834552765,
"min_diff": -0.1001911461353302,
"std": 0.09263702252940371,
"std_diff": 0.10940204710790245
},
"utime": {
"max": 1537297817456694,
"max_diff": 27951.0,
"mean": 1537297807721305.5,
"mean_diff": 10041.116374871266,
"min": 1537297797956846,
"min_diff": 1053.0,
"std": 5628848.963648431,
"std_diff": 5327.024692548869
}
}
},
"POSE": {
"message_count": 970,
"message_freq": 49.746730165376086,
"timespan": 19.498769,
"var_stats": {
"accel": {
"max": 10.606045706865633,
"max_diff": 10.149373465030086,
"mean": 3.4234095602530035,
"mean_diff": 4.8603907862770335,
"min": -1.296036843420251,
"min_diff": -1.2981433785328023,
"std": 4.5477656104805595,
"std_diff": 4.602127592734104
},
"orientation": {
"max": 0.9999992802544535,
"max_diff": 0.5212931500765936,
"mean": 0.1967919276279016,
"mean_diff": -0.36870177651462,
"min": -0.34274343763881554,
"min_diff": -0.9999992802544535,
"std": 0.4596443595003584,
"std_diff": 0.4442885698825669
},
"pos": {
"max": 1439.0557693595777,
"max_diff": 591.4872411692692,
"mean": 764.3142940999232,
"mean_diff": -432.9953804007399,
"min": 0.0,
"min_diff": -1439.0557693595777,
"std": 587.0038708728662,
"std_diff": 994.0045747092722
},
"rotation_rate": {
"max": 0.43784648180007935,
"max_diff": 0.43472256138920784,
"mean": 0.030946719928186466,
"mean_diff": 0.04597347069024645,
"min": -0.08446897566318512,
"min_diff": -0.09864850714802742,
"std": 0.09265616144302263,
"std_diff": 0.10948581582982106
},
"utime": {
"max": 1537297817455707,
"max_diff": 40650.0,
"mean": 1537297807714167.8,
"mean_diff": 20122.56862745098,
"min": 1537297797956938,
"min_diff": 12688.0,
"std": 5635953.869681819,
"std_diff": 1651.9922368320715
},
"vel": {
"max": 6.1823034330790305,
"max_diff": 0.0,
"mean": 0.8981357598938827,
"mean_diff": -1.3472036398408236,
"min": 0.0,
"min_diff": -6.1823034330790305,
"std": 1.5823487220190384,
"std_diff": 1.7750367136239193
}
}
},
"SteerAngleFeedback": {
"message_count": 1918,
"message_freq": 98.34414204503824,
"timespan": 19.502941,
"var_stats": {
"utime": {
"max": 1537297817457773,
"max_diff": 30721.0,
"mean": 1537297807698428.8,
"mean_diff": 10173.678142931663,
"min": 1537297797954832,
"min_diff": 6853.0,
"std": 5627411.092060773,
"std_diff": 1480.0684119757518
},
"value": {
"max": 4.415754983057626,
"max_diff": 0.04014257279586486,
"mean": 1.1016449956621233,
"mean_diff": 0.00011562692488434228,
"min": 0.010543951023936717,
"min_diff": -0.05235987755982985,
"std": 1.3596706372232126,
"std_diff": 0.009392085596600777
}
}
},
"VEHICLE_MONITOR": {
"message_count": 40,
"message_freq": 2.051328548062474,
"timespan": 19.499558,
"var_stats": null
},
"ZOE_VEH_INFO": {
"message_count": 1943,
"message_freq": 99.65124117082567,
"timespan": 19.498001,
"var_stats": {
"FL_wheel_speed": {
"max": 196.4904,
"max_diff": 4.461899999999986,
"mean": 82.62001899125065,
"mean_diff": 0.013699588053553011,
"min": 17.305500000000002,
"min_diff": -4.461899999999986,
"std": 50.34089107503112,
"std_diff": 0.5058391795942665
},
"FR_wheel_speed": {
"max": 198.6171,
"max_diff": 5.629500000000007,
"mean": 86.82377817807514,
"mean_diff": 0.014086096807415033,
"min": 17.305500000000002,
"min_diff": -6.755400000000009,
"std": 53.39250183728706,
"std_diff": 0.5586813496486336
},
"RL_wheel_speed": {
"max": 195.7815,
"max_diff": 5.087400000000002,
"mean": 81.6412815748842,
"mean_diff": 0.013119824922760029,
"min": 16.8468,
"min_diff": -7.46429999999998,
"std": 49.84763668060694,
"std_diff": 0.5284352886764944
},
"RR_wheel_speed": {
"max": 201.6612,
"max_diff": 4.920600000000007,
"mean": 87.53012424086464,
"mean_diff": 0.014687332646755931,
"min": 17.0553,
"min_diff": -3.0441000000000145,
"std": 53.7582047846334,
"std_diff": 0.5243838279894223
},
"left_solar": {
"max": 0,
"max_diff": 0.0,
"mean": 0.0,
"mean_diff": 0.0,
"min": 0,
"min_diff": 0.0,
"std": 0.0,
"std_diff": 0.0
},
"longitudinal_accel": {
"max": 1.700000000000001,
"max_diff": 0.5500000000000007,
"mean": -0.004940813175501228,
"mean_diff": 0.0004376930998970132,
"min": -1.3499999999999996,
"min_diff": -0.40000000000000036,
"std": 0.7948488199165005,
"std_diff": 0.05254652178823783
},
"meanEffTorque": {
"max": 113.5,
"max_diff": 2.5,
"mean": 18.992794647452392,
"mean_diff": 0.03347064881565397,
"min": -68.5,
"min_diff": -2.5,
"std": 45.35745203983113,
"std_diff": 0.5274759710298604
},
"odom": {
"max": 120,
"max_diff": 64.0,
"mean": 59.20123520329388,
"mean_diff": 0.03913491246138002,
"min": 0,
"min_diff": -112.0,
"std": 34.64761446891805,
"std_diff": 14.90617801520341
},
"odom_speed": {
"max": 22.0,
"max_diff": 1.0,
"mean": 9.215131240349974,
"mean_diff": 0.001544799176107106,
"min": 1.0,
"min_diff": -1.0,
"std": 5.862732212645114,
"std_diff": 0.1620469055222169
},
"pedal_cc": {
"max": 413.0,
"max_diff": 35.0,
"mean": 106.48739063304168,
"mean_diff": 0.09732234809474768,
"min": 0.0,
"min_diff": -26.0,
"std": 133.02297318621828,
"std_diff": 2.6533896938172226
},
"regen": {
"max": 52.0,
"max_diff": 1.0,
"mean": 8.25681935151827,
"mean_diff": -0.026261585993820804,
"min": 0.0,
"min_diff": -1.0,
"std": 16.73299825629537,
"std_diff": 0.18387725262834403
},
"requestedTorqueAfterProc": {
"max": -272.5,
"max_diff": 125.5,
"mean": -345.45265054040146,
"mean_diff": -0.03604531410916581,
"min": -398.5,
"min_diff": -126.0,
"std": 41.06867667372784,
"std_diff": 5.025013479341681
},
"right_solar": {
"max": 0,
"max_diff": 0.0,
"mean": 0.0,
"mean_diff": 0.0,
"min": 0,
"min_diff": 0.0,
"std": 0.0,
"std_diff": 0.0
},
"steer_corrected": {
"max": 253.0041238930643,
"max_diff": 2.299999999999727,
"mean": 63.23701118076357,
"mean_diff": 0.006745623069000983,
"min": 0.6041238930642168,
"min_diff": -1.800000000000182,
"std": 78.04845469804388,
"std_diff": 0.5293164627939059
},
"steer_offset_can": {
"max": -12.300000000000182,
"max_diff": 0.0,
"mean": -12.300000000000182,
"mean_diff": 0.0,
"min": -12.300000000000182,
"min_diff": 0.0,
"std": 0.0,
"std_diff": 0.0
},
"steer_raw": {
"max": 241.30000000000018,
"max_diff": 2.299999999999727,
"mean": 51.53288728769942,
"mean_diff": 0.006745623069000983,
"min": -11.099999999999909,
"min_diff": -1.800000000000182,
"std": 78.04845469804388,
"std_diff": 0.5293164627939059
},
"transversal_accel": {
"max": -0.27600000000001046,
"max_diff": 0.0519999999999925,
"mean": -0.4560720535254739,
"mean_diff": 3.089598352214329e-05,
"min": -0.5759999999999934,
"min_diff": -0.0519999999999925,
"std": 0.061522851043057866,
"std_diff": 0.0058788904002631025
},
"utime": {
"max": 1537297817457825,
"max_diff": 21062.0,
"mean": 1537297807710422.8,
"mean_diff": 10040.165293511844,
"min": 1537297797959824,
"min_diff": 1967.0,
"std": 5628604.635580685,
"std_diff": 1578.3678728645712
}
}
},
"ZoeSensors": {
"message_count": 18690,
"message_freq": 958.4666502836733,
"timespan": 19.499896,
"var_stats": {
"brake_sensor": {
"max": 0.347749799489975,
"max_diff": 0.0007634609937667847,
"mean": 0.2347522198691478,
"mean_diff": -1.267623260957713e-07,
"min": 0.18482472002506256,
"min_diff": -0.0022834986448287964,
"std": 0.05962436825370586,
"std_diff": 9.800443141708957e-05
},
"steering_sensor": {
"max": 0.22226160764694214,
"max_diff": 0.0008428841829299927,
"mean": 0.217264714876141,
"mean_diff": -1.0010623850238936e-07,