{
"MS_IMU": {
"message_count": 1946,
"message_freq": 99.7957725156904,
"timespan": 19.499824,
"var_stats": {
"linear_accel": {
"max": 9.97748851776123,
"max_diff": 9.841214269399643,
"mean": 3.2577456132971125,
"mean_diff": 4.985331121288462,
"min": -0.24371513724327087,
"min_diff": 0.212569460272789,
"std": 4.6285688392100015,
"std_diff": 4.673722094871473
},
"q": {
"max": 0.8743854761123657,
"max_diff": 0.474993197247386,
"mean": 0.343175436046762,
"mean_diff": -0.12954748636567867,
"min": 0.001994824269786477,
"min_diff": -0.872368955751881,
"std": 0.36363530736010524,
"std_diff": 0.5583942317752875
},
"rotation_rate": {
"max": 0.004778833594173193,
"max_diff": 0.004851064761169255,
"mean": -6.885898607577061e-05,
"mean_diff": -7.474116946919757e-05,
"min": -0.004701784811913967,
"min_diff": -0.006559677654877305,
"std": 0.0009224823796089836,
"std_diff": 0.001365114450206139
},
"utime": {
"max": 1535729217949426,
"max_diff": 22099.0,
"mean": 1535729208198331.0,
"mean_diff": 10025.61645244216,
"min": 1535729198449602,
"min_diff": 2000.0,
"std": 5629271.402224743,
"std_diff": 4873.920972714271
}
}
},
"POSE": {
"message_count": 972,
"message_freq": 49.84829348828973,
"timespan": 19.499163,
"var_stats": {
"accel": {
"max": 9.82279724087033,
"max_diff": 9.684163856497497,
"mean": 3.2576804390919274,
"mean_diff": 4.985321275060134,
"min": -0.1832519563593206,
"min_diff": 0.2903358632764299,
"std": 4.628458300647018,
"std_diff": 4.673485054250729
},
"orientation": {
"max": 0.9628000405081508,
"max_diff": 0.9628000405081508,
"mean": 0.30826827393570333,
"mean_diff": 0.23082719339713642,
"min": 0.0,
"min_diff": -0.27035083248749714,
"std": 0.3936631444327779,
"std_diff": 0.5291995277036199
},
"pos": {
"max": 1620.2327917956518,
"max_diff": 1188.648880685813,
"mean": 683.9388989356537,
"mean_diff": -215.79195439849812,
"min": 0.0,
"min_diff": -1620.2327917956518,
"std": 685.103813360451,
"std_diff": 1404.4408336114668
},
"rotation_rate": {
"max": 0.003959721885621548,
"max_diff": 0.004851064761169255,
"mean": -5.978887007388624e-05,
"mean_diff": -9.825748074234314e-05,
"min": -0.004489012528210878,
"min_diff": -0.005136343650519848,
"std": 0.0008998456257907244,
"std_diff": 0.0013222098058581985
},
"utime": {
"max": 1535729217955539,
"max_diff": 39963.0,
"mean": 1535729208199667.2,
"mean_diff": 20081.527291452112,
"min": 1535729198456376,
"min_diff": 17629.0,
"std": 5639291.337256592,
"std_diff": 1338.4901041990952
},
"vel": {
"max": 2.1800034267811283e-204,
"max_diff": 0.0,
"mean": 2.2178151509606628e-207,
"mean_diff": -3.3267227264409935e-207,
"min": 0.0,
"min_diff": -2.1800034267811283e-204,
"std": 0.0,
"std_diff": 0.0
}
}
},
"SteerAngleFeedback": {
"message_count": 1934,
"message_freq": 99.16022467020252,
"timespan": 19.503788,
"var_stats": {
"utime": {
"max": 1535729217952396,
"max_diff": 30115.0,
"mean": 1535729208215812.5,
"mean_diff": 10089.905845835488,
"min": 1535729198448608,
"min_diff": 5357.0,
"std": 5642022.3319226615,
"std_diff": 1132.18643818686
},
"value": {
"max": 0.0018173047639650688,
"max_diff": 0.0017453292519927412,
"mean": 9.273175436934567e-05,
"mean_diff": 0.0,
"min": 7.197551197232754e-05,
"min_diff": -0.0017453292519927412,
"std": 0.0001891973980226047,
"std_diff": 0.0002692404801701462
}
}
},
"VEHICLE_MONITOR": {
"message_count": 40,
"message_freq": 2.051312978770039,
"timespan": 19.499706,
"var_stats": {
"available_distance": {
"max": 41,
"max_diff": 0.0,
"mean": 41.0,
"mean_diff": 0.0,
"min": 41,
"min_diff": 0.0,
"std": 0.0,
"std_diff": 0.0
},
"battery_level": {
"max": 42,
"max_diff": 0.0,
"mean": 42.0,
"mean_diff": 0.0,
"min": 42,
"min_diff": 0.0,
"std": 0.0,
"std_diff": 0.0
},
"brake": {
"max": 45,
"max_diff": 11.0,
"mean": 31.15,
"mean_diff": -0.05128205128205128,
"min": 26,
"min_diff": -10.0,
"std": 6.872226713373184,
"std_diff": 2.698040294967365
},
"brake_switch": {
"max": 4,
"max_diff": 0.0,
"mean": 4.0,
"mean_diff": 0.0,
"min": 4,
"min_diff": 0.0,
"std": 0.0,
"std_diff": 0.0
},
"gear_position": {
"max": 7,
"max_diff": 0.0,
"mean": 7.0,
"mean_diff": 0.0,
"min": 7,
"min_diff": 0.0,
"std": 0.0,
"std_diff": 0.0
},
"left_signal": {
"max": 0,
"max_diff": 0.0,
"mean": 0.0,
"mean_diff": 0.0,
"min": 0,
"min_diff": 0.0,
"std": 0.0,
"std_diff": 0.0
},
"rear_left_rpm": {
"max": 0.0,
"max_diff": 0.0,
"mean": 0.0,
"mean_diff": 0.0,
"min": 0.0,
"min_diff": 0.0,
"std": 0.0,
"std_diff": 0.0
},
"rear_right_rpm": {
"max": 0.0,
"max_diff": 0.0,
"mean": 0.0,
"mean_diff": 0.0,
"min": 0.0,
"min_diff": 0.0,
"std": 0.0,
"std_diff": 0.0
},
"right_signal": {
"max": 1,
"max_diff": 1.0,
"mean": 0.525,
"mean_diff": 0.0,
"min": 0,
"min_diff": -1.0,
"std": 0.4993746088859545,
"std_diff": 0.7161148740394329
},
"steering": {
"max": 0.6000000000003638,
"max_diff": 0.0,
"mean": 0.6000000000003638,
"mean_diff": 0.0,
"min": 0.6000000000003638,
"min_diff": 0.0,
"std": 0.0,
"std_diff": 0.0
},
"steering_speed": {
"max": 1.8118839761882555e-13,
"max_diff": 2.0,
"mean": -0.09999999999981882,
"mean_diff": 0.0,
"min": -1.9999999999998188,
"min_diff": -2.0,
"std": 0.43588989435406733,
"std_diff": 0.6405126152203485
},
"throttle": {
"max": 0,
"max_diff": 0.0,
"mean": 0.0,
"mean_diff": 0.0,
"min": 0,
"min_diff": 0.0,
"std": 0.0,
"std_diff": 0.0
},
"utime": {
"max": 1535729218208239,
"max_diff": 501157.0,
"mean": 1535729208458433.2,
"mean_diff": 499992.46153846156,
"min": 1535729198708533,
"min_diff": 499114.0,
"std": 5771541.031864211,
"std_diff": 411.1886363635992
},
"vehicle_speed": {
"max": 0.0,
"max_diff": 0.0,
"mean": 0.0,
"mean_diff": 0.0,
"min": 0.0,
"min_diff": 0.0,
"std": 0.0,
"std_diff": 0.0
},
"yaw_rate": {
"max": 2.842170943040401e-14,
"max_diff": 0.10000000000002274,
"mean": -0.13749999999997584,
"mean_diff": 0.002564102564103147,
"min": -0.19999999999998863,
"min_diff": -0.20000000000001705,
"std": 0.05782516753111166,
"std_diff": 0.08002300786835843
}
}
},
"ZOE_VEH_INFO": {
"message_count": 1947,
"message_freq": 99.8707374122861,
"timespan": 19.4952,
"var_stats": {
"FL_wheel_speed": {
"max": 0.0,
"max_diff": 0.0,
"mean": 0.0,
"mean_diff": 0.0,
"min": 0.0,
"min_diff": 0.0,
"std": 0.0,
"std_diff": 0.0
},
"FR_wheel_speed": {
"max": 0.0,
"max_diff": 0.0,
"mean": 0.0,
"mean_diff": 0.0,
"min": 0.0,
"min_diff": 0.0,
"std": 0.0,
"std_diff": 0.0
},
"RL_wheel_speed": {
"max": 0.0,
"max_diff": 0.0,
"mean": 0.0,
"mean_diff": 0.0,
"min": 0.0,
"min_diff": 0.0,
"std": 0.0,
"std_diff": 0.0
},
"RR_wheel_speed": {
"max": 0.0,
"max_diff": 0.0,
"mean": 0.0,
"mean_diff": 0.0,
"min": 0.0,
"min_diff": 0.0,
"std": 0.0,
"std_diff": 0.0
},
"left_solar": {
"max": 0,
"max_diff": 0.0,
"mean": 0.0,
"mean_diff": 0.0,
"min": 0,
"min_diff": 0.0,
"std": 0.0,
"std_diff": 0.0
},
"longitudinal_accel": {
"max": -0.14999999999999858,
"max_diff": 0.10000000000000142,
"mean": -0.17108371854134452,
"mean_diff": 2.569373072970232e-05,
"min": -0.25,
"min_diff": -0.05000000000000071,
"std": 0.025001421160199756,
"std_diff": 0.020621119838863763
},
"meanEffTorque": {
"max": 0.0,
"max_diff": 0.0,
"mean": 0.0,
"mean_diff": 0.0,
"min": 0.0,
"min_diff": 0.0,
"std": 0.0,
"std_diff": 0.0
},
"odom": {
"max": 60,
"max_diff": 0.0,
"mean": 60.0,
"mean_diff": 0.0,
"min": 60,
"min_diff": 0.0,
"std": 0.0,
"std_diff": 0.0
},
"odom_speed": {
"max": 0.0,
"max_diff": 0.0,
"mean": 0.0,
"mean_diff": 0.0,
"min": 0.0,
"min_diff": 0.0,
"std": 0.0,
"std_diff": 0.0
},
"pedal_cc": {
"max": 0.0,
"max_diff": 0.0,
"mean": 0.0,
"mean_diff": 0.0,
"min": 0.0,
"min_diff": 0.0,
"std": 0.0,
"std_diff": 0.0
},
"regen": {
"max": 0.0,
"max_diff": 0.0,
"mean": 0.0,
"mean_diff": 0.0,
"min": 0.0,
"min_diff": 0.0,
"std": 0.0,
"std_diff": 0.0
},
"requestedTorqueAfterProc": {
"max": -382.5,
"max_diff": 0.0,
"mean": -382.5,
"mean_diff": 0.0,
"min": -382.5,
"min_diff": 0.0,
"std": 0.0,
"std_diff": 0.0
},
"right_solar": {
"max": 0,
"max_diff": 0.0,
"mean": 0.0,
"mean_diff": 0.0,
"min": 0,
"min_diff": 0.0,
"std": 0.0,
"std_diff": 0.0
},
"steer_corrected": {
"max": 0.10412389306421677,
"max_diff": 0.09999999999990905,