{
"MS_IMU": {
"message_count": 1986,
"message_freq": 99.7980120396804,
"timespan": 19.900196,
"var_stats": {
"linear_accel": {
"max": 13.633699417114258,
"max_diff": 14.121348857879639,
"mean": 3.2140633393481877,
"mean_diff": 4.916391995756049,
"min": -1.451095461845398,
"min_diff": -2.0105005502700806,
"std": 4.694298008866947,
"std_diff": 5.086987422560909
},
"q": {
"max": 0.30297136306762695,
"max_diff": 0.9777751434594393,
"mean": -0.16507868645357737,
"mean_diff": 0.41712974340033715,
"min": -0.9570823907852173,
"min_diff": -0.0315872710198164,
"std": 0.4719629689828718,
"std_diff": 0.4056205732390047
},
"rotation_rate": {
"max": 0.17848654091358185,
"max_diff": 0.16604503197595477,
"mean": -0.0004094964378360007,
"mean_diff": -0.00011882855806001489,
"min": -0.15241985023021698,
"min_diff": -0.23117174208164215,
"std": 0.02978019807401664,
"std_diff": 0.044803507324045186
},
"utime": {
"max": 1538033732721877,
"max_diff": 28985.0,
"mean": 1538033722762370.2,
"mean_diff": 10025.28765743073,
"min": 1538033712821681,
"min_diff": 1913.0,
"std": 5744829.068983838,
"std_diff": 5352.713413026026
}
}
},
"POSE": {
"message_count": 994,
"message_freq": 49.9456276019838,
"timespan": 19.901642,
"var_stats": {
"accel": {
"max": 11.438208135373301,
"max_diff": 11.659010074606153,
"mean": 3.212147019288894,
"mean_diff": 4.915715229868088,
"min": -0.8551710633478943,
"min_diff": -1.1823085287823325,
"std": 4.675685999005141,
"std_diff": 5.0567727800298155
},
"orientation": {
"max": 0.8872221038476706,
"max_diff": 0.47611696995077085,
"mean": 0.3379222758447744,
"mean_diff": -0.13860851774943952,
"min": 0.0,
"min_diff": -0.8872221038476706,
"std": 0.3685220963360111,
"std_diff": 0.5604649963562726
},
"pos": {
"max": 2533.5216834046823,
"max_diff": 1578.4790046496714,
"mean": 1102.907281526043,
"mean_diff": -440.89107463735473,
"min": 0.0,
"min_diff": -2533.5216834046823,
"std": 1003.9431489204669,
"std_diff": 1986.5493740571683
},
"rotation_rate": {
"max": 0.17848654091358185,
"max_diff": 0.16604503197595477,
"mean": -0.0005063581183363362,
"mean_diff": -2.9539415383763223e-05,
"min": -0.14114227890968323,
"min_diff": -0.23117174208164215,
"std": 0.02964600605284289,
"std_diff": 0.044562799016054436
},
"utime": {
"max": 1538033732707231,
"max_diff": 40973.0,
"mean": 1538033722762396.2,
"mean_diff": 20041.935548841895,
"min": 1538033712805589,
"min_diff": 12755.0,
"std": 5753214.205521178,
"std_diff": 1124.1203072318565
},
"vel": {
"max": 13.453614117040908,
"max_diff": 0.0,
"mean": 4.173058344966206,
"mean_diff": -6.259587517449308,
"min": 0.0,
"min_diff": -13.453614117040908,
"std": 5.909507256052485,
"std_diff": 6.270773640559543
}
}
},
"SteerAngleFeedback": {
"message_count": 1973,
"message_freq": 99.17545636166821,
"timespan": 19.894035,
"var_stats": {
"utime": {
"max": 1538033732700707,
"max_diff": 30727.0,
"mean": 1538033722787887.0,
"mean_diff": 10088.253042596349,
"min": 1538033712806672,
"min_diff": 4892.0,
"std": 5741321.528752138,
"std_diff": 1164.9713432502067
},
"value": {
"max": 0.11693705988361691,
"max_diff": 0.010471975511964392,
"mean": 0.01899781602423921,
"mean_diff": 6.195387811341324e-06,
"min": -0.06981317007977318,
"min_diff": -0.008726646259971646,
"std": 0.02817556492173509,
"std_diff": 0.0014241382987424927
}
}
},
"VEHICLE_MONITOR": {
"message_count": 41,
"message_freq": 2.0500143501004504,
"timespan": 19.99986,
"var_stats": {
"available_distance": {
"max": 103,
"max_diff": 0.0,
"mean": 103.0,
"mean_diff": 0.0,
"min": 103,
"min_diff": 0.0,
"std": 0.0,
"std_diff": 0.0
},
"battery_level": {
"max": 94,
"max_diff": 0.0,
"mean": 94.0,
"mean_diff": 0.0,
"min": 94,
"min_diff": 0.0,
"std": 0.0,
"std_diff": 0.0
},
"brake": {
"max": 0,
"max_diff": 0.0,
"mean": 0.0,
"mean_diff": 0.0,
"min": 0,
"min_diff": 0.0,
"std": 0.0,
"std_diff": 0.0
},
"brake_switch": {
"max": 1,
"max_diff": 0.0,
"mean": 1.0,
"mean_diff": 0.0,
"min": 1,
"min_diff": 0.0,
"std": 0.0,
"std_diff": 0.0
},
"gear_position": {
"max": 7,
"max_diff": 0.0,
"mean": 7.0,
"mean_diff": 0.0,
"min": 7,
"min_diff": 0.0,
"std": 0.0,
"std_diff": 0.0
},
"left_signal": {
"max": 0,
"max_diff": 0.0,
"mean": 0.0,
"mean_diff": 0.0,
"min": 0,
"min_diff": 0.0,
"std": 0.0,
"std_diff": 0.0
},
"rear_left_rpm": {
"max": 425.4651,
"max_diff": 10.550100000000043,
"mean": 396.4164731707317,
"mean_diff": 1.1165175000000005,
"min": 375.717,
"min_diff": -7.714499999999987,
"std": 16.92737620417213,
"std_diff": 4.336664548064994
},
"rear_right_rpm": {
"max": 425.6736,
"max_diff": 8.173200000000008,
"mean": 396.68599756097564,
"mean_diff": 1.1269424999999997,
"min": 376.88460000000003,
"min_diff": -8.173200000000008,
"std": 16.790738900510483,
"std_diff": 4.062920766572216
},
"right_signal": {
"max": 0,
"max_diff": 0.0,
"mean": 0.0,
"mean_diff": 0.0,
"min": 0,
"min_diff": 0.0,
"std": 0.0,
"std_diff": 0.0
},
"steering": {
"max": 6.699999999999818,
"max_diff": 5.800000000000182,
"mean": 1.0219512195119755,
"mean_diff": -0.0024999999999977263,
"min": -1.2000000000002728,
"min_diff": -2.599999999999909,
"std": 1.5309031600415968,
"std_diff": 1.459364159488654
},
"steering_speed": {
"max": 37.80000000000037,
"max_diff": 37.80000000000018,
"mean": 0.5121951219514229,
"mean_diff": 0.0,
"min": -15.999999999999819,
"min_diff": -37.80000000000018,
"std": 7.235690508352302,
"std_diff": 10.496928122074625
},
"throttle": {
"max": 242,
"max_diff": 174.0,
"mean": 77.73170731707317,
"mean_diff": 1.075,
"min": 0,
"min_diff": -96.0,
"std": 69.05424675315808,
"std_diff": 55.02925926268679
},
"utime": {
"max": 1538033733021197,
"max_diff": 500516.0,
"mean": 1538033723021153.2,
"mean_diff": 499996.5,
"min": 1538033713021337,
"min_diff": 499289.0,
"std": 5916033.293372466,
"std_diff": 304.61680846598074
},
"vehicle_speed": {
"max": 48.480000000000004,
"max_diff": 0.9499999999999957,
"mean": 45.16195121951219,
"mean_diff": 0.13125,
"min": 42.82,
"min_diff": -0.9200000000000017,
"std": 1.9664927545551811,
"std_diff": 0.41312339258386177
},
"yaw_rate": {
"max": 1.0000000000000284,
"max_diff": 1.0999999999999943,
"mean": -0.18292682926826911,
"mean_diff": -0.004999999999999716,
"min": -1.299999999999983,
"min_diff": -1.200000000000017,
"std": 0.3999405071759941,
"std_diff": 0.4641928478552838
}
}
},
"ZOE_VEH_INFO": {
"message_count": 1988,
"message_freq": 99.88592504817436,
"timespan": 19.902704,
"var_stats": {
"FL_wheel_speed": {
"max": 427.3416,
"max_diff": 8.673599999999965,
"mean": 397.1616235412475,
"mean_diff": 0.023861550075490706,
"min": 374.5077,
"min_diff": -7.923000000000002,
"std": 16.93611168089077,
"std_diff": 0.9255042540632055
},
"FR_wheel_speed": {
"max": 426.8412,
"max_diff": 7.46429999999998,
"mean": 396.6931697686117,
"mean_diff": 0.023735631605435317,
"min": 373.1316,
"min_diff": -7.46429999999998,
"std": 16.96968424050611,
"std_diff": 0.9563688976610062
},
"RL_wheel_speed": {
"max": 425.6736,
"max_diff": 11.425799999999981,
"mean": 395.7363351609658,
"mean_diff": 0.02386155007549068,
"min": 373.5903,
"min_diff": -7.255800000000022,
"std": 16.675707847669948,
"std_diff": 1.2122220429942283
},
"RR_wheel_speed": {
"max": 426.17400000000004,
"max_diff": 11.675999999999988,
"mean": 395.8122467806841,
"mean_diff": 0.023168998490186197,
"min": 363.7908,
"min_diff": -14.928600000000017,
"std": 16.708602491923838,
"std_diff": 1.4606159320372836
},
"left_solar": {
"max": 0,
"max_diff": 112.0,
"mean": -33.183098591549296,
"mean_diff": 0.0,
"min": -112,
"min_diff": -112.0,
"std": 51.140874162621046,
"std_diff": 13.295298880434412
},
"longitudinal_accel": {
"max": 1.0500000000000007,
"max_diff": 0.9000000000000004,
"mean": 0.05726861167002079,
"mean_diff": 0.00015098137896326066,
"min": -1.049999999999999,
"min_diff": -1.0,
"std": 0.3612084767314578,
"std_diff": 0.1365141460850184
},
"meanEffTorque": {
"max": 52.0,
"max_diff": 9.0,
"mean": 8.165744466800804,
"mean_diff": 0.007045797684952189,
"min": -25.5,
"min_diff": -2.5,
"std": 19.55447734161455,
"std_diff": 0.7272471755666073
},
"odom": {
"max": 124,
"max_diff": 0.0,