{
"MS_IMU": {
"message_count": 1974,
"message_freq": 99.6961590362826,
"timespan": 19.800161,
"var_stats": {
"linear_accel": {
"max": 14.174890518188477,
"max_diff": 14.022777408361435,
"mean": 3.1774063363482483,
"mean_diff": 4.880876162776267,
"min": -2.7713356018066406,
"min_diff": -3.0124510526657104,
"std": 4.718846022772241,
"std_diff": 5.223911805039757
},
"q": {
"max": 0.04333306849002838,
"max_diff": 0.298933669924736,
"mean": -0.2986863782854424,
"mean_diff": -0.24223218585985087,
"min": -0.9807271957397461,
"min_diff": -1.0096784010529518,
"std": 0.4009818744446159,
"std_diff": 0.5325025854292156
},
"rotation_rate": {
"max": 0.26000094413757324,
"max_diff": 0.30309757124632597,
"mean": 0.0013823228771244506,
"mean_diff": -0.000901759349720491,
"min": -0.3134571313858032,
"min_diff": -0.30070776771754026,
"std": 0.046761822641618295,
"std_diff": 0.07508116122491283
},
"utime": {
"max": 1537297653720315,
"max_diff": 25019.0,
"mean": 1537297643805304.5,
"mean_diff": 10035.560567663457,
"min": 1537297633920154,
"min_diff": 1954.0,
"std": 5723822.9635682255,
"std_diff": 5299.259670965409
}
}
},
"POSE": {
"message_count": 988,
"message_freq": 49.89953677775155,
"timespan": 19.799783,
"var_stats": {
"accel": {
"max": 11.3389608203245,
"max_diff": 11.472501423206646,
"mean": 3.1789308987166174,
"mean_diff": 4.876588994531654,
"min": -1.2013585688017123,
"min_diff": -1.9481615902747156,
"std": 4.684111277400311,
"std_diff": 5.180245280604702
},
"orientation": {
"max": 0.5546727491476593,
"max_diff": 0.0,
"mean": -0.08688188815425929,
"mean_diff": -0.45684221961622584,
"min": -0.8708583146739356,
"min_diff": -0.8708583146739356,
"std": 0.49239368142854023,
"std_diff": 0.35302764723099717
},
"pos": {
"max": 1884.4797790909818,
"max_diff": 1071.3901245286793,
"mean": 869.947926827537,
"mean_diff": -390.7268408518995,
"min": 0.0,
"min_diff": -1884.4797790909818,
"std": 749.3583561920047,
"std_diff": 1437.8858048504212
},
"rotation_rate": {
"max": 0.2520950734615326,
"max_diff": 0.30309757124632597,
"mean": 0.0013443202755755964,
"mean_diff": -0.0009594631388302291,
"min": -0.3134571313858032,
"min_diff": -0.30070776771754026,
"std": 0.0464136625946377,
"std_diff": 0.07417604642697728
},
"utime": {
"max": 1537297653701643,
"max_diff": 40259.0,
"mean": 1537297643790792.0,
"mean_diff": 20060.5704154002,
"min": 1537297633901860,
"min_diff": 13374.0,
"std": 5718004.163934284,
"std_diff": 1263.1414361008283
},
"vel": {
"max": 7.645554165772439,
"max_diff": 0.0,
"mean": 2.1218028872029415,
"mean_diff": -3.182704330804412,
"min": 0.0,
"min_diff": -7.645554165772439,
"std": 3.0166248313690556,
"std_diff": 3.205230481687943
}
}
},
"SteerAngleFeedback": {
"message_count": 1958,
"message_freq": 98.92399691547097,
"timespan": 19.792973,
"var_stats": {
"utime": {
"max": 1537297653698042,
"max_diff": 30568.0,
"mean": 1537297643807173.0,
"mean_diff": 10113.936126724579,
"min": 1537297633905069,
"min_diff": 3515.0,
"std": 5711783.482181059,
"std_diff": 1267.629605229012
},
"value": {
"max": 0.2391820830351923,
"max_diff": 0.012217304763965067,
"mean": -0.020051902523283188,
"mean_diff": 1.2485748353562627e-05,
"min": -0.4118257279586958,
"min_diff": -0.00872664625997166,
"std": 0.15766929402680652,
"std_diff": 0.0028268687885010173
}
}
},
"VEHICLE_MONITOR": {
"message_count": 41,
"message_freq": 2.050060066759956,
"timespan": 19.999414,
"var_stats": null
},
"ZOE_VEH_INFO": {
"message_count": 1976,
"message_freq": 99.7933782144288,
"timespan": 19.800913,
"var_stats": {
"FL_wheel_speed": {
"max": 242.7774,
"max_diff": 12.551700000000011,
"mean": 201.3412748987854,
"mean_diff": 0.021768455696202525,
"min": 160.25310000000002,
"min_diff": -13.302300000000002,
"std": 16.700244173195486,
"std_diff": 1.6987743719539357
},
"FR_wheel_speed": {
"max": 241.8183,
"max_diff": 18.9735,
"mean": 201.37862763157895,
"mean_diff": 0.019424810126582266,
"min": 160.25310000000002,
"min_diff": -24.31110000000001,
"std": 16.9424196966112,
"std_diff": 1.805630405063078
},
"RL_wheel_speed": {
"max": 242.3187,
"max_diff": 20.558099999999996,
"mean": 200.76730900809716,
"mean_diff": 0.02096612658227849,
"min": 160.5033,
"min_diff": -14.928600000000017,
"std": 16.714403475347552,
"std_diff": 1.5498106708614063
},
"RR_wheel_speed": {
"max": 245.7798,
"max_diff": 10.508399999999995,
"mean": 204.58260576923078,
"mean_diff": 0.020586075949367087,
"min": 163.2972,
"min_diff": -16.554900000000004,
"std": 17.275807630249467,
"std_diff": 1.3464013135983213
},
"left_solar": {
"max": 0,
"max_diff": 0.0,
"mean": 0.0,
"mean_diff": 0.0,
"min": 0,
"min_diff": 0.0,
"std": 0.0,
"std_diff": 0.0
},
"longitudinal_accel": {
"max": 1.8500000000000014,
"max_diff": 2.3000000000000007,
"mean": 0.020774291497976376,
"mean_diff": -0.0007848101265822789,
"min": -1.5,
"min_diff": -1.6500000000000004,
"std": 0.547070647343857,
"std_diff": 0.21462511743756965
},
"meanEffTorque": {
"max": 88.5,
"max_diff": 3.5,
"mean": 10.243674089068826,
"mean_diff": -0.04227848101265823,
"min": -27.5,
"min_diff": -3.5,
"std": 28.448426424948803,
"std_diff": 0.5526551546097078
},
"odom": {
"max": 120,
"max_diff": 76.0,
"mean": 56.512145748987855,
"mean_diff": 0.026329113924050632,
"min": 4,
"min_diff": -68.0,
"std": 34.53363164842296,
"std_diff": 18.933362569025213
},
"odom_speed": {
"max": 27.0,
"max_diff": 1.0,
"mean": 22.405870445344128,
"mean_diff": 0.002531645569620253,
"min": 18.0,
"min_diff": -1.0,
"std": 1.9792051402682274,
"std_diff": 0.10788494051981021
},
"pedal_cc": {
"max": 380.0,
"max_diff": 28.0,
"mean": 112.76113360323886,
"mean_diff": -0.1362025316455696,
"min": 0.0,
"min_diff": -24.0,
"std": 102.59881495165611,
"std_diff": 3.4133291606554637
},
"regen": {
"max": 55.0,
"max_diff": 1.0,
"mean": 12.393218623481781,
"mean_diff": 0.02481012658227848,
"min": 0.0,
"min_diff": -6.0,
"std": 19.361982621027764,
"std_diff": 0.5110348417844967
},
"requestedTorqueAfterProc": {
"max": -273.0,
"max_diff": 125.5,
"mean": -333.9908906882591,
"mean_diff": 0.022025316455696203,
"min": -398.5,
"min_diff": -125.5,
"std": 41.08054591960565,
"std_diff": 7.443790782561593
},
"right_solar": {
"max": 0,
"max_diff": 0.0,
"mean": 0.0,
"mean_diff": 0.0,
"min": 0,
"min_diff": 0.0,
"std": 0.0,
"std_diff": 0.0
},
"steer_corrected": {
"max": 13.704123893064125,
"max_diff": 0.7000000000002728,
"mean": -1.1416250947901285,
"mean_diff": 0.000658227848101358,
"min": -23.595876106936057,
"min_diff": -0.5,
"std": 9.00142938186764,
"std_diff": 0.16280631391326472
},
"steer_offset_can": {
"max": -12.300000000000182,
"max_diff": 0.0,
"mean": -12.300000000000182,
"mean_diff": 0.0,
"min": -12.300000000000182,
"min_diff": 0.0,
"std": 0.0,
"std_diff": 0.0
},
"steer_raw": {
"max": 2.0,
"max_diff": 0.7000000000002728,
"mean": -12.845748987854254,
"mean_diff": 0.000658227848101358,
"min": -35.30000000000018,
"min_diff": -0.5,
"std": 9.00142938186764,
"std_diff": 0.16280631391326472
},
"transversal_accel": {
"max": -0.36000000000001364,
"max_diff": 0.18000000000000682,
"mean": -0.5192793522267204,
"mean_diff": 5.063291139241657e-05,
"min": -0.6839999999999975,
"min_diff": -0.1279999999999859,
"std": 0.04744703950169361,
"std_diff": 0.019149867788272316
},
"utime": {
"max": 1537297653703892,
"max_diff": 21512.0,
"mean": 1537297643804471.5,
"mean_diff": 10025.778734177215,
"min": 1537297633902979,
"min_diff": 2.0,
"std": 5719842.053598379,
"std_diff": 1621.0751519459625
}
}
},
"ZoeSensors": {
"message_count": 19032,
"message_freq": 961.1406667140706,
"timespan": 19.801472,
"var_stats": {
"brake_sensor": {
"max": 0.25115594267845154,
"max_diff": 0.0006850659847259521,
"mean": 0.18869770728693683,
"mean_diff": 3.3581200804075724e-06,
"min": 0.18482331931591034,
"min_diff": -0.0019995570182800293,
"std": 0.01319735418157501,
"std_diff": 5.98875340374081e-05
},
"steering_sensor": {
"max": 0.2199377715587616,
"max_diff": 0.0008310824632644653,
"mean": 0.21705387209742924,
"mean_diff": 7.036768201834317e-09,
"min": 0.21558548510074615,
"min_diff": -0.0008547008037567139,