{
"MS_IMU": {
"message_count": 1956,
"message_freq": 100.12142538102704,
"timespan": 19.536278,
"var_stats": {
"linear_accel": {
"max": 12.749862670898438,
"max_diff": 12.13047394156456,
"mean": 3.5495867549482663,
"mean_diff": 4.578340679563024,
"min": -0.772499680519104,
"min_diff": -2.528946101665497,
"std": 4.439376771933214,
"std_diff": 5.018391423962463
},
"q": {
"max": 0.3996984362602234,
"max_diff": 0.935455746948719,
"mean": -0.13933711499118231,
"mean_diff": 0.4319057595632315,
"min": -0.9376928806304932,
"min_diff": 0.013676113914698362,
"std": 0.48019286260707095,
"std_diff": 0.3739045139208954
},
"rotation_rate": {
"max": 0.14268232882022858,
"max_diff": 0.17526131868362427,
"mean": 7.012625889629021e-06,
"mean_diff": -1.5030046563870635e-05,
"min": -0.1382298469543457,
"min_diff": -0.12275575241073966,
"std": 0.01950068123584506,
"std_diff": 0.027906900628626833
},
"utime": {
"max": 1537298980956506,
"max_diff": 26324.0,
"mean": 1537298971183604.5,
"mean_diff": 9992.981074168798,
"min": 1537298961420228,
"min_diff": 1951.0,
"std": 5646561.1124385735,
"std_diff": 5262.873212154378
}
}
},
"POSE": {
"message_count": 976,
"message_freq": 49.95150711783386,
"timespan": 19.53895,
"var_stats": {
"accel": {
"max": 10.808386328161154,
"max_diff": 10.582576433850871,
"mean": 3.54790759056233,
"mean_diff": 4.579832175818023,
"min": -0.3335133641983785,
"min_diff": -1.517295711419949,
"std": 4.430219554506658,
"std_diff": 5.003321622501725
},
"orientation": {
"max": 0.9291146402179933,
"max_diff": 0.4215547221302294,
"mean": 0.33024572481090575,
"mean_diff": -0.16814989160524413,
"min": 0.0,
"min_diff": -0.9291146402179933,
"std": 0.37541678338097717,
"std_diff": 0.5523214166465736
},
"pos": {
"max": 1322.0155737483685,
"max_diff": -251.6428536652727,
"mean": 774.7661479284076,
"mean_diff": -644.4060698263046,
"min": 0.0,
"min_diff": -1070.3727200830958,
"std": 557.6172907516575,
"std_diff": 391.1882227007565
},
"rotation_rate": {
"max": 0.14268232882022858,
"max_diff": 0.1747003272175789,
"mean": 0.00016337101210497934,
"mean_diff": 1.579193189076034e-05,
"min": -0.13348887860774994,
"min_diff": -0.12275575241073966,
"std": 0.01971638387863598,
"std_diff": 0.028250351728385827
},
"utime": {
"max": 1537298980957506,
"max_diff": 40621.0,
"mean": 1537298971173489.8,
"mean_diff": 20039.94871794872,
"min": 1537298961418556,
"min_diff": 16474.0,
"std": 5641800.445266188,
"std_diff": 1070.7214397184337
},
"vel": {
"max": 8.25005604875871,
"max_diff": 0.0,
"mean": 1.0082599963205545,
"mean_diff": -1.5123899944808314,
"min": 0.0,
"min_diff": -8.25005604875871,
"std": 2.382974098761696,
"std_diff": 2.7848531681075093
}
}
},
"SteerAngleFeedback": {
"message_count": 1928,
"message_freq": 98.601454964706,
"timespan": 19.553464,
"var_stats": {
"utime": {
"max": 1537298980958168,
"max_diff": 30046.0,
"mean": 1537298971181004.2,
"mean_diff": 10147.101193565128,
"min": 1537298961404704,
"min_diff": 6237.0,
"std": 5635736.314533291,
"std_diff": 1378.9127568129659
},
"value": {
"max": 0.26012603405912105,
"max_diff": 0.010471975511964396,
"mean": 0.0030864705374581925,
"mean_diff": -3.62289414010323e-06,
"min": -0.24078346126324832,
"min_diff": -0.00872664625997166,
"std": 0.12156622651047855,
"std_diff": 0.0017878298916829433
}
}
},
"VEHICLE_MONITOR": {
"message_count": 38,
"message_freq": 1.9487387352644583,
"timespan": 19.499792,
"var_stats": null
},
"ZOE_VEH_INFO": {
"message_count": 1949,
"message_freq": 99.70244778973128,
"timespan": 19.548166,
"var_stats": {
"FL_wheel_speed": {
"max": 261.7092,
"max_diff": 9.841200000000015,
"mean": 96.68971939456131,
"mean_diff": 0.1340907597535934,
"min": 0.0,
"min_diff": -4.670400000000001,
"std": 104.80732792709303,
"std_diff": 0.5738167358680436
},
"FR_wheel_speed": {
"max": 261.7092,
"max_diff": 5.1291,
"mean": 96.72290395074398,
"mean_diff": 0.1343476386036961,
"min": 0.0,
"min_diff": -5.629500000000007,
"std": 105.00483626288138,
"std_diff": 0.5754422207346926
},
"RL_wheel_speed": {
"max": 260.75010000000003,
"max_diff": 15.178799999999995,
"mean": 96.1970004104669,
"mean_diff": 0.13385528747433267,
"min": 0.0,
"min_diff": -7.214100000000002,
"std": 104.2450048925515,
"std_diff": 0.7737792945214761
},
"RR_wheel_speed": {
"max": 265.6707,
"max_diff": 6.755400000000009,
"mean": 98.09992396100564,
"mean_diff": 0.13601735112936345,
"min": 0.0,
"min_diff": -6.2549999999999955,
"std": 106.47455955955799,
"std_diff": 0.6195365857434961
},
"left_solar": {
"max": 0,
"max_diff": 0.0,
"mean": 0.0,
"mean_diff": 0.0,
"min": 0,
"min_diff": 0.0,
"std": 0.0,
"std_diff": 0.0
},
"longitudinal_accel": {
"max": 1.75,
"max_diff": 0.6500000000000004,
"mean": 0.6070805541303239,
"mean_diff": 0.0002823408624229983,
"min": 0.0,
"min_diff": -0.5,
"std": 0.559340339478921,
"std_diff": 0.06540171518657466
},
"meanEffTorque": {
"max": 109.0,
"max_diff": 3.5,
"mean": 41.04669061056952,
"mean_diff": 0.024640657084188913,
"min": 0.0,
"min_diff": -1.0,
"std": 39.5119971983651,
"std_diff": 0.31705236392140557
},
"odom": {
"max": 120,
"max_diff": 84.0,
"mean": 44.18471010774756,
"mean_diff": 0.01026694045174538,
"min": 0,
"min_diff": -108.0,
"std": 31.23821895415966,
"std_diff": 12.697390042515897
},
"odom_speed": {
"max": 29.0,
"max_diff": 1.0,
"mean": 10.594150846587993,
"mean_diff": 0.014887063655030801,
"min": 0.0,
"min_diff": 0.0,
"std": 11.690334320770114,
"std_diff": 0.1211009454577538
},
"pedal_cc": {
"max": 408.0,
"max_diff": 47.0,
"mean": 170.55156490507952,
"mean_diff": 0.12268993839835729,
"min": 0.0,
"min_diff": -38.0,
"std": 156.8373189700631,
"std_diff": 1.9899229067752928
},
"regen": {
"max": 0.0,
"max_diff": 0.0,
"mean": 0.0,
"mean_diff": 0.0,
"min": 0.0,
"min_diff": 0.0,
"std": 0.0,
"std_diff": 0.0
},
"requestedTorqueAfterProc": {
"max": -272.5,
"max_diff": 12.0,
"mean": -341.2737301180092,
"mean_diff": 0.022587268993839837,
"min": -382.5,
"min_diff": -2.0,
"std": 38.84468828018091,
"std_diff": 0.6242063380371304
},
"right_solar": {
"max": 0,
"max_diff": 0.0,
"mean": 0.0,
"mean_diff": 0.0,
"min": 0,
"min_diff": 0.0,
"std": 0.0,
"std_diff": 0.0
},
"steer_corrected": {
"max": 14.904123893063943,
"max_diff": 0.599999999999909,
"mean": 0.21859285150440197,
"mean_diff": -0.00025667351129363494,
"min": -13.795876106935875,
"min_diff": -0.5,
"std": 6.969871097601011,
"std_diff": 0.10150275297760793
},
"steer_offset_can": {
"max": -12.300000000000182,
"max_diff": 0.0,
"mean": -12.300000000000182,
"mean_diff": 0.0,
"min": -12.300000000000182,
"min_diff": 0.0,
"std": 0.0,
"std_diff": 0.0
},
"steer_raw": {
"max": 3.199999999999818,
"max_diff": 0.599999999999909,
"mean": -11.485531041559723,
"mean_diff": -0.0002566735112936345,
"min": -25.5,
"min_diff": -0.5,
"std": 6.96987109760101,
"std_diff": 0.10150275297760793
},
"transversal_accel": {
"max": -0.3760000000000048,
"max_diff": 0.07999999999998408,
"mean": -0.4732909184196974,
"mean_diff": 4.106776180703171e-06,
"min": -0.5440000000000111,
"min_diff": -0.08400000000000318,
"std": 0.019552721079667372,
"std_diff": 0.007665489986153748
},
"utime": {
"max": 1537298980951865,
"max_diff": 21510.0,
"mean": 1537298971163866.2,
"mean_diff": 10034.992813141684,
"min": 1537298961403699,
"min_diff": 156.0,
"std": 5643800.909819202,
"std_diff": 1617.7538484955198
}
}
},
"ZoeSensors": {
"message_count": 18922,
"message_freq": 967.9061512630351,
"timespan": 19.549416,
"var_stats": {
"brake_sensor": {
"max": 0.3993642330169678,
"max_diff": 2.6598572731018066e-05,
"mean": 0.2733585211618571,
"mean_diff": -1.132974087968323e-05,
"min": 0.18434765934944153,
"min_diff": -0.002674490213394165,
"std": 0.10514022589351804,
"std_diff": 0.00010731276454003507
},
"steering_sensor": {
"max": 0.22262397408485413,
"max_diff": 0.0010358691215515137,
"mean": 0.21703279613676793,
"mean_diff": 2.9351845975091283e-08,
"min": 0.2123478651046753,
"min_diff": -0.0008153170347213745,
"std": 0.0009107592627569572,
"std_diff": 0.00012544151083304352
},
"throttle_sensor": {
"max": 0.33186814188957214,