{
"MS_IMU": {
"message_count": 1960,
"message_freq": 99.74303446299953,
"timespan": 19.650495,
"var_stats": {
"linear_accel": {
"max": 10.544389724731445,
"max_diff": 10.895011246204376,
"mean": 3.094434487497733,
"mean_diff": 5.04286321228389,
"min": -1.2038999795913696,
"min_diff": -1.1084152162075043,
"std": 4.728229826548658,
"std_diff": 4.915332574949817
},
"q": {
"max": 0.20353692770004272,
"max_diff": 1.0063563538715243,
"mean": -0.2012533344479367,
"mean_diff": 0.3859775916223421,
"min": -0.9913263916969299,
"min_diff": -0.0252769747748971,
"std": 0.45770854445714265,
"std_diff": 0.43660791587343745
},
"rotation_rate": {
"max": 0.04363224655389786,
"max_diff": 0.06298545747995377,
"mean": 0.0003383997196687663,
"mean_diff": -0.0004383376933783345,
"min": -0.052210837602615356,
"min_diff": -0.08081270381808281,
"std": 0.015133430342286558,
"std_diff": 0.022364394799843878
},
"utime": {
"max": 1538985309951933,
"max_diff": 24915.0,
"mean": 1538985300151208.8,
"mean_diff": 10030.880551301685,
"min": 1538985290301438,
"min_diff": 2973.0,
"std": 5666553.103187522,
"std_diff": 4297.396932698493
}
}
},
"POSE": {
"message_count": 983,
"message_freq": 50.003268270586354,
"timespan": 19.658715,
"var_stats": {
"accel": {
"max": 10.114083117406894,
"max_diff": 10.51554588059323,
"mean": 3.0941659231623304,
"mean_diff": 5.042795311221837,
"min": -1.082962432371828,
"min_diff": -0.9653582340555378,
"std": 4.727019380709024,
"std_diff": 4.912625463407466
},
"orientation": {
"max": 0.8276944603475967,
"max_diff": 0.6200322006053548,
"mean": 0.34881372870624944,
"mean_diff": -0.07617665381086719,
"min": 0.0,
"min_diff": -0.8276944603475967,
"std": 0.35823034861111785,
"std_diff": 0.572302761436211
},
"pos": {
"max": 1690.350988592945,
"max_diff": 824.9820226808971,
"mean": 845.1239683817817,
"mean_diff": -430.10965310251635,
"min": 0.0,
"min_diff": -1690.350988592945,
"std": 684.0151683159205,
"std_diff": 1245.1014914420928
},
"rotation_rate": {
"max": 0.04356036335229874,
"max_diff": 0.05959146283566952,
"mean": 0.0003817386880325407,
"mean_diff": -0.0003839302260815962,
"min": -0.052210837602615356,
"min_diff": -0.07990707084536552,
"std": 0.015162721522816686,
"std_diff": 0.022380565741764544
},
"utime": {
"max": 1538985309957884,
"max_diff": 40401.0,
"mean": 1538985300123106.5,
"mean_diff": 20019.058044806516,
"min": 1538985290299169,
"min_diff": 16290.0,
"std": 5680998.738570086,
"std_diff": 829.1180022169648
},
"vel": {
"max": 5.657097425914684,
"max_diff": 0.0,
"mean": 0.8438752931763955,
"mean_diff": -1.2658129397645934,
"min": 0.0,
"min_diff": -5.657097425914684,
"std": 1.5137437859405107,
"std_diff": 1.7038298745429679
}
}
},
"SteerAngleFeedback": {
"message_count": 1952,
"message_freq": 99.31371778867425,
"timespan": 19.654888,
"var_stats": {
"utime": {
"max": 1538985309952993,
"max_diff": 20905.0,
"mean": 1538985300142648.2,
"mean_diff": 10074.263454638647,
"min": 1538985290298105,
"min_diff": 5177.0,
"std": 5673760.759230454,
"std_diff": 1042.6875838580243
},
"value": {
"max": 0.3333578871309233,
"max_diff": 0.010471975511972376,
"mean": -0.06160869199764932,
"mean_diff": -0.000259428745811561,
"min": -0.6038839211900364,
"min_diff": -0.013962634015957764,
"std": 0.2273228719288867,
"std_diff": 0.0022067291577106034
}
}
},
"VEHICLE_MONITOR": {
"message_count": 40,
"message_freq": 2.0512757396643906,
"timespan": 19.50006,
"var_stats": null
},
"ZOE_VEH_INFO": {
"message_count": 1962,
"message_freq": 99.85581471809563,
"timespan": 19.64833,
"var_stats": {
"FL_wheel_speed": {
"max": 176.8914,
"max_diff": 1.6680000000000064,
"mean": 78.59106758409786,
"mean_diff": -0.08994951555328913,
"min": 0.0,
"min_diff": -3.5028,
"std": 50.33995642422766,
"std_diff": 0.2789458418645884
},
"FR_wheel_speed": {
"max": 178.5177,
"max_diff": 1.4177999999999997,
"mean": 78.48583990825689,
"mean_diff": -0.09090642529321775,
"min": 0.0,
"min_diff": -3.5028,
"std": 50.671920663419904,
"std_diff": 0.28309181659610455
},
"RL_wheel_speed": {
"max": 176.6412,
"max_diff": 1.667999999999978,
"mean": 78.28382232415903,
"mean_diff": -0.09007710351861295,
"min": 0.0,
"min_diff": -3.5028,
"std": 50.24400767226753,
"std_diff": 0.29708911682528266
},
"RR_wheel_speed": {
"max": 177.8088,
"max_diff": 3.2942999999999927,
"mean": 78.31138853211007,
"mean_diff": -0.09067251402345741,
"min": 0.0,
"min_diff": -3.5028,
"std": 50.66202423655087,
"std_diff": 0.2997909132236269
},
"left_solar": {
"max": 0,
"max_diff": 0.0,
"mean": 0.0,
"mean_diff": 0.0,
"min": 0,
"min_diff": 0.0,
"std": 0.0,
"std_diff": 0.0
},
"longitudinal_accel": {
"max": 0.8000000000000007,
"max_diff": 0.20000000000000107,
"mean": -0.21760958205912279,
"mean_diff": 0.00015298317185109673,
"min": -1.1500000000000004,
"min_diff": -0.1999999999999993,
"std": 0.353646425920998,
"std_diff": 0.034873956075635426
},
"meanEffTorque": {
"max": 44.5,
"max_diff": 4.0,
"mean": -4.331039755351682,
"mean_diff": 0.02039775624681285,
"min": -51.5,
"min_diff": -1.5,
"std": 22.186945952122734,
"std_diff": 0.31386788516370695
},
"odom": {
"max": 120,
"max_diff": 56.0,
"mean": 61.074413863404686,
"mean_diff": -0.01223865374808771,
"min": 0,
"min_diff": -116.0,
"std": 38.20940701839298,
"std_diff": 14.693185574667655
},
"odom_speed": {
"max": 20.0,
"max_diff": 1.0,
"mean": 8.623853211009175,
"mean_diff": -0.010198878123406425,
"min": 0.0,
"min_diff": -1.0,
"std": 5.728143038150061,
"std_diff": 0.11469317523485108
},
"pedal_cc": {
"max": 186.0,
"max_diff": 25.0,
"mean": 19.81855249745158,
"mean_diff": -0.027536970933197347,
"min": 0.0,
"min_diff": -30.0,
"std": 49.22481351297227,
"std_diff": 1.5814634105484138
},
"regen": {
"max": 48.0,
"max_diff": 1.0,
"mean": 16.53058103975535,
"mean_diff": -0.013258541560428353,
"min": 0.0,
"min_diff": -4.0,
"std": 17.55234874748449,
"std_diff": 0.33620196050216855
},
"requestedTorqueAfterProc": {
"max": -272.5,
"max_diff": 125.5,
"mean": -358.4347604485219,
"mean_diff": 0.019377868434472208,
"min": -398.5,
"min_diff": -126.0,
"std": 42.93142630516753,
"std_diff": 4.076728625763314
},
"right_solar": {
"max": 0,
"max_diff": 0.0,
"mean": 0.0,
"mean_diff": 0.0,
"min": 0,
"min_diff": 0.0,
"std": 0.0,
"std_diff": 0.0
},
"steer_corrected": {
"max": 19.100000000000364,
"max_diff": 0.6000000000003638,
"mean": -3.5307339449539574,
"mean_diff": -0.014788373278939317,
"min": -34.59999999999991,
"min_diff": -0.5,
"std": 13.048594909986814,
"std_diff": 0.12485817997648622
},
"steer_offset_can": {
"max": -13.300000000000182,
"max_diff": 0.0,
"mean": -13.30000000000018,
"mean_diff": 0.0,
"min": -13.300000000000182,
"min_diff": 0.0,
"std": 1.7763568394002505e-15,
"std_diff": 0.0
},
"steer_raw": {
"max": 5.800000000000182,
"max_diff": 0.6000000000003638,
"mean": -16.83073394495414,
"mean_diff": -0.014788373278939317,
"min": -47.90000000000009,
"min_diff": -0.5,
"std": 13.048594909986814,
"std_diff": 0.12485817997648622
},
"transversal_accel": {
"max": -0.4960000000000093,
"max_diff": 0.02400000000000091,
"mean": -0.5193129459734958,
"mean_diff": -6.119326874044087e-06,
"min": -0.563999999999993,
"min_diff": -0.020000000000010232,
"std": 0.01140313661027806,
"std_diff": 0.0032630647119965836
},
"utime": {
"max": 1538985309950798,
"max_diff": 21713.0,
"mean": 1538985300131886.2,
"mean_diff": 10019.546149923508,
"min": 1538985290302468,
"min_diff": 2.0,
"std": 5670895.567858117,
"std_diff": 1741.0618548734492
}
}
},
"ZoeSensors": {
"message_count": 18916,
"message_freq": 962.6755581327332,
"timespan": 19.649403,
"var_stats": {
"brake_sensor": {
"max": 0.29484593868255615,
"max_diff": 0.0010280013084411621,
"mean": 0.2423933252934851,
"mean_diff": 5.141516668343399e-06,
"min": 0.18172238767147064,
"min_diff": -0.0020302683115005493,
"std": 0.044331451186988495,
"std_diff": 6.925108118542376e-05
},
"steering_sensor": {
"max": 0.19025956094264984,
"max_diff": 0.0006932169198989868,
"mean": 0.18861432795129837,
"mean_diff": 2.5404057362834013e-08,
"min": 0.187652125954628,
"min_diff": -0.0006223171949386597,