{
"MS_IMU": {
"message_count": 1960,
"message_freq": 99.74771461954924,
"timespan": 19.649573,
"var_stats": {
"linear_accel": {
"max": 13.932718276977539,
"max_diff": 13.998905561864376,
"mean": 3.375460163156369,
"mean_diff": 4.820098671712742,
"min": -2.094102382659912,
"min_diff": -1.9800381511449814,
"std": 4.5698779187321374,
"std_diff": 4.8307278332988215
},
"q": {
"max": 0.008800961077213287,
"max_diff": 0.889250441454351,
"mean": -0.33967169230439737,
"mean_diff": 0.14041322726680308,
"min": -0.9004490971565247,
"min_diff": -0.4981520700675901,
"std": 0.36691028644246293,
"std_diff": 0.5549132341896486
},
"rotation_rate": {
"max": 0.14917108416557312,
"max_diff": 0.13493549823760986,
"mean": 0.0007340734720503319,
"mean_diff": 0.0010351658714203473,
"min": -0.1103966012597084,
"min_diff": -0.13245856016874313,
"std": 0.021058969240240408,
"std_diff": 0.03100712772772346
},
"utime": {
"max": 1535573380553188,
"max_diff": 29021.0,
"mean": 1535573370724791.5,
"mean_diff": 10030.409903011741,
"min": 1535573360903615,
"min_diff": 1957.0,
"std": 5676026.488923448,
"std_diff": 4104.370807604177
}
}
},
"POSE": {
"message_count": 973,
"message_freq": 49.54306325829401,
"timespan": 19.63948,
"var_stats": {
"accel": {
"max": 10.421512761417388,
"max_diff": 10.35510568868535,
"mean": 3.374955369330348,
"mean_diff": 4.818426559352583,
"min": -1.0453502325799129,
"min_diff": -1.7595220380689989,
"std": 4.550299015627002,
"std_diff": 4.801149560804065
},
"orientation": {
"max": 0.967157629688797,
"max_diff": 0.967157629688797,
"mean": 0.31233667985924596,
"mean_diff": 0.2206743898140714,
"min": 0.0,
"min_diff": -0.32600193737349575,
"std": 0.390443079608927,
"std_diff": 0.533513024221078
},
"pos": {
"max": 1277.6860818944315,
"max_diff": 296.3877637583389,
"mean": 760.4812539516913,
"mean_diff": -524.1269018678468,
"min": 0.0,
"min_diff": -1277.6860818944315,
"std": 543.6107068214251,
"std_diff": 710.6118685336579
},
"rotation_rate": {
"max": 0.14917108416557312,
"max_diff": 0.13493549823760986,
"mean": 0.0008500997626541384,
"mean_diff": 0.000903483712919951,
"min": -0.10465767234563828,
"min_diff": -0.13245856016874313,
"std": 0.021138932527601097,
"std_diff": 0.031081837403356904
},
"utime": {
"max": 1535573380555535,
"max_diff": 40625.0,
"mean": 1535573370720475.5,
"mean_diff": 20205.22633744856,
"min": 1535573360916055,
"min_diff": 17928.0,
"std": 5685594.314867297,
"std_diff": 2098.210219621974
},
"vel": {
"max": 9.903917023395874,
"max_diff": 0.0,
"mean": 2.576730339670178,
"mean_diff": -3.865095509505267,
"min": 0.0,
"min_diff": -9.903917023395874,
"std": 3.7113865116658675,
"std_diff": 3.96004170759986
}
}
},
"SteerAngleFeedback": {
"message_count": 1924,
"message_freq": 97.95501594085512,
"timespan": 19.641669,
"var_stats": {
"utime": {
"max": 1535573380551281,
"max_diff": 30581.0,
"mean": 1535573370732061.8,
"mean_diff": 10214.076443057722,
"min": 1535573360909612,
"min_diff": 4684.0,
"std": 5660077.5542942565,
"std_diff": 1760.554995957935
},
"value": {
"max": 0.2583807048071283,
"max_diff": 0.015707963267950542,
"mean": 0.020222182723273717,
"mean_diff": -6.534774110431436e-05,
"min": -0.27045405854714877,
"min_diff": -0.013962634015949875,
"std": 0.1321083038448368,
"std_diff": 0.0020693558829256663
}
}
},
"VEHICLE_MONITOR": {
"message_count": 41,
"message_freq": 2.050058939194502,
"timespan": 19.999425,
"var_stats": null
},
"ZOE_VEH_INFO": {
"message_count": 1962,
"message_freq": 99.85173391619875,
"timespan": 19.649133,
"var_stats": {
"FL_wheel_speed": {
"max": 313.7925,
"max_diff": 9.591000000000008,
"mean": 244.42274342507645,
"mean_diff": 0.012865119836817963,
"min": 162.8385,
"min_diff": -7.714499999999987,
"std": 38.45606538281947,
"std_diff": 0.7333899970539447
},
"FR_wheel_speed": {
"max": 314.5014,
"max_diff": 5.379300000000001,
"mean": 244.5056758409786,
"mean_diff": 0.012248444671086187,
"min": 160.96200000000002,
"min_diff": -4.878899999999987,
"std": 38.84744300969415,
"std_diff": 0.6317502209427976
},
"RL_wheel_speed": {
"max": 313.0836,
"max_diff": 5.170800000000014,
"mean": 243.42853211009177,
"mean_diff": 0.012142121366649668,
"min": 161.9211,
"min_diff": -5.629500000000007,
"std": 38.35544818001592,
"std_diff": 0.6903957382845698
},
"RR_wheel_speed": {
"max": 318.9633,
"max_diff": 4.670400000000001,
"mean": 248.12673211009175,
"mean_diff": 0.01012197858235594,
"min": 162.8385,
"min_diff": -5.379300000000001,
"std": 39.52390472486792,
"std_diff": 0.608538614397653
},
"left_solar": {
"max": 32,
"max_diff": 144.0,
"mean": -16.994903160040774,
"mean_diff": 0.01631820499745028,
"min": -112,
"min_diff": -112.0,
"std": 43.168930366014045,
"std_diff": 4.119546930614331
},
"longitudinal_accel": {
"max": 1.700000000000001,
"max_diff": 1.0500000000000007,
"mean": 0.0775229357798172,
"mean_diff": 0.0,
"min": -1.4499999999999993,
"min_diff": -1.1500000000000004,
"std": 0.6794338507367419,
"std_diff": 0.09865231598528536
},
"meanEffTorque": {
"max": 108.0,
"max_diff": 5.0,
"mean": 16.75,
"mean_diff": 0.0035696073431922487,
"min": -55.0,
"min_diff": -4.0,
"std": 39.75918927755136,
"std_diff": 0.620068514888345
},
"odom": {
"max": 124,
"max_diff": 88.0,
"mean": 73.97553516819572,
"mean_diff": -0.00815910249872514,
"min": 0,
"min_diff": -68.0,
"std": 41.30712660427702,
"std_diff": 16.024965693377368
},
"odom_speed": {
"max": 35.0,
"max_diff": 1.0,
"mean": 27.34301732925586,
"mean_diff": 0.0015298317185109638,
"min": 18.0,
"min_diff": -1.0,
"std": 4.401958913014859,
"std_diff": 0.14807176496630564
},
"pedal_cc": {
"max": 449.0,
"max_diff": 22.0,
"mean": 144.68450560652394,
"mean_diff": 0.021927587965323816,
"min": 0.0,
"min_diff": -35.0,
"std": 130.58891875974456,
"std_diff": 3.091998945289823
},
"regen": {
"max": 57.0,
"max_diff": 2.0,
"mean": 15.63710499490316,
"mean_diff": 0.0,
"min": 0.0,
"min_diff": -7.0,
"std": 22.378948563676612,
"std_diff": 0.5069632419710939
},
"requestedTorqueAfterProc": {
"max": -272.5,
"max_diff": 123.5,
"mean": -324.05045871559633,
"mean_diff": 0.0071392146863844975,
"min": -398.5,
"min_diff": -126.0,
"std": 38.57977229151061,
"std_diff": 6.850572362103872
},
"right_solar": {
"max": 50,
"max_diff": 50.0,
"mean": 1.1722731906218145,
"mean_diff": 0.025497195308516064,
"min": 0,
"min_diff": 0.0,
"std": 7.565674794599625,
"std_diff": 1.1288089556949852
},
"steer_corrected": {
"max": 14.804123893064034,
"max_diff": 0.5,
"mean": 1.1269577360814527,
"mean_diff": -0.0036715961244264523,
"min": -15.495876106935693,
"min_diff": -0.5,
"std": 7.568246647065751,
"std_diff": 0.11455424219489214
},
"steer_offset_can": {
"max": -12.300000000000182,
"max_diff": 0.0,
"mean": -12.30000000000018,
"mean_diff": 0.0,
"min": -12.300000000000182,
"min_diff": 0.0,
"std": 1.7763568394002505e-15,
"std_diff": 0.0
},
"steer_raw": {
"max": 3.099999999999909,
"max_diff": 0.5,
"mean": -10.577166156982674,
"mean_diff": -0.0036715961244264523,
"min": -27.199999999999818,
"min_diff": -0.5,
"std": 7.568246647065751,
"std_diff": 0.11455424219489214
},
"transversal_accel": {
"max": -0.4159999999999968,
"max_diff": 0.04800000000000182,
"mean": -0.47678491335371836,
"mean_diff": -2.039775624680879e-05,
"min": -0.5320000000000107,
"min_diff": -0.04800000000000182,
"std": 0.02287820913731877,
"std_diff": 0.006927584342975665
},
"utime": {
"max": 1535573380550354,
"max_diff": 22409.0,
"mean": 1535573370717367.5,
"mean_diff": 10019.955634880163,
"min": 1535573360901221,
"min_diff": 2.0,
"std": 5675907.893680366,
"std_diff": 1449.7118515042073
}
}
},
"ZoeSensors": {
"message_count": 18976,
"message_freq": 965.779711124173,
"timespan": 19.648373,
"var_stats": {
"brake_sensor": {
"max": 0.18421922624111176,
"max_diff": 3.2588839530944824e-05,
"mean": 0.1840888431938098,
"mean_diff": 8.638354315274003e-12,
"min": 0.18376480042934418,
"min_diff": -2.8386712074279785e-05,
"std": 4.5075722799323545e-05,
"std_diff": 5.024933664204662e-06
},
"steering_sensor": {
"max": 0.1905076950788498,
"max_diff": 0.000543549656867981,
"mean": 0.18871283410493955,