{
"MS_IMU": {
"message_count": 1913,
"message_freq": 99.37803273781493,
"timespan": 19.249727,
"var_stats": {
"linear_accel": {
"max": 13.085311889648438,
"max_diff": 13.114227622747421,
"mean": 3.2458542174493403,
"mean_diff": 4.844979733715386,
"min": -1.4175755977630615,
"min_diff": -2.2832467555999756,
"std": 4.668961184098835,
"std_diff": 5.209468801006327
},
"q": {
"max": 0.7209587097167969,
"max_diff": 0.7377521861344576,
"mean": 0.34976586424213013,
"mean_diff": 0.007695734760532356,
"min": -0.018244313076138496,
"min_diff": -0.7085958169773221,
"std": 0.3573007959662715,
"std_diff": 0.5833590156106189
},
"rotation_rate": {
"max": 0.13785606622695923,
"max_diff": 0.1703246752731502,
"mean": -0.0005720109870412302,
"mean_diff": 0.00044280506250970455,
"min": -0.1736236810684204,
"min_diff": -0.20490966737270355,
"std": 0.0241318288244886,
"std_diff": 0.03545199615151752
},
"utime": {
"max": 1533151080800819,
"max_diff": 30977.0,
"mean": 1533151071200733.8,
"mean_diff": 10067.848849372385,
"min": 1533151061551092,
"min_diff": 2937.0,
"std": 5548373.036824373,
"std_diff": 4553.281133445085
}
}
},
"POSE": {
"message_count": 957,
"message_freq": 49.689464213616716,
"timespan": 19.259616,
"var_stats": {
"accel": {
"max": 11.19667518493036,
"max_diff": 11.392288125013865,
"mean": 3.2456115850467073,
"mean_diff": 4.845478576192556,
"min": -0.6277877430750818,
"min_diff": -0.9931447618401846,
"std": 4.65324857488074,
"std_diff": 5.184610142769814
},
"orientation": {
"max": 0.018432906919837632,
"max_diff": 0.0,
"mean": -0.24620826820928912,
"mean_diff": -0.33831230501685366,
"min": -0.9999383346017405,
"min_diff": -0.9999383346017405,
"std": 0.43517983485610034,
"std_diff": 0.4678441167819862
},
"pos": {
"max": 2265.335585128908,
"max_diff": -790.8497570242862,
"mean": 995.2408417660572,
"mean_diff": -1096.603105188645,
"min": 0.0,
"min_diff": -1471.1252618993651,
"std": 907.0954458801315,
"std_diff": 305.4499298457213
},
"rotation_rate": {
"max": 0.13740158081054688,
"max_diff": 0.16695379349403083,
"mean": -0.0005387599199232376,
"mean_diff": 0.00042938346261715485,
"min": -0.16978196799755096,
"min_diff": -0.20490966737270355,
"std": 0.024305216782017327,
"std_diff": 0.035902851012277144
},
"utime": {
"max": 1533151080813463,
"max_diff": 40809.0,
"mean": 1533151071180377.5,
"mean_diff": 20146.041841004186,
"min": 1533151061553847,
"min_diff": 15293.0,
"std": 5559670.794943979,
"std_diff": 1812.1465462108442
},
"vel": {
"max": 8.404191561447778,
"max_diff": 0.0,
"mean": 2.4734149324690287,
"mean_diff": -3.7101223987035428,
"min": 0.0,
"min_diff": -8.404191561447778,
"std": 3.5014323066038187,
"std_diff": 3.71506476733217
}
}
},
"SteerAngleFeedback": {
"message_count": 1873,
"message_freq": 97.28351496298889,
"timespan": 19.253005,
"var_stats": {
"utime": {
"max": 1533151080798599,
"max_diff": 39825.0,
"mean": 1533151071190585.2,
"mean_diff": 10284.724893162393,
"min": 1533151061545594,
"min_diff": 3173.0,
"std": 5559718.388931999,
"std_diff": 1995.0458814476385
},
"value": {
"max": 0.008798621771943974,
"max_diff": 0.0052359877559861635,
"mean": -0.0275085131161826,
"mean_diff": -2.0511348046940204e-05,
"min": -0.06450520681182262,
"min_diff": -0.00523598775598616,
"std": 0.015252094957049087,
"std_diff": 0.001029821886771549
}
}
},
"VEHICLE_MONITOR": {
"message_count": 34,
"message_freq": 1.7894540002165238,
"timespan": 19.000209,
"var_stats": {
"available_distance": {
"max": 70,
"max_diff": 0.0,
"mean": 70.0,
"mean_diff": 0.0,
"min": 70,
"min_diff": 0.0,
"std": 0.0,
"std_diff": 0.0
},
"battery_level": {
"max": 82,
"max_diff": 0.0,
"mean": 82.0,
"mean_diff": 0.0,
"min": 82,
"min_diff": 0.0,
"std": 0.0,
"std_diff": 0.0
},
"brake": {
"max": 0,
"max_diff": 0.0,
"mean": 0.0,
"mean_diff": 0.0,
"min": 0,
"min_diff": 0.0,
"std": 0.0,
"std_diff": 0.0
},
"brake_switch": {
"max": 1,
"max_diff": 0.0,
"mean": 1.0,
"mean_diff": 0.0,
"min": 1,
"min_diff": 0.0,
"std": 0.0,
"std_diff": 0.0
},
"gear_position": {
"max": 7,
"max_diff": 0.0,
"mean": 7.0,
"mean_diff": 0.0,
"min": 7,
"min_diff": 0.0,
"std": 0.0,
"std_diff": 0.0
},
"left_signal": {
"max": 0,
"max_diff": 0.0,
"mean": 0.0,
"mean_diff": 0.0,
"min": 0,
"min_diff": 0.0,
"std": 0.0,
"std_diff": 0.0
},
"rear_left_rpm": {
"max": 265.8792,
"max_diff": 14.219699999999989,
"mean": 235.53509117647062,
"mean_diff": 1.0538727272727277,
"min": 217.5072,
"min_diff": -7.672799999999995,
"std": 10.098136855391505,
"std_diff": 4.424742855002147
},
"rear_right_rpm": {
"max": 271.9674,
"max_diff": 14.3031,
"mean": 239.49413823529412,
"mean_diff": 1.1814999999999998,
"min": 222.2193,
"min_diff": -7.672800000000024,
"std": 10.479813109554252,
"std_diff": 4.176738162076414
},
"right_signal": {
"max": 0,
"max_diff": 0.0,
"mean": 0.0,
"mean_diff": 0.0,
"min": 0,
"min_diff": 0.0,
"std": 0.0,
"std_diff": 0.0
},
"steering": {
"max": 1.1000000000003638,
"max_diff": 1.7000000000002728,
"mean": -0.7999999999998074,
"mean_diff": -0.006060606060614329,
"min": -3.099999999999909,
"min_diff": -2.400000000000091,
"std": 0.8256904419226078,
"std_diff": 0.7698639761551713
},
"steering_speed": {
"max": 5.900000000000272,
"max_diff": 13.900000000000091,
"mean": 0.03235294117667585,
"mean_diff": 0.17878787878788155,
"min": -11.999999999999819,
"min_diff": -12.0,
"std": 2.8638436315589746,
"std_diff": 4.010044779902464
},
"throttle": {
"max": 241,
"max_diff": 98.0,
"mean": 134.1764705882353,
"mean_diff": 2.4545454545454546,
"min": 0,
"min_diff": -95.0,
"std": 61.35454850976714,
"std_diff": 26.999540859273335
},
"utime": {
"max": 1533151080913969,
"max_diff": 1500216.0,
"mean": 1533151071399396.5,
"mean_diff": 575763.9090909091,
"min": 1533151061913760,
"min_diff": 499161.0,
"std": 5674222.210911845,
"std_diff": 217450.14479330223
},
"vehicle_speed": {
"max": 30.48,
"max_diff": 1.6099999999999994,
"mean": 26.861470588235292,
"mean_diff": 0.13090909090909092,
"min": 24.86,
"min_diff": -0.879999999999999,
"std": 1.1557353970344932,
"std_diff": 0.4602855743094231
},
"yaw_rate": {
"max": 0.10000000000002274,
"max_diff": 1.5999999999999943,
"mean": -0.2235294117646823,
"mean_diff": 0.0,
"min": -1.599999999999966,
"min_diff": -1.3999999999999773,
"std": 0.31998053574021457,
"std_diff": 0.48741743667595167
}
}
},
"ZOE_VEH_INFO": {
"message_count": 1914,
"message_freq": 99.45612465001344,
"timespan": 19.244667,
"var_stats": {
"FL_wheel_speed": {
"max": 267.0468,
"max_diff": 7.464300000000009,
"mean": 234.7079489028213,
"mean_diff": 0.02064291688447465,
"min": 216.84,
"min_diff": -7.005600000000015,
"std": 8.877493305158037,
"std_diff": 0.7491552055553826
},
"FR_wheel_speed": {
"max": 267.297,
"max_diff": 10.049700000000001,
"mean": 234.55838228840125,
"mean_diff": 0.020642916884474664,
"min": 216.5898,
"min_diff": -11.217299999999994,
"std": 8.909535037753072,
"std_diff": 1.0011488028877302
},
"RL_wheel_speed": {
"max": 265.6707,
"max_diff": 10.049700000000001,
"mean": 234.07608714733544,
"mean_diff": 0.02090449555671721,
"min": 210.7518,
"min_diff": -15.220500000000015,
"std": 8.823403221281497,
"std_diff": 1.07558999206019
},
"RR_wheel_speed": {
"max": 271.05,
"max_diff": 9.090599999999995,
"mean": 238.41410721003135,
"mean_diff": 0.019901777313120757,
"min": 215.4222,
"min_diff": -13.093799999999987,
"std": 9.000238910702791,
"std_diff": 0.9879644864408604
},
"left_solar": {
"max": 0,
"max_diff": 112.0,
"mean": -97.4294670846395,
"mean_diff": 0.05854678515420805,
"min": -112,
"min_diff": -112.0,
"std": 37.67756968121448,
"std_diff": 4.434894822401317
},
"longitudinal_accel": {
"max": 0.75,
"max_diff": 1.0500000000000007,
"mean": 0.08367293625914382,
"mean_diff": 0.000156821745948771,
"min": -1.0999999999999996,
"min_diff": -1.0500000000000007,
"std": 0.2588176226338544,
"std_diff": 0.126598411691871
},
"meanEffTorque": {
"max": 37.5,
"max_diff": 2.0,
"mean": 12.164315569487984,
"mean_diff": 0.008886565603763722,
"min": -25.0,
"min_diff": -1.5,
"std": 13.88178882564075,
"std_diff": 0.19039800444481753
},
"odom": {
"max": 120,
"max_diff": 84.0,