{
"MS_IMU": {
"message_count": 1952,
"message_freq": 99.774740123093,
"timespan": 19.56407,
"var_stats": {
"linear_accel": {
"max": 13.159281730651855,
"max_diff": 13.544995874166489,
"mean": 3.3245996642313558,
"mean_diff": 4.759194801036881,
"min": -1.3122837543487549,
"min_diff": -2.069789230823517,
"std": 4.577541247929972,
"std_diff": 5.063870896588775
},
"q": {
"max": 0.0110220517963171,
"max_diff": 0.9381661619991064,
"mean": -0.33277247405980453,
"mean_diff": 0.16831962653318716,
"min": -0.9326516389846802,
"min_diff": -0.5011944645084441,
"std": 0.37317890790112657,
"std_diff": 0.5485036640704767
},
"rotation_rate": {
"max": 0.14102953672409058,
"max_diff": 0.15565169602632523,
"mean": -0.004781308323836091,
"mean_diff": -0.007409765350304879,
"min": -0.12458766996860504,
"min_diff": -0.15695041045546532,
"std": 0.023560799248638502,
"std_diff": 0.03593488416880168
},
"utime": {
"max": 1538448743720432,
"max_diff": 31576.0,
"mean": 1538448733926587.2,
"mean_diff": 10027.713992824192,
"min": 1538448724156362,
"min_diff": 1954.0,
"std": 5645327.158355287,
"std_diff": 5449.632612636886
}
}
},
"POSE": {
"message_count": 970,
"message_freq": 49.593157166850304,
"timespan": 19.55915,
"var_stats": {
"accel": {
"max": 11.223547522721752,
"max_diff": 11.240986500875675,
"mean": 3.3271660277683903,
"mean_diff": 4.756432876724175,
"min": -0.7743788004147292,
"min_diff": -1.4611641976812972,
"std": 4.564182000243225,
"std_diff": 5.045159638334014
},
"orientation": {
"max": 0.9650656232436936,
"max_diff": 0.9650656232436936,
"mean": 0.3225322589542446,
"mean_diff": 0.1920245717145368,
"min": 0.0,
"min_diff": -0.4015634731325051,
"std": 0.38206405475243554,
"std_diff": 0.5444813102312898
},
"pos": {
"max": 2477.4305955788845,
"max_diff": 600.2476889547572,
"mean": 1451.5390814913233,
"mean_diff": -980.2446031037296,
"min": 0.0,
"min_diff": -2477.4305955788845,
"std": 1042.2172723692395,
"std_diff": 1415.71459859946
},
"rotation_rate": {
"max": 0.14102953672409058,
"max_diff": 0.15565169602632523,
"mean": -0.004729204157696042,
"mean_diff": -0.007482555089482798,
"min": -0.12458766996860504,
"min_diff": -0.15695041045546532,
"std": 0.023569775710887808,
"std_diff": 0.035932577764102976
},
"utime": {
"max": 1538448743709463,
"max_diff": 41430.0,
"mean": 1538448733954470.2,
"mean_diff": 20184.881320949433,
"min": 1538448724150313,
"min_diff": 13749.0,
"std": 5648224.198503969,
"std_diff": 2011.0928110061989
},
"vel": {
"max": 12.8955386617553,
"max_diff": 0.0,
"mean": 3.596385359467073,
"mean_diff": -5.39457803920061,
"min": 0.0,
"min_diff": -12.8955386617553,
"std": 5.227611921031992,
"std_diff": 5.593871544380675
}
}
},
"SteerAngleFeedback": {
"message_count": 1930,
"message_freq": 98.64804641344583,
"timespan": 19.564503,
"var_stats": {
"utime": {
"max": 1538448743714727,
"max_diff": 29889.0,
"mean": 1538448733945693.8,
"mean_diff": 10142.303265940902,
"min": 1538448724150224,
"min_diff": 2266.0,
"std": 5650519.832405226,
"std_diff": 1393.1728834005955
},
"value": {
"max": 0.08377580409573099,
"max_diff": 0.005235987755986174,
"mean": -0.026942276893606707,
"mean_diff": -1.809568949707354e-06,
"min": -0.13788101090754568,
"min_diff": -0.00523598775598616,
"std": 0.06959995488209751,
"std_diff": 0.0012170605711755657
}
}
},
"VEHICLE_MONITOR": {
"message_count": 40,
"message_freq": 2.0513866193999837,
"timespan": 19.499006,
"var_stats": null
},
"ZOE_VEH_INFO": {
"message_count": 1951,
"message_freq": 99.85076124050369,
"timespan": 19.53916,
"var_stats": {
"FL_wheel_speed": {
"max": 410.03610000000003,
"max_diff": 4.461899999999957,
"mean": 342.98140994361864,
"mean_diff": 0.11096476923076924,
"min": 175.9323,
"min_diff": -4.920599999999979,
"std": 65.511516973714,
"std_diff": 0.7395452792537353
},
"FR_wheel_speed": {
"max": 409.3689,
"max_diff": 6.338399999999979,
"mean": 341.980225217837,
"mean_diff": 0.11000246153846155,
"min": 175.2234,
"min_diff": -4.920599999999979,
"std": 65.82774186058647,
"std_diff": 0.8111730245818864
},
"RL_wheel_speed": {
"max": 409.5774,
"max_diff": 8.173199999999952,
"mean": 341.87983316248085,
"mean_diff": 0.11000246153846155,
"min": 176.1825,
"min_diff": -7.672799999999995,
"std": 65.6222204270159,
"std_diff": 0.9644019288785727
},
"RR_wheel_speed": {
"max": 409.1187,
"max_diff": 6.546900000000051,
"mean": 341.19856929779604,
"mean_diff": 0.10976723076923077,
"min": 175.2234,
"min_diff": -6.129899999999964,
"std": 66.09341520509805,
"std_diff": 0.9670026985182423
},
"left_solar": {
"max": 0,
"max_diff": 0.0,
"mean": 0.0,
"mean_diff": 0.0,
"min": 0,
"min_diff": 0.0,
"std": 0.0,
"std_diff": 0.0
},
"longitudinal_accel": {
"max": 1.5500000000000007,
"max_diff": 0.75,
"mean": 0.293669912865198,
"mean_diff": -0.0006666666666666661,
"min": -1.0,
"min_diff": -0.6999999999999993,
"std": 0.5713985663185726,
"std_diff": 0.11260125547720481
},
"meanEffTorque": {
"max": 90.0,
"max_diff": 4.5,
"mean": 23.82521783700666,
"mean_diff": -0.04230769230769231,
"min": -24.5,
"min_diff": -1.5,
"std": 33.4027724480776,
"std_diff": 0.3621584972361073
},
"odom": {
"max": 124,
"max_diff": 88.0,
"mean": 112.36904151717069,
"mean_diff": 0.055384615384615386,
"min": 4,
"min_diff": -60.0,
"std": 29.43895585858802,
"std_diff": 7.667246972292095
},
"odom_speed": {
"max": 46.0,
"max_diff": 1.0,
"mean": 38.36186570989236,
"mean_diff": 0.01282051282051282,
"min": 19.0,
"min_diff": -1.0,
"std": 7.599216380627555,
"std_diff": 0.12127419067062017
},
"pedal_cc": {
"max": 377.0,
"max_diff": 12.0,
"mean": 179.62634546386468,
"mean_diff": -0.10205128205128206,
"min": 19.0,
"min_diff": -13.0,
"std": 102.05592030459285,
"std_diff": 1.996239001526697
},
"regen": {
"max": 49.0,
"max_diff": 1.0,
"mean": 9.391081496668376,
"mean_diff": 0.0,
"min": 0.0,
"min_diff": -9.0,
"std": 15.504808282134011,
"std_diff": 0.4175631381707135
},
"requestedTorqueAfterProc": {
"max": -272.5,
"max_diff": 126.0,
"mean": -334.63839056893903,
"mean_diff": -0.03794871794871795,
"min": -398.5,
"min_diff": -126.0,
"std": 38.80812473750062,
"std_diff": 5.716224852249316
},
"right_solar": {
"max": 50,
"max_diff": 50.0,
"mean": 21.75807278318811,
"mean_diff": -0.02564102564102564,
"min": 0,
"min_diff": -50.0,
"std": 24.788906952927437,
"std_diff": 5.430149355679228
},
"steer_corrected": {
"max": 4.800000000000182,
"max_diff": 0.3000000000001819,
"mean": -1.5511532547409776,
"mean_diff": -0.00010256410256400928,
"min": -7.899999999999636,
"min_diff": -0.3000000000001819,
"std": 3.994349860411444,
"std_diff": 0.0695036596977132
},
"steer_offset_can": {
"max": -14.300000000000182,
"max_diff": 0.0,
"mean": -14.300000000000182,
"mean_diff": 0.0,
"min": -14.300000000000182,
"min_diff": 0.0,
"std": 0.0,
"std_diff": 0.0
},
"steer_raw": {
"max": -9.5,
"max_diff": 0.3000000000001819,
"mean": -15.851153254741162,
"mean_diff": -0.00010256410256400928,
"min": -22.199999999999818,
"min_diff": -0.3000000000001819,
"std": 3.994349860411444,
"std_diff": 0.0695036596977132
},
"transversal_accel": {
"max": -0.4439999999999884,
"max_diff": 0.07200000000000273,
"mean": -0.5050968733982552,
"mean_diff": -4.102564102569116e-06,
"min": -0.5560000000000116,
"min_diff": -0.0519999999999925,
"std": 0.01428143373500426,
"std_diff": 0.007797434396580755
},
"utime": {
"max": 1538448743697935,
"max_diff": 23887.0,
"mean": 1538448733926226.2,
"mean_diff": 10020.082051282052,
"min": 1538448724158775,
"min_diff": 3.0,
"std": 5642945.232475406,
"std_diff": 1696.103561919132
}
}
},
"ZoeSensors": {
"message_count": 18573,
"message_freq": 949.9978287079185,
"timespan": 19.550571,
"var_stats": {
"brake_sensor": {
"max": 0.1835106611251831,
"max_diff": 3.3527612686157227e-05,
"mean": 0.18338148118089168,
"mean_diff": -3.9347024819421125e-09,
"min": 0.1832505762577057,
"min_diff": -3.1307339668273926e-05,
"std": 2.622686449503319e-05,
"std_diff": 4.734409723732861e-06
},
"steering_sensor": {
"max": 0.18940486013889313,
"max_diff": 0.0006183832883834839,
"mean": 0.1885777511092128,
"mean_diff": -1.866335938671604e-08,