{
"MS_IMU": {
"message_count": 1975,
"message_freq": 99.74728331329464,
"timespan": 19.800038,
"var_stats": {
"linear_accel": {
"max": 10.528205871582031,
"max_diff": 10.486041635274887,
"mean": 3.2543983671129686,
"mean_diff": 4.935696039836783,
"min": -1.5681947469711304,
"min_diff": -2.1370495557785034,
"std": 4.655937323596392,
"std_diff": 4.821588922993648
},
"q": {
"max": 0.9321930408477783,
"max_diff": 0.42461498244665563,
"mean": 0.32845944868833177,
"mean_diff": -0.17805095812439414,
"min": -0.006851420272141695,
"min_diff": -0.9267510627396405,
"std": 0.37698064568810774,
"std_diff": 0.5463427054596665
},
"rotation_rate": {
"max": 0.04855302348732948,
"max_diff": 0.05444270931184292,
"mean": -0.0017295570622593603,
"mean_diff": -0.0013087949794443018,
"min": -0.0580340139567852,
"min_diff": -0.05745786690386012,
"std": 0.011632370071237479,
"std_diff": 0.015968269308451376
},
"utime": {
"max": 1542798711448392,
"max_diff": 25040.0,
"mean": 1542798701557089.5,
"mean_diff": 10030.41438703141,
"min": 1542798691648354,
"min_diff": 1925.0,
"std": 5725062.742942941,
"std_diff": 5536.595270376838
}
}
},
"POSE": {
"message_count": 988,
"message_freq": 49.901416922449314,
"timespan": 19.799037,
"var_stats": {
"accel": {
"max": 10.146078330574815,
"max_diff": 10.125201158818756,
"mean": 3.2606097845641826,
"mean_diff": 4.926864909262716,
"min": -1.3249847190461281,
"min_diff": -2.0402812679838305,
"std": 4.64950066016499,
"std_diff": 4.825783005357017
},
"orientation": {
"max": 0.9438648817318847,
"max_diff": 0.9438648817318847,
"mean": 0.3240706675797752,
"mean_diff": 0.1882869474176258,
"min": 0.0,
"min_diff": -0.3923948489061671,
"std": 0.3807600325853527,
"std_diff": 0.5457850847774108
},
"pos": {
"max": 1972.0370478158725,
"max_diff": 1346.0502159407351,
"mean": 866.2478251926926,
"mean_diff": -329.5533236503243,
"min": 0.0,
"min_diff": -1972.0370478158725,
"std": 805.4889224654105,
"std_diff": 1610.4628917443918
},
"rotation_rate": {
"max": 0.0460221990942955,
"max_diff": 0.052374467253685,
"mean": -0.00175158437785892,
"mean_diff": -0.001322646839757273,
"min": -0.056903351098299026,
"min_diff": -0.05745786690386012,
"std": 0.011666189529348914,
"std_diff": 0.016004457313707428
},
"utime": {
"max": 1542798711455830,
"max_diff": 40120.0,
"mean": 1542798701557183.2,
"mean_diff": 20059.814589665653,
"min": 1542798691656793,
"min_diff": 17155.0,
"std": 5720513.4712919025,
"std_diff": 1201.8932646136748
},
"vel": {
"max": 8.231263444393793,
"max_diff": 0.0,
"mean": 1.5763018504293118,
"mean_diff": -2.3644527756439677,
"min": 0.0,
"min_diff": -8.231263444393793,
"std": 2.5260970837839425,
"std_diff": 2.7763652627675723
}
}
},
"SteerAngleFeedback": {
"message_count": 1946,
"message_freq": 98.30258313021592,
"timespan": 19.796021,
"var_stats": {
"utime": {
"max": 1542798711448469,
"max_diff": 20903.0,
"mean": 1542798701559733.8,
"mean_diff": 10177.902827763497,
"min": 1542798691652448,
"min_diff": 3914.0,
"std": 5726906.082958611,
"std_diff": 1465.7382134446455
},
"value": {
"max": 0.16580627893946132,
"max_diff": 0.005235987755986174,
"mean": -0.01687749530525352,
"mean_diff": 7.537668748973022e-05,
"min": -0.20420352248333337,
"min_diff": -0.005235987755986188,
"std": 0.09658284862929649,
"std_diff": 0.0012276911001211429
}
}
},
"VEHICLE_MONITOR": {
"message_count": 40,
"message_freq": 2.051362212205421,
"timespan": 19.499238,
"var_stats": null
},
"ZOE_VEH_INFO": {
"message_count": 1974,
"message_freq": 99.69882772057721,
"timespan": 19.799631,
"var_stats": {
"FL_wheel_speed": {
"max": 260.75010000000003,
"max_diff": 3.0023999999999944,
"mean": 148.67727294832827,
"mean_diff": -0.04713177901672579,
"min": 15.8877,
"min_diff": -3.085800000000006,
"std": 65.72843996852654,
"std_diff": 0.5689984332658787
},
"FR_wheel_speed": {
"max": 260.75010000000003,
"max_diff": 3.0441000000000003,
"mean": 148.38057765957444,
"mean_diff": -0.0467724784591992,
"min": 15.8877,
"min_diff": -2.8355999999999995,
"std": 65.79897369531197,
"std_diff": 0.5627648834976421
},
"RL_wheel_speed": {
"max": 260.75010000000003,
"max_diff": 3.252600000000001,
"mean": 148.15048829787239,
"mean_diff": -0.04687815509376584,
"min": 15.429,
"min_diff": -3.5027999999999935,
"std": 65.63396559586583,
"std_diff": 0.5988760472026483
},
"RR_wheel_speed": {
"max": 260.75010000000003,
"max_diff": 4.420199999999994,
"mean": 147.9735907294833,
"mean_diff": -0.047004967055245823,
"min": 15.1788,
"min_diff": -3.252600000000001,
"std": 65.77492268086746,
"std_diff": 0.5924192690615829
},
"left_solar": {
"max": 0,
"max_diff": 0.0,
"mean": 0.0,
"mean_diff": 0.0,
"min": 0,
"min_diff": 0.0,
"std": 0.0,
"std_diff": 0.0
},
"longitudinal_accel": {
"max": 2.25,
"max_diff": 0.34999999999999964,
"mean": -0.021175278622086707,
"mean_diff": -0.001343132285859098,
"min": -1.4499999999999993,
"min_diff": -0.40000000000000036,
"std": 1.0659900510478166,
"std_diff": 0.05063679989914036
},
"meanEffTorque": {
"max": 139.5,
"max_diff": 5.5,
"mean": 7.928824721377913,
"mean_diff": -0.052965027876330464,
"min": -70.5,
"min_diff": -3.0,
"std": 61.931803237234085,
"std_diff": 0.687007494729097
},
"odom": {
"max": 120,
"max_diff": 84.0,
"mean": 58.84498480243161,
"mean_diff": -0.02838317283324886,
"min": 0,
"min_diff": -112.0,
"std": 35.18789171113757,
"std_diff": 17.39389541885394
},
"odom_speed": {
"max": 29.0,
"max_diff": 1.0,
"mean": 16.50607902735562,
"mean_diff": -0.00456158134820071,
"min": 2.0,
"min_diff": -1.0,
"std": 7.413719416627944,
"std_diff": 0.18422168955119786
},
"pedal_cc": {
"max": 523.0,
"max_diff": 43.0,
"mean": 120.17527862208713,
"mean_diff": -0.20577800304105423,
"min": 0.0,
"min_diff": -31.0,
"std": 177.62415974302536,
"std_diff": 3.194367043135036
},
"regen": {
"max": 56.0,
"max_diff": 1.0,
"mean": 22.6048632218845,
"mean_diff": 0.0,
"min": 0.0,
"min_diff": -4.0,
"std": 22.592013738451783,
"std_diff": 0.32155224131165594
},
"requestedTorqueAfterProc": {
"max": -272.5,
"max_diff": 125.5,
"mean": -323.54331306990883,
"mean_diff": -0.053725291434363914,
"min": -398.5,
"min_diff": -126.0,
"std": 47.68180185704617,
"std_diff": 6.93044529824641
},
"right_solar": {
"max": 0,
"max_diff": 0.0,
"mean": 0.0,
"mean_diff": 0.0,
"min": 0,
"min_diff": 0.0,
"std": 0.0,
"std_diff": 0.0
},
"steer_corrected": {
"max": 9.5,
"max_diff": 0.3000000000001819,
"mean": -0.9633232016208988,
"mean_diff": 0.004257475924987375,
"min": -11.699999999999818,
"min_diff": -0.3000000000001819,
"std": 5.529530403587011,
"std_diff": 0.06976986717087791
},
"steer_offset_can": {
"max": -13.300000000000182,
"max_diff": 0.0,
"mean": -13.300000000000184,
"mean_diff": 0.0,
"min": -13.300000000000182,
"min_diff": 0.0,
"std": 1.7763568394002505e-15,
"std_diff": 0.0
},
"steer_raw": {
"max": -3.800000000000182,
"max_diff": 0.3000000000001819,
"mean": -14.263323201621082,
"mean_diff": 0.004257475924987375,
"min": -25.0,
"min_diff": -0.3000000000001819,
"std": 5.529530403587011,
"std_diff": 0.06976986717087791
},
"transversal_accel": {
"max": -0.46000000000000796,
"max_diff": 0.02400000000000091,
"mean": -0.4970962512664611,
"mean_diff": -1.0136847440451208e-05,
"min": -0.539999999999992,
"min_diff": -0.02400000000000091,
"std": 0.011680561538809345,
"std_diff": 0.0036965345384630606
},
"utime": {
"max": 1542798711454306,
"max_diff": 23505.0,
"mean": 1542798701565081.5,
"mean_diff": 10035.291941206286,
"min": 1542798691654675,
"min_diff": 1.0,
"std": 5722994.340673335,
"std_diff": 1786.3776248803103
}
}
},
"ZoeSensors": {
"message_count": 19120,
"message_freq": 965.685828863501,
"timespan": 19.7994,
"var_stats": {
"brake_sensor": {
"max": 0.3380085229873657,
"max_diff": 0.0009243935346603394,
"mean": 0.25423085522062483,
"mean_diff": 7.556300200929177e-06,
"min": 0.1897823065519333,
"min_diff": -0.002358868718147278,
"std": 0.05758123843615827,
"std_diff": 0.00010035866532960272
},
"steering_sensor": {
"max": 0.1909252107143402,
"max_diff": 0.0007877498865127563,
"mean": 0.18879516136727323,
"mean_diff": -4.115180244966558e-10,