{
"MS_IMU": {
"message_count": 1944,
"message_freq": 99.90093157618695,
"timespan": 19.459278,
"var_stats": {
"linear_accel": {
"max": 12.875724792480469,
"max_diff": 12.677131578326225,
"mean": 3.56801350634927,
"mean_diff": 4.690065255719704,
"min": -1.7817094326019287,
"min_diff": -1.9320757389068604,
"std": 4.421731592897013,
"std_diff": 4.632782575160199
},
"q": {
"max": 0.9998500347137451,
"max_diff": 1.0135220186784863,
"mean": 0.175377658881332,
"mean_diff": 0.39975893516710836,
"min": -0.5699445605278015,
"min_diff": -0.04297175072133541,
"std": 0.46823358869960824,
"std_diff": 0.4245198687888991
},
"rotation_rate": {
"max": 0.10836569219827652,
"max_diff": 0.14595172554254532,
"mean": 0.022798413302449073,
"mean_diff": 0.032827825181474146,
"min": -0.0782889574766159,
"min_diff": -0.09362459927797318,
"std": 0.03686711155346635,
"std_diff": 0.045121244023573086
},
"utime": {
"max": 1538450235656411,
"max_diff": 29004.0,
"mean": 1538450225924186.5,
"mean_diff": 10015.068450849203,
"min": 1538450216197133,
"min_diff": 1959.0,
"std": 5616587.430784414,
"std_diff": 5456.658339555
}
}
},
"POSE": {
"message_count": 971,
"message_freq": 49.95006793672217,
"timespan": 19.439413,
"var_stats": {
"accel": {
"max": 10.722605243976693,
"max_diff": 10.388501107376452,
"mean": 3.5696251337488394,
"mean_diff": 4.6830971588357375,
"min": -0.8560641992659166,
"min_diff": -1.6745280665377438,
"std": 4.4123763950026165,
"std_diff": 4.628961911186404
},
"orientation": {
"max": 0.9854870511475881,
"max_diff": 0.0,
"mean": 0.09219377799471215,
"mean_diff": -0.44513713103014935,
"min": -0.7383506867472134,
"min_diff": -0.9854870511475881,
"std": 0.4914268076723753,
"std_diff": 0.36767685256428767
},
"pos": {
"max": 1859.8006413547032,
"max_diff": 1507.796161323164,
"mean": 718.6657508543295,
"mean_diff": -191.09720785954474,
"min": 0.0,
"min_diff": -1859.8006413547032,
"std": 762.9950284182368,
"std_diff": 1584.1058598252316
},
"rotation_rate": {
"max": 0.10836569219827652,
"max_diff": 0.14595172554254532,
"mean": 0.02281904894511444,
"mean_diff": 0.03281897896060651,
"min": -0.07598303258419037,
"min_diff": -0.09362459927797318,
"std": 0.03686168135518656,
"std_diff": 0.04512837026803682
},
"utime": {
"max": 1538450235649410,
"max_diff": 40534.0,
"mean": 1538450225929329.8,
"mean_diff": 20040.631958762886,
"min": 1538450216209997,
"min_diff": 16024.0,
"std": 5608209.233156898,
"std_diff": 1115.6864400838099
},
"vel": {
"max": 11.351736809633051,
"max_diff": 0.0,
"mean": 3.38470972632887,
"mean_diff": -5.077064589493305,
"min": 0.0,
"min_diff": -11.351736809633051,
"std": 4.86000772000494,
"std_diff": 5.180474650949706
}
}
},
"SteerAngleFeedback": {
"message_count": 1919,
"message_freq": 98.68820287702596,
"timespan": 19.44508,
"var_stats": {
"utime": {
"max": 1538450235650486,
"max_diff": 29500.0,
"mean": 1538450225920787.0,
"mean_diff": 10138.206465067778,
"min": 1538450216205406,
"min_diff": 4838.0,
"std": 5616657.078678179,
"std_diff": 1359.7984064076318
},
"value": {
"max": 0.4206243497306398,
"max_diff": 0.008726646259971604,
"mean": 0.341139563566597,
"mean_diff": 7.461783037723658e-05,
"min": 0.2251474735072701,
"min_diff": -0.00523598775598616,
"std": 0.03754861386731522,
"std_diff": 0.0013680967237141668
}
}
},
"VEHICLE_MONITOR": {
"message_count": 40,
"message_freq": 2.051328127267679,
"timespan": 19.499562,
"var_stats": {
"available_distance": {
"max": 106,
"max_diff": 0.0,
"mean": 105.125,
"mean_diff": -0.02564102564102564,
"min": 105,
"min_diff": -1.0,
"std": 0.33071891388307384,
"std_diff": 0.15806189751202507
},
"battery_level": {
"max": 95,
"max_diff": 0.0,
"mean": 94.5,
"mean_diff": -0.02564102564102564,
"min": 94,
"min_diff": -1.0,
"std": 0.5,
"std_diff": 0.15806189751202507
},
"brake": {
"max": 0,
"max_diff": 0.0,
"mean": 0.0,
"mean_diff": 0.0,
"min": 0,
"min_diff": 0.0,
"std": 0.0,
"std_diff": 0.0
},
"brake_switch": {
"max": 1,
"max_diff": 0.0,
"mean": 1.0,
"mean_diff": 0.0,
"min": 1,
"min_diff": 0.0,
"std": 0.0,
"std_diff": 0.0
},
"gear_position": {
"max": 7,
"max_diff": 0.0,
"mean": 7.0,
"mean_diff": 0.0,
"min": 7,
"min_diff": 0.0,
"std": 0.0,
"std_diff": 0.0
},
"left_signal": {
"max": 0,
"max_diff": 0.0,
"mean": 0.0,
"mean_diff": 0.0,
"min": 0,
"min_diff": 0.0,
"std": 0.0,
"std_diff": 0.0
},
"rear_left_rpm": {
"max": 356.3265,
"max_diff": 18.93180000000001,
"mean": 318.0073275,
"mean_diff": 1.7011461538461543,
"min": 191.3613,
"min_diff": -14.511599999999987,
"std": 43.6106072157909,
"std_diff": 9.085989266457315
},
"rear_right_rpm": {
"max": 359.8293,
"max_diff": 20.307900000000018,
"mean": 321.238035,
"mean_diff": 1.754607692307693,
"min": 190.6941,
"min_diff": -15.178800000000024,
"std": 44.40980200895152,
"std_diff": 9.336652872701515
},
"right_signal": {
"max": 0,
"max_diff": 0.0,
"mean": 0.0,
"mean_diff": 0.0,
"min": 0,
"min_diff": 0.0,
"std": 0.0,
"std_diff": 0.0
},
"steering": {
"max": 23.700000000000273,
"max_diff": 4.299999999999727,
"mean": 19.625000000000192,
"mean_diff": 0.19743589743590442,
"min": 13.400000000000091,
"min_diff": -4.600000000000364,
"std": 2.0227147599204605,
"std_diff": 1.8176467146352346
},
"steering_speed": {
"max": 17.900000000000272,
"max_diff": 19.90000000000009,
"mean": 0.11750000000021074,
"mean_diff": -0.1512820512820536,
"min": -13.999999999999819,
"min_diff": -27.90000000000009,
"std": 6.283266964724669,
"std_diff": 9.424568868459996
},
"throttle": {
"max": 343,
"max_diff": 26.0,
"mean": 155.75,
"mean_diff": -7.9743589743589745,
"min": 0,
"min_diff": -114.0,
"std": 103.6107499248992,
"std_diff": 23.195365562186023
},
"utime": {
"max": 1538450236126742,
"max_diff": 501713.0,
"mean": 1538450226376871.2,
"mean_diff": 499988.76923076925,
"min": 1538450216627180,
"min_diff": 498403.0,
"std": 5771689.76591652,
"std_diff": 597.1317967107412
},
"vehicle_speed": {
"max": 40.86,
"max_diff": 2.2300000000000004,
"mean": 36.47125,
"mean_diff": 0.20897435897435904,
"min": 21.52,
"min_diff": -1.5399999999999991,
"std": 5.055901594918557,
"std_diff": 1.0497076390822666
},
"yaw_rate": {
"max": 4.900000000000034,
"max_diff": 1.3000000000000114,
"mean": 3.537500000000022,
"mean_diff": 0.04615384615384572,
"min": 1.5000000000000284,
"min_diff": -1.0,
"std": 0.651800391224186,
"std_diff": 0.47331138655123633
}
}
},
"ZOE_VEH_INFO": {
"message_count": 1934,
"message_freq": 99.42577757744107,
"timespan": 19.451696,
"var_stats": {
"FL_wheel_speed": {
"max": 358.6617,
"max_diff": 3.5027999999999793,
"mean": 320.6000789038263,
"mean_diff": 0.04968189342990171,
"min": 174.5145,
"min_diff": -4.670400000000029,
"std": 45.08061328422222,
"std_diff": 0.5826996632850269
},
"FR_wheel_speed": {
"max": 362.1228,
"max_diff": 3.711300000000051,
"mean": 323.14414544984487,
"mean_diff": 0.05041536471805485,
"min": 175.4736,
"min_diff": -4.461900000000014,
"std": 45.57215883094073,
"std_diff": 0.5947166166675878
},
"RL_wheel_speed": {
"max": 358.20300000000003,
"max_diff": 6.1299000000000206,
"mean": 318.89665330920377,
"mean_diff": 0.04978975685463013,
"min": 173.8473,
"min_diff": -7.005600000000015,
"std": 45.093939138857266,
"std_diff": 0.7204908173084207
},
"RR_wheel_speed": {
"max": 360.7884,
"max_diff": 6.755400000000009,
"mean": 322.1222367114788,
"mean_diff": 0.050415364718054835,
"min": 174.7647,
"min_diff": -5.129099999999994,
"std": 45.632617168375056,
"std_diff": 0.7151617742142641
},
"left_solar": {
"max": 32,
"max_diff": 144.0,
"mean": -58.87073422957601,
"mean_diff": -0.04138644593895499,
"min": -112,
"min_diff": -144.0,
"std": 59.71513591953916,
"std_diff": 24.048888483491815
},
"longitudinal_accel": {
"max": 1.75,
"max_diff": 0.6999999999999993,
"mean": 0.48503102378490237,
"mean_diff": -0.0010863942058975684,
"min": -0.9000000000000004,
"min_diff": -0.9499999999999993,
"std": 0.6186284944421545,
"std_diff": 0.08558166087909506
},
"meanEffTorque": {
"max": 105.5,
"max_diff": 0.5,
"mean": 35.15589451913134,
"mean_diff": -0.06414899120538024,
"min": -30.0,
"min_diff": -2.5,
"std": 37.6520237895804,