{
"MS_IMU": {
"message_count": 1948,
"message_freq": 100.02460564220932,
"timespan": 19.475208,
"var_stats": {
"linear_accel": {
"max": 11.580896377563477,
"max_diff": 11.205899834632874,
"mean": 3.346769987360251,
"mean_diff": 4.864412245915192,
"min": -1.422847867012024,
"min_diff": -1.9159637466073036,
"std": 4.57053490185069,
"std_diff": 4.741840655075228
},
"q": {
"max": 0.9948266744613647,
"max_diff": 0.1559486873447895,
"mean": 0.27566567140991205,
"mean_diff": -0.29412253170154995,
"min": -0.02994633838534355,
"min_diff": -0.9850666299462318,
"std": 0.41714320529193233,
"std_diff": 0.4904219917182219
},
"rotation_rate": {
"max": 0.04966956377029419,
"max_diff": 0.12619461119174957,
"mean": -0.0008608514769892937,
"mean_diff": 0.0006335888257275377,
"min": -0.07729677855968475,
"min_diff": -0.05000959103927016,
"std": 0.013158376256806882,
"std_diff": 0.021027847875017266
},
"utime": {
"max": 1537845551795113,
"max_diff": 24039.0,
"mean": 1537845542045660.2,
"mean_diff": 10002.674884437596,
"min": 1537845532319905,
"min_diff": 1948.0,
"std": 5628939.448941356,
"std_diff": 3935.3909603607995
}
}
},
"POSE": {
"message_count": 972,
"message_freq": 49.89919797306583,
"timespan": 19.479271,
"var_stats": {
"accel": {
"max": 10.834124037975077,
"max_diff": 10.490182572384468,
"mean": 3.343235672191776,
"mean_diff": 4.868345461591511,
"min": -1.3557747829799307,
"min_diff": -1.7918857378201558,
"std": 4.5699991066268675,
"std_diff": 4.733792591812952
},
"orientation": {
"max": 0.796774468101739,
"max_diff": 0.796774468101739,
"mean": 0.3512913381843467,
"mean_diff": 0.05305797791685138,
"min": 0.0,
"min_diff": -0.6322369930159991,
"std": 0.3558010619948329,
"std_diff": 0.574907109290456
},
"pos": {
"max": 1016.4400581519038,
"max_diff": 891.4011712694808,
"mean": 379.4056520486395,
"mean_diff": -63.003739475595076,
"min": 0.0,
"min_diff": -1016.4400581519038,
"std": 450.41931677217485,
"std_diff": 949.226411111792
},
"rotation_rate": {
"max": 0.04920893535017967,
"max_diff": 0.12619461119174957,
"mean": -0.0008706015765689252,
"mean_diff": 0.0006276261727276241,
"min": -0.07729677855968475,
"min_diff": -0.05000959103927016,
"std": 0.013182270199683035,
"std_diff": 0.02108498764526266
},
"utime": {
"max": 1537845551793280,
"max_diff": 40443.0,
"mean": 1537845542046535.8,
"mean_diff": 20061.041194644695,
"min": 1537845532314009,
"min_diff": 13553.0,
"std": 5625249.802577106,
"std_diff": 1300.6101476939443
},
"vel": {
"max": 6.224265126875158,
"max_diff": 0.0,
"mean": 0.42353875154415244,
"mean_diff": -0.6353081273162288,
"min": 0.0,
"min_diff": -6.224265126875158,
"std": 1.175322847061135,
"std_diff": 1.391954340735052
}
}
},
"SteerAngleFeedback": {
"message_count": 1919,
"message_freq": 98.39027561582367,
"timespan": 19.50396,
"var_stats": {
"utime": {
"max": 1537845551806350,
"max_diff": 29921.0,
"mean": 1537845542039505.8,
"mean_diff": 10168.905109489051,
"min": 1537845532302390,
"min_diff": 2933.0,
"std": 5635908.302032174,
"std_diff": 1514.3167107592922
},
"value": {
"max": 0.4276056667386107,
"max_diff": 0.015707963267950556,
"mean": 0.08345475082529631,
"mean_diff": 0.00012557634868363548,
"min": -0.490437519810405,
"min_diff": -0.00872664625997166,
"std": 0.23546380270408587,
"std_diff": 0.002311456031837478
}
}
},
"VEHICLE_MONITOR": {
"message_count": 40,
"message_freq": 2.0512909928068916,
"timespan": 19.499915,
"var_stats": null
},
"ZOE_VEH_INFO": {
"message_count": 1944,
"message_freq": 99.72723268061415,
"timespan": 19.493171,
"var_stats": {
"FL_wheel_speed": {
"max": 194.40540000000001,
"max_diff": 5.838,
"mean": 39.19034212962963,
"mean_diff": -0.07863551209469892,
"min": 0.0,
"min_diff": -3.5028,
"std": 54.02118403286287,
"std_diff": 0.42045883290106006
},
"FR_wheel_speed": {
"max": 194.1552,
"max_diff": 5.838,
"mean": 39.13716604938272,
"mean_diff": -0.07839943386515698,
"min": 0.0,
"min_diff": -3.961500000000001,
"std": 54.21192833253521,
"std_diff": 0.4404476468068045
},
"RL_wheel_speed": {
"max": 194.40540000000001,
"max_diff": 6.2967,
"mean": 39.0980186728395,
"mean_diff": -0.07876428203808544,
"min": 0.0,
"min_diff": -5.379300000000001,
"std": 53.87393629070733,
"std_diff": 0.48163958046071975
},
"RR_wheel_speed": {
"max": 192.27870000000001,
"max_diff": 7.964700000000001,
"mean": 39.16814074074074,
"mean_diff": -0.07661811631497685,
"min": 0.0,
"min_diff": -3.5028000000000077,
"std": 54.15698870658345,
"std_diff": 0.4811791187107197
},
"left_solar": {
"max": 32,
"max_diff": 144.0,
"mean": -78.0,
"mean_diff": 0.0,
"min": -112,
"min_diff": -144.0,
"std": 61.155539405682624,
"std_diff": 4.619990575549671
},
"longitudinal_accel": {
"max": 2.0500000000000007,
"max_diff": 0.34999999999999964,
"mean": 0.10658436213991833,
"mean_diff": 0.0007462686567164185,
"min": -1.3499999999999996,
"min_diff": -0.3500000000000014,
"std": 0.700321692749628,
"std_diff": 0.04882256419209441
},
"meanEffTorque": {
"max": 136.5,
"max_diff": 7.5,
"mean": 9.23559670781893,
"mean_diff": 0.04709212557900155,
"min": -56.5,
"min_diff": -4.0,
"std": 40.29450225386508,
"std_diff": 0.8950142310359263
},
"odom": {
"max": 120,
"max_diff": 60.0,
"mean": 41.117283950617285,
"mean_diff": -0.049408131755018014,
"min": 0,
"min_diff": -116.0,
"std": 33.98684430833074,
"std_diff": 10.440707201398663
},
"odom_speed": {
"max": 22.0,
"max_diff": 1.0,
"mean": 4.2484567901234565,
"mean_diff": -0.009264024704065878,
"min": 0.0,
"min_diff": -1.0,
"std": 6.205375481089088,
"std_diff": 0.12799826208958903
},
"pedal_cc": {
"max": 503.0,
"max_diff": 171.0,
"mean": 37.1275720164609,
"mean_diff": 0.0602161605764282,
"min": 0.0,
"min_diff": -153.0,
"std": 97.90563074698501,
"std_diff": 7.705394929439856
},
"regen": {
"max": 53.0,
"max_diff": 1.0,
"mean": 10.32716049382716,
"mean_diff": -0.023160061760164694,
"min": 0.0,
"min_diff": -1.0,
"std": 19.09042708638277,
"std_diff": 0.1756654830217547
},
"requestedTorqueAfterProc": {
"max": -272.5,
"max_diff": 112.0,
"mean": -353.1082818930041,
"mean_diff": -0.028564076170869788,
"min": -398.5,
"min_diff": -126.0,
"std": 41.02087479643223,
"std_diff": 5.356712793065051
},
"right_solar": {
"max": -106,
"max_diff": 0.0,
"mean": -106.0,
"mean_diff": 0.0,
"min": -106,
"min_diff": 0.0,
"std": 0.0,
"std_diff": 0.0
},
"steer_corrected": {
"max": 24.5,
"max_diff": 0.599999999999909,
"mean": 4.812911522633625,
"mean_diff": 0.007102418939783699,
"min": -28.09999999999991,
"min_diff": -0.5,
"std": 13.452678568182522,
"std_diff": 0.13040573017113205
},
"steer_offset_can": {
"max": -13.599999999999909,
"max_diff": 0.0,
"mean": -13.599999999999909,
"mean_diff": 0.0,
"min": -13.599999999999909,
"min_diff": 0.0,
"std": 0.0,
"std_diff": 0.0
},
"steer_raw": {
"max": 10.900000000000091,
"max_diff": 0.599999999999909,
"mean": -8.787088477366284,
"mean_diff": 0.007102418939783699,
"min": -41.69999999999982,
"min_diff": -0.5,
"std": 13.452678568182522,
"std_diff": 0.13040573017113205
},
"transversal_accel": {
"max": -0.40399999999999636,
"max_diff": 0.036000000000001364,
"mean": -0.48537242798353447,
"mean_diff": 1.0293360782300685e-05,
"min": -0.5159999999999911,
"min_diff": -0.027999999999991587,
"std": 0.012740573093343949,
"std_diff": 0.003240234874921908
},
"utime": {
"max": 1537845551799867,
"max_diff": 31048.0,
"mean": 1537845542050698.5,
"mean_diff": 10032.51209469892,
"min": 1537845532306696,
"min_diff": 1.0,
"std": 5632520.56692488,
"std_diff": 2006.56609056193
}
}
},
"ZoeSensors": {
"message_count": 18789,
"message_freq": 963.4735876502265,
"timespan": 19.501313,
"var_stats": {
"brake_sensor": {
"max": 0.27642738819122314,
"max_diff": 0.0013161897659301758,
"mean": 0.20547513139543555,
"mean_diff": 1.8646279522426994e-09,
"min": 0.18240582942962646,
"min_diff": -0.003052353858947754,
"std": 0.03928408571831045,
"std_diff": 9.661064603036494e-05
},
"steering_sensor": {
"max": 0.1908976286649704,
"max_diff": 0.0004923343658447266,
"mean": 0.18827048725806872,
"mean_diff": -8.804438493341646e-09,
"min": 0.1869155913591385,
"min_diff": -0.000677451491355896,