{
"MS_IMU": {
"message_count": 1944,
"message_freq": 99.64007585357051,
"timespan": 19.510222,
"var_stats": {
"linear_accel": {
"max": 11.152205467224121,
"max_diff": 11.504397511482239,
"mean": 3.2897978262874013,
"mean_diff": 4.798960529508224,
"min": -0.9996616244316101,
"min_diff": -2.4564996361732483,
"std": 4.608063237409787,
"std_diff": 5.117367016407663
},
"q": {
"max": 0.02602323889732361,
"max_diff": 0.979282408952713,
"mean": -0.31700634011473466,
"mean_diff": 0.1813455923155093,
"min": -0.9537777304649353,
"min_diff": -0.5702069476246834,
"std": 0.3866613475496672,
"std_diff": 0.5599083858534819
},
"rotation_rate": {
"max": 0.09348829835653305,
"max_diff": 0.12498876452445984,
"mean": 0.008882878990391068,
"mean_diff": 0.013553199290829172,
"min": -0.067890964448452,
"min_diff": -0.06982308253645897,
"std": 0.024894831385934853,
"std_diff": 0.03271932693328668
},
"utime": {
"max": 1538448863656734,
"max_diff": 33963.0,
"mean": 1538448853893874.2,
"mean_diff": 10041.287699433866,
"min": 1538448844146512,
"min_diff": 1956.0,
"std": 5634519.923379705,
"std_diff": 5469.918805488727
}
}
},
"POSE": {
"message_count": 972,
"message_freq": 49.84927773422519,
"timespan": 19.498778,
"var_stats": {
"accel": {
"max": 10.269103821923675,
"max_diff": 10.82948648958514,
"mean": 3.2905789435241406,
"mean_diff": 4.800034770069488,
"min": -0.8101986618224358,
"min_diff": -1.0987503644427448,
"std": 4.6040755554009305,
"std_diff": 5.111552639202666
},
"orientation": {
"max": 0.9810786711172971,
"max_diff": 0.9810786711172971,
"mean": 0.32605248396255504,
"mean_diff": 0.17616687496118016,
"min": 0.0,
"min_diff": -0.472903702518572,
"std": 0.3790643450680211,
"std_diff": 0.5498168472316443
},
"pos": {
"max": 3165.4080842985923,
"max_diff": 1818.7928386027393,
"mean": 1507.327470949429,
"mean_diff": -710.3243650262593,
"min": 0.0,
"min_diff": -3165.4080842985923,
"std": 1268.0549499307378,
"std_diff": 2391.9355122126703
},
"rotation_rate": {
"max": 0.09348829835653305,
"max_diff": 0.12419645860791206,
"mean": 0.008894582144595644,
"mean_diff": 0.01354003088384015,
"min": -0.067890964448452,
"min_diff": -0.0687021017074585,
"std": 0.02492356533523985,
"std_diff": 0.032703454223852534
},
"utime": {
"max": 1538448863663879,
"max_diff": 40522.0,
"mean": 1538448853901980.5,
"mean_diff": 20081.13079299691,
"min": 1538448844165101,
"min_diff": 15866.0,
"std": 5637897.820982508,
"std_diff": 1366.5994730956781
},
"vel": {
"max": 11.00830556108157,
"max_diff": 0.0,
"mean": 3.4412189681017993,
"mean_diff": -5.161828452152699,
"min": 0.0,
"min_diff": -11.00830556108157,
"std": 4.877653634305858,
"std_diff": 5.1774285581326955
}
}
},
"SteerAngleFeedback": {
"message_count": 1929,
"message_freq": 98.89357620857409,
"timespan": 19.505817,
"var_stats": {
"utime": {
"max": 1538448863655538,
"max_diff": 30859.0,
"mean": 1538448853876093.2,
"mean_diff": 10117.125,
"min": 1538448844149721,
"min_diff": 784.0,
"std": 5633328.718338193,
"std_diff": 1401.1668371898331
},
"value": {
"max": 0.3944444109507248,
"max_diff": 0.00872664625997166,
"mean": 0.14788340327707178,
"mean_diff": 1.7199821466749914e-05,
"min": -0.03839724354387208,
"min_diff": -0.006981317007970972,
"std": 0.1261446048345106,
"std_diff": 0.0014929956493850943
}
}
},
"VEHICLE_MONITOR": {
"message_count": 40,
"message_freq": 2.05127468773189,
"timespan": 19.50007,
"var_stats": null
},
"ZOE_VEH_INFO": {
"message_count": 1945,
"message_freq": 99.68594570647251,
"timespan": 19.511276,
"var_stats": {
"FL_wheel_speed": {
"max": 349.7796,
"max_diff": 10.258199999999988,
"mean": 326.4089689974293,
"mean_diff": -0.0037324074074074187,
"min": 290.8992,
"min_diff": -7.46429999999998,
"std": 18.454803932176436,
"std_diff": 0.7138193654856608
},
"FR_wheel_speed": {
"max": 349.0707,
"max_diff": 8.465100000000007,
"mean": 327.2466566066838,
"mean_diff": -0.0008365740740740817,
"min": 292.2753,
"min_diff": -5.629500000000007,
"std": 17.814222194561626,
"std_diff": 0.7031800290435382
},
"RL_wheel_speed": {
"max": 348.1533,
"max_diff": 6.546899999999994,
"mean": 325.1118310025707,
"mean_diff": -0.0018018518518518412,
"min": 289.94010000000003,
"min_diff": -7.672799999999995,
"std": 18.49147382743448,
"std_diff": 0.7664715213575284
},
"RR_wheel_speed": {
"max": 348.1533,
"max_diff": 6.546899999999994,
"mean": 326.3699489460154,
"mean_diff": -0.0014371913580246954,
"min": 290.3988,
"min_diff": -7.005600000000015,
"std": 17.817545681021294,
"std_diff": 0.8154900802638727
},
"left_solar": {
"max": 0,
"max_diff": 112.0,
"mean": -57.35321336760926,
"mean_diff": 0.05761316872427984,
"min": -112,
"min_diff": -112.0,
"std": 55.98364773379566,
"std_diff": 7.620416970013098
},
"longitudinal_accel": {
"max": 1.1000000000000014,
"max_diff": 0.9500000000000011,
"mean": 0.2637017994858619,
"mean_diff": -0.0003086419753086418,
"min": -0.75,
"min_diff": -0.8500000000000014,
"std": 0.33529126120810276,
"std_diff": 0.09956131869586851
},
"meanEffTorque": {
"max": 59.0,
"max_diff": 4.5,
"mean": 21.00694087403599,
"mean_diff": -0.0007716049382716049,
"min": -28.5,
"min_diff": -1.5,
"std": 19.8316909830814,
"std_diff": 0.4033354010970059
},
"odom": {
"max": 124,
"max_diff": 0.0,
"mean": 124.0,
"mean_diff": 0.0,
"min": 124,
"min_diff": 0.0,
"std": 0.0,
"std_diff": 0.0
},
"odom_speed": {
"max": 39.0,
"max_diff": 1.0,
"mean": 36.685347043701796,
"mean_diff": 0.0,
"min": 33.0,
"min_diff": -1.0,
"std": 2.074875087236012,
"std_diff": 0.09072184232530289
},
"pedal_cc": {
"max": 292.0,
"max_diff": 15.0,
"mean": 167.1434447300771,
"mean_diff": -0.00205761316872428,
"min": 0.0,
"min_diff": -16.0,
"std": 70.74088631671357,
"std_diff": 2.0258097717329298
},
"regen": {
"max": 57.0,
"max_diff": 2.0,
"mean": 3.936246786632391,
"mean_diff": 0.0,
"min": 0.0,
"min_diff": -9.0,
"std": 11.819858123836811,
"std_diff": 0.47358192046460823
},
"requestedTorqueAfterProc": {
"max": -273.0,
"max_diff": 124.0,
"mean": -353.48226221079693,
"mean_diff": 0.0,
"min": -398.5,
"min_diff": -125.5,
"std": 25.53022945376899,
"std_diff": 4.066543966981169
},
"right_solar": {
"max": 50,
"max_diff": 50.0,
"mean": 44.62724935732648,
"mean_diff": 0.0,
"min": 0,
"min_diff": -50.0,
"std": 15.484543347006635,
"std_diff": 3.207501495497921
},
"steer_corrected": {
"max": 22.600000000000364,
"max_diff": 0.7000000000002728,
"mean": 8.475784061696844,
"mean_diff": 0.0009773662551440796,
"min": -2.299999999999727,
"min_diff": -0.40000000000009095,
"std": 7.227025451651648,
"std_diff": 0.09287404354867
},
"steer_offset_can": {
"max": -14.300000000000182,
"max_diff": 0.0,
"mean": -14.300000000000182,
"mean_diff": 0.0,
"min": -14.300000000000182,
"min_diff": 0.0,
"std": 0.0,
"std_diff": 0.0
},
"steer_raw": {
"max": 8.300000000000182,
"max_diff": 0.7000000000002728,
"mean": -5.824215938303339,
"mean_diff": 0.0009773662551440796,
"min": -16.59999999999991,
"min_diff": -0.40000000000009095,
"std": 7.227025451651648,
"std_diff": 0.09287404354867
},
"transversal_accel": {
"max": -0.43600000000000705,
"max_diff": 0.036000000000001364,
"mean": -0.5122755784061683,
"mean_diff": -2.0576131687341047e-06,
"min": -0.5999999999999943,
"min_diff": -0.040000000000020464,
"std": 0.029690540070074555,
"std_diff": 0.00626900369188539
},
"utime": {
"max": 1538448863657836,
"max_diff": 23760.0,
"mean": 1538448853888676.8,
"mean_diff": 10036.664609053498,
"min": 1538448844146560,
"min_diff": 1565.0,
"std": 5636666.271766447,
"std_diff": 1619.253884875918
}
}
},
"ZoeSensors": {
"message_count": 18635,
"message_freq": 955.6267157435385,
"timespan": 19.500292,
"var_stats": {
"brake_sensor": {
"max": 0.1836000233888626,
"max_diff": 3.3020973205566406e-05,
"mean": 0.1833823115065362,
"mean_diff": 3.849639904861147e-09,
"min": 0.1832653135061264,
"min_diff": -4.044175148010254e-05,
"std": 3.3462157064033314e-05,
"std_diff": 4.843950803615925e-06
},
"steering_sensor": {
"max": 0.18959785997867584,
"max_diff": 0.0004687011241912842,
"mean": 0.18867568774855997,
"mean_diff": 2.9588009239688917e-09,
"min": 0.1876639425754547,