{
"MS_IMU": {
"message_count": 1941,
"message_freq": 99.58939513013502,
"timespan": 19.490027,
"var_stats": {
"linear_accel": {
"max": 9.828409194946289,
"max_diff": 10.228716760873795,
"mean": 2.9781470071462324,
"mean_diff": 5.118489996560344,
"min": -0.8897935748100281,
"min_diff": -0.23598138988018036,
"std": 4.797028816838066,
"std_diff": 4.994644864762325
},
"q": {
"max": 0.030714625492691994,
"max_diff": 0.5131067186594009,
"mean": -0.3291083568446089,
"mean_diff": -0.13878713375961538,
"min": -0.8858400583267212,
"min_diff": -0.8903601844795048,
"std": 0.3764142755688966,
"std_diff": 0.5711321880035131
},
"rotation_rate": {
"max": 0.00646751606836915,
"max_diff": 0.004314295598305762,
"mean": -0.0006516846999509,
"mean_diff": -0.001187355845791201,
"min": -0.0363617017865181,
"min_diff": -0.04171260166913271,
"std": 0.0044926550208626926,
"std_diff": 0.005868580899241098
},
"utime": {
"max": 1542800987447518,
"max_diff": 25303.0,
"mean": 1542800977706361.0,
"mean_diff": 10046.405670103093,
"min": 1542800967957491,
"min_diff": 1906.0,
"std": 5629444.28873823,
"std_diff": 5554.237564467798
}
}
},
"POSE": {
"message_count": 969,
"message_freq": 49.69482046630666,
"timespan": 19.499014,
"var_stats": {
"accel": {
"max": 9.801672998341246,
"max_diff": 10.159151651712891,
"mean": 2.9780400790186907,
"mean_diff": 5.11864106608689,
"min": -0.8057961536265983,
"min_diff": -0.2215316357352142,
"std": 4.797061754518248,
"std_diff": 4.994454377394236
},
"orientation": {
"max": 0.30305961213466015,
"max_diff": 0.0,
"mean": -0.16375378215222883,
"mean_diff": -0.4177772864273939,
"min": -0.9587737503220285,
"min_diff": -0.9587737503220285,
"std": 0.4724242784096097,
"std_diff": 0.3984914958674734
},
"pos": {
"max": 1321.5731755357162,
"max_diff": -417.6366607920214,
"mean": 741.7895611849382,
"mean_diff": -660.7648075590386,
"min": 0.0,
"min_diff": -903.8675444019907,
"std": 551.54641161468,
"std_diff": 243.07426342820773
},
"rotation_rate": {
"max": 0.006039697676897049,
"max_diff": 0.004235531203448772,
"mean": -0.0006509203153586962,
"mean_diff": -0.0011934747737643078,
"min": -0.035813115537166595,
"min_diff": -0.041442740708589554,
"std": 0.004477678697128239,
"std_diff": 0.0058458204928402546
},
"utime": {
"max": 1542800987465710,
"max_diff": 40836.0,
"mean": 1542800977724799.2,
"mean_diff": 20143.60950413223,
"min": 1542800967966696,
"min_diff": 9870.0,
"std": 5638564.079370073,
"std_diff": 1816.016147826299
},
"vel": {
"max": 0.23880744401046586,
"max_diff": 0.0,
"mean": 0.004348953381033536,
"mean_diff": -0.006523430071550304,
"min": 0.0,
"min_diff": -0.23880744401046586,
"std": 0.029378417049419764,
"std_diff": 0.035783404475561775
}
}
},
"SteerAngleFeedback": {
"message_count": 1912,
"message_freq": 98.07689269423585,
"timespan": 19.494908,
"var_stats": {
"utime": {
"max": 1542800987451638,
"max_diff": 20991.0,
"mean": 1542800977705458.0,
"mean_diff": 10201.417059131345,
"min": 1542800967956730,
"min_diff": 7666.0,
"std": 5633944.073746001,
"std_diff": 1494.2064702448404
},
"value": {
"max": -5.035274892003641,
"max_diff": 0.0017453292519933328,
"mean": -5.057002050401112,
"mean_diff": -3.0139123660809793e-05,
"min": -5.094616086571442,
"min_diff": -0.003490658503993771,
"std": 0.027877331228855724,
"std_diff": 0.0005927649466336288
}
}
},
"VEHICLE_MONITOR": {
"message_count": 40,
"message_freq": 2.0514099751040886,
"timespan": 19.498784,
"var_stats": null
},
"ZOE_VEH_INFO": {
"message_count": 1947,
"message_freq": 99.82586104035057,
"timespan": 19.503964,
"var_stats": {
"FL_wheel_speed": {
"max": 8.8821,
"max_diff": 4.9206,
"mean": 0.4841226502311248,
"mean_diff": 4.564123431141445e-19,
"min": 0.0,
"min_diff": -3.5028,
"std": 1.813721184047403,
"std_diff": 0.14622372291409197
},
"FR_wheel_speed": {
"max": 7.2558,
"max_diff": 4.2117,
"mean": 0.38298890600924507,
"mean_diff": -4.564123431141445e-19,
"min": 0.0,
"min_diff": -3.5028,
"std": 1.4773473056183353,
"std_diff": 0.1308670699603227
},
"RL_wheel_speed": {
"max": 8.8821,
"max_diff": 4.9206,
"mean": 0.4525959938366718,
"mean_diff": 4.564123431141445e-19,
"min": 0.0,
"min_diff": -3.5028,
"std": 1.748915657088125,
"std_diff": 0.14757412665214342
},
"RR_wheel_speed": {
"max": 7.2558,
"max_diff": 3.753,
"mean": 0.34726440677966103,
"mean_diff": 0.0,
"min": 0.0,
"min_diff": -3.5028,
"std": 1.3916264421960016,
"std_diff": 0.12440521348744651
},
"left_solar": {
"max": 0,
"max_diff": 0.0,
"mean": 0.0,
"mean_diff": 0.0,
"min": 0,
"min_diff": 0.0,
"std": 0.0,
"std_diff": 0.0
},
"longitudinal_accel": {
"max": -0.049999999999998934,
"max_diff": 0.09999999999999964,
"mean": -0.38867488443759535,
"mean_diff": 0.0,
"min": -0.7999999999999989,
"min_diff": -0.09999999999999964,
"std": 0.09728671693062574,
"std_diff": 0.023006322023127704
},
"meanEffTorque": {
"max": 15.5,
"max_diff": 3.0,
"mean": 2.026707755521315,
"mean_diff": 0.003854059609455293,
"min": 0.0,
"min_diff": -0.5,
"std": 3.6233216504466204,
"std_diff": 0.11827184564474476
},
"odom": {
"max": 48,
"max_diff": 4.0,
"mean": 22.543400102722135,
"mean_diff": 0.01644398766700925,
"min": 16,
"min_diff": 0.0,
"std": 12.431818833652128,
"std_diff": 0.2559405124978152
},
"odom_speed": {
"max": 0.0,
"max_diff": 0.0,
"mean": 0.0,
"mean_diff": 0.0,
"min": 0.0,
"min_diff": 0.0,
"std": 0.0,
"std_diff": 0.0
},
"pedal_cc": {
"max": 0.0,
"max_diff": 0.0,
"mean": 0.0,
"mean_diff": 0.0,
"min": 0.0,
"min_diff": 0.0,
"std": 0.0,
"std_diff": 0.0
},
"regen": {
"max": 0.0,
"max_diff": 0.0,
"mean": 0.0,
"mean_diff": 0.0,
"min": 0.0,
"min_diff": 0.0,
"std": 0.0,
"std_diff": 0.0
},
"requestedTorqueAfterProc": {
"max": -364.5,
"max_diff": 8.0,
"mean": -380.0182331792501,
"mean_diff": 0.0041109969167523125,
"min": -382.5,
"min_diff": -4.0,
"std": 4.603213562420439,
"std_diff": 0.2937925032334028
},
"right_solar": {
"max": 0,
"max_diff": 0.0,
"mean": 0.0,
"mean_diff": 0.0,
"min": 0,
"min_diff": 0.0,
"std": 0.0,
"std_diff": 0.0
},
"steer_corrected": {
"max": -288.5,
"max_diff": 0.09999999999990905,
"mean": -289.7443246019516,
"mean_diff": -0.0016957862281601886,
"min": -291.89999999999964,
"min_diff": -0.20000000000027285,
"std": 1.596018541825375,
"std_diff": 0.029594761361143935
},
"steer_offset_can": {
"max": -13.300000000000182,
"max_diff": 0.0,
"mean": -13.300000000000182,
"mean_diff": 0.0,
"min": -13.300000000000182,
"min_diff": 0.0,
"std": 0.0,
"std_diff": 0.0
},
"steer_raw": {
"max": -301.8000000000002,
"max_diff": 0.09999999999990905,
"mean": -303.0443246019518,
"mean_diff": -0.0016957862281601886,
"min": -305.1999999999998,
"min_diff": -0.20000000000027285,
"std": 1.596018541825375,
"std_diff": 0.029594761361143935
},
"transversal_accel": {
"max": -0.5159999999999911,
"max_diff": 0.008000000000009777,
"mean": -0.5379743194658424,
"mean_diff": -2.0554984583713657e-06,
"min": -0.5519999999999925,
"min_diff": -0.008000000000009777,
"std": 0.0037712395238984936,
"std_diff": 0.0018202909904235036
},
"utime": {
"max": 1542800987456558,
"max_diff": 30338.0,
"mean": 1542800977712943.5,
"mean_diff": 10022.591983556013,
"min": 1542800967952594,
"min_diff": 3.0,
"std": 5626592.853819766,
"std_diff": 1770.568637506248
}
}
},
"ZoeSensors": {
"message_count": 18941,
"message_freq": 971.346932190384,
"timespan": 19.499727,
"var_stats": {
"brake_sensor": {
"max": 0.336891233921051,
"max_diff": 0.00017520785331726074,
"mean": 0.32999787549932,
"mean_diff": -1.0518662025709464e-06,
"min": 0.299566388130188,
"min_diff": -0.00048726797103881836,
"std": 0.010930555105507434,
"std_diff": 1.83485522921218e-05
},
"steering_sensor": {
"max": 0.18962542712688446,
"max_diff": 0.00039386749267578125,
"mean": 0.18855361067803783,
"mean_diff": 1.93400393066084e-08,
"min": 0.18756547570228577,
"min_diff": -0.000500217080116272,
"std": 0.0002722263488960418,
"std_diff": 6.292826188014068e-05
},
"throttle_sensor": {
"max": 0.12337344884872437,
"max_diff": 0.0011337846517562866,
"mean": 0.12138996498161558,
"mean_diff": -2.5786719075477866e-08,
"min": 0.1200069785118103,