{
"MS_IMU": {
"message_count": 1942,
"message_freq": 99.58674066648656,
"timespan": 19.500588,
"var_stats": {
"linear_accel": {
"max": 10.57325267791748,
"max_diff": 10.730711102485657,
"mean": 3.2666443570759207,
"mean_diff": 4.869756936342872,
"min": -1.0713907480239868,
"min_diff": -1.3567600548267365,
"std": 4.623396955290472,
"std_diff": 4.951888450799877
},
"q": {
"max": 0.9473469257354736,
"max_diff": 0.9504767288453877,
"mean": 0.01643811205894152,
"mean_diff": 0.46911438581892767,
"min": -0.7298548817634583,
"min_diff": -0.032788620330393314,
"std": 0.49972973313789865,
"std_diff": 0.3441232163950752
},
"rotation_rate": {
"max": 0.4588533043861389,
"max_diff": 0.48078786581754684,
"mean": 0.013457222381868972,
"mean_diff": 0.021977993249662313,
"min": -0.0598914697766304,
"min_diff": -0.06842143554240465,
"std": 0.07863860231275883,
"std_diff": 0.0964925767009036
},
"utime": {
"max": 1533279718422375,
"max_diff": 28980.0,
"mean": 1533279708658400.8,
"mean_diff": 10046.670788253477,
"min": 1533279698921787,
"min_diff": 1954.0,
"std": 5625550.369501342,
"std_diff": 5577.990306755052
}
}
},
"POSE": {
"message_count": 966,
"message_freq": 49.54004173876726,
"timespan": 19.499378,
"var_stats": {
"accel": {
"max": 10.117804807781777,
"max_diff": 10.34186559700123,
"mean": 3.2704015102117197,
"mean_diff": 4.86778386937733,
"min": -0.9090051148685308,
"min_diff": -1.2508109803858432,
"std": 4.618529590832742,
"std_diff": 4.940497724551846
},
"orientation": {
"max": 0.9999999778624518,
"max_diff": 0.04491594320104549,
"mean": 0.2394310071466049,
"mean_diff": -0.34452755590044704,
"min": -0.43399874277511313,
"min_diff": -0.9999999778624518,
"std": 0.4389450908903783,
"std_diff": 0.4632861929289471
},
"pos": {
"max": 924.4875374757124,
"max_diff": 773.8324458107625,
"mean": 371.2991415733834,
"mean_diff": -96.26676151417477,
"min": 0.0,
"min_diff": -924.4875374757124,
"std": 397.0622035056076,
"std_diff": 825.2851876845393
},
"rotation_rate": {
"max": 0.4588533043861389,
"max_diff": 0.4799438752233982,
"mean": 0.013588720207492069,
"mean_diff": 0.02220856381152048,
"min": -0.05825017765164375,
"min_diff": -0.06842143554240465,
"std": 0.07902561482787589,
"std_diff": 0.09694147260945273
},
"utime": {
"max": 1533279718400185,
"max_diff": 40469.0,
"mean": 1533279708642522.2,
"mean_diff": 20206.60932642487,
"min": 1533279698900807,
"min_diff": 16967.0,
"std": 5628697.313768338,
"std_diff": 2063.0090186678117
},
"vel": {
"max": 5.147757308508612,
"max_diff": 0.0,
"mean": 1.3839650107581327,
"mean_diff": -2.0759475161371994,
"min": 0.0,
"min_diff": -5.147757308508612,
"std": 2.027219014611989,
"std_diff": 2.1743748610933062
}
}
},
"SteerAngleFeedback": {
"message_count": 1900,
"message_freq": 97.46468700498198,
"timespan": 19.49424,
"var_stats": {
"utime": {
"max": 1533279718401255,
"max_diff": 30317.0,
"mean": 1533279708670520.2,
"mean_diff": 10265.529225908373,
"min": 1533279698907015,
"min_diff": 4205.0,
"std": 5640209.758961908,
"std_diff": 1795.6133141194557
},
"value": {
"max": 4.680973053848788,
"max_diff": 0.012217304763957132,
"mean": 0.44392357665041476,
"mean_diff": -0.002358354323653211,
"min": -0.387463093942738,
"min_diff": -0.09424777960769548,
"std": 1.3337563282287042,
"std_diff": 0.007897768488632969
}
}
},
"VEHICLE_MONITOR": {
"message_count": 40,
"message_freq": 2.0512973045184184,
"timespan": 19.499855,
"var_stats": {
"available_distance": {
"max": 142,
"max_diff": 0.0,
"mean": 142.0,
"mean_diff": 0.0,
"min": 142,
"min_diff": 0.0,
"std": 0.0,
"std_diff": 0.0
},
"battery_level": {
"max": 99,
"max_diff": 0.0,
"mean": 99.0,
"mean_diff": 0.0,
"min": 99,
"min_diff": 0.0,
"std": 0.0,
"std_diff": 0.0
},
"brake": {
"max": 3,
"max_diff": 3.0,
"mean": 0.075,
"mean_diff": 0.0,
"min": 0,
"min_diff": -3.0,
"std": 0.4683748498798799,
"std_diff": 0.6793662204867574
},
"brake_switch": {
"max": 4,
"max_diff": 2.0,
"mean": 1.275,
"mean_diff": 0.0,
"min": 1,
"min_diff": -3.0,
"std": 0.8058380730643098,
"std_diff": 0.5991446895152781
},
"gear_position": {
"max": 7,
"max_diff": 0.0,
"mean": 7.0,
"mean_diff": 0.0,
"min": 7,
"min_diff": 0.0,
"std": 0.0,
"std_diff": 0.0
},
"left_signal": {
"max": 1,
"max_diff": 1.0,
"mean": 0.075,
"mean_diff": -0.02564102564102564,
"min": 0,
"min_diff": -1.0,
"std": 0.26339134382131846,
"std_diff": 0.2761622978017694
},
"rear_left_rpm": {
"max": 162.8385,
"max_diff": 16.30470000000001,
"mean": 130.1613375,
"mean_diff": 1.5343461538461538,
"min": 65.886,
"min_diff": -12.13470000000001,
"std": 29.612265900321503,
"std_diff": 7.901948589830952
},
"rear_right_rpm": {
"max": 161.2122,
"max_diff": 16.6383,
"mean": 131.990925,
"mean_diff": 1.0788538461538464,
"min": 65.4273,
"min_diff": -12.384900000000002,
"std": 28.693835979977912,
"std_diff": 7.6347373193052865
},
"right_signal": {
"max": 0,
"max_diff": 0.0,
"mean": 0.0,
"mean_diff": 0.0,
"min": 0,
"min_diff": 0.0,
"std": 0.0,
"std_diff": 0.0
},
"steering": {
"max": 268.0,
"max_diff": 15.599999999999909,
"mean": 23.642500000000005,
"mean_diff": -6.802564102564107,
"min": -22.0,
"min_diff": -85.89999999999964,
"std": 73.97580647583368,
"std_diff": 19.614378388805054
},
"steering_speed": {
"max": 37.80000000000037,
"max_diff": 67.79999999999973,
"mean": -13.237499999999752,
"mean_diff": -0.6641025641025664,
"min": -197.29999999999956,
"min_diff": -105.59999999999992,
"std": 41.75985924006446,
"std_diff": 31.729703685812733
},
"throttle": {
"max": 167,
"max_diff": 140.0,
"mean": 67.075,
"mean_diff": -1.0256410256410255,
"min": 0,
"min_diff": -52.0,
"std": 56.05371865451925,
"std_diff": 26.40851375878735
},
"utime": {
"max": 1533279718738095,
"max_diff": 500820.0,
"mean": 1533279708987698.8,
"mean_diff": 499996.28205128206,
"min": 1533279699238240,
"min_diff": 498726.0,
"std": 5771607.173940148,
"std_diff": 425.63707597796775
},
"vehicle_speed": {
"max": 18.53,
"max_diff": 1.8900000000000006,
"mean": 15.051499999999999,
"mean_diff": 0.13692307692307695,
"min": 7.59,
"min_diff": -1.42,
"std": 3.2714840286940112,
"std_diff": 0.863472874118956
},
"yaw_rate": {
"max": 24.900000000000034,
"max_diff": 2.8000000000000114,
"mean": 2.142500000000026,
"mean_diff": -0.569230769230769,
"min": -3.099999999999966,
"min_diff": -9.599999999999994,
"std": 7.300372850067317,
"std_diff": 2.07477571801843
}
}
},
"ZOE_VEH_INFO": {
"message_count": 1946,
"message_freq": 99.8022162143727,
"timespan": 19.498565,
"var_stats": {
"FL_wheel_speed": {
"max": 164.0061,
"max_diff": 3.961500000000001,
"mean": 130.26722142857142,
"mean_diff": 0.030015424164524428,
"min": 65.1771,
"min_diff": -2.2934999999999945,
"std": 29.505711206795652,
"std_diff": 0.4404599317698975
},
"FR_wheel_speed": {
"max": 161.9211,
"max_diff": 3.0441000000000145,
"mean": 131.89088571428573,
"mean_diff": 0.02150390745501285,
"min": 64.7184,
"min_diff": -2.3352000000000004,
"std": 28.693374743106943,
"std_diff": 0.449222037524413
},
"RL_wheel_speed": {
"max": 163.5474,
"max_diff": 2.585400000000007,
"mean": 129.33368571428574,
"mean_diff": 0.03170915167095116,
"min": 65.1771,
"min_diff": -2.335199999999986,
"std": 29.806509959184066,
"std_diff": 0.4652251652855444
},
"RR_wheel_speed": {
"max": 162.37980000000002,
"max_diff": 2.585399999999993,
"mean": 131.26688571428573,
"mean_diff": 0.022704524421593826,
"min": 64.7184,
"min_diff": -2.1266999999999996,
"std": 28.770938639334787,
"std_diff": 0.47454632506477784
},
"left_solar": {
"max": 0,
"max_diff": 0.0,
"mean": 0.0,
"mean_diff": 0.0,
"min": 0,
"min_diff": 0.0,
"std": 0.0,
"std_diff": 0.0
},
"longitudinal_accel": {
"max": 1.1000000000000014,
"max_diff": 0.25,
"mean": 0.09195786228160394,
"mean_diff": -2.5706940874036356e-05,
"min": -1.0,
"min_diff": -0.34999999999999964,
"std": 0.4809936617500635,
"std_diff": 0.05023082306651786
},
"meanEffTorque": {
"max": 68.0,
"max_diff": 2.5,
"mean": 10.37410071942446,
"mean_diff": -0.012339331619537276,
"min": -45.0,
"min_diff": -1.0,
"std": 30.63835781361389,
"std_diff": 0.3406510144500171
},
"odom": {
"max": 120,
"max_diff": 52.0,