{
"MS_IMU": {
"message_count": 1943,
"message_freq": 99.89777316398254,
"timespan": 19.449883,
"var_stats": {
"linear_accel": {
"max": 12.117053985595703,
"max_diff": 12.803634643554688,
"mean": 3.0882000784294883,
"mean_diff": 4.89943600924868,
"min": -2.3920187950134277,
"min_diff": -2.9135661721229553,
"std": 4.757886951397498,
"std_diff": 5.39941134370983
},
"q": {
"max": 0.3442942798137665,
"max_diff": 1.0204904973506927,
"mean": -0.1598742797279883,
"mean_diff": 0.4172465389114944,
"min": -0.9997982382774353,
"min_diff": -0.050377261417452246,
"std": 0.4737512337418903,
"std_diff": 0.40904640064312153
},
"rotation_rate": {
"max": 0.1943359375,
"max_diff": 0.22794792661443353,
"mean": -0.012874088033356277,
"mean_diff": -0.02138060909348943,
"min": -0.2916751801967621,
"min_diff": -0.3263184353709221,
"std": 0.06372552793400336,
"std_diff": 0.08796505007826118
},
"utime": {
"max": 1533112869650052,
"max_diff": 26996.0,
"mean": 1533112859931883.8,
"mean_diff": 10015.387744593203,
"min": 1533112850200169,
"min_diff": 1134.0,
"std": 5618092.615702994,
"std_diff": 4736.877039576617
}
}
},
"POSE": {
"message_count": 974,
"message_freq": 50.05235970153994,
"timespan": 19.459622,
"var_stats": {
"accel": {
"max": 11.390446383212227,
"max_diff": 12.235892752150306,
"mean": 3.086717138347646,
"mean_diff": 4.8986634513756435,
"min": -2.179980978620701,
"min_diff": -2.330816803572084,
"std": 4.754655789426002,
"std_diff": 5.399951927105354
},
"orientation": {
"max": 0.9070531351947666,
"max_diff": 0.7453664249813253,
"mean": 0.33582233671080236,
"mean_diff": -0.14156374695516502,
"min": 0.0,
"min_diff": -0.9070531351947666,
"std": 0.370436712767642,
"std_diff": 0.5597258604722024
},
"pos": {
"max": 1153.1917204230429,
"max_diff": 972.555831625445,
"mean": 419.0089587144967,
"mean_diff": -73.21326928314765,
"min": 0.0,
"min_diff": -1153.1917204230429,
"std": 492.9699299855185,
"std_diff": 1037.5285713094506
},
"rotation_rate": {
"max": 0.1943359375,
"max_diff": 0.227844781242311,
"mean": -0.012910365592469197,
"mean_diff": -0.0214230883644432,
"min": -0.2913872301578522,
"min_diff": -0.325394444167614,
"std": 0.06379434590179427,
"std_diff": 0.08802727213521089
},
"utime": {
"max": 1533112869660796,
"max_diff": 23335.0,
"mean": 1533112859930778.0,
"mean_diff": 19999.61151079137,
"min": 1533112850201174,
"min_diff": 16559.0,
"std": 5623154.551878166,
"std_diff": 501.22076374520947
},
"vel": {
"max": 6.9398414489276465,
"max_diff": 0.0,
"mean": 1.8368086885501156,
"mean_diff": -2.755213032825174,
"min": 0.0,
"min_diff": -6.9398414489276465,
"std": 2.6730194140147794,
"std_diff": 2.8613195492289867
}
}
},
"SteerAngleFeedback": {
"message_count": 1927,
"message_freq": 99.05258540869575,
"timespan": 19.454313,
"var_stats": {
"utime": {
"max": 1533112869655479,
"max_diff": 30062.0,
"mean": 1533112859921742.2,
"mean_diff": 10100.889408099689,
"min": 1533112850201166,
"min_diff": 4083.0,
"std": 5624315.518651521,
"std_diff": 1216.3454586970774
},
"value": {
"max": 0.30543261909900765,
"max_diff": 0.020943951023928764,
"mean": -0.25267060028962496,
"mean_diff": 0.0006334294637300303,
"min": -1.8849555921538759,
"min_diff": -0.04188790204785753,
"std": 0.5852810035371766,
"std_diff": 0.004337476798838644
}
}
},
"VEHICLE_MONITOR": {
"message_count": 40,
"message_freq": 2.0513116112083463,
"timespan": 19.499719,
"var_stats": {
"available_distance": {
"max": 94,
"max_diff": 0.0,
"mean": 94.0,
"mean_diff": 0.0,
"min": 94,
"min_diff": 0.0,
"std": 0.0,
"std_diff": 0.0
},
"battery_level": {
"max": 61,
"max_diff": 0.0,
"mean": 61.0,
"mean_diff": 0.0,
"min": 61,
"min_diff": 0.0,
"std": 0.0,
"std_diff": 0.0
},
"brake": {
"max": 0,
"max_diff": 0.0,
"mean": 0.0,
"mean_diff": 0.0,
"min": 0,
"min_diff": 0.0,
"std": 0.0,
"std_diff": 0.0
},
"brake_switch": {
"max": 4,
"max_diff": 2.0,
"mean": 1.15,
"mean_diff": 0.0,
"min": 1,
"min_diff": -2.0,
"std": 0.5267826876426369,
"std_diff": 0.5063696835418333
},
"gear_position": {
"max": 7,
"max_diff": 0.0,
"mean": 7.0,
"mean_diff": 0.0,
"min": 7,
"min_diff": 0.0,
"std": 0.0,
"std_diff": 0.0
},
"left_signal": {
"max": 0,
"max_diff": 0.0,
"mean": 0.0,
"mean_diff": 0.0,
"min": 0,
"min_diff": 0.0,
"std": 0.0,
"std_diff": 0.0
},
"rear_left_rpm": {
"max": 219.88410000000002,
"max_diff": 21.016800000000018,
"mean": 174.13086000000004,
"mean_diff": -0.4736692307692312,
"min": 105.8763,
"min_diff": -14.67840000000001,
"std": 34.77555267738961,
"std_diff": 8.823722866000288
},
"rear_right_rpm": {
"max": 218.46630000000002,
"max_diff": 21.47550000000001,
"mean": 172.23768,
"mean_diff": -0.22133076923076928,
"min": 106.33500000000001,
"min_diff": -14.469899999999996,
"std": 33.96907160169527,
"std_diff": 8.945723048765098
},
"right_signal": {
"max": 0,
"max_diff": 0.0,
"mean": 0.0,
"mean_diff": 0.0,
"min": 0,
"min_diff": 0.0,
"std": 0.0,
"std_diff": 0.0
},
"steering": {
"max": 17.5,
"max_diff": 39.5,
"mean": -14.114999999999895,
"mean_diff": 2.079487179487189,
"min": -107.5,
"min_diff": -10.900000000000091,
"std": 33.062891207515435,
"std_diff": 9.53928932167675
},
"steering_speed": {
"max": 77.60000000000055,
"max_diff": 77.60000000000036,
"mean": 3.005000000000246,
"mean_diff": -0.6153846153846154,
"min": -31.899999999999455,
"min_diff": -31.899999999999636,
"std": 19.095836588115265,
"std_diff": 18.95581283502995
},
"throttle": {
"max": 193,
"max_diff": 73.0,
"mean": 72.825,
"mean_diff": -2.5384615384615383,
"min": 0,
"min_diff": -109.0,
"std": 71.24180215996786,
"std_diff": 27.151848550042
},
"utime": {
"max": 1533112870022940,
"max_diff": 500876.0,
"mean": 1533112860272816.8,
"mean_diff": 499992.7948717949,
"min": 1533112850523221,
"min_diff": 499205.0,
"std": 5771650.281593633,
"std_diff": 481.6785916093087
},
"vehicle_speed": {
"max": 24.95,
"max_diff": 2.2699999999999996,
"mean": 19.80975,
"mean_diff": -0.04179487179487177,
"min": 12.31,
"min_diff": -1.6199999999999992,
"std": 3.88105236211778,
"std_diff": 0.9945746979072471
},
"yaw_rate": {
"max": 1.200000000000017,
"max_diff": 6.699999999999989,
"mean": -2.494999999999975,
"mean_diff": 0.3256410256410254,
"min": -16.49999999999997,
"min_diff": -1.1999999999999886,
"std": 4.984172448862498,
"std_diff": 1.3695812477594482
}
}
},
"ZOE_VEH_INFO": {
"message_count": 1943,
"message_freq": 99.89180529889268,
"timespan": 19.451045,
"var_stats": {
"FL_wheel_speed": {
"max": 222.9282,
"max_diff": 5.170799999999986,
"mean": 175.0311893978384,
"mean_diff": -0.00721483007209063,
"min": 105.3759,
"min_diff": -5.796300000000002,
"std": 35.28011065105778,
"std_diff": 0.6867697943555631
},
"FR_wheel_speed": {
"max": 222.4695,
"max_diff": 6.505200000000002,
"mean": 172.73938486875966,
"mean_diff": -0.0035000514933058702,
"min": 105.3759,
"min_diff": -7.9646999999999935,
"std": 34.42685891036879,
"std_diff": 0.6353410570305603
},
"RL_wheel_speed": {
"max": 220.3428,
"max_diff": 4.461899999999986,
"mean": 174.36508394235716,
"mean_diff": -0.006141194644696186,
"min": 104.91720000000001,
"min_diff": -5.170799999999986,
"std": 35.198676238956686,
"std_diff": 0.640842251606503
},
"RR_wheel_speed": {
"max": 219.6339,
"max_diff": 4.461900000000014,
"mean": 172.4179107050952,
"mean_diff": -0.0025337796086508644,
"min": 105.1674,
"min_diff": -4.420199999999994,
"std": 34.44799013739049,
"std_diff": 0.6054693543650332
},
"left_solar": {
"max": 0,
"max_diff": 0.0,
"mean": 0.0,
"mean_diff": 0.0,
"min": 0,
"min_diff": 0.0,
"std": 0.0,
"std_diff": 0.0
},
"longitudinal_accel": {
"max": 1.5,
"max_diff": 0.6500000000000004,
"mean": 0.03571796191456572,
"mean_diff": -0.00010298661174047337,
"min": -1.049999999999999,
"min_diff": -0.5999999999999996,
"std": 0.5724464089488555,
"std_diff": 0.08064486298065562
},
"meanEffTorque": {
"max": 55.0,
"max_diff": 2.0,
"mean": 6.641019042717447,
"mean_diff": -0.015447991761071062,
"min": -52.5,
"min_diff": -1.5,
"std": 34.17595746045462,
"std_diff": 0.3537620094704583
},
"odom": {
"max": 120,
"max_diff": 68.0,
"mean": 62.92125579001544,
"mean_diff": -0.012358393408856848,
"min": 0,