{
"MS_IMU": {
"message_count": 1936,
"message_freq": 99.28412861151146,
"timespan": 19.499592,
"var_stats": {
"linear_accel": {
"max": 12.709102630615234,
"max_diff": 13.53943794965744,
"mean": 3.4360010543112156,
"mean_diff": 4.741384772816853,
"min": -2.3617186546325684,
"min_diff": -3.181623637676239,
"std": 4.526225516240011,
"std_diff": 4.902065519532256
},
"q": {
"max": 0.019972236827015877,
"max_diff": 0.8990861652418971,
"mean": -0.3435278946921646,
"mean_diff": 0.1338779879349076,
"min": -0.9031607508659363,
"min_diff": -0.4798783175647259,
"std": 0.3633023571468948,
"std_diff": 0.5542682342725124
},
"rotation_rate": {
"max": 0.2641827464103699,
"max_diff": 0.3448849096894264,
"mean": -0.0029792438206314113,
"mean_diff": -0.002963052556144853,
"min": -0.17981715500354767,
"min_diff": -0.32067394256591797,
"std": 0.026859801187480766,
"std_diff": 0.04166532098932158
},
"utime": {
"max": 1535488176546872,
"max_diff": 34995.0,
"mean": 1535488166803822.5,
"mean_diff": 10077.308527131783,
"min": 1535488157047280,
"min_diff": 1897.0,
"std": 5624562.834311314,
"std_diff": 5649.651747645061
}
}
},
"POSE": {
"message_count": 966,
"message_freq": 49.540577810323896,
"timespan": 19.499167,
"var_stats": {
"accel": {
"max": 10.853955005507066,
"max_diff": 11.490697150659365,
"mean": 3.436365146786327,
"mean_diff": 4.7435452691788305,
"min": -0.9605712647563435,
"min_diff": -1.3786937949578562,
"std": 4.514217432069498,
"std_diff": 4.879769162863611
},
"orientation": {
"max": 0.966945443268139,
"max_diff": 0.966945443268139,
"mean": 0.30812641173278815,
"mean_diff": 0.23108074833060022,
"min": 0.0,
"min_diff": -0.3278789571649257,
"std": 0.39377419213640236,
"std_diff": 0.529088859346238
},
"pos": {
"max": 1545.6167973034828,
"max_diff": 998.0048946776968,
"mean": 701.8074455067755,
"mean_diff": -291.61035601409645,
"min": 0.0,
"min_diff": -1545.6167973034828,
"std": 627.1298695139673,
"std_diff": 1230.694729604231
},
"rotation_rate": {
"max": 0.24991202354431152,
"max_diff": 0.28406357765197754,
"mean": -0.0030370407082290335,
"mean_diff": -0.003032474084793121,
"min": -0.15217562019824982,
"min_diff": -0.31639664620161057,
"std": 0.02707344700335802,
"std_diff": 0.0415600073600805
},
"utime": {
"max": 1535488176558533,
"max_diff": 40656.0,
"mean": 1535488166817397.5,
"mean_diff": 20206.39067357513,
"min": 1535488157059366,
"min_diff": 14039.0,
"std": 5654883.9273949135,
"std_diff": 2156.0389015005003
},
"vel": {
"max": 7.951763484061174,
"max_diff": 0.0,
"mean": 0.8803944661273996,
"mean_diff": -1.3205916991910993,
"min": 0.0,
"min_diff": -7.951763484061174,
"std": 2.1757410100849857,
"std_diff": 2.553321875999506
}
}
},
"SteerAngleFeedback": {
"message_count": 1897,
"message_freq": 97.27467337220936,
"timespan": 19.501479,
"var_stats": {
"utime": {
"max": 1535488176553356,
"max_diff": 30509.0,
"mean": 1535488166770136.0,
"mean_diff": 10285.590189873417,
"min": 1535488157051877,
"min_diff": 3583.0,
"std": 5640098.499146382,
"std_diff": 2057.5305180198634
},
"value": {
"max": 0.6057012259540016,
"max_diff": 0.043633231299858244,
"mean": 0.029739812654727103,
"mean_diff": -0.00015556995969780767,
"min": -0.6404638599699514,
"min_diff": -0.036651914291879306,
"std": 0.18999194991627366,
"std_diff": 0.004364047746251825
}
}
},
"VEHICLE_MONITOR": {
"message_count": 40,
"message_freq": 2.0513978763621474,
"timespan": 19.498899,
"var_stats": null
},
"ZOE_VEH_INFO": {
"message_count": 1933,
"message_freq": 99.16106557978341,
"timespan": 19.493538,
"var_stats": {
"FL_wheel_speed": {
"max": 255.57930000000002,
"max_diff": 5.420999999999992,
"mean": 83.87302426280394,
"mean_diff": 0.1295246894409938,
"min": 0.0,
"min_diff": -8.715299999999985,
"std": 98.06720914535988,
"std_diff": 0.6068581251786946
},
"FR_wheel_speed": {
"max": 255.16230000000002,
"max_diff": 15.887699999999995,
"mean": 83.5909829798241,
"mean_diff": 0.1278195652173913,
"min": 0.0,
"min_diff": -14.261400000000009,
"std": 97.60025076116447,
"std_diff": 0.8549230569547501
},
"RL_wheel_speed": {
"max": 262.16790000000003,
"max_diff": 12.17640000000003,
"mean": 83.49653776513192,
"mean_diff": 0.12879083850931677,
"min": 0.0,
"min_diff": -13.093800000000016,
"std": 97.6373705586575,
"std_diff": 0.8664408424895954
},
"RR_wheel_speed": {
"max": 277.5552,
"max_diff": 15.929400000000015,
"mean": 84.82970812209001,
"mean_diff": 0.1306254658385093,
"min": 0.0,
"min_diff": -23.810699999999997,
"std": 99.0372140110355,
"std_diff": 1.0427788600198444
},
"left_solar": {
"max": 32,
"max_diff": 144.0,
"mean": -0.016554578375581996,
"mean_diff": -0.07453416149068323,
"min": -112,
"min_diff": -144.0,
"std": 55.790011057619985,
"std_diff": 9.733223797228142
},
"longitudinal_accel": {
"max": 1.1500000000000004,
"max_diff": 1.1500000000000004,
"mean": 0.25664769787894537,
"mean_diff": 0.00010351966873705967,
"min": -1.1500000000000004,
"min_diff": -1.2500000000000018,
"std": 0.4745090730041926,
"std_diff": 0.09141452041375792
},
"meanEffTorque": {
"max": 72.5,
"max_diff": 3.0,
"mean": 26.985256078634247,
"mean_diff": 0.004917184265010352,
"min": 0.0,
"min_diff": -1.0,
"std": 27.69555713554498,
"std_diff": 0.23335176659237394
},
"odom": {
"max": 120,
"max_diff": 80.0,
"mean": 73.36161407139161,
"mean_diff": 0.002070393374741201,
"min": 0,
"min_diff": -116.0,
"std": 27.479458836055176,
"std_diff": 12.412175776821462
},
"odom_speed": {
"max": 28.0,
"max_diff": 1.0,
"mean": 9.13502327987584,
"mean_diff": 0.014492753623188406,
"min": 0.0,
"min_diff": -1.0,
"std": 10.883091270148762,
"std_diff": 0.12376554610624299
},
"pedal_cc": {
"max": 288.0,
"max_diff": 23.0,
"mean": 116.1345059493016,
"mean_diff": 0.06418219461697723,
"min": 0.0,
"min_diff": -15.0,
"std": 116.4289725696442,
"std_diff": 1.2589311184524832
},
"regen": {
"max": 0.0,
"max_diff": 0.0,
"mean": 0.0,
"mean_diff": 0.0,
"min": 0.0,
"min_diff": 0.0,
"std": 0.0,
"std_diff": 0.0
},
"requestedTorqueAfterProc": {
"max": -310.5,
"max_diff": 10.0,
"mean": -355.2770305225039,
"mean_diff": 0.004140786749482402,
"min": -382.5,
"min_diff": -4.0,
"std": 27.346419191639377,
"std_diff": 0.5719309460889532
},
"right_solar": {
"max": 100,
"max_diff": 206.0,
"mean": 73.94516295913088,
"mean_diff": -0.025879917184265012,
"min": -106,
"min_diff": -206.0,
"std": 47.45656214773,
"std_diff": 14.424550364266228
},
"steer_corrected": {
"max": 34.70412389306413,
"max_diff": 2.5,
"mean": 1.6845687973580512,
"mean_diff": -0.008902691511387303,
"min": -36.69587610693596,
"min_diff": -2.300000000000181,
"std": 10.875279418959614,
"std_diff": 0.276725598352673
},
"steer_offset_can": {
"max": -12.300000000000182,
"max_diff": 0.0,
"mean": -12.300000000000182,
"mean_diff": 0.0,
"min": -12.300000000000182,
"min_diff": 0.0,
"std": 0.0,
"std_diff": 0.0
},
"steer_raw": {
"max": 23.0,
"max_diff": 2.5,
"mean": -10.019555095706075,
"mean_diff": -0.008902691511387305,
"min": -48.40000000000009,
"min_diff": -2.300000000000182,
"std": 10.875279418959614,
"std_diff": 0.276725598352673
},
"transversal_accel": {
"max": -0.3719999999999857,
"max_diff": 0.11600000000001387,
"mean": -0.47705535437143953,
"mean_diff": -1.8633540372671515e-05,
"min": -0.6560000000000059,
"min_diff": -0.10800000000000409,
"std": 0.03201415133519111,
"std_diff": 0.009013887640165058
},
"utime": {
"max": 1535488176547206,
"max_diff": 31493.0,
"mean": 1535488166791912.2,
"mean_diff": 10089.82298136646,
"min": 1535488157053668,
"min_diff": 1.0,
"std": 5627456.107344926,
"std_diff": 2160.0137335009817
}
}
},
"ZoeSensors": {
"message_count": 18640,
"message_freq": 956.2189706559278,
"timespan": 19.493443,
"var_stats": {
"brake_sensor": {
"max": 0.47808653116226196,
"max_diff": 3.431737422943115e-05,
"mean": 0.30935710573113273,
"mean_diff": -1.574137754607619e-05,
"min": 0.18409207463264465,
"min_diff": -0.005215436220169067,
"std": 0.14410890219236805,
"std_diff": 0.0001437674857946504
},
"steering_sensor": {
"max": 0.18961361050605774,
"max_diff": 0.0006498843431472778,
"mean": 0.18796102861062397,