{
"MS_IMU": {
"message_count": 1980,
"message_freq": 99.67944500096004,
"timespan": 19.863674,
"var_stats": {
"linear_accel": {
"max": 12.940095901489258,
"max_diff": 15.155121088027954,
"mean": 2.9386700425029906,
"mean_diff": 5.112443036439592,
"min": -3.50138783454895,
"min_diff": -3.7252894937992096,
"std": 4.883115321420194,
"std_diff": 5.310877187437289
},
"q": {
"max": 0.24404926598072052,
"max_diff": 1.0220140982419252,
"mean": -0.253806000815867,
"mean_diff": 0.2900982280479407,
"min": -0.9996843934059143,
"min_diff": -0.48351789684966207,
"std": 0.43079290926265806,
"std_diff": 0.5042888388487742
},
"rotation_rate": {
"max": 0.11629678308963776,
"max_diff": 0.18771012499928474,
"mean": -0.023919665480580957,
"mean_diff": -0.03769198927706676,
"min": -0.44899511337280273,
"min_diff": -0.5228541195392609,
"std": 0.0839954703637467,
"std_diff": 0.10350077266070669
},
"utime": {
"max": 1537290181419759,
"max_diff": 30985.0,
"mean": 1537290171482199.2,
"mean_diff": 10037.22789287519,
"min": 1537290161556085,
"min_diff": 1955.0,
"std": 5741494.477778052,
"std_diff": 5256.9300053800935
}
}
},
"POSE": {
"message_count": 984,
"message_freq": 49.54789060429997,
"timespan": 19.859574,
"var_stats": {
"accel": {
"max": 10.964308611843137,
"max_diff": 13.278275994593663,
"mean": 2.9409080278390265,
"mean_diff": 5.109329793091523,
"min": -2.714904359134957,
"min_diff": -2.8448203091310353,
"std": 4.86809367674394,
"std_diff": 5.28912118705154
},
"orientation": {
"max": 0.9647527771811859,
"max_diff": 0.9647527771811859,
"mean": 0.3327096457317061,
"mean_diff": 0.03585849482339638,
"min": 0.0,
"min_diff": -0.8534056583502847,
"std": 0.37323490141877486,
"std_diff": 0.5762356303478063
},
"pos": {
"max": 1687.8283886547092,
"max_diff": 1248.7144295319022,
"mean": 691.6682867478363,
"mean_diff": -214.9516838909135,
"min": 0.0,
"min_diff": -1687.8283886547092,
"std": 696.834297765052,
"std_diff": 1430.4120405930742
},
"rotation_rate": {
"max": 0.11614967882633209,
"max_diff": 0.1771327629685402,
"mean": -0.024023673404392744,
"mean_diff": -0.03779626239800197,
"min": -0.44813838601112366,
"min_diff": -0.5228541195392609,
"std": 0.08416640952385755,
"std_diff": 0.10360283283115194
},
"utime": {
"max": 1537290181408212,
"max_diff": 42026.0,
"mean": 1537290171454254.2,
"mean_diff": 20203.02543234995,
"min": 1537290161548638,
"min_diff": 17498.0,
"std": 5739296.96925584,
"std_diff": 2079.974799901191
},
"vel": {
"max": 7.2567175233493755,
"max_diff": 0.0,
"mean": 1.8172536448508323,
"mean_diff": -2.7258804672762484,
"min": 0.0,
"min_diff": -7.2567175233493755,
"std": 2.659976763083884,
"std_diff": 2.852438686970607
}
}
},
"SteerAngleFeedback": {
"message_count": 1955,
"message_freq": 98.46733949156301,
"timespan": 19.854299,
"var_stats": {
"utime": {
"max": 1537290181406096,
"max_diff": 29285.0,
"mean": 1537290171459629.0,
"mean_diff": 10160.849027635619,
"min": 1537290161551797,
"min_diff": 7530.0,
"std": 5752118.697283743,
"std_diff": 1427.7178191675168
},
"value": {
"max": 0.10653705988362483,
"max_diff": 0.03839724354387197,
"mean": -0.6417092483620378,
"mean_diff": 5.8951755696839596e-05,
"min": -3.6546474781641556,
"min_diff": -0.055850536063815515,
"std": 1.0821119892470452,
"std_diff": 0.007996716546953107
}
}
},
"VEHICLE_MONITOR": {
"message_count": 40,
"message_freq": 2.000020000200002,
"timespan": 19.9998,
"var_stats": null
},
"ZOE_VEH_INFO": {
"message_count": 1977,
"message_freq": 99.60130258553293,
"timespan": 19.849138,
"var_stats": {
"FL_wheel_speed": {
"max": 230.1423,
"max_diff": 22.434600000000017,
"mean": 172.96896342943853,
"mean_diff": -0.07711123481781378,
"min": 77.562,
"min_diff": -17.51400000000001,
"std": 37.59282080797636,
"std_diff": 1.4560334623688247
},
"FR_wheel_speed": {
"max": 230.3925,
"max_diff": 26.85480000000001,
"mean": 169.44338345978755,
"mean_diff": -0.0762671052631579,
"min": 77.8122,
"min_diff": -16.346400000000017,
"std": 38.817159686125464,
"std_diff": 1.1237674067684573
},
"RL_wheel_speed": {
"max": 229.4334,
"max_diff": 19.849199999999996,
"mean": 172.22507086494687,
"mean_diff": -0.0762671052631579,
"min": 77.1033,
"min_diff": -33.401700000000005,
"std": 37.73554798781956,
"std_diff": 1.6225458335481602
},
"RR_wheel_speed": {
"max": 233.6868,
"max_diff": 24.102599999999995,
"mean": 171.8751030349014,
"mean_diff": -0.07757550607287449,
"min": 78.7296,
"min_diff": -19.223700000000008,
"std": 39.84388621284926,
"std_diff": 1.2616649434664151
},
"left_solar": {
"max": 0,
"max_diff": 0.0,
"mean": 0.0,
"mean_diff": 0.0,
"min": 0,
"min_diff": 0.0,
"std": 0.0,
"std_diff": 0.0
},
"longitudinal_accel": {
"max": 0.75,
"max_diff": 1.5,
"mean": -0.4713201820940814,
"mean_diff": -0.00025303643724696357,
"min": -2.3499999999999996,
"min_diff": -1.25,
"std": 0.5231194390952217,
"std_diff": 0.12358485070909034
},
"meanEffTorque": {
"max": 44.5,
"max_diff": 24.5,
"mean": -15.844461305007588,
"mean_diff": -0.016700404858299597,
"min": -70.5,
"min_diff": -2.0,
"std": 30.834055181789036,
"std_diff": 0.7252840036504687
},
"odom": {
"max": 120,
"max_diff": 72.0,
"mean": 61.284774911482046,
"mean_diff": -0.01417004048582996,
"min": 0,
"min_diff": -92.0,
"std": 34.65643699301039,
"std_diff": 18.54614012079045
},
"odom_speed": {
"max": 26.0,
"max_diff": 1.0,
"mean": 19.13960546282246,
"mean_diff": -0.00860323886639676,
"min": 9.0,
"min_diff": -1.0,
"std": 4.278462896985392,
"std_diff": 0.13281014602919147
},
"pedal_cc": {
"max": 235.0,
"max_diff": 28.0,
"mean": 48.46838644410723,
"mean_diff": -0.03744939271255061,
"min": 0.0,
"min_diff": -32.0,
"std": 83.09651613335932,
"std_diff": 2.053587355036751
},
"regen": {
"max": 54.0,
"max_diff": 2.0,
"mean": 32.10976226605969,
"mean_diff": 0.013157894736842105,
"min": 0.0,
"min_diff": -7.0,
"std": 21.84605148296114,
"std_diff": 0.5733883834079191
},
"requestedTorqueAfterProc": {
"max": -272.5,
"max_diff": 125.5,
"mean": -308.5553869499241,
"mean_diff": -0.0020242914979757085,
"min": -398.5,
"min_diff": -126.0,
"std": 40.10382759694686,
"std_diff": 6.876365963043961
},
"right_solar": {
"max": 0,
"max_diff": 0.0,
"mean": 0.0,
"mean_diff": 0.0,
"min": 0,
"min_diff": 0.0,
"std": 0.0,
"std_diff": 0.0
},
"steer_corrected": {
"max": 6.104123893064217,
"max_diff": 2.199999999999818,
"mean": -36.85197120051198,
"mean_diff": 0.003340080971659873,
"min": -209.3958761069358,
"min_diff": -2.400000000000091,
"std": 61.915598110287526,
"std_diff": 0.4505832676720983
},
"steer_offset_can": {
"max": -12.300000000000182,
"max_diff": 0.0,
"mean": -12.300000000000182,
"mean_diff": 0.0,
"min": -12.300000000000182,
"min_diff": 0.0,
"std": 0.0,
"std_diff": 0.0
},
"steer_raw": {
"max": -5.599999999999909,
"max_diff": 2.199999999999818,
"mean": -48.556095093576126,
"mean_diff": 0.003340080971659873,
"min": -221.0999999999999,
"min_diff": -2.400000000000091,
"std": 61.915598110287526,
"std_diff": 0.4505832676720983
},
"transversal_accel": {
"max": -0.35599999999999454,
"max_diff": 0.26400000000001,
"mean": -0.5484026302478489,
"mean_diff": -1.0121457489883721e-05,
"min": -0.8439999999999941,
"min_diff": -0.2560000000000002,
"std": 0.07525099967515801,
"std_diff": 0.01731045116160882
},
"utime": {
"max": 1537290181402000,
"max_diff": 23005.0,
"mean": 1537290171470079.8,
"mean_diff": 10045.11032388664,
"min": 1537290161552862,
"min_diff": 2.0,
"std": 5730625.487518489,
"std_diff": 1613.6592167456404
}
}
},
"ZoeSensors": {
"message_count": 18925,
"message_freq": 953.3353311816417,
"timespan": 19.851357,
"var_stats": {
"brake_sensor": {
"max": 0.32071125507354736,
"max_diff": 0.0010822266340255737,
"mean": 0.230600448964924,
"mean_diff": 5.867501515662839e-06,
"min": 0.18484416604042053,
"min_diff": -0.0015912503004074097,
"std": 0.05038396087512561,
"std_diff": 8.158831281714112e-05
},
"steering_sensor": {
"max": 0.20228052139282227,
"max_diff": 0.000705033540725708,
"mean": 0.19948582840957918,
"mean_diff": 3.9545086467777593e-08,
"min": 0.19771160185337067,
"min_diff": -0.0006577670574188232,
"std": 0.0006285769904097245,