{
"MS_IMU": {
"message_count": 1969,
"message_freq": 99.4484374498875,
"timespan": 19.799205,
"var_stats": {
"linear_accel": {
"max": 14.732831954956055,
"max_diff": 15.464314579963684,
"mean": 3.224245266313631,
"mean_diff": 4.941697331606542,
"min": -2.34000301361084,
"min_diff": -2.4455502033233643,
"std": 4.682096508399156,
"std_diff": 4.954844239022772
},
"q": {
"max": 0.9725919365882874,
"max_diff": 0.014362892135977745,
"mean": 0.17888042859947434,
"mean_diff": -0.4067521718137858,
"min": -0.2628069221973419,
"min_diff": -0.9789475537836552,
"std": 0.4669066382652546,
"std_diff": 0.4106064735769333
},
"rotation_rate": {
"max": 0.12128052860498428,
"max_diff": 0.14692583121359348,
"mean": -0.0009685496424533073,
"mean_diff": -0.0012353349827536305,
"min": -0.16235315799713135,
"min_diff": -0.21559523046016693,
"std": 0.02595995158606035,
"std_diff": 0.04020847997488569
},
"utime": {
"max": 1537297837719615,
"max_diff": 33996.0,
"mean": 1537297827810842.2,
"mean_diff": 10060.571646341463,
"min": 1537297817920410,
"min_diff": 1523.0,
"std": 5720808.525278606,
"std_diff": 5395.368133471507
}
}
},
"POSE": {
"message_count": 982,
"message_freq": 49.598078786598656,
"timespan": 19.799154,
"var_stats": {
"accel": {
"max": 11.518925764246697,
"max_diff": 12.115263772208241,
"mean": 3.2263529112639855,
"mean_diff": 4.939510603397592,
"min": -0.7198785281235439,
"min_diff": -0.9259422167892539,
"std": 4.657209029792583,
"std_diff": 4.914930944408875
},
"orientation": {
"max": 0.8653973198681413,
"max_diff": 0.5271621851667747,
"mean": 0.34254216048848235,
"mean_diff": -0.11664563837326923,
"min": 0.0,
"min_diff": -0.8653973198681413,
"std": 0.3642318880711611,
"std_diff": 0.5654441867963856
},
"pos": {
"max": 1565.9981135473263,
"max_diff": 604.8808107218005,
"mean": 810.0748488572565,
"mean_diff": -462.97675256349396,
"min": 0.0,
"min_diff": -1565.9981135473263,
"std": 620.0990287169724,
"std_diff": 1041.732252669723
},
"rotation_rate": {
"max": 0.12128052860498428,
"max_diff": 0.14687653444707394,
"mean": -0.0009257985670406156,
"mean_diff": -0.0013294865404126456,
"min": -0.16235315799713135,
"min_diff": -0.21559523046016693,
"std": 0.025909415542164024,
"std_diff": 0.040112512125639585
},
"utime": {
"max": 1537297837715661,
"max_diff": 40845.0,
"mean": 1537297827822300.0,
"mean_diff": 20182.623853211007,
"min": 1537297817916507,
"min_diff": 13920.0,
"std": 5724703.336460928,
"std_diff": 1984.3030313143754
},
"vel": {
"max": 8.407306492861496,
"max_diff": 0.0,
"mean": 2.4594053295092086,
"mean_diff": -3.689107994263814,
"min": 0.0,
"min_diff": -8.407306492861496,
"std": 3.521048063203429,
"std_diff": 3.749688422251801
}
}
},
"SteerAngleFeedback": {
"message_count": 1952,
"message_freq": 98.62449149272815,
"timespan": 19.792244,
"var_stats": {
"utime": {
"max": 1537297837700233,
"max_diff": 29495.0,
"mean": 1537297827827742.8,
"mean_diff": 10144.666324961558,
"min": 1537297817907989,
"min_diff": 5129.0,
"std": 5715556.832734004,
"std_diff": 1417.4639577936557
},
"value": {
"max": 0.057667840827780446,
"max_diff": 0.00698131700797891,
"mean": -0.026524624861915584,
"mean_diff": -6.709364115816236e-05,
"min": -0.14828101090754567,
"min_diff": -0.00698131700797891,
"std": 0.035725753120521675,
"std_diff": 0.0014048900779113152
}
}
},
"VEHICLE_MONITOR": {
"message_count": 39,
"message_freq": 1.950083853605705,
"timespan": 19.99914,
"var_stats": null
},
"ZOE_VEH_INFO": {
"message_count": 1968,
"message_freq": 99.39533494460176,
"timespan": 19.799722,
"var_stats": {
"FL_wheel_speed": {
"max": 272.6763,
"max_diff": 10.04970000000003,
"mean": 233.12118018292682,
"mean_diff": -0.02126339603457041,
"min": 157.9596,
"min_diff": -12.176400000000001,
"std": 30.471258793298553,
"std_diff": 1.080043213648182
},
"FR_wheel_speed": {
"max": 271.50870000000003,
"max_diff": 8.88209999999998,
"mean": 232.98845213414634,
"mean_diff": -0.021602592780884597,
"min": 158.2098,
"min_diff": -7.464300000000037,
"std": 30.393414142072793,
"std_diff": 0.9893373050947019
},
"RL_wheel_speed": {
"max": 271.2585,
"max_diff": 9.090600000000023,
"mean": 232.43120198170732,
"mean_diff": -0.02185699034062024,
"min": 157.2507,
"min_diff": -9.340800000000002,
"std": 30.317822676464345,
"std_diff": 1.2232586765195728
},
"RR_wheel_speed": {
"max": 272.6763,
"max_diff": 10.299900000000036,
"mean": 236.72761570121952,
"mean_diff": -0.02172979156075242,
"min": 160.5033,
"min_diff": -9.799500000000023,
"std": 30.85061569772773,
"std_diff": 1.0349731346577318
},
"left_solar": {
"max": 0,
"max_diff": 0.0,
"mean": 0.0,
"mean_diff": 0.0,
"min": 0,
"min_diff": 0.0,
"std": 0.0,
"std_diff": 0.0
},
"longitudinal_accel": {
"max": 0.8000000000000007,
"max_diff": 1.3000000000000007,
"mean": -0.08579776422764163,
"mean_diff": -0.00022877478393492593,
"min": -1.0999999999999996,
"min_diff": -1.3499999999999996,
"std": 0.42439911342352754,
"std_diff": 0.1278013938266329
},
"meanEffTorque": {
"max": 52.0,
"max_diff": 3.0,
"mean": 4.043445121951219,
"mean_diff": -0.011692933401118455,
"min": -28.5,
"min_diff": -3.0,
"std": 24.800617897352566,
"std_diff": 0.4474017303874937
},
"odom": {
"max": 120,
"max_diff": 88.0,
"mean": 61.666666666666664,
"mean_diff": 0.0020335536349771225,
"min": 4,
"min_diff": -72.0,
"std": 34.67084871585215,
"std_diff": 18.37639552493798
},
"odom_speed": {
"max": 30.0,
"max_diff": 1.0,
"mean": 26.023373983739837,
"mean_diff": -0.0020335536349771225,
"min": 18.0,
"min_diff": -1.0,
"std": 3.442982493947958,
"std_diff": 0.11495200427554522
},
"pedal_cc": {
"max": 261.0,
"max_diff": 26.0,
"mean": 96.41869918699187,
"mean_diff": 0.0,
"min": 0.0,
"min_diff": -27.0,
"std": 90.97258753526104,
"std_diff": 2.911156947635623
},
"regen": {
"max": 57.0,
"max_diff": 2.0,
"mean": 17.64278455284553,
"mean_diff": 0.02338586680223691,
"min": 0.0,
"min_diff": -6.0,
"std": 22.323015274497585,
"std_diff": 0.5636525925672903
},
"requestedTorqueAfterProc": {
"max": -272.5,
"max_diff": 126.0,
"mean": -328.8861788617886,
"mean_diff": 0.0010167768174885613,
"min": -398.5,
"min_diff": -126.0,
"std": 40.491263637078035,
"std_diff": 7.940023587088473
},
"right_solar": {
"max": 0,
"max_diff": 0.0,
"mean": 0.0,
"mean_diff": 0.0,
"min": 0,
"min_diff": 0.0,
"std": 0.0,
"std_diff": 0.0
},
"steer_corrected": {
"max": 3.5041238930643077,
"max_diff": 0.40000000000009095,
"mean": -1.5155407410822064,
"mean_diff": -0.0039145907473311,
"min": -8.495876106935693,
"min_diff": -0.5,
"std": 2.0505265260101444,
"std_diff": 0.08179437077585688
},
"steer_offset_can": {
"max": -12.300000000000182,
"max_diff": 0.0,
"mean": -12.300000000000182,
"mean_diff": 0.0,
"min": -12.300000000000182,
"min_diff": 0.0,
"std": 0.0,
"std_diff": 0.0
},
"steer_raw": {
"max": -8.199999999999818,
"max_diff": 0.40000000000009095,
"mean": -13.219664634146332,
"mean_diff": -0.0039145907473311,
"min": -20.199999999999818,
"min_diff": -0.5,
"std": 2.0505265260101444,
"std_diff": 0.08179437077585688
},
"transversal_accel": {
"max": -0.4000000000000057,
"max_diff": 0.08799999999999386,
"mean": -0.49903455284552617,
"mean_diff": -1.8301982714794796e-05,
"min": -0.5999999999999943,
"min_diff": -0.10400000000001342,
"std": 0.02378808083559423,
"std_diff": 0.013759487943009078
},
"utime": {
"max": 1537297837706698,
"max_diff": 27082.0,
"mean": 1537297827804548.8,
"mean_diff": 10065.949161159126,
"min": 1537297817906976,
"min_diff": 3.0,
"std": 5722455.7390155615,
"std_diff": 1571.9796932634326
}
}
},
"ZoeSensors": {
"message_count": 18971,
"message_freq": 958.2145035723051,
"timespan": 19.798281,
"var_stats": {
"brake_sensor": {
"max": 0.18495799601078033,
"max_diff": 2.3752450942993164e-05,
"mean": 0.1848953177892353,
"mean_diff": 1.5427454182771111e-09,
"min": 0.18481795489788055,
"min_diff": -2.5406479835510254e-05,
"std": 1.847090314014057e-05,
"std_diff": 4.230305405724724e-06
},
"steering_sensor": {
"max": 0.22188349068164825,
"max_diff": 0.0006105005741119385,
"mean": 0.2169395470770326,
"mean_diff": 1.0921207929700692e-07,
"min": 0.212690532207489,