{
"MS_IMU": {
"message_count": 1948,
"message_freq": 99.89643181022386,
"timespan": 19.500196,
"var_stats": {
"linear_accel": {
"max": 14.237398147583008,
"max_diff": 14.465699598193169,
"mean": 3.24863815056261,
"mean_diff": 4.7337646140933,
"min": -1.5524404048919678,
"min_diff": -3.3944320678710938,
"std": 4.666624342615403,
"std_diff": 5.436471108632449
},
"q": {
"max": 0.04014449566602707,
"max_diff": 0.28297699615359306,
"mean": -0.2958186195516084,
"mean_diff": -0.24644323746934482,
"min": -0.9799214601516724,
"min_diff": -1.0138203911483288,
"std": 0.4031021710435019,
"std_diff": 0.532741220345541
},
"rotation_rate": {
"max": 0.18715891242027283,
"max_diff": 0.24384357407689095,
"mean": 0.001467431096948465,
"mean_diff": -0.0008869535366555701,
"min": -0.26741737127304077,
"min_diff": -0.29319049417972565,
"std": 0.03808870656656485,
"std_diff": 0.05935375220561706
},
"utime": {
"max": 1537295228656558,
"max_diff": 34007.0,
"mean": 1537295218911813.5,
"mean_diff": 10015.508988186954,
"min": 1537295209156362,
"min_diff": 1316.0,
"std": 5634390.268425855,
"std_diff": 5307.311208830887
}
}
},
"POSE": {
"message_count": 971,
"message_freq": 49.796171602633116,
"timespan": 19.499491,
"var_stats": {
"accel": {
"max": 11.634455309229995,
"max_diff": 11.74818635888179,
"mean": 3.247880414740197,
"mean_diff": 4.7329771963890375,
"min": -1.0867242749361705,
"min_diff": -2.3304935535699833,
"std": 4.643405337163328,
"std_diff": 5.405544564786448
},
"orientation": {
"max": 0.5441566169643564,
"max_diff": 0.0,
"mean": -0.08517762071064948,
"mean_diff": -0.45744224592688637,
"min": -0.8663496345978563,
"min_diff": -0.8663496345978563,
"std": 0.49269135666264,
"std_diff": 0.3522498047901508
},
"pos": {
"max": 1838.060810801105,
"max_diff": 1052.4512703154787,
"mean": 859.078924292604,
"mean_diff": -384.91143051465355,
"min": 0.0,
"min_diff": -1838.060810801105,
"std": 740.7429299326432,
"std_diff": 1422.634425981049
},
"rotation_rate": {
"max": 0.18715891242027283,
"max_diff": 0.22339636087417603,
"mean": 0.0012894916766220278,
"mean_diff": -0.0008333619988807786,
"min": -0.2417144477367401,
"min_diff": -0.29319049417972565,
"std": 0.03791671046055154,
"std_diff": 0.05909190978931992
},
"utime": {
"max": 1537295228660461,
"max_diff": 40354.0,
"mean": 1537295218916859.5,
"mean_diff": 20102.568041237115,
"min": 1537295209160970,
"min_diff": 11950.0,
"std": 5635476.778274592,
"std_diff": 1567.3131714271888
},
"vel": {
"max": 7.0183530042975795,
"max_diff": 0.0,
"mean": 1.5156730709825383,
"mean_diff": -2.2735096064738074,
"min": 0.0,
"min_diff": -7.0183530042975795,
"std": 2.4461709944031482,
"std_diff": 2.693080050279364
}
}
},
"SteerAngleFeedback": {
"message_count": 1925,
"message_freq": 98.70491460743004,
"timespan": 19.502575,
"var_stats": {
"utime": {
"max": 1537295228655250,
"max_diff": 30161.0,
"mean": 1537295218902402.8,
"mean_diff": 10136.473492723493,
"min": 1537295209152675,
"min_diff": 199.0,
"std": 5623235.781081137,
"std_diff": 1519.178482526453
},
"value": {
"max": 0.3456471674068448,
"max_diff": 0.03665191429187933,
"mean": 0.002653249475827678,
"mean_diff": -1.3607036787897598e-05,
"min": -0.24776477827122723,
"min_diff": -0.012217304763957132,
"std": 0.15559526167149942,
"std_diff": 0.003133297298253563
}
}
},
"VEHICLE_MONITOR": {
"message_count": 40,
"message_freq": 2.051411553211385,
"timespan": 19.498769,
"var_stats": {
"available_distance": {
"max": 58,
"max_diff": 0.0,
"mean": 58.0,
"mean_diff": 0.0,
"min": 58,
"min_diff": 0.0,
"std": 0.0,
"std_diff": 0.0
},
"battery_level": {
"max": 68,
"max_diff": 0.0,
"mean": 68.0,
"mean_diff": 0.0,
"min": 68,
"min_diff": 0.0,
"std": 0.0,
"std_diff": 0.0
},
"brake": {
"max": 16,
"max_diff": 0.0,
"mean": 0.4,
"mean_diff": -0.41025641025641024,
"min": 0,
"min_diff": -16.0,
"std": 2.4979991993593593,
"std_diff": 2.528990360192401
},
"brake_switch": {
"max": 4,
"max_diff": 0.0,
"mean": 1.075,
"mean_diff": -0.07692307692307693,
"min": 1,
"min_diff": -3.0,
"std": 0.4683748498798799,
"std_diff": 0.4741856925360751
},
"gear_position": {
"max": 7,
"max_diff": 0.0,
"mean": 7.0,
"mean_diff": 0.0,
"min": 7,
"min_diff": 0.0,
"std": 0.0,
"std_diff": 0.0
},
"left_signal": {
"max": 0,
"max_diff": 0.0,
"mean": 0.0,
"mean_diff": 0.0,
"min": 0,
"min_diff": 0.0,
"std": 0.0,
"std_diff": 0.0
},
"rear_left_rpm": {
"max": 221.7606,
"max_diff": 24.7281,
"mean": 146.98103250000003,
"mean_diff": 5.314076923076923,
"min": 0.0,
"min_diff": -6.338400000000007,
"std": 62.48025330060446,
"std_diff": 7.8918793864963455
},
"rear_right_rpm": {
"max": 226.1808,
"max_diff": 28.2726,
"mean": 149.8312275,
"mean_diff": 5.416723076923077,
"min": 0.0,
"min_diff": -5.587799999999987,
"std": 63.984639111160845,
"std_diff": 8.291851456066217
},
"right_signal": {
"max": 0,
"max_diff": 0.0,
"mean": 0.0,
"mean_diff": 0.0,
"min": 0,
"min_diff": 0.0,
"std": 0.0,
"std_diff": 0.0
},
"steering": {
"max": 19.40000000000009,
"max_diff": 16.5,
"mean": 0.8175000000001319,
"mean_diff": 0.005128205128200464,
"min": -13.0,
"min_diff": -11.300000000000182,
"std": 8.599851379529786,
"std_diff": 5.064200583277342
},
"steering_speed": {
"max": 99.60000000000055,
"max_diff": 99.60000000000036,
"mean": 0.7725000000002182,
"mean_diff": 0.35641025641025875,
"min": -25.899999999999455,
"min_diff": -125.5,
"std": 17.7476616417488,
"std_diff": 27.74573928826198
},
"throttle": {
"max": 366,
"max_diff": 223.0,
"mean": 135.775,
"mean_diff": 2.5384615384615383,
"min": 0,
"min_diff": -338.0,
"std": 110.35703137997143,
"std_diff": 99.86422735557234
},
"utime": {
"max": 1537295229068058,
"max_diff": 500863.0,
"mean": 1537295219318881.5,
"mean_diff": 499968.4358974359,
"min": 1537295209569289,
"min_diff": 499179.0,
"std": 5771509.625263069,
"std_diff": 421.06786071458686
},
"vehicle_speed": {
"max": 25.17,
"max_diff": 2.8600000000000003,
"mean": 16.778,
"mean_diff": 0.6094871794871795,
"min": 0.0,
"min_diff": -0.5899999999999999,
"std": 7.220067589711332,
"std_diff": 0.9081340370907887
},
"yaw_rate": {
"max": 2.400000000000034,
"max_diff": 2.4000000000000057,
"mean": -0.264999999999975,
"mean_diff": 0.005128205128204837,
"min": -1.9999999999999716,
"min_diff": -2.0,
"std": 0.9258914623215839,
"std_diff": 0.8070041838765267
}
}
},
"ZOE_VEH_INFO": {
"message_count": 1939,
"message_freq": 99.43897749448239,
"timespan": 19.499396,
"var_stats": {
"FL_wheel_speed": {
"max": 228.0573,
"max_diff": 13.344000000000023,
"mean": 144.47596199071688,
"mean_diff": 0.10863947368421054,
"min": 0.0,
"min_diff": -17.51399999999998,
"std": 64.10550450553455,
"std_diff": 1.4121852871261524
},
"FR_wheel_speed": {
"max": 225.4719,
"max_diff": 13.510799999999989,
"mean": 144.4785427024239,
"mean_diff": 0.10982291021671828,
"min": 0.0,
"min_diff": -11.884499999999989,
"std": 63.94648251825035,
"std_diff": 1.3916052825371634
},
"RL_wheel_speed": {
"max": 225.6804,
"max_diff": 14.261400000000009,
"mean": 144.12913584321814,
"mean_diff": 0.10982291021671828,
"min": 0.0,
"min_diff": -10.967100000000016,
"std": 63.9266039946453,
"std_diff": 1.1814273030471827
},
"RR_wheel_speed": {
"max": 228.7245,
"max_diff": 7.923000000000002,
"mean": 146.83961433728726,
"mean_diff": 0.11126455108359135,
"min": 0.0,
"min_diff": -8.173200000000008,
"std": 65.00167130107492,
"std_diff": 1.0555232399867105
},
"left_solar": {
"max": 0,
"max_diff": 0.0,
"mean": 0.0,
"mean_diff": 0.0,
"min": 0,
"min_diff": 0.0,
"std": 0.0,
"std_diff": 0.0
},
"longitudinal_accel": {
"max": 2.1500000000000004,
"max_diff": 1.4000000000000004,
"mean": 0.29592573491490526,
"mean_diff": -0.00028379772961816343,
"min": -1.3499999999999996,
"min_diff": -1.3500000000000014,
"std": 0.6821521222941413,
"std_diff": 0.16049835943216775
},
"meanEffTorque": {
"max": 128.0,
"max_diff": 6.0,
"mean": 25.552088705518308,
"mean_diff": -0.00696594427244582,
"min": -22.0,
"min_diff": -4.0,
"std": 39.060476899503925,
"std_diff": 0.8445038601084309
},
"odom": {
"max": 120,
"max_diff": 72.0,
"mean": 55.890665291387315,
"mean_diff": -0.016511867905056758,
"min": 0,