{
"MS_IMU": {
"message_count": 1952,
"message_freq": 99.92527104985729,
"timespan": 19.534598,
"var_stats": {
"linear_accel": {
"max": 12.410070419311523,
"max_diff": 13.107360124588013,
"mean": 3.2526690537158007,
"mean_diff": 4.802183866249413,
"min": -3.0684285163879395,
"min_diff": -4.705220103263855,
"std": 4.671305038158368,
"std_diff": 5.343488030588863
},
"q": {
"max": 0.9602612257003784,
"max_diff": 0.7259595454670489,
"mean": 0.3299155056242324,
"mean_diff": -0.16725940185044308,
"min": -0.007348017767071724,
"min_diff": -0.9542958461679518,
"std": 0.3757070350951012,
"std_diff": 0.5485774753908406
},
"rotation_rate": {
"max": 0.08157657086849213,
"max_diff": 0.12089205533266068,
"mean": -0.016788483098300215,
"mean_diff": -0.02773078382522456,
"min": -0.5433692336082458,
"min_diff": -0.5686712674796581,
"std": 0.062419376634340815,
"std_diff": 0.07623267520016061
},
"utime": {
"max": 1537299505956287,
"max_diff": 25107.0,
"mean": 1537299496190151.8,
"mean_diff": 10012.607893388005,
"min": 1537299486421689,
"min_diff": 1284.0,
"std": 5643689.45851201,
"std_diff": 5286.146977552969
}
}
},
"POSE": {
"message_count": 976,
"message_freq": 49.89864593173426,
"timespan": 19.559649,
"var_stats": {
"accel": {
"max": 10.507459861951178,
"max_diff": 12.718989557424734,
"mean": 3.250366675767488,
"mean_diff": 4.796863115703236,
"min": -2.85939551801404,
"min_diff": -4.437635390523539,
"std": 4.6679048163801395,
"std_diff": 5.362611820902963
},
"orientation": {
"max": 0.9999939892018701,
"max_diff": 0.9999939892018701,
"mean": 0.31784215021271656,
"mean_diff": 0.18932010699756796,
"min": -0.9999984570804138,
"min_diff": -0.9999984570804138,
"std": 0.3859745685251256,
"std_diff": 0.5454275666115187
},
"pos": {
"max": 1950.4958006004233,
"max_diff": -684.3039002894127,
"mean": 991.7789075118944,
"mean_diff": -944.2692885281194,
"min": 0.0,
"min_diff": -1150.9355745087553,
"std": 774.3943261117444,
"std_diff": 151.79211549744772
},
"rotation_rate": {
"max": 0.08015799522399902,
"max_diff": 0.12089205533266068,
"mean": -0.01707002117753889,
"mean_diff": -0.027945678750516997,
"min": -0.5463922023773193,
"min_diff": -0.5724206231534481,
"std": 0.06304689879562497,
"std_diff": 0.07699585405540511
},
"utime": {
"max": 1537299505960373,
"max_diff": 40333.0,
"mean": 1537299496186163.5,
"mean_diff": 20061.17846153846,
"min": 1537299486400724,
"min_diff": 15415.0,
"std": 5651441.887956054,
"std_diff": 1245.424926742467
},
"vel": {
"max": 9.24384882009575,
"max_diff": 0.0,
"mean": 2.7264158295646745,
"mean_diff": -4.089623744347012,
"min": 0.0,
"min_diff": -9.24384882009575,
"std": 3.887001189480311,
"std_diff": 4.1337827608325535
}
}
},
"SteerAngleFeedback": {
"message_count": 1934,
"message_freq": 98.96171051683596,
"timespan": 19.542912,
"var_stats": {
"utime": {
"max": 1537299505951555,
"max_diff": 29517.0,
"mean": 1537299496176634.0,
"mean_diff": 10110.145887221935,
"min": 1537299486408643,
"min_diff": 3097.0,
"std": 5648013.117773533,
"std_diff": 1307.1964350642556
},
"value": {
"max": 0.04894119456780879,
"max_diff": 0.06108652381980151,
"mean": -0.321311364646501,
"mean_diff": 0.002222066885234373,
"min": -4.272494033370149,
"min_diff": -0.017453292519943306,
"std": 0.6442882888141739,
"std_diff": 0.007718226969118685
}
}
},
"VEHICLE_MONITOR": {
"message_count": 39,
"message_freq": 1.9500579167201266,
"timespan": 19.999406,
"var_stats": null
},
"ZOE_VEH_INFO": {
"message_count": 1953,
"message_freq": 99.90374353598993,
"timespan": 19.548817,
"var_stats": {
"FL_wheel_speed": {
"max": 293.2344,
"max_diff": 7.714499999999987,
"mean": 260.4535026113671,
"mean_diff": 0.048835143442622964,
"min": 168.0093,
"min_diff": -6.0464999999999804,
"std": 24.134563036435967,
"std_diff": 0.6264128390713763
},
"FR_wheel_speed": {
"max": 292.77570000000003,
"max_diff": 7.714499999999987,
"mean": 258.0189741935484,
"mean_diff": 0.06152459016393444,
"min": 143.2395,
"min_diff": -4.878899999999987,
"std": 27.714314830860143,
"std_diff": 0.6166984649319486
},
"RL_wheel_speed": {
"max": 291.8166,
"max_diff": 5.129099999999994,
"mean": 259.52877895545316,
"mean_diff": 0.05184728483606558,
"min": 160.96200000000002,
"min_diff": -5.170799999999986,
"std": 24.71173527381859,
"std_diff": 0.6288530847060118
},
"RR_wheel_speed": {
"max": 297.6963,
"max_diff": 4.2117000000000075,
"mean": 261.89314546850994,
"mean_diff": 0.06618165983606555,
"min": 138.3189,
"min_diff": -6.296699999999987,
"std": 28.959372102962462,
"std_diff": 0.6203181571812981
},
"left_solar": {
"max": 0,
"max_diff": 0.0,
"mean": 0.0,
"mean_diff": 0.0,
"min": 0,
"min_diff": 0.0,
"std": 0.0,
"std_diff": 0.0
},
"longitudinal_accel": {
"max": 1.6500000000000004,
"max_diff": 0.6499999999999986,
"mean": 0.17245263696876673,
"mean_diff": -0.0006403688524590163,
"min": -0.6500000000000004,
"min_diff": -0.6499999999999986,
"std": 0.4834447945365905,
"std_diff": 0.07461204146122452
},
"meanEffTorque": {
"max": 105.0,
"max_diff": 2.0,
"mean": 19.773937532002048,
"mean_diff": -0.0509733606557377,
"min": -21.5,
"min_diff": -1.5,
"std": 29.781087647613685,
"std_diff": 0.31943385386533996
},
"odom": {
"max": 124,
"max_diff": 112.0,
"mean": 83.22171018945212,
"mean_diff": -0.03278688524590164,
"min": 4,
"min_diff": -80.0,
"std": 39.275367996084235,
"std_diff": 15.171119254899597
},
"odom_speed": {
"max": 33.0,
"max_diff": 1.0,
"mean": 28.955453149001535,
"mean_diff": 0.00665983606557377,
"min": 17.0,
"min_diff": -1.0,
"std": 3.087984777596591,
"std_diff": 0.10834405137720106
},
"pedal_cc": {
"max": 417.0,
"max_diff": 12.0,
"mean": 151.24833589349717,
"mean_diff": -0.15625,
"min": 0.0,
"min_diff": -13.0,
"std": 96.47987821671715,
"std_diff": 1.5904014968260554
},
"regen": {
"max": 43.0,
"max_diff": 1.0,
"mean": 4.082437275985663,
"mean_diff": 0.0,
"min": 0.0,
"min_diff": -4.0,
"std": 8.97381203312282,
"std_diff": 0.35787395894616764
},
"requestedTorqueAfterProc": {
"max": -272.5,
"max_diff": 126.0,
"mean": -356.87403993855605,
"mean_diff": -0.050204918032786885,
"min": -398.5,
"min_diff": -125.5,
"std": 34.48772211771691,
"std_diff": 5.702071269397401
},
"right_solar": {
"max": 0,
"max_diff": 0.0,
"mean": 0.0,
"mean_diff": 0.0,
"min": 0,
"min_diff": 0.0,
"std": 0.0,
"std_diff": 0.0
},
"steer_corrected": {
"max": 2.804123893064035,
"max_diff": 3.700000000000273,
"mean": -18.499921165819657,
"mean_diff": 0.1269979508196722,
"min": -246.59587610693606,
"min_diff": -1.0,
"std": 37.163628842973715,
"std_diff": 0.4550193699668
},
"steer_offset_can": {
"max": -12.300000000000182,
"max_diff": 0.0,
"mean": -12.300000000000182,
"mean_diff": 0.0,
"min": -12.300000000000182,
"min_diff": 0.0,
"std": 0.0,
"std_diff": 0.0
},
"steer_raw": {
"max": -8.900000000000091,
"max_diff": 3.700000000000273,
"mean": -30.20404505888379,
"mean_diff": 0.1269979508196722,
"min": -258.3000000000002,
"min_diff": -1.0,
"std": 37.16362884297371,
"std_diff": 0.45501936996680004
},
"transversal_accel": {
"max": -0.41200000000000614,
"max_diff": 0.09200000000001296,
"mean": -0.5181525857654875,
"mean_diff": 0.00010040983606557272,
"min": -0.7119999999999891,
"min_diff": -0.09200000000001296,
"std": 0.053336667183829164,
"std_diff": 0.008462922982386427
},
"utime": {
"max": 1537299505956456,
"max_diff": 28429.0,
"mean": 1537299496184389.2,
"mean_diff": 10014.762807377048,
"min": 1537299486407639,
"min_diff": 2.0,
"std": 5645737.186111281,
"std_diff": 1703.0386002569257
}
}
},
"ZoeSensors": {
"message_count": 18732,
"message_freq": 958.1914550622172,
"timespan": 19.549329,
"var_stats": {
"brake_sensor": {
"max": 0.1850033551454544,
"max_diff": 2.0712614059448242e-05,
"mean": 0.18490015787670888,
"mean_diff": -2.553666511785328e-10,
"min": 0.18483108282089233,
"min_diff": -2.308189868927002e-05,
"std": 1.91900183891294e-05,
"std_diff": 4.445769625974104e-06
},
"steering_sensor": {
"max": 0.22153688967227936,
"max_diff": 0.0007286667823791504,
"mean": 0.2168300276971795,
"mean_diff": -8.45311347485276e-08,
"min": 0.21375004947185516,
"min_diff": -0.0007601678371429443,