{
"MS_IMU": {
"message_count": 1979,
"message_freq": 99.7631092455953,
"timespan": 19.836992,
"var_stats": {
"linear_accel": {
"max": 11.527137756347656,
"max_diff": 11.569147437810898,
"mean": 3.28952192951429,
"mean_diff": 4.9264065509793475,
"min": -0.6499532461166382,
"min_diff": -0.7300122231245041,
"std": 4.623089936587933,
"std_diff": 4.815542354435991
},
"q": {
"max": 0.0067794849164783955,
"max_diff": 0.35737988259643316,
"mean": -0.32231432954962885,
"mean_diff": -0.1966093295960188,
"min": -0.9441357254981995,
"min_diff": -0.9405344650149345,
"std": 0.3822479437433875,
"std_diff": 0.5404325569767132
},
"rotation_rate": {
"max": 0.05430501699447632,
"max_diff": 0.07711515203118324,
"mean": -0.00013871693902395654,
"mean_diff": 0.00036935859145002467,
"min": -0.06412628293037415,
"min_diff": -0.07016598246991634,
"std": 0.013815298411848224,
"std_diff": 0.019792166593552037
},
"utime": {
"max": 1537296424156584,
"max_diff": 35018.0,
"mean": 1537296414226781.0,
"mean_diff": 10028.812942366027,
"min": 1537296404319592,
"min_diff": 1933.0,
"std": 5733613.001199389,
"std_diff": 5307.122431499629
}
}
},
"POSE": {
"message_count": 988,
"message_freq": 49.74844808004224,
"timespan": 19.859916,
"var_stats": {
"accel": {
"max": 10.332308803140272,
"max_diff": 10.319797477024906,
"mean": 3.289655321798528,
"mean_diff": 4.926820246028808,
"min": -0.4177097868183253,
"min_diff": -0.4070116279722841,
"std": 4.61837130398275,
"std_diff": 4.807381881713691
},
"orientation": {
"max": 0.4378783073202567,
"max_diff": 0.0,
"mean": -0.12212528422336084,
"mean_diff": -0.44237403072321096,
"min": -0.9114520982067833,
"min_diff": -0.9114520982067833,
"std": 0.4848560765354636,
"std_diff": 0.37099669846918165
},
"pos": {
"max": 1157.8251102460508,
"max_diff": -259.02385472667424,
"mean": 638.9552630228866,
"mean_diff": -546.310123191254,
"min": 0.0,
"min_diff": -898.8012555193766,
"std": 466.05081613897414,
"std_diff": 279.5942943120576
},
"rotation_rate": {
"max": 0.05430501699447632,
"max_diff": 0.07677160017192364,
"mean": -0.00015441447944784334,
"mean_diff": 0.00041286796447927745,
"min": -0.06412628293037415,
"min_diff": -0.06957576842978597,
"std": 0.013792541992382447,
"std_diff": 0.019678713136690465
},
"utime": {
"max": 1537296424162197,
"max_diff": 40567.0,
"mean": 1537296414223570.5,
"mean_diff": 20121.495440729483,
"min": 1537296404302281,
"min_diff": 16376.0,
"std": 5725163.596422533,
"std_diff": 1640.8532854235295
},
"vel": {
"max": 10.038214624175504,
"max_diff": 0.0,
"mean": 3.2514762612686767,
"mean_diff": -4.877214391903014,
"min": 0.0,
"min_diff": -10.038214624175504,
"std": 4.599159415480501,
"std_diff": 4.878455450786562
}
}
},
"SteerAngleFeedback": {
"message_count": 1957,
"message_freq": 98.62221688935448,
"timespan": 19.843399,
"var_stats": {
"utime": {
"max": 1537296424150800,
"max_diff": 30392.0,
"mean": 1537296414231734.0,
"mean_diff": 10144.887014314929,
"min": 1537296404307401,
"min_diff": 5850.0,
"std": 5721029.85002928,
"std_diff": 1392.9800358883538
},
"value": {
"max": 0.15191562043547582,
"max_diff": 0.005235987755986167,
"mean": -3.7720705708472255e-05,
"mean_diff": -2.676885355821145e-06,
"min": -0.09766646259971648,
"min_diff": -0.010471975511964396,
"std": 0.051597984441648655,
"std_diff": 0.0013766939709703744
}
}
},
"VEHICLE_MONITOR": {
"message_count": 41,
"message_freq": 2.050065807112408,
"timespan": 19.999358,
"var_stats": null
},
"ZOE_VEH_INFO": {
"message_count": 1979,
"message_freq": 99.65392543308165,
"timespan": 19.858726,
"var_stats": {
"FL_wheel_speed": {
"max": 318.25440000000003,
"max_diff": 6.0464999999999804,
"mean": 308.6251346134411,
"mean_diff": -0.0023611729019211184,
"min": 297.6963,
"min_diff": -6.546899999999994,
"std": 5.017603156780969,
"std_diff": 0.5113565322580242
},
"FR_wheel_speed": {
"max": 318.4629,
"max_diff": 3.4610999999999876,
"mean": 308.71076816574026,
"mean_diff": -0.002361172901921147,
"min": 297.86310000000003,
"min_diff": -3.0441000000000145,
"std": 4.95106865950515,
"std_diff": 0.45023089217421286
},
"RL_wheel_speed": {
"max": 317.7957,
"max_diff": 4.878899999999987,
"mean": 307.8329821121779,
"mean_diff": -0.0028249747219413627,
"min": 296.9874,
"min_diff": -5.379300000000001,
"std": 5.082039326966305,
"std_diff": 0.5593785015452641
},
"RR_wheel_speed": {
"max": 323.8422,
"max_diff": 3.752999999999986,
"mean": 313.77334623547245,
"mean_diff": -0.0030779575328614907,
"min": 302.8254,
"min_diff": -5.420999999999992,
"std": 5.067479713913461,
"std_diff": 0.5249529315791879
},
"left_solar": {
"max": 0,
"max_diff": 0.0,
"mean": 0.0,
"mean_diff": 0.0,
"min": 0,
"min_diff": 0.0,
"std": 0.0,
"std_diff": 0.0
},
"longitudinal_accel": {
"max": 0.5500000000000007,
"max_diff": 0.6500000000000004,
"mean": -0.05598787266296028,
"mean_diff": 7.583417593528834e-05,
"min": -0.5,
"min_diff": -0.8000000000000007,
"std": 0.13529774346989837,
"std_diff": 0.07014533743910355
},
"meanEffTorque": {
"max": 22.0,
"max_diff": 4.5,
"mean": 7.088681152097019,
"mean_diff": 0.005561172901921132,
"min": -18.5,
"min_diff": -1.5,
"std": 7.302898925939591,
"std_diff": 0.26550867589548355
},
"odom": {
"max": 124,
"max_diff": 0.0,
"mean": 124.0,
"mean_diff": 0.0,
"min": 124,
"min_diff": 0.0,
"std": 0.0,
"std_diff": 0.0
},
"odom_speed": {
"max": 36.0,
"max_diff": 1.0,
"mean": 34.69580596260738,
"mean_diff": -0.0005055611729019212,
"min": 33.0,
"min_diff": -1.0,
"std": 0.6510671418435258,
"std_diff": 0.0674521679712205
},
"pedal_cc": {
"max": 167.0,
"max_diff": 23.0,
"mean": 119.94643759474482,
"mean_diff": 0.016683518705763397,
"min": 0.0,
"min_diff": -37.0,
"std": 30.096898609400256,
"std_diff": 1.7300720692953429
},
"regen": {
"max": 37.0,
"max_diff": 1.0,
"mean": 0.7842344618494189,
"mean_diff": 0.0,
"min": 0.0,
"min_diff": -9.0,
"std": 4.559131906058619,
"std_diff": 0.34099716973523675
},
"requestedTorqueAfterProc": {
"max": -273.0,
"max_diff": 119.5,
"mean": -372.65487620010106,
"mean_diff": 0.006066734074823054,
"min": -398.5,
"min_diff": -125.5,
"std": 17.075461628178495,
"std_diff": 3.942901827670154
},
"right_solar": {
"max": 0,
"max_diff": 0.0,
"mean": 0.0,
"mean_diff": 0.0,
"min": 0,
"min_diff": 0.0,
"std": 0.0,
"std_diff": 0.0
},
"steer_corrected": {
"max": 8.704123893064125,
"max_diff": 0.3999999999996362,
"mean": 0.0029616899312360874,
"mean_diff": -0.0001516683518706683,
"min": -5.595876106936056,
"min_diff": -0.5,
"std": 2.9562232408751368,
"std_diff": 0.07759645975154351
},
"steer_offset_can": {
"max": -12.300000000000182,
"max_diff": 0.0,
"mean": -12.300000000000182,
"mean_diff": 0.0,
"min": -12.300000000000182,
"min_diff": 0.0,
"std": 0.0,
"std_diff": 0.0
},
"steer_raw": {
"max": -3.0,
"max_diff": 0.3999999999996362,
"mean": -11.701162203132888,
"mean_diff": -0.0001516683518706683,
"min": -17.300000000000182,
"min_diff": -0.5,
"std": 2.9562232408751368,
"std_diff": 0.07759645975154351
},
"transversal_accel": {
"max": -0.42799999999999727,
"max_diff": 0.03200000000001069,
"mean": -0.4883658413340043,
"mean_diff": -1.0111223458043595e-05,
"min": -0.5360000000000014,
"min_diff": -0.03200000000001069,
"std": 0.01657736591178252,
"std_diff": 0.005657560140372874
},
"utime": {
"max": 1537296424159197,
"max_diff": 20795.0,
"mean": 1537296414222362.5,
"mean_diff": 10039.800808897877,
"min": 1537296404300471,
"min_diff": 2933.0,
"std": 5735684.696356167,
"std_diff": 1339.0658084622548
}
}
},
"ZoeSensors": {
"message_count": 19066,
"message_freq": 960.4695207848506,
"timespan": 19.850708,
"var_stats": {
"brake_sensor": {
"max": 0.1849742978811264,
"max_diff": 2.092123031616211e-05,
"mean": 0.18490198921409495,
"mean_diff": 2.2955526056297176e-09,
"min": 0.18484492599964142,
"min_diff": -1.6704201698303223e-05,
"std": 1.806515815995706e-05,
"std_diff": 4.2358764090095976e-06
},
"steering_sensor": {
"max": 0.22193863987922668,
"max_diff": 0.0007562339305877686,
"mean": 0.21722820979231092,
"mean_diff": 2.375822695040059e-08,
"min": 0.2134585827589035,
"min_diff": -0.001016184687614441,