{
"MS_IMU": {
"message_count": 1948,
"message_freq": 99.71975574802742,
"timespan": 19.534745,
"var_stats": {
"linear_accel": {
"max": 11.4083251953125,
"max_diff": 12.441521883010864,
"mean": 2.9563031918907026,
"mean_diff": 5.243268899633444,
"min": -2.2961506843566895,
"min_diff": -1.6748122870922089,
"std": 4.828628239640097,
"std_diff": 4.679862910216418
},
"q": {
"max": 0.9585675597190857,
"max_diff": -0.007750957738608122,
"mean": -0.005883126159828628,
"mean_diff": -0.4497046652852387,
"min": -0.9381356835365295,
"min_diff": -0.9518030588515103,
"std": 0.4999654052395755,
"std_diff": 0.3486727431982368
},
"rotation_rate": {
"max": 0.10317139327526093,
"max_diff": 0.1188188698142767,
"mean": -0.03086524435959277,
"mean_diff": -0.04952411600088423,
"min": -0.27500635385513306,
"min_diff": -0.3028178885579109,
"std": 0.06437712358475481,
"std_diff": 0.07674112264036353
},
"utime": {
"max": 1542196694957267,
"max_diff": 25054.0,
"mean": 1542196685190122.0,
"mean_diff": 10033.253723677453,
"min": 1542196675422522,
"min_diff": 1932.0,
"std": 5649288.742930714,
"std_diff": 5483.318229754904
}
}
},
"POSE": {
"message_count": 974,
"message_freq": 49.794734753826134,
"timespan": 19.560301,
"var_stats": {
"accel": {
"max": 10.705115443098213,
"max_diff": 11.401578975039607,
"mean": 2.9562478317324787,
"mean_diff": 5.243203400872076,
"min": -2.1085462573088605,
"min_diff": -1.3941266920528692,
"std": 4.824519316132208,
"std_diff": 4.673488012240837
},
"orientation": {
"max": 0.999999998173387,
"max_diff": 0.479557385400266,
"mean": 0.22871424608117322,
"mean_diff": -0.33154293347372804,
"min": -0.41596867432618584,
"min_diff": -0.999999998173387,
"std": 0.4446232041172846,
"std_diff": 0.4726654383355826
},
"pos": {
"max": 1862.0301983778586,
"max_diff": 1228.5755330400646,
"mean": 836.6223352855421,
"mean_diff": -327.1530125469256,
"min": 0.0,
"min_diff": -1862.0301983778586,
"std": 768.5285986938692,
"std_diff": 1528.506964881768
},
"rotation_rate": {
"max": 0.10317139327526093,
"max_diff": 0.11836162209510803,
"mean": -0.03080500774996056,
"mean_diff": -0.04955887382951685,
"min": -0.27494367957115173,
"min_diff": -0.3028178885579109,
"std": 0.06427042130602821,
"std_diff": 0.0765196335764227
},
"utime": {
"max": 1542196694958478,
"max_diff": 40671.0,
"mean": 1542196685173068.8,
"mean_diff": 20103.084275436795,
"min": 1542196675398177,
"min_diff": 14793.0,
"std": 5644782.742100979,
"std_diff": 1526.5460315103687
},
"vel": {
"max": 5.821698829315848,
"max_diff": 0.0,
"mean": 1.3315496697682692,
"mean_diff": -1.9973245046524035,
"min": 0.0,
"min_diff": -5.821698829315848,
"std": 1.9860323814791017,
"std_diff": 2.1416625640213116
}
}
},
"SteerAngleFeedback": {
"message_count": 1923,
"message_freq": 98.39063014210002,
"timespan": 19.544544,
"var_stats": {
"utime": {
"max": 1542196694950104,
"max_diff": 30005.0,
"mean": 1542196685171865.2,
"mean_diff": 10168.857440166494,
"min": 1542196675405560,
"min_diff": 6788.0,
"std": 5644240.052044655,
"std_diff": 1481.1964531588885
},
"value": {
"max": 0.08028514559173758,
"max_diff": 0.03665191429188708,
"mean": -0.837651850877982,
"mean_diff": 0.00021703105682968095,
"min": -2.340486526924394,
"min_diff": -0.029670597283908418,
"std": 0.6164994455303968,
"std_diff": 0.0064698677626164065
}
}
},
"VEHICLE_MONITOR": {
"message_count": 40,
"message_freq": 2.0513069825515315,
"timespan": 19.499763,
"var_stats": {
"available_distance": {
"max": 139,
"max_diff": 0.0,
"mean": 139.0,
"mean_diff": 0.0,
"min": 139,
"min_diff": 0.0,
"std": 0.0,
"std_diff": 0.0
},
"battery_level": {
"max": 90,
"max_diff": 0.0,
"mean": 90.0,
"mean_diff": 0.0,
"min": 90,
"min_diff": 0.0,
"std": 0.0,
"std_diff": 0.0
},
"brake": {
"max": 12,
"max_diff": 6.0,
"mean": 1.55,
"mean_diff": 0.05128205128205128,
"min": 0,
"min_diff": -6.0,
"std": 3.1060424980994705,
"std_diff": 1.9208534154182608
},
"brake_switch": {
"max": 4,
"max_diff": 3.0,
"mean": 2.575,
"mean_diff": 0.07692307692307693,
"min": 1,
"min_diff": -3.0,
"std": 1.4471955638406304,
"std_diff": 0.9166442529086912
},
"gear_position": {
"max": 7,
"max_diff": 0.0,
"mean": 7.0,
"mean_diff": 0.0,
"min": 7,
"min_diff": 0.0,
"std": 0.0,
"std_diff": 0.0
},
"left_signal": {
"max": 0,
"max_diff": 0.0,
"mean": 0.0,
"mean_diff": 0.0,
"min": 0,
"min_diff": 0.0,
"std": 0.0,
"std_diff": 0.0
},
"rear_left_rpm": {
"max": 182.229,
"max_diff": 11.675999999999988,
"mean": 125.0238975,
"mean_diff": -3.7562076923076924,
"min": 35.7369,
"min_diff": -17.055300000000003,
"std": 37.62656866232614,
"std_diff": 7.76287915317918
},
"rear_right_rpm": {
"max": 178.7679,
"max_diff": 9.340800000000016,
"mean": 120.798645,
"mean_diff": -3.6792230769230776,
"min": 35.2782,
"min_diff": -16.34639999999999,
"std": 35.967455714137955,
"std_diff": 7.281480379507988
},
"right_signal": {
"max": 0,
"max_diff": 0.0,
"mean": 0.0,
"mean_diff": 0.0,
"min": 0,
"min_diff": 0.0,
"std": 0.0,
"std_diff": 0.0
},
"steering": {
"max": 4.5,
"max_diff": 36.20000000000027,
"mean": -46.97749999999991,
"mean_diff": 0.6025641025641025,
"min": -131.5,
"min_diff": -44.09999999999991,
"std": 35.450412462339536,
"std_diff": 15.60694268881785
},
"steering_speed": {
"max": 101.60000000000055,
"max_diff": 149.4000000000001,
"mean": -2.027499999999702,
"mean_diff": -0.10256410256410248,
"min": -127.49999999999982,
"min_diff": -101.60000000000036,
"std": 37.230921204692216,
"std_diff": 42.84424077731281
},
"throttle": {
"max": 125,
"max_diff": 108.0,
"mean": 13.2,
"mean_diff": 0.0,
"min": 0,
"min_diff": -75.0,
"std": 34.696685720685196,
"std_diff": 23.172707199944487
},
"utime": {
"max": 1542196695102141,
"max_diff": 500698.0,
"mean": 1542196685352248.5,
"mean_diff": 499993.92307692306,
"min": 1542196675602378,
"min_diff": 499130.0,
"std": 5771559.084675925,
"std_diff": 332.1537630194312
},
"vehicle_speed": {
"max": 20.63,
"max_diff": 1.1400000000000023,
"mean": 14.1405,
"mean_diff": -0.4235897435897436,
"min": 4.11,
"min_diff": -1.9000000000000004,
"std": 4.170953697896921,
"std_diff": 0.8334989184601821
},
"yaw_rate": {
"max": -0.19999999999998863,
"max_diff": 3.3000000000000114,
"mean": -5.489999999999979,
"mean_diff": 0.08461538461538491,
"min": -15.799999999999983,
"min_diff": -4.699999999999989,
"std": 3.9625623023493253,
"std_diff": 1.7168155466740664
}
}
},
"ZOE_VEH_INFO": {
"message_count": 1946,
"message_freq": 99.60201165353773,
"timespan": 19.537758,
"var_stats": {
"FL_wheel_speed": {
"max": 185.0646,
"max_diff": 4.420200000000001,
"mean": 127.17407142857144,
"mean_diff": -0.07604622107969153,
"min": 37.1547,
"min_diff": -4.8788999999999945,
"std": 35.739188137381966,
"std_diff": 0.6510704018158721
},
"FR_wheel_speed": {
"max": 181.3116,
"max_diff": 5.129100000000022,
"mean": 122.64126428571429,
"mean_diff": -0.07424529562982006,
"min": 36.9045,
"min_diff": -4.2117000000000075,
"std": 34.08775911305169,
"std_diff": 0.5767538210692426
},
"RL_wheel_speed": {
"max": 184.1055,
"max_diff": 4.920599999999993,
"mean": 126.55875,
"mean_diff": -0.07578894601542417,
"min": 35.5284,
"min_diff": -3.0441000000000003,
"std": 35.68077378338468,
"std_diff": 0.5257551042172176
},
"RR_wheel_speed": {
"max": 181.7703,
"max_diff": 4.2117000000000075,
"mean": 122.1678,
"mean_diff": -0.07495280205655527,
"min": 35.028,
"min_diff": -3.002400000000023,
"std": 34.11402131384438,
"std_diff": 0.5108552986190024
},
"left_solar": {
"max": 0,
"max_diff": 0.0,
"mean": 0.0,
"mean_diff": 0.0,
"min": 0,
"min_diff": 0.0,
"std": 0.0,
"std_diff": 0.0
},
"longitudinal_accel": {
"max": 0.8000000000000007,
"max_diff": 0.5,
"mean": -0.6758992805755392,
"mean_diff": -0.0001028277634961436,
"min": -2.1999999999999993,
"min_diff": -0.6500000000000004,
"std": 0.6164496014517381,
"std_diff": 0.06554097379885704
},
"meanEffTorque": {
"max": 42.5,
"max_diff": 2.5,
"mean": -26.75256937307297,
"mean_diff": 0.0071979434447300775,
"min": -84.0,
"min_diff": -2.0,
"std": 32.102583293845704,
"std_diff": 0.43639044614516154
},
"odom": {
"max": 120,
"max_diff": 60.0,
"mean": 61.82322713257965,