{
"MS_IMU": {
"message_count": 1979,
"message_freq": 99.69648239676992,
"timespan": 19.850249,
"var_stats": {
"linear_accel": {
"max": 12.621816635131836,
"max_diff": 13.069579601287842,
"mean": 3.179932697726837,
"mean_diff": 4.966018374045236,
"min": -1.4152123928070068,
"min_diff": -1.7010371387004852,
"std": 4.683054021047477,
"std_diff": 4.921985507453159
},
"q": {
"max": 0.9993470907211304,
"max_diff": 1.0192548390477896,
"mean": 0.24415641537467667,
"mean_diff": 0.3221003765934147,
"min": -0.27356866002082825,
"min_diff": -0.16326196491718292,
"std": 0.4363343461881481,
"std_diff": 0.4902830204391133
},
"rotation_rate": {
"max": 0.17775751650333405,
"max_diff": 0.230032816529274,
"mean": 0.013491902037680751,
"mean_diff": 0.0220516960506218,
"min": -0.11781527101993561,
"min_diff": -0.19543766975402832,
"std": 0.04639996406176461,
"std_diff": 0.06332435141179252
},
"utime": {
"max": 1542193101397702,
"max_diff": 34995.0,
"mean": 1542193091473510.8,
"mean_diff": 10035.515166835186,
"min": 1542193081547453,
"min_diff": 1960.0,
"std": 5729848.641493555,
"std_diff": 5572.702536488425
}
}
},
"POSE": {
"message_count": 990,
"message_freq": 49.850621856295156,
"timespan": 19.859331,
"var_stats": {
"accel": {
"max": 11.387783168329848,
"max_diff": 11.959454976140213,
"mean": 3.1829199133807533,
"mean_diff": 4.962903445699605,
"min": -0.7603203193037891,
"min_diff": -1.3953319588407962,
"std": 4.674198387210771,
"std_diff": 4.9138354988802675
},
"orientation": {
"max": 0.8705127310844994,
"max_diff": 0.0,
"mean": -0.012238709106917666,
"mean_diff": -0.4654875966244167,
"min": -0.8110416500209835,
"min_diff": -0.8705127310844994,
"std": 0.49985019155682664,
"std_diff": 0.3415474062588643
},
"pos": {
"max": 3297.908838551273,
"max_diff": 2604.375174814168,
"mean": 1312.1552853924688,
"mean_diff": -341.84961946082393,
"min": 0.0,
"min_diff": -3297.908838551273,
"std": 1400.4217525276877,
"std_diff": 2911.0456674292436
},
"rotation_rate": {
"max": 0.1771465539932251,
"max_diff": 0.229069322347641,
"mean": 0.013492200140954022,
"mean_diff": 0.02198719745391175,
"min": -0.11749714612960815,
"min_diff": -0.19406240805983543,
"std": 0.04636243108777346,
"std_diff": 0.06332323527688419
},
"utime": {
"max": 1542193101411538,
"max_diff": 49515.0,
"mean": 1542193091478201.2,
"mean_diff": 20080.213346814966,
"min": 1542193081552207,
"min_diff": 10134.0,
"std": 5737820.936784075,
"std_diff": 1588.9283292757884
},
"vel": {
"max": 6.5926360916735876,
"max_diff": 0.0,
"mean": 1.704110515303089,
"mean_diff": -2.556165772954634,
"min": 0.0,
"min_diff": -6.5926360916735876,
"std": 2.4638332586823255,
"std_diff": 2.632055661191235
}
}
},
"SteerAngleFeedback": {
"message_count": 1944,
"message_freq": 97.95700191509971,
"timespan": 19.845442,
"var_stats": {
"utime": {
"max": 1542193101398745,
"max_diff": 30845.0,
"mean": 1542193091472287.0,
"mean_diff": 10213.81471950592,
"min": 1542193081553303,
"min_diff": 204.0,
"std": 5735461.721149167,
"std_diff": 1690.099276746607
},
"value": {
"max": 1.2112585008840664,
"max_diff": 0.020943951023928764,
"mean": 0.3326477248684044,
"mean_diff": -6.647162359628515e-05,
"min": -0.11344640137963143,
"min_diff": -0.019198621771944036,
"std": 0.44647738462849185,
"std_diff": 0.003295484370574181
}
}
},
"VEHICLE_MONITOR": {
"message_count": 41,
"message_freq": 2.050071650004168,
"timespan": 19.999301,
"var_stats": null
},
"ZOE_VEH_INFO": {
"message_count": 1981,
"message_freq": 99.75260749086188,
"timespan": 19.85913,
"var_stats": {
"FL_wheel_speed": {
"max": 209.5842,
"max_diff": 15.637500000000017,
"mean": 160.9329510348309,
"mean_diff": 0.05770606060606061,
"min": 94.1586,
"min_diff": -12.384900000000016,
"std": 27.558930887084987,
"std_diff": 0.9135609871796205
},
"FR_wheel_speed": {
"max": 208.1664,
"max_diff": 12.84360000000001,
"mean": 162.70396961130743,
"mean_diff": 0.05711636363636363,
"min": 94.1586,
"min_diff": -8.631900000000002,
"std": 28.52053809491891,
"std_diff": 0.8760706793847666
},
"RL_wheel_speed": {
"max": 209.12550000000002,
"max_diff": 10.049700000000001,
"mean": 160.52093987884908,
"mean_diff": 0.0573480303030303,
"min": 94.4088,
"min_diff": -6.546900000000022,
"std": 27.42757875675017,
"std_diff": 0.9713713383723408
},
"RR_wheel_speed": {
"max": 208.1664,
"max_diff": 6.0882000000000005,
"mean": 162.47694563351843,
"mean_diff": 0.056631969696969695,
"min": 94.4088,
"min_diff": -9.090599999999995,
"std": 28.394181727757573,
"std_diff": 0.941624915943935
},
"left_solar": {
"max": 0,
"max_diff": 0.0,
"mean": 0.0,
"mean_diff": 0.0,
"min": 0,
"min_diff": 0.0,
"std": 0.0,
"std_diff": 0.0
},
"longitudinal_accel": {
"max": 1.1000000000000014,
"max_diff": 1.4000000000000004,
"mean": -0.08341746592629919,
"mean_diff": -0.000580808080808081,
"min": -1.0999999999999996,
"min_diff": -1.3500000000000014,
"std": 0.38765188601734046,
"std_diff": 0.12567360335872127
},
"meanEffTorque": {
"max": 74.0,
"max_diff": 1.5,
"mean": -1.98334174659263,
"mean_diff": -0.04090909090909091,
"min": -39.0,
"min_diff": -2.0,
"std": 22.51260178007973,
"std_diff": 0.3999282534369801
},
"odom": {
"max": 120,
"max_diff": 68.0,
"mean": 62.69964664310954,
"mean_diff": 0.022222222222222223,
"min": 4,
"min_diff": -88.0,
"std": 33.96594108570796,
"std_diff": 18.470602116240713
},
"odom_speed": {
"max": 23.0,
"max_diff": 1.0,
"mean": 17.889954568399798,
"mean_diff": 0.0065656565656565654,
"min": 10.0,
"min_diff": -1.0,
"std": 3.1598831037931023,
"std_diff": 0.10277622662815784
},
"pedal_cc": {
"max": 281.0,
"max_diff": 17.0,
"mean": 63.50479555779909,
"mean_diff": -0.10252525252525252,
"min": 0.0,
"min_diff": -14.0,
"std": 73.31486728480445,
"std_diff": 2.384735482201198
},
"regen": {
"max": 53.0,
"max_diff": 1.0,
"mean": 18.218576476527005,
"mean_diff": 0.007070707070707071,
"min": 0.0,
"min_diff": -3.0,
"std": 19.395253253206416,
"std_diff": 0.442616765454175
},
"requestedTorqueAfterProc": {
"max": -272.5,
"max_diff": 126.0,
"mean": -327.0537607269056,
"mean_diff": -0.03737373737373737,
"min": -398.5,
"min_diff": -126.0,
"std": 47.78583608644784,
"std_diff": 7.941905044068914
},
"right_solar": {
"max": 0,
"max_diff": 0.0,
"mean": 0.0,
"mean_diff": 0.0,
"min": 0,
"min_diff": 0.0,
"std": 0.0,
"std_diff": 0.0
},
"steer_corrected": {
"max": 69.40000000000009,
"max_diff": 0.6999999999998181,
"mean": 19.0524987380112,
"mean_diff": -0.0036868686868687787,
"min": -6.599999999999909,
"min_diff": -0.7999999999997272,
"std": 25.567980276354216,
"std_diff": 0.18332380947519242
},
"steer_offset_can": {
"max": -13.400000000000091,
"max_diff": 0.0,
"mean": -13.400000000000091,
"mean_diff": 0.0,
"min": -13.400000000000091,
"min_diff": 0.0,
"std": 0.0,
"std_diff": 0.0
},
"steer_raw": {
"max": 56.0,
"max_diff": 0.6999999999998181,
"mean": 5.652498738011108,
"mean_diff": -0.0036868686868687787,
"min": -20.0,
"min_diff": -0.7999999999997272,
"std": 25.567980276354216,
"std_diff": 0.18332380947519242
},
"transversal_accel": {
"max": -0.3959999999999866,
"max_diff": 0.09200000000001296,
"mean": -0.5101221605249875,
"mean_diff": -1.0101010101015268e-05,
"min": -0.5999999999999943,
"min_diff": -0.12800000000001432,
"std": 0.040897690878692404,
"std_diff": 0.008883982805862231
},
"utime": {
"max": 1542193101408428,
"max_diff": 24110.0,
"mean": 1542193091481399.0,
"mean_diff": 10029.863636363636,
"min": 1542193081549298,
"min_diff": 2.0,
"std": 5734891.930034801,
"std_diff": 1816.4947785212205
}
}
},
"ZoeSensors": {
"message_count": 18770,
"message_freq": 945.6411986397679,
"timespan": 19.848966,
"var_stats": {
"brake_sensor": {
"max": 0.2923939526081085,
"max_diff": 0.0006617903709411621,
"mean": 0.19400768544233157,
"mean_diff": -4.720672622868462e-09,
"min": 0.19012723863124847,
"min_diff": -0.003056555986404419,
"std": 0.017001101574576013,
"std_diff": 7.866752001404105e-05
},
"steering_sensor": {
"max": 0.18988144397735596,
"max_diff": 0.000543549656867981,
"mean": 0.18843593496589123,
"mean_diff": 4.9315388604456336e-08,
"min": 0.18694710731506348,