{
"MS_IMU": {
"message_count": 1900,
"message_freq": 99.21899506928592,
"timespan": 19.149559,
"var_stats": {
"linear_accel": {
"max": 13.717734336853027,
"max_diff": 14.011899560689926,
"mean": 3.3881060095623585,
"mean_diff": 4.800461479314698,
"min": -1.436737060546875,
"min_diff": -3.1753600537776947,
"std": 4.540042094759208,
"std_diff": 4.807082639751841
},
"q": {
"max": 0.8910892605781555,
"max_diff": 0.4893003220204264,
"mean": 0.33968295255978426,
"mean_diff": -0.13965401897304935,
"min": -0.010219746269285679,
"min_diff": -0.8831973252817988,
"std": 0.36689986173356803,
"std_diff": 0.5554496214448374
},
"rotation_rate": {
"max": 0.14928096532821655,
"max_diff": 0.15987179148942232,
"mean": 0.0015300313018788234,
"mean_diff": 0.0019072556668073193,
"min": -0.1281881183385849,
"min_diff": -0.15047436277382076,
"std": 0.018403507280011132,
"std_diff": 0.029684177323961863
},
"utime": {
"max": 1533151384700682,
"max_diff": 40076.0,
"mean": 1533151375133378.0,
"mean_diff": 10084.022643496577,
"min": 1533151365551123,
"min_diff": 1514.0,
"std": 5538987.266462047,
"std_diff": 4608.73256900299
}
}
},
"POSE": {
"message_count": 950,
"message_freq": 49.637829334588176,
"timespan": 19.138629,
"var_stats": {
"accel": {
"max": 11.23202427861964,
"max_diff": 11.024166791216599,
"mean": 3.389080290232265,
"mean_diff": 4.797867616108099,
"min": -0.5665784357619624,
"min_diff": -0.5210347268957657,
"std": 4.5260657452715405,
"std_diff": 4.790608527135792
},
"orientation": {
"max": 0.9637336723755793,
"max_diff": 0.9637336723755793,
"mean": 0.3122574456922959,
"mean_diff": 0.22098526125773707,
"min": 0.0,
"min_diff": -0.3076147951788953,
"std": 0.39050645015123997,
"std_diff": 0.5333843338908474
},
"pos": {
"max": 1286.093315251313,
"max_diff": 318.65784743019265,
"mean": 760.8937667931192,
"mean_diff": -527.3484443486728,
"min": 0.0,
"min_diff": -1286.093315251313,
"std": 543.7329725336829,
"std_diff": 703.4419697844515
},
"rotation_rate": {
"max": 0.11876631528139114,
"max_diff": 0.13164985249750316,
"mean": 0.0015987117532787172,
"mean_diff": 0.0018841968818280388,
"min": -0.1281881183385849,
"min_diff": -0.13594399858266115,
"std": 0.01850207556362904,
"std_diff": 0.029752354074391724
},
"utime": {
"max": 1533151384704056,
"max_diff": 40725.0,
"mean": 1533151375127472.2,
"mean_diff": 20167.153846153848,
"min": 1533151365565427,
"min_diff": 14188.0,
"std": 5531141.144133843,
"std_diff": 1950.9904014128626
},
"vel": {
"max": 11.621964154785632,
"max_diff": 0.0,
"mean": 3.546248311295406,
"mean_diff": -5.3193724669431095,
"min": 0.0,
"min_diff": -11.621964154785632,
"std": 5.0234792108540205,
"std_diff": 5.331145023238409
}
}
},
"SteerAngleFeedback": {
"message_count": 1870,
"message_freq": 97.63911746769034,
"timespan": 19.15216,
"var_stats": {
"utime": {
"max": 1533151384706146,
"max_diff": 31258.0,
"mean": 1533151375131630.5,
"mean_diff": 10247.276618512573,
"min": 1533151365553986,
"min_diff": 2783.0,
"std": 5551812.896402467,
"std_diff": 1863.4557861909161
},
"value": {
"max": 0.10130107212763867,
"max_diff": 0.003490658503993438,
"mean": 0.01499874060669895,
"mean_diff": -1.8676610508215464e-06,
"min": -0.041815926535893166,
"min_diff": -0.0034906585039934206,
"std": 0.02586879522552912,
"std_diff": 0.0009855872281822307
}
}
},
"VEHICLE_MONITOR": {
"message_count": 39,
"message_freq": 2.0527196298156998,
"timespan": 18.999185,
"var_stats": {
"available_distance": {
"max": 70,
"max_diff": 0.0,
"mean": 70.0,
"mean_diff": 0.0,
"min": 70,
"min_diff": 0.0,
"std": 0.0,
"std_diff": 0.0
},
"battery_level": {
"max": 81,
"max_diff": 0.0,
"mean": 81.0,
"mean_diff": 0.0,
"min": 81,
"min_diff": 0.0,
"std": 0.0,
"std_diff": 0.0
},
"brake": {
"max": 0,
"max_diff": 0.0,
"mean": 0.0,
"mean_diff": 0.0,
"min": 0,
"min_diff": 0.0,
"std": 0.0,
"std_diff": 0.0
},
"brake_switch": {
"max": 1,
"max_diff": 0.0,
"mean": 1.0,
"mean_diff": 0.0,
"min": 1,
"min_diff": 0.0,
"std": 0.0,
"std_diff": 0.0
},
"gear_position": {
"max": 7,
"max_diff": 0.0,
"mean": 7.0,
"mean_diff": 0.0,
"min": 7,
"min_diff": 0.0,
"std": 0.0,
"std_diff": 0.0
},
"left_signal": {
"max": 0,
"max_diff": 0.0,
"mean": 0.0,
"mean_diff": 0.0,
"min": 0,
"min_diff": 0.0,
"std": 0.0,
"std_diff": 0.0
},
"rear_left_rpm": {
"max": 365.1669,
"max_diff": 7.46429999999998,
"mean": 336.20143846153854,
"mean_diff": 0.602455263157895,
"min": 312.8334,
"min_diff": -10.258199999999988,
"std": 16.02878764250499,
"std_diff": 4.991865743950875
},
"rear_right_rpm": {
"max": 373.1316,
"max_diff": 6.755400000000009,
"mean": 342.8296,
"mean_diff": 0.595871052631579,
"min": 321.0066,
"min_diff": -10.508399999999995,
"std": 16.066858975878546,
"std_diff": 4.8324004908156875
},
"right_signal": {
"max": 0,
"max_diff": 0.0,
"mean": 0.0,
"mean_diff": 0.0,
"min": 0,
"min_diff": 0.0,
"std": 0.0,
"std_diff": 0.0
},
"steering": {
"max": 5.400000000000091,
"max_diff": 3.0,
"mean": 1.4461538461540233,
"mean_diff": -0.005263157894732055,
"min": -1.699999999999818,
"min_diff": -1.7999999999997272,
"std": 1.4956082981381085,
"std_diff": 1.0414937067857037
},
"steering_speed": {
"max": 17.900000000000272,
"max_diff": 17.90000000000009,
"mean": 0.3384615384617383,
"mean_diff": 0.0,
"min": -11.999999999999819,
"min_diff": -21.90000000000009,
"std": 4.097567470048275,
"std_diff": 6.139861133351672
},
"throttle": {
"max": 265,
"max_diff": 115.0,
"mean": 157.43589743589743,
"mean_diff": -6.973684210526316,
"min": 0,
"min_diff": -216.0,
"std": 94.44895375397363,
"std_diff": 58.26278348189495
},
"utime": {
"max": 1533151384905380,
"max_diff": 500755.0,
"mean": 1533151375405663.2,
"mean_diff": 499978.55263157893,
"min": 1533151365906195,
"min_diff": 499173.0,
"std": 5627152.979419659,
"std_diff": 376.95669843242575
},
"vehicle_speed": {
"max": 41.86,
"max_diff": 0.7899999999999991,
"mean": 38.35923076923077,
"mean_diff": 0.06763157894736843,
"min": 35.980000000000004,
"min_diff": -1.2399999999999949,
"std": 1.8011526005131562,
"std_diff": 0.5359714947768178
},
"yaw_rate": {
"max": 1.1000000000000227,
"max_diff": 1.0999999999999943,
"mean": 2.6964185869870467e-14,
"mean_diff": 0.0026315789473690195,
"min": -0.8999999999999773,
"min_diff": -0.4000000000000057,
"std": 0.30717905911532234,
"std_diff": 0.3149660316733134
}
}
},
"ZOE_VEH_INFO": {
"message_count": 1900,
"message_freq": 99.2222645570551,
"timespan": 19.148928,
"var_stats": {
"FL_wheel_speed": {
"max": 369.1701,
"max_diff": 9.591000000000008,
"mean": 336.9706987894737,
"mean_diff": 0.01587630331753556,
"min": 312.3747,
"min_diff": -15.387300000000039,
"std": 15.97688198300392,
"std_diff": 0.7680221240565696
},
"FR_wheel_speed": {
"max": 368.9199,
"max_diff": 7.7561999999999784,
"mean": 336.9778975263158,
"mean_diff": 0.015744549763033158,
"min": 312.6249,
"min_diff": -10.758600000000001,
"std": 15.958789685892098,
"std_diff": 0.6998685567221207
},
"RL_wheel_speed": {
"max": 367.2936,
"max_diff": 8.173200000000008,
"mean": 335.8267141578947,
"mean_diff": 0.014778357030015796,
"min": 312.3747,
"min_diff": -12.426600000000008,
"std": 16.010987964895744,
"std_diff": 0.7824236654452632
},
"RR_wheel_speed": {
"max": 375.9255,
"max_diff": 6.046500000000037,
"mean": 342.3997315263158,
"mean_diff": 0.016359399684044245,
"min": 315.9192,
"min_diff": -9.799500000000023,
"std": 16.31000444581374,
"std_diff": 0.6732148368350698
},
"left_solar": {
"max": 32,
"max_diff": 144.0,
"mean": -55.41894736842105,
"mean_diff": 0.07582938388625593,
"min": -112,
"min_diff": -144.0,
"std": 66.76601135739783,
"std_diff": 9.567065471833503
},
"longitudinal_accel": {
"max": 1.25,
"max_diff": 1.0,
"mean": 0.13678947368421124,
"mean_diff": -0.0005792522380200103,
"min": -0.75,
"min_diff": -1.799999999999999,
"std": 0.3429196743365587,
"std_diff": 0.10872753125078076
},
"meanEffTorque": {
"max": 42.0,
"max_diff": 4.0,
"mean": 15.717631578947369,
"mean_diff": -0.03712480252764613,
"min": -30.0,
"min_diff": -2.0,
"std": 20.922032699652263,
"std_diff": 0.36546024523710235
},
"odom": {
"max": 124,
"max_diff": 0.0,
"mean": 124.0,