{
"MS_IMU": {
"message_count": 1979,
"message_freq": 99.89586398817201,
"timespan": 19.81063,
"var_stats": {
"linear_accel": {
"max": 11.158260345458984,
"max_diff": 12.18320083618164,
"mean": 2.9427523933784543,
"mean_diff": 5.066560290750209,
"min": -2.9366250038146973,
"min_diff": -2.9150902032852173,
"std": 4.8681692663586125,
"std_diff": 5.330743269085664
},
"q": {
"max": 0.47548526525497437,
"max_diff": 1.0098616760224104,
"mean": -0.16739258202385002,
"mean_diff": 0.4071717196879696,
"min": -0.9999587535858154,
"min_diff": -0.2102924743667245,
"std": 0.4711472596816781,
"std_diff": 0.41730567073783625
},
"rotation_rate": {
"max": 0.0726063922047615,
"max_diff": 0.08696417883038521,
"mean": -0.023201421556974557,
"mean_diff": -0.0360164208758883,
"min": -0.4299684166908264,
"min_diff": -0.43718370981514454,
"std": 0.07664782956534992,
"std_diff": 0.09307350498940614
},
"utime": {
"max": 1542799441958369,
"max_diff": 25603.0,
"mean": 1542799432055138.0,
"mean_diff": 10015.485338725986,
"min": 1542799422147739,
"min_diff": 1914.0,
"std": 5722152.406237522,
"std_diff": 5512.869099280449
}
}
},
"POSE": {
"message_count": 989,
"message_freq": 49.951586356822716,
"timespan": 19.799171,
"var_stats": {
"accel": {
"max": 10.269265638108173,
"max_diff": 11.856137812057016,
"mean": 2.9397120507814645,
"mean_diff": 5.070581058870202,
"min": -2.6428217538394385,
"min_diff": -2.7775766598705913,
"std": 4.867006363842313,
"std_diff": 5.321957637090602
},
"orientation": {
"max": 0.9592039961960845,
"max_diff": 0.8447043352637572,
"mean": 0.33341927863631377,
"mean_diff": -0.13210734769135168,
"min": 0.0,
"min_diff": -0.9592039961960845,
"std": 0.37260110659207674,
"std_diff": 0.5620329011893251
},
"pos": {
"max": 2560.2607128421128,
"max_diff": 363.60850935404505,
"mean": 1568.4502430888365,
"mean_diff": -1088.8886726502135,
"min": 0.0,
"min_diff": -2560.2607128421128,
"std": 1118.3972253446848,
"std_diff": 1438.8719478589553
},
"rotation_rate": {
"max": 0.0726063922047615,
"max_diff": 0.08079840801656246,
"mean": -0.023110110030321516,
"mean_diff": -0.035905342067240276,
"min": -0.4299684166908264,
"min_diff": -0.43718370981514454,
"std": 0.07653328264168423,
"std_diff": 0.09294666513245925
},
"utime": {
"max": 1542799441961819,
"max_diff": 39872.0,
"mean": 1542799432064957.5,
"mean_diff": 20039.646761133605,
"min": 1542799422162648,
"min_diff": 13779.0,
"std": 5715618.843091119,
"std_diff": 1029.4281880991373
},
"vel": {
"max": 8.797097417113706,
"max_diff": 0.0,
"mean": 1.6814299136211548,
"mean_diff": -2.5221448704317324,
"min": 0.0,
"min_diff": -8.797097417113706,
"std": 2.8673294259472635,
"std_diff": 3.1956160813745385
}
}
},
"SteerAngleFeedback": {
"message_count": 1962,
"message_freq": 99.06589245140117,
"timespan": 19.805,
"var_stats": {
"utime": {
"max": 1542799441956269,
"max_diff": 20871.0,
"mean": 1542799432052690.5,
"mean_diff": 10099.439061703213,
"min": 1542799422151269,
"min_diff": 7180.0,
"std": 5728853.23007703,
"std_diff": 1122.0259220690662
},
"value": {
"max": 0.20943951023931956,
"max_diff": 0.06108652381980151,
"mean": -0.5531510605526809,
"mean_diff": 0.0007743174141943229,
"min": -4.077089132658752,
"min_diff": -0.0663225115757875,
"std": 1.0520100304554165,
"std_diff": 0.010589541635244426
}
}
},
"VEHICLE_MONITOR": {
"message_count": 40,
"message_freq": 2.0513157138988944,
"timespan": 19.49968,
"var_stats": null
},
"ZOE_VEH_INFO": {
"message_count": 1972,
"message_freq": 99.54355343429297,
"timespan": 19.810424,
"var_stats": {
"FL_wheel_speed": {
"max": 278.973,
"max_diff": 3.752999999999986,
"mean": 160.2981622210953,
"mean_diff": -0.07715875190258753,
"min": 0.0,
"min_diff": -4.253399999999999,
"std": 88.65433899176826,
"std_diff": 0.5905529084206629
},
"FR_wheel_speed": {
"max": 278.7228,
"max_diff": 4.170000000000016,
"mean": 156.78992768762677,
"mean_diff": -0.07326590563165906,
"min": 0.0,
"min_diff": -3.7112999999999943,
"std": 88.4905507101859,
"std_diff": 0.6145346582613489
},
"RL_wheel_speed": {
"max": 279.1815,
"max_diff": 9.090599999999995,
"mean": 159.38289797160243,
"mean_diff": -0.07682024353120244,
"min": 0.0,
"min_diff": -10.049700000000001,
"std": 88.46871445892728,
"std_diff": 0.7266079093172859
},
"RR_wheel_speed": {
"max": 278.7228,
"max_diff": 9.549300000000017,
"mean": 156.03471784989858,
"mean_diff": -0.07303318112633181,
"min": 0.0,
"min_diff": -7.255799999999994,
"std": 88.52574004271854,
"std_diff": 0.7466888440899321
},
"left_solar": {
"max": 0,
"max_diff": 0.0,
"mean": 0.0,
"mean_diff": 0.0,
"min": 0,
"min_diff": 0.0,
"std": 0.0,
"std_diff": 0.0
},
"longitudinal_accel": {
"max": 1.25,
"max_diff": 0.8000000000000007,
"mean": -0.32654665314401565,
"mean_diff": 0.0009639776763064437,
"min": -2.75,
"min_diff": -0.5999999999999996,
"std": 0.9523518403102651,
"std_diff": 0.07684206143835484
},
"meanEffTorque": {
"max": 69.0,
"max_diff": 4.5,
"mean": -2.844574036511156,
"mean_diff": 0.053779807204464736,
"min": -93.5,
"min_diff": -2.5,
"std": 47.073801148139495,
"std_diff": 0.505825696188489
},
"odom": {
"max": 124,
"max_diff": 84.0,
"mean": 71.36713995943205,
"mean_diff": 0.008117706747843734,
"min": 0,
"min_diff": -100.0,
"std": 35.76831429689788,
"std_diff": 15.890541847314847
},
"odom_speed": {
"max": 31.0,
"max_diff": 1.0,
"mean": 17.75912778904665,
"mean_diff": -0.008625063419583967,
"min": 0.0,
"min_diff": -1.0,
"std": 9.880487298687855,
"std_diff": 0.1606262697685533
},
"pedal_cc": {
"max": 311.0,
"max_diff": 45.0,
"mean": 91.3078093306288,
"mean_diff": 0.0,
"min": 0.0,
"min_diff": -22.0,
"std": 121.02047954976264,
"std_diff": 2.06834026603788
},
"regen": {
"max": 57.0,
"max_diff": 1.0,
"mean": 21.473630831643003,
"mean_diff": -0.028411973617453068,
"min": 0.0,
"min_diff": -9.0,
"std": 25.415708324110312,
"std_diff": 0.4404744279789813
},
"requestedTorqueAfterProc": {
"max": -272.5,
"max_diff": 122.0,
"mean": -323.55045638945234,
"mean_diff": -0.03221714865550482,
"min": -398.5,
"min_diff": -126.0,
"std": 39.73728845948344,
"std_diff": 4.762880967932459
},
"right_solar": {
"max": 0,
"max_diff": 0.0,
"mean": 0.0,
"mean_diff": 0.0,
"min": 0,
"min_diff": 0.0,
"std": 0.0,
"std_diff": 0.0
},
"steer_corrected": {
"max": 12.0,
"max_diff": 2.799999999999727,
"mean": -31.43017241379293,
"mean_diff": 0.043784880771182234,
"min": -233.5999999999999,
"min_diff": -2.5,
"std": 59.97096861349549,
"std_diff": 0.6331496027615763
},
"steer_offset_can": {
"max": -13.300000000000182,
"max_diff": 0.0,
"mean": -13.300000000000182,
"mean_diff": 0.0,
"min": -13.300000000000182,
"min_diff": 0.0,
"std": 0.0,
"std_diff": 0.0
},
"steer_raw": {
"max": -1.300000000000182,
"max_diff": 2.799999999999727,
"mean": -44.73017241379311,
"mean_diff": 0.043784880771182234,
"min": -246.9000000000001,
"min_diff": -2.5,
"std": 59.97096861349549,
"std_diff": 0.6331496027615763
},
"transversal_accel": {
"max": -0.4720000000000084,
"max_diff": 0.040000000000020464,
"mean": -0.5580628803245424,
"mean_diff": 4.8706240487064254e-05,
"min": -0.7479999999999905,
"min_diff": -0.036000000000001364,
"std": 0.06677530441211356,
"std_diff": 0.006405038454665896
},
"utime": {
"max": 1542799441958702,
"max_diff": 24431.0,
"mean": 1542799432066499.8,
"mean_diff": 10050.950786402842,
"min": 1542799422148278,
"min_diff": 2.0,
"std": 5713429.058512052,
"std_diff": 1678.8203799698379
}
}
},
"ZoeSensors": {
"message_count": 19058,
"message_freq": 962.4881140949915,
"timespan": 19.800764,
"var_stats": {
"brake_sensor": {
"max": 0.4034864008426666,
"max_diff": 0.0009611696004867554,
"mean": 0.2702649569394756,
"mean_diff": -7.489218681576858e-06,
"min": 0.18950548768043518,
"min_diff": -0.0018606781959533691,
"std": 0.07871691600584906,
"std_diff": 0.0001108557760338692
},
"steering_sensor": {
"max": 0.19149237871170044,
"max_diff": 0.00038993358612060547,
"mean": 0.18879200444008573,
"mean_diff": -4.546977092844808e-08,
"min": 0.18737249076366425,
"min_diff": -0.0006105005741119385,
"std": 0.0006507634023400368,
"std_diff": 6.937935885511533e-05
},