{
"MS_IMU": {
"message_count": 1942,
"message_freq": 99.58706750649368,
"timespan": 19.500524,
"var_stats": {
"linear_accel": {
"max": 11.595562934875488,
"max_diff": 11.453331261873245,
"mean": 3.4021999119986712,
"mean_diff": 4.762990731637018,
"min": -1.6236355304718018,
"min_diff": -1.4746686518192291,
"std": 4.5264064267941135,
"std_diff": 4.880036608188031
},
"q": {
"max": 0.005229515954852104,
"max_diff": 0.7757543108891696,
"mean": -0.35562197406561563,
"mean_diff": 0.021262413789184077,
"min": -0.7788128852844238,
"min_diff": -0.6976404634770006,
"std": 0.35147265841839076,
"std_diff": 0.572701240797506
},
"rotation_rate": {
"max": 0.06086768954992294,
"max_diff": 0.10239698737859726,
"mean": 0.0012601514931842414,
"mean_diff": 0.0014062181319436215,
"min": -0.08026304841041565,
"min_diff": -0.08507649786770344,
"std": 0.018458543751772343,
"std_diff": 0.02442601951572009
},
"utime": {
"max": 1533112807701034,
"max_diff": 32993.0,
"mean": 1533112797962579.8,
"mean_diff": 10046.63781555899,
"min": 1533112788200510,
"min_diff": 2933.0,
"std": 5631228.005690067,
"std_diff": 4762.37666836292
}
}
},
"POSE": {
"message_count": 971,
"message_freq": 49.79675130302354,
"timespan": 19.499264,
"var_stats": {
"accel": {
"max": 10.54647240087253,
"max_diff": 10.322803172610934,
"mean": 3.4003313893738385,
"mean_diff": 4.765310535956001,
"min": -1.7471172338183347,
"min_diff": -1.1675792426071605,
"std": 4.525960294128356,
"std_diff": 4.8759266895007665
},
"orientation": {
"max": 0.9999999997982684,
"max_diff": 0.9999999997982684,
"mean": 0.2230122466704175,
"mean_diff": 0.27248787903105864,
"min": -0.9999999975956939,
"min_diff": -0.9999999975956939,
"std": 0.4475103773489648,
"std_diff": 0.5090026415594407
},
"pos": {
"max": 918.7385746727537,
"max_diff": 734.5237754876466,
"mean": 383.75934907606023,
"mean_diff": -117.86015777022176,
"min": 0.0,
"min_diff": -918.7385746727537,
"std": 388.4577101644312,
"std_diff": 797.9597159108171
},
"rotation_rate": {
"max": 0.059154193848371506,
"max_diff": 0.10239698737859726,
"mean": 0.0012192298315972688,
"mean_diff": 0.0013846269948844397,
"min": -0.08010516315698624,
"min_diff": -0.08476833114400506,
"std": 0.018466678699896676,
"std_diff": 0.02446247321450751
},
"utime": {
"max": 1533112807703541,
"max_diff": 41052.0,
"mean": 1533112797923421.0,
"mean_diff": 20102.334020618557,
"min": 1533112788204277,
"min_diff": 15786.0,
"std": 5628974.771043836,
"std_diff": 1562.1969646851398
},
"vel": {
"max": 6.005457789806001,
"max_diff": 0.0,
"mean": 1.3957733476746659,
"mean_diff": -2.0936600215119983,
"min": 0.0,
"min_diff": -6.005457789806001,
"std": 2.245247262440778,
"std_diff": 2.4699322815995393
}
}
},
"SteerAngleFeedback": {
"message_count": 1891,
"message_freq": 96.8081517890387,
"timespan": 19.533479,
"var_stats": {
"utime": {
"max": 1533112807734034,
"max_diff": 40289.0,
"mean": 1533112797975300.5,
"mean_diff": 10335.174074074073,
"min": 1533112788200555,
"min_diff": 158.0,
"std": 5624356.713293916,
"std_diff": 2147.896562263879
},
"value": {
"max": 0.3979350694547103,
"max_diff": 0.031415926535901084,
"mean": 0.03007024168692701,
"mean_diff": 0.0004017027643479013,
"min": -0.7120943348136817,
"min_diff": -0.027925268031907646,
"std": 0.30663920788426996,
"std_diff": 0.004111601763190325
}
}
},
"VEHICLE_MONITOR": {
"message_count": 40,
"message_freq": 2.051281946088105,
"timespan": 19.500001,
"var_stats": {
"available_distance": {
"max": 94,
"max_diff": 0.0,
"mean": 94.0,
"mean_diff": 0.0,
"min": 94,
"min_diff": 0.0,
"std": 0.0,
"std_diff": 0.0
},
"battery_level": {
"max": 62,
"max_diff": 0.0,
"mean": 62.0,
"mean_diff": 0.0,
"min": 62,
"min_diff": 0.0,
"std": 0.0,
"std_diff": 0.0
},
"brake": {
"max": 8,
"max_diff": 0.0,
"mean": 0.2,
"mean_diff": -0.20512820512820512,
"min": 0,
"min_diff": -8.0,
"std": 1.2489995996796797,
"std_diff": 1.2644951800962005
},
"brake_switch": {
"max": 4,
"max_diff": 0.0,
"mean": 1.075,
"mean_diff": -0.07692307692307693,
"min": 1,
"min_diff": -3.0,
"std": 0.4683748498798799,
"std_diff": 0.4741856925360751
},
"gear_position": {
"max": 7,
"max_diff": 0.0,
"mean": 7.0,
"mean_diff": 0.0,
"min": 7,
"min_diff": 0.0,
"std": 0.0,
"std_diff": 0.0
},
"left_signal": {
"max": 0,
"max_diff": 0.0,
"mean": 0.0,
"mean_diff": 0.0,
"min": 0,
"min_diff": 0.0,
"std": 0.0,
"std_diff": 0.0
},
"rear_left_rpm": {
"max": 189.2763,
"max_diff": 16.805100000000003,
"mean": 133.9810575,
"mean_diff": 3.8513692307692304,
"min": 9.3825,
"min_diff": -9.340800000000002,
"std": 57.22390698473798,
"std_diff": 6.49273760483258
},
"rear_right_rpm": {
"max": 188.8176,
"max_diff": 17.055300000000003,
"mean": 134.1332625,
"mean_diff": 3.875961538461539,
"min": 8.8821,
"min_diff": -9.340799999999998,
"std": 57.5863953032645,
"std_diff": 6.457333106278766
},
"right_signal": {
"max": 1,
"max_diff": 1.0,
"mean": 0.075,
"mean_diff": 0.02564102564102564,
"min": 0,
"min_diff": -1.0,
"std": 0.26339134382131846,
"std_diff": 0.27616229780176943
},
"steering": {
"max": 22.800000000000182,
"max_diff": 32.0,
"mean": 1.9150000000001228,
"mean_diff": 1.135897435897429,
"min": -40.79999999999973,
"min_diff": -15.099999999999909,
"std": 17.1183899651807,
"std_diff": 9.491385761931085
},
"steering_speed": {
"max": 79.60000000000055,
"max_diff": 63.70000000000027,
"mean": 2.1575000000002555,
"mean_diff": 0.1512820512820536,
"min": -49.89999999999945,
"min_diff": -87.69999999999982,
"std": 22.559187568483075,
"std_diff": 26.974260017367474
},
"throttle": {
"max": 171,
"max_diff": 115.0,
"mean": 81.85,
"mean_diff": 0.0,
"min": 0,
"min_diff": -87.0,
"std": 55.54662455991363,
"std_diff": 35.159708875431946
},
"utime": {
"max": 1533112808023690,
"max_diff": 504231.0,
"mean": 1533112798273522.2,
"mean_diff": 500000.0256410256,
"min": 1533112788523689,
"min_diff": 495738.0,
"std": 5771980.986950967,
"std_diff": 1065.5287958225967
},
"vehicle_speed": {
"max": 21.55,
"max_diff": 1.9100000000000001,
"mean": 15.288749999999999,
"mean_diff": 0.4315384615384616,
"min": 0.98,
"min_diff": -1.32,
"std": 6.577552047494569,
"std_diff": 0.7481517001714478
},
"yaw_rate": {
"max": 2.1000000000000227,
"max_diff": 2.1999999999999886,
"mean": -0.03999999999997641,
"mean_diff": 0.015384615384615968,
"min": -4.399999999999977,
"min_diff": -2.4000000000000057,
"std": 1.4266744548074028,
"std_diff": 0.8583043694008247
}
}
},
"ZOE_VEH_INFO": {
"message_count": 1942,
"message_freq": 99.58776204863206,
"timespan": 19.500388,
"var_stats": {
"FL_wheel_speed": {
"max": 195.7815,
"max_diff": 11.675999999999988,
"mean": 133.06208032955715,
"mean_diff": 0.07126166924265842,
"min": 8.4234,
"min_diff": -7.464300000000009,
"std": 58.09998134969624,
"std_diff": 0.7066301667963093
},
"FR_wheel_speed": {
"max": 191.3613,
"max_diff": 5.629500000000007,
"mean": 132.90419150360452,
"mean_diff": 0.0713690880989181,
"min": 8.1732,
"min_diff": -4.2117000000000075,
"std": 58.320428230033826,
"std_diff": 0.48999613710391343
},
"RL_wheel_speed": {
"max": 193.4463,
"max_diff": 7.005600000000015,
"mean": 132.56161591143152,
"mean_diff": 0.07139057187017,
"min": 8.1732,
"min_diff": -8.381700000000023,
"std": 58.00486743558956,
"std_diff": 0.5798319743191083
},
"RR_wheel_speed": {
"max": 194.40540000000001,
"max_diff": 10.049700000000001,
"mean": 132.68641529351186,
"mean_diff": 0.07255069551777434,
"min": 7.964700000000001,
"min_diff": -8.882100000000008,
"std": 58.34770119649008,
"std_diff": 0.6324002039984576
},
"left_solar": {
"max": 0,
"max_diff": 0.0,
"mean": 0.0,
"mean_diff": 0.0,
"min": 0,
"min_diff": 0.0,
"std": 0.0,
"std_diff": 0.0
},
"longitudinal_accel": {
"max": 1.4000000000000004,
"max_diff": 0.5999999999999996,
"mean": 0.3168898043254384,
"mean_diff": 0.0006182380216383313,
"min": -1.6500000000000004,
"min_diff": -1.1500000000000004,
"std": 0.48339897572426616,
"std_diff": 0.07612883313573082
},
"meanEffTorque": {
"max": 82.0,
"max_diff": 2.0,
"mean": 25.11457260556128,
"mean_diff": -0.009015971148892323,
"min": -19.0,
"min_diff": -2.5,
"std": 25.474207565279045,