{
"MS_IMU": {
"message_count": 1983,
"message_freq": 99.899073220731,
"timespan": 19.850034,
"var_stats": {
"linear_accel": {
"max": 12.035199165344238,
"max_diff": 13.066938638687134,
"mean": 3.009056652926526,
"mean_diff": 5.127780544847192,
"min": -2.5676372051239014,
"min_diff": -2.1441413164138794,
"std": 4.7950995794933196,
"std_diff": 4.899066497021905
},
"q": {
"max": 0.8937702775001526,
"max_diff": 0.9163721445947886,
"mean": 0.0855831717248532,
"mean_diff": 0.4548658756503219,
"min": -0.5755670070648193,
"min_diff": -0.03287495858967304,
"std": 0.49262108974420993,
"std_diff": 0.36512532643463314
},
"rotation_rate": {
"max": 0.1842353343963623,
"max_diff": 0.28064852952957153,
"mean": 0.0021089754364450194,
"mean_diff": 0.0025338628101932584,
"min": -0.1502712517976761,
"min_diff": -0.1729893684387207,
"std": 0.035138745010892314,
"std_diff": 0.05233955778677763
},
"utime": {
"max": 1538985500151219,
"max_diff": 22006.0,
"mean": 1538985490229543.0,
"mean_diff": 10015.153380423815,
"min": 1538985480301185,
"min_diff": 2973.0,
"std": 5729894.320949562,
"std_diff": 4307.630178119893
}
}
},
"POSE": {
"message_count": 990,
"message_freq": 49.89890683087809,
"timespan": 19.840114,
"var_stats": {
"accel": {
"max": 10.844503260389434,
"max_diff": 11.561003851631225,
"mean": 3.008647959291227,
"mean_diff": 5.12804713427613,
"min": -1.5887341900616505,
"min_diff": -1.8835945599171902,
"std": 4.789975411168665,
"std_diff": 4.895145504152075
},
"orientation": {
"max": 0.9860957864838389,
"max_diff": 0.0,
"mean": 0.1782710503377273,
"mean_diff": -0.4061526042827755,
"min": -0.3128325127370598,
"min_diff": -0.9860957864838389,
"std": 0.46713962860314423,
"std_diff": 0.4103332735322015
},
"pos": {
"max": 1628.6413063249433,
"max_diff": 335.578030087838,
"mean": 982.0561348062681,
"mean_diff": -682.0334451679672,
"min": 0.0,
"min_diff": -1628.6413063249433,
"std": 700.4869293639572,
"std_diff": 901.061964393182
},
"rotation_rate": {
"max": 0.1842353343963623,
"max_diff": 0.28064852952957153,
"mean": 0.0021061676337484968,
"mean_diff": 0.0025105464018464673,
"min": -0.1502712517976761,
"min_diff": -0.1708994284272194,
"std": 0.03516110573471465,
"std_diff": 0.052392398604676316
},
"utime": {
"max": 1538985500149867,
"max_diff": 40233.0,
"mean": 1538985490227453.8,
"mean_diff": 20060.782608695652,
"min": 1538985480309753,
"min_diff": 16209.0,
"std": 5728763.479723588,
"std_diff": 1247.8899676436508
},
"vel": {
"max": 10.893575492249855,
"max_diff": 0.0,
"mean": 2.3659576951081513,
"mean_diff": -3.548936542662227,
"min": 0.0,
"min_diff": -10.893575492249855,
"std": 3.653952617519849,
"std_diff": 3.9785346216087056
}
}
},
"SteerAngleFeedback": {
"message_count": 1971,
"message_freq": 99.32125937542801,
"timespan": 19.844694,
"var_stats": {
"utime": {
"max": 1538985500152341,
"max_diff": 20823.0,
"mean": 1538985490204873.0,
"mean_diff": 10073.448730964466,
"min": 1538985480307647,
"min_diff": 6778.0,
"std": 5728515.74865081,
"std_diff": 1021.4255648001589
},
"value": {
"max": 0.703367688553718,
"max_diff": 0.02094395102392882,
"mean": 0.08586736558391492,
"mean_diff": 0.00010542851826767856,
"min": -0.41015237421866746,
"min_diff": -0.01221730476396507,
"std": 0.2528131263678021,
"std_diff": 0.0029273195700300837
}
}
},
"VEHICLE_MONITOR": {
"message_count": 41,
"message_freq": 2.050038335716878,
"timespan": 19.999626,
"var_stats": null
},
"ZOE_VEH_INFO": {
"message_count": 1981,
"message_freq": 99.80376795749902,
"timespan": 19.84895,
"var_stats": {
"FL_wheel_speed": {
"max": 348.3618,
"max_diff": 5.379300000000001,
"mean": 223.5515318525997,
"mean_diff": -0.08874939393939393,
"min": 121.9725,
"min_diff": -5.379300000000001,
"std": 81.33240997175419,
"std_diff": 0.763057758794975
},
"FR_wheel_speed": {
"max": 345.3177,
"max_diff": 8.173200000000008,
"mean": 223.46585845532556,
"mean_diff": -0.08698030303030303,
"min": 122.6814,
"min_diff": -6.546899999999994,
"std": 80.19364563415208,
"std_diff": 0.7619947014688319
},
"RL_wheel_speed": {
"max": 346.7355,
"max_diff": 9.340800000000002,
"mean": 222.94758702675415,
"mean_diff": -0.08849666666666668,
"min": 121.9725,
"min_diff": -6.546899999999994,
"std": 81.14639042194354,
"std_diff": 0.7895531598705798
},
"RR_wheel_speed": {
"max": 344.859,
"max_diff": 12.38489999999996,
"mean": 223.10704058556283,
"mean_diff": -0.08754893939393942,
"min": 123.5988,
"min_diff": -9.54929999999996,
"std": 80.02080963824991,
"std_diff": 0.8458609182269403
},
"left_solar": {
"max": 0,
"max_diff": 0.0,
"mean": 0.0,
"mean_diff": 0.0,
"min": 0,
"min_diff": 0.0,
"std": 0.0,
"std_diff": 0.0
},
"longitudinal_accel": {
"max": 0.75,
"max_diff": 1.0500000000000007,
"mean": -0.40275113579000443,
"mean_diff": -0.00030303030303030287,
"min": -1.4499999999999993,
"min_diff": -1.0,
"std": 0.5363361723845874,
"std_diff": 0.10155313626750666
},
"meanEffTorque": {
"max": 30.5,
"max_diff": 2.0,
"mean": -19.323573952549218,
"mean_diff": -0.017424242424242425,
"min": -69.0,
"min_diff": -2.5,
"std": 29.372811133256768,
"std_diff": 0.3744685551635067
},
"odom": {
"max": 124,
"max_diff": 80.0,
"mean": 84.85411408379606,
"mean_diff": -0.05656565656565657,
"min": 0,
"min_diff": -80.0,
"std": 40.46361088235547,
"std_diff": 14.934633071252938
},
"odom_speed": {
"max": 39.0,
"max_diff": 1.0,
"mean": 25.100959111559817,
"mean_diff": -0.009595959595959595,
"min": 14.0,
"min_diff": -1.0,
"std": 9.159195779568446,
"std_diff": 0.13260725936463805
},
"pedal_cc": {
"max": 205.0,
"max_diff": 19.0,
"mean": 46.60878344270571,
"mean_diff": -0.0696969696969697,
"min": 0.0,
"min_diff": -39.0,
"std": 68.26095298009454,
"std_diff": 2.1180300808355272
},
"regen": {
"max": 61.0,
"max_diff": 1.0,
"mean": 32.55073195355881,
"mean_diff": 0.005555555555555556,
"min": 0.0,
"min_diff": -4.0,
"std": 25.37536626819725,
"std_diff": 0.43049119753602916
},
"requestedTorqueAfterProc": {
"max": -272.5,
"max_diff": 126.0,
"mean": -312.623170116103,
"mean_diff": -0.01818181818181818,
"min": -398.5,
"min_diff": -125.5,
"std": 42.30750835545245,
"std_diff": 6.8068164533479525
},
"right_solar": {
"max": 0,
"max_diff": 0.0,
"mean": 0.0,
"mean_diff": 0.0,
"min": 0,
"min_diff": 0.0,
"std": 0.0,
"std_diff": 0.0
},
"steer_corrected": {
"max": 40.30000000000018,
"max_diff": 1.0,
"mean": 4.95567895002542,
"mean_diff": 0.006060606060606061,
"min": -23.59999999999991,
"min_diff": -0.7000000000002728,
"std": 14.52750995484232,
"std_diff": 0.16610096833083263
},
"steer_offset_can": {
"max": -13.300000000000182,
"max_diff": 0.0,
"mean": -13.300000000000182,
"mean_diff": 0.0,
"min": -13.300000000000182,
"min_diff": 0.0,
"std": 0.0,
"std_diff": 0.0
},
"steer_raw": {
"max": 27.0,
"max_diff": 1.0,
"mean": -8.344321049974763,
"mean_diff": 0.006060606060606061,
"min": -36.90000000000009,
"min_diff": -0.7000000000002728,
"std": 14.52750995484232,
"std_diff": 0.16610096833083263
},
"transversal_accel": {
"max": -0.41200000000000614,
"max_diff": 0.05200000000002092,
"mean": -0.523967693084301,
"mean_diff": 5.8585858585865594e-05,
"min": -0.6519999999999868,
"min_diff": -0.0519999999999925,
"std": 0.047794771660301355,
"std_diff": 0.00787199370356066
},
"utime": {
"max": 1538985500148794,
"max_diff": 24782.0,
"mean": 1538985490226333.2,
"mean_diff": 10024.722222222223,
"min": 1538985480299844,
"min_diff": 3.0,
"std": 5735428.564798742,
"std_diff": 2171.5788688061884
}
}
},
"ZoeSensors": {
"message_count": 19077,
"message_freq": 961.1001551302404,
"timespan": 19.849128,
"var_stats": {
"brake_sensor": {
"max": 0.30523860454559326,
"max_diff": 0.0006346851587295532,
"mean": 0.224354433444409,
"mean_diff": 6.655372896392432e-10,
"min": 0.18189118802547455,
"min_diff": -0.0018963217735290527,
"std": 0.04898960321671902,
"std_diff": 8.58311637371803e-05
},
"steering_sensor": {
"max": 0.1899956613779068,
"max_diff": 0.0006183832883834839,
"mean": 0.1885415650667894,
"mean_diff": 5.368823699167275e-09,
"min": 0.18758517503738403,
"min_diff": -0.0007798522710800171,
"std": 0.0003425933351528514,