{
"MS_IMU": {
"message_count": 1943,
"message_freq": 99.64205272064599,
"timespan": 19.499799,
"var_stats": {
"linear_accel": {
"max": 12.237515449523926,
"max_diff": 12.55438894033432,
"mean": 3.427907983901218,
"mean_diff": 4.589516228429659,
"min": -1.8112722635269165,
"min_diff": -5.184104919433594,
"std": 4.523470960765983,
"std_diff": 5.347501196214002
},
"q": {
"max": 0.9927077293395996,
"max_diff": 0.028567687142640352,
"mean": 0.17708544008465693,
"mean_diff": -0.40009029448635686,
"min": -0.39531463384628296,
"min_diff": -1.0181996375322342,
"std": 0.4675903811515178,
"std_diff": 0.4236533860046803
},
"rotation_rate": {
"max": 0.15201027691364288,
"max_diff": 0.1974068060517311,
"mean": 0.0034903415967562496,
"mean_diff": 0.006948234886880859,
"min": -0.08586709201335907,
"min_diff": -0.12783905118703842,
"std": 0.04205846009835147,
"std_diff": 0.05582083165399968
},
"utime": {
"max": 1533113674700537,
"max_diff": 29977.0,
"mean": 1533113664953351.5,
"mean_diff": 10041.09114315139,
"min": 1533113655200738,
"min_diff": 2926.0,
"std": 5629797.54197207,
"std_diff": 4760.790879635745
}
}
},
"POSE": {
"message_count": 972,
"message_freq": 49.84797649267894,
"timespan": 19.499287,
"var_stats": {
"accel": {
"max": 10.395751491610413,
"max_diff": 10.84452894631159,
"mean": 3.42713852494859,
"mean_diff": 4.587492248407387,
"min": -0.8852933124175884,
"min_diff": -1.4900747888676222,
"std": 4.516977110415146,
"std_diff": 5.344246709139368
},
"orientation": {
"max": 0.9263035379479359,
"max_diff": 0.6246257315200417,
"mean": 0.34246048912067434,
"mean_diff": -0.10803987697290379,
"min": 0.0,
"min_diff": -0.9263035379479359,
"std": 0.3643086787207086,
"std_diff": 0.5671514068721095
},
"pos": {
"max": 1220.3357854616345,
"max_diff": -400.1915732989277,
"mean": 548.8589938917954,
"mean_diff": -592.1089845701542,
"min": 0.0,
"min_diff": -752.1791074743244,
"std": 488.075443958293,
"std_diff": 134.74745557424367
},
"rotation_rate": {
"max": 0.15198373794555664,
"max_diff": 0.19714102894067764,
"mean": 0.00342640327017164,
"mean_diff": 0.006985715440865391,
"min": -0.08586709201335907,
"min_diff": -0.12401645630598068,
"std": 0.04197091797174991,
"std_diff": 0.05575703165289635
},
"utime": {
"max": 1533113674705095,
"max_diff": 40489.0,
"mean": 1533113664955713.0,
"mean_diff": 20081.65499485067,
"min": 1533113655205808,
"min_diff": 16635.0,
"std": 5640095.113884312,
"std_diff": 1400.7049370671466
},
"vel": {
"max": 10.00958720090956,
"max_diff": 0.0,
"mean": 2.717035204326854,
"mean_diff": -4.075552806490282,
"min": 0.0,
"min_diff": -10.00958720090956,
"std": 3.9628430162894777,
"std_diff": 4.2449354449117145
}
}
},
"SteerAngleFeedback": {
"message_count": 1913,
"message_freq": 98.0841846353509,
"timespan": 19.503654,
"var_stats": {
"utime": {
"max": 1533113674700973,
"max_diff": 30125.0,
"mean": 1533113664936717.0,
"mean_diff": 10200.655857740585,
"min": 1533113655197319,
"min_diff": 6674.0,
"std": 5637569.3888386395,
"std_diff": 1589.5409082279455
},
"value": {
"max": 0.9145525280450303,
"max_diff": 0.013962634015949882,
"mean": 0.13489397067178277,
"mean_diff": 0.00037334710463686314,
"min": -0.30368728984701493,
"min_diff": -0.013962634015957764,
"std": 0.3436955394026187,
"std_diff": 0.0028312784997344604
}
}
},
"VEHICLE_MONITOR": {
"message_count": 40,
"message_freq": 2.051309822861192,
"timespan": 19.499736,
"var_stats": {
"available_distance": {
"max": 92,
"max_diff": 1.0,
"mean": 91.425,
"mean_diff": -0.02564102564102564,
"min": 91,
"min_diff": -1.0,
"std": 0.49434299833212975,
"std_diff": 0.2761622978017694
},
"battery_level": {
"max": 59,
"max_diff": 0.0,
"mean": 59.0,
"mean_diff": 0.0,
"min": 59,
"min_diff": 0.0,
"std": 0.0,
"std_diff": 0.0
},
"brake": {
"max": 0,
"max_diff": 0.0,
"mean": 0.0,
"mean_diff": 0.0,
"min": 0,
"min_diff": 0.0,
"std": 0.0,
"std_diff": 0.0
},
"brake_switch": {
"max": 1,
"max_diff": 0.0,
"mean": 1.0,
"mean_diff": 0.0,
"min": 1,
"min_diff": 0.0,
"std": 0.0,
"std_diff": 0.0
},
"gear_position": {
"max": 7,
"max_diff": 0.0,
"mean": 7.0,
"mean_diff": 0.0,
"min": 7,
"min_diff": 0.0,
"std": 0.0,
"std_diff": 0.0
},
"left_signal": {
"max": 0,
"max_diff": 0.0,
"mean": 0.0,
"mean_diff": 0.0,
"min": 0,
"min_diff": 0.0,
"std": 0.0,
"std_diff": 0.0
},
"rear_left_rpm": {
"max": 316.5864,
"max_diff": 12.84360000000001,
"mean": 258.77977500000003,
"mean_diff": 4.121884615384616,
"min": 139.2363,
"min_diff": -5.420999999999992,
"std": 52.342755210987654,
"std_diff": 4.406576963837674
},
"rear_right_rpm": {
"max": 315.2103,
"max_diff": 13.302300000000002,
"mean": 259.6982175,
"mean_diff": 4.284407692307693,
"min": 138.7776,
"min_diff": -3.9198000000000093,
"std": 50.905969486431,
"std_diff": 4.051070574449624
},
"right_signal": {
"max": 0,
"max_diff": 0.0,
"mean": 0.0,
"mean_diff": 0.0,
"min": 0,
"min_diff": 0.0,
"std": 0.0,
"std_diff": 0.0
},
"steering": {
"max": 52.30000000000018,
"max_diff": 15.399999999999636,
"mean": 8.547500000000081,
"mean_diff": 1.0025641025641003,
"min": -17.299999999999727,
"min_diff": -19.199999999999818,
"std": 19.970953751636394,
"std_diff": 6.542738671444391
},
"steering_speed": {
"max": 33.80000000000037,
"max_diff": 15.900000000000095,
"mean": 4.505000000000223,
"mean_diff": 0.05128205128205137,
"min": -13.999999999999819,
"min_diff": -33.80000000000018,
"std": 10.598135449219404,
"std_diff": 9.202615898861922
},
"throttle": {
"max": 228,
"max_diff": 54.0,
"mean": 184.025,
"mean_diff": -2.58974358974359,
"min": 76,
"min_diff": -54.0,
"std": 38.05094446922441,
"std_diff": 15.554235879026896
},
"utime": {
"max": 1533113675017269,
"max_diff": 500699.0,
"mean": 1533113665267308.5,
"mean_diff": 499993.23076923075,
"min": 1533113655517533,
"min_diff": 498765.0,
"std": 5771605.268648875,
"std_diff": 417.162973843032
},
"vehicle_speed": {
"max": 35.99,
"max_diff": 1.4699999999999989,
"mean": 29.579999999999995,
"mean_diff": 0.48230769230769227,
"min": 15.8,
"min_diff": -0.509999999999998,
"std": 5.923687618367464,
"std_diff": 0.46113272764458074
},
"yaw_rate": {
"max": 8.400000000000034,
"max_diff": 3.3000000000000114,
"mean": 0.6725000000000236,
"mean_diff": 0.1897435897435899,
"min": -4.799999999999983,
"min_diff": -3.1000000000000227,
"std": 3.5651779408607362,
"std_diff": 1.2129207959841029
}
}
},
"ZOE_VEH_INFO": {
"message_count": 1946,
"message_freq": 99.79284011499868,
"timespan": 19.500397,
"var_stats": {
"FL_wheel_speed": {
"max": 318.7131,
"max_diff": 11.926199999999994,
"mean": 258.5023714285714,
"mean_diff": 0.08878133676092545,
"min": 131.3133,
"min_diff": -10.049700000000001,
"std": 53.38764178941506,
"std_diff": 0.8369729861984655
},
"FR_wheel_speed": {
"max": 316.83660000000003,
"max_diff": 19.59899999999999,
"mean": 258.71689285714285,
"mean_diff": 0.09152560411311056,
"min": 130.6044,
"min_diff": -10.71690000000001,
"std": 51.90353284705146,
"std_diff": 0.8958990465313557
},
"RL_wheel_speed": {
"max": 317.2953,
"max_diff": 14.761799999999994,
"mean": 257.0812714285714,
"mean_diff": 0.08878133676092546,
"min": 130.3542,
"min_diff": -12.176400000000001,
"std": 53.1516808174953,
"std_diff": 0.9931483543635746
},
"RR_wheel_speed": {
"max": 315.669,
"max_diff": 19.849199999999996,
"mean": 257.6764285714286,
"mean_diff": 0.09143984575835477,
"min": 129.6453,
"min_diff": -20.057699999999983,
"std": 51.636639232379345,
"std_diff": 1.092314492492891
},
"left_solar": {
"max": 0,
"max_diff": 0.0,
"mean": 0.0,
"mean_diff": 0.0,
"min": 0,
"min_diff": 0.0,
"std": 0.0,
"std_diff": 0.0
},
"longitudinal_accel": {
"max": 2.3500000000000014,
"max_diff": 2.1000000000000014,
"mean": 0.6734326824254889,
"mean_diff": -0.0003598971722365044,
"min": -0.049999999999998934,
"min_diff": -1.75,
"std": 0.22291222732307092,
"std_diff": 0.13519432471618403
},
"meanEffTorque": {
"max": 61.0,
"max_diff": 0.5,
"mean": 44.835303186022614,
"mean_diff": -0.02544987146529563,
"min": 10.0,
"min_diff": -1.0,
"std": 10.57892484660581,
"std_diff": 0.16349371875778057
},
"odom": {
"max": 124,
"max_diff": 88.0,
"mean": 92.31243576567317,