{
"MS_IMU": {
"message_count": 1974,
"message_freq": 99.81666903988298,
"timespan": 19.776256,
"var_stats": {
"linear_accel": {
"max": 11.542845726013184,
"max_diff": 11.897840440273285,
"mean": 3.3627884746995083,
"mean_diff": 4.780280389413487,
"min": -1.1539589166641235,
"min_diff": -2.646203935146332,
"std": 4.573369328117503,
"std_diff": 5.022018912791165
},
"q": {
"max": 0.01758832298219204,
"max_diff": 0.9153442936949432,
"mean": -0.33358071295285735,
"mean_diff": 0.1625253073883717,
"min": -0.9114223718643188,
"min_diff": -0.5123164001852274,
"std": 0.3724566083905661,
"std_diff": 0.550631188182039
},
"rotation_rate": {
"max": 0.16098752617835999,
"max_diff": 0.1630091043189168,
"mean": -0.0027607360995947497,
"mean_diff": -0.005767701122316995,
"min": -0.1837570071220398,
"min_diff": -0.19395913183689117,
"std": 0.02503653994633777,
"std_diff": 0.03417725862081053
},
"utime": {
"max": 1537296484196598,
"max_diff": 32964.0,
"mean": 1537296474298741.5,
"mean_diff": 10023.444500760264,
"min": 1537296464420342,
"min_diff": 1392.0,
"std": 5714858.769223299,
"std_diff": 5320.373110035733
}
}
},
"POSE": {
"message_count": 986,
"message_freq": 49.7998711870269,
"timespan": 19.799248,
"var_stats": {
"accel": {
"max": 10.763137940664325,
"max_diff": 10.928033127319429,
"mean": 3.3616476997846556,
"mean_diff": 4.777917840629499,
"min": -1.1354127879243163,
"min_diff": -2.250898207145663,
"std": 4.570368206463409,
"std_diff": 5.027260312976807
},
"orientation": {
"max": 0.9675034389312782,
"max_diff": 0.9675034389312782,
"mean": 0.3204381896480484,
"mean_diff": 0.1990675344011417,
"min": 0.0,
"min_diff": -0.3523644115418845,
"std": 0.38382205071501735,
"std_diff": 0.5419459844678098
},
"pos": {
"max": 812.8455140389326,
"max_diff": -39.573429717513704,
"mean": 440.23999788626344,
"mean_diff": -373.0880332961158,
"min": 0.0,
"min_diff": -635.9772298159853,
"std": 320.5834490584836,
"std_diff": 209.9060941728558
},
"rotation_rate": {
"max": 0.1543586105108261,
"max_diff": 0.15873372601345181,
"mean": -0.0028005833187095333,
"mean_diff": -0.0058075805752648615,
"min": -0.18500331044197083,
"min_diff": -0.19366739690303802,
"std": 0.025148272651192377,
"std_diff": 0.034361771727123194
},
"utime": {
"max": 1537296484200297,
"max_diff": 41152.0,
"mean": 1537296474304813.2,
"mean_diff": 20100.759390862942,
"min": 1537296464401049,
"min_diff": 14839.0,
"std": 5724747.4176940685,
"std_diff": 1538.7761456336664
},
"vel": {
"max": 9.663116756226877,
"max_diff": 0.0,
"mean": 2.989320412225848,
"mean_diff": -4.483980618338773,
"min": 0.0,
"min_diff": -9.663116756226877,
"std": 4.2659690290169054,
"std_diff": 4.538249688986335
}
}
},
"SteerAngleFeedback": {
"message_count": 1954,
"message_freq": 98.67304947645465,
"timespan": 19.802773,
"var_stats": {
"utime": {
"max": 1537296484209455,
"max_diff": 39837.0,
"mean": 1537296474282395.0,
"mean_diff": 10139.668714797746,
"min": 1537296464406682,
"min_diff": 6016.0,
"std": 5712718.941471033,
"std_diff": 1487.8333592146148
},
"value": {
"max": 0.04021454830783715,
"max_diff": 0.029670597283900424,
"mean": -0.06753764939652941,
"mean_diff": 0.0006604190052349262,
"min": -1.293217000215832,
"min_diff": -0.001745329252000681,
"std": 0.20583744425719044,
"std_diff": 0.0026946555689662125
}
}
},
"VEHICLE_MONITOR": {
"message_count": 41,
"message_freq": 2.0500820032801315,
"timespan": 19.9992,
"var_stats": null
},
"ZOE_VEH_INFO": {
"message_count": 1971,
"message_freq": 99.55358475487618,
"timespan": 19.798383,
"var_stats": {
"FL_wheel_speed": {
"max": 306.07800000000003,
"max_diff": 4.461900000000014,
"mean": 284.8438987823439,
"mean_diff": 0.06701634517766496,
"min": 171.2619,
"min_diff": -3.0441000000000145,
"std": 29.268158922735697,
"std_diff": 0.41623292522024774
},
"FR_wheel_speed": {
"max": 306.3282,
"max_diff": 2.5854000000000212,
"mean": 284.4693604261796,
"mean_diff": 0.0721177157360406,
"min": 162.1296,
"min_diff": -2.8355999999999995,
"std": 30.559128058744285,
"std_diff": 0.4439245598733434
},
"RL_wheel_speed": {
"max": 305.6193,
"max_diff": 3.2942999999999643,
"mean": 283.9745881278539,
"mean_diff": 0.06843456852791878,
"min": 169.6356,
"min_diff": -3.002400000000023,
"std": 29.415995173009005,
"std_diff": 0.4886528538664424
},
"RR_wheel_speed": {
"max": 311.916,
"max_diff": 4.420199999999994,
"mean": 288.9469375951294,
"mean_diff": 0.0738746192893401,
"min": 163.79760000000002,
"min_diff": -2.793900000000008,
"std": 31.364626322148464,
"std_diff": 0.472646366313465
},
"left_solar": {
"max": 0,
"max_diff": 0.0,
"mean": 0.0,
"mean_diff": 0.0,
"min": 0,
"min_diff": 0.0,
"std": 0.0,
"std_diff": 0.0
},
"longitudinal_accel": {
"max": 1.75,
"max_diff": 0.34999999999999964,
"mean": 0.2379756468797572,
"mean_diff": -0.0004060913705583751,
"min": -0.3999999999999986,
"min_diff": -0.40000000000000036,
"std": 0.4875049715918425,
"std_diff": 0.05376521211676923
},
"meanEffTorque": {
"max": 100.5,
"max_diff": 3.5,
"mean": 24.04363267376966,
"mean_diff": -0.024111675126903553,
"min": -8.5,
"min_diff": -1.0,
"std": 29.01406040984765,
"std_diff": 0.2764942747605573
},
"odom": {
"max": 124,
"max_diff": 84.0,
"mean": 114.47590055809233,
"mean_diff": 0.006091370558375634,
"min": 4,
"min_diff": -68.0,
"std": 26.31130810476593,
"std_diff": 7.203493473666368
},
"odom_speed": {
"max": 34.0,
"max_diff": 1.0,
"mean": 31.793505834601724,
"mean_diff": 0.008121827411167513,
"min": 18.0,
"min_diff": -1.0,
"std": 3.5397974295220895,
"std_diff": 0.10536388664935692
},
"pedal_cc": {
"max": 417.0,
"max_diff": 7.0,
"mean": 170.51445966514459,
"mean_diff": -0.083248730964467,
"min": 63.0,
"min_diff": -10.0,
"std": 92.10014936408425,
"std_diff": 1.2705862606478635
},
"regen": {
"max": 17.0,
"max_diff": 1.0,
"mean": 0.7656012176560122,
"mean_diff": 0.0,
"min": 0.0,
"min_diff": -7.0,
"std": 3.099050423504952,
"std_diff": 0.19641456209519112
},
"requestedTorqueAfterProc": {
"max": -282.5,
"max_diff": 2.0,
"mean": -359.71664129883305,
"mean_diff": -0.027411167512690356,
"min": -392.5,
"min_diff": -4.0,
"std": 29.09748912268459,
"std_diff": 0.5493511617914183
},
"right_solar": {
"max": 0,
"max_diff": 0.0,
"mean": 0.0,
"mean_diff": 0.0,
"min": 0,
"min_diff": 0.0,
"std": 0.0,
"std_diff": 0.0
},
"steer_corrected": {
"max": 2.304123893064035,
"max_diff": 2.0,
"mean": -3.8500617994777135,
"mean_diff": 0.03746192893401024,
"min": -74.09587610693606,
"min_diff": -0.1000000000003638,
"std": 11.71616403649697,
"std_diff": 0.1557286942588557
},
"steer_offset_can": {
"max": -12.300000000000182,
"max_diff": 0.0,
"mean": -12.300000000000182,
"mean_diff": 0.0,
"min": -12.300000000000182,
"min_diff": 0.0,
"std": 0.0,
"std_diff": 0.0
},
"steer_raw": {
"max": -9.400000000000091,
"max_diff": 2.0,
"mean": -15.55418569254184,
"mean_diff": 0.03746192893401024,
"min": -85.80000000000018,
"min_diff": -0.1000000000003638,
"std": 11.71616403649697,
"std_diff": 0.15572869425885566
},
"transversal_accel": {
"max": -0.4480000000000075,
"max_diff": 0.02800000000002001,
"mean": -0.4911740233384041,
"mean_diff": 2.842639593909218e-05,
"min": -0.5879999999999939,
"min_diff": -0.04399999999998272,
"std": 0.01995000486369335,
"std_diff": 0.005393660883557414
},
"utime": {
"max": 1537296484205184,
"max_diff": 20701.0,
"mean": 1537296474313880.8,
"mean_diff": 10049.940609137057,
"min": 1537296464406801,
"min_diff": 1.0,
"std": 5708679.764366975,
"std_diff": 1568.2978512641762
}
}
},
"ZoeSensors": {
"message_count": 18968,
"message_freq": 957.7283217401653,
"timespan": 19.805199,
"var_stats": {
"brake_sensor": {
"max": 0.18496115505695343,
"max_diff": 2.422928810119629e-05,
"mean": 0.1849022951607134,
"mean_diff": 6.135818470182433e-10,
"min": 0.18482816219329834,
"min_diff": -2.0235776901245117e-05,
"std": 1.795641326048186e-05,
"std_diff": 4.223458070997109e-06
},
"steering_sensor": {
"max": 0.22383709251880646,
"max_diff": 0.0007759183645248413,
"mean": 0.21722709093257025,
"mean_diff": 6.541285296361837e-08,
"min": 0.2119106650352478,
"min_diff": -0.0007089674472808838,