{
"MS_IMU": {
"message_count": 1988,
"message_freq": 99.89926154445766,
"timespan": 19.900047,
"var_stats": {
"linear_accel": {
"max": 11.02592945098877,
"max_diff": 11.80459713935852,
"mean": 3.1613806198138525,
"mean_diff": 4.926500911375455,
"min": -1.5510399341583252,
"min_diff": -1.8455591797828674,
"std": 4.69951804607992,
"std_diff": 5.122400367749064
},
"q": {
"max": 0.9207955002784729,
"max_diff": 0.5090760443708859,
"mean": 0.3283208185104092,
"mean_diff": -0.16409319190971808,
"min": -0.013865657150745392,
"min_diff": -0.9281390560790896,
"std": 0.3771013888009724,
"std_diff": 0.5585383837522777
},
"rotation_rate": {
"max": 0.08637474477291107,
"max_diff": 0.12879358977079391,
"mean": -0.003233091387585433,
"mean_diff": -0.0036357739294391412,
"min": -0.14086279273033142,
"min_diff": -0.17764943465590477,
"std": 0.029054387319550106,
"std_diff": 0.03948881803074131
},
"utime": {
"max": 1538985929701445,
"max_diff": 30997.0,
"mean": 1538985919758872.2,
"mean_diff": 10015.121791645697,
"min": 1538985909801398,
"min_diff": 2960.0,
"std": 5747949.8681203155,
"std_diff": 4317.1862051582
}
}
},
"POSE": {
"message_count": 993,
"message_freq": 49.901044670580994,
"timespan": 19.899383,
"var_stats": {
"accel": {
"max": 10.488084444792268,
"max_diff": 11.193814262935788,
"mean": 3.1601479385385267,
"mean_diff": 4.924872864796227,
"min": -1.386618715265545,
"min_diff": -1.5039237784126063,
"std": 4.695923953116476,
"std_diff": 5.1226633130023025
},
"orientation": {
"max": 0.9652874983403543,
"max_diff": 0.9652874983403543,
"mean": 0.3232493916873266,
"mean_diff": 0.1905238461775623,
"min": 0.0,
"min_diff": -0.38926429545726127,
"std": 0.38145750847738374,
"std_diff": 0.5450082544063364
},
"pos": {
"max": 2023.4367852150588,
"max_diff": -384.0398440656263,
"mean": 1139.9653610043329,
"mean_diff": -979.4240375638009,
"min": 0.0,
"min_diff": -1515.3310207596437,
"std": 831.7930865700158,
"std_diff": 484.77354722014496
},
"rotation_rate": {
"max": 0.08637474477291107,
"max_diff": 0.12879358977079391,
"mean": -0.003290987080563886,
"mean_diff": -0.003702105113882901,
"min": -0.14086279273033142,
"min_diff": -0.17764943465590477,
"std": 0.029140720857861176,
"std_diff": 0.03964468407799652
},
"utime": {
"max": 1538985929708586,
"max_diff": 40268.0,
"mean": 1538985919750088.8,
"mean_diff": 20059.86189516129,
"min": 1538985909809203,
"min_diff": 17058.0,
"std": 5753996.623551553,
"std_diff": 1173.009845165194
},
"vel": {
"max": 9.69054218692771,
"max_diff": 0.0,
"mean": 2.800952094450633,
"mean_diff": -4.20142814167595,
"min": 0.0,
"min_diff": -9.69054218692771,
"std": 3.9969918845759618,
"std_diff": 4.252048531178073
}
}
},
"SteerAngleFeedback": {
"message_count": 1955,
"message_freq": 98.2201553285188,
"timespan": 19.904265,
"var_stats": {
"utime": {
"max": 1538985929706425,
"max_diff": 30671.0,
"mean": 1538985919772230.2,
"mean_diff": 10186.420163766632,
"min": 1538985909802160,
"min_diff": 5956.0,
"std": 5743237.341613739,
"std_diff": 1599.2668663318682
},
"value": {
"max": 0.3508111796508666,
"max_diff": 0.01919862177194398,
"mean": -0.01375997941738246,
"mean_diff": 0.00043945854246735667,
"min": -0.6283185307179586,
"min_diff": -0.0052359877559861635,
"std": 0.1979623677794585,
"std_diff": 0.0021314183925329284
}
}
},
"VEHICLE_MONITOR": {
"message_count": 41,
"message_freq": 2.0500855910734272,
"timespan": 19.999165,
"var_stats": null
},
"ZOE_VEH_INFO": {
"message_count": 1984,
"message_freq": 99.69775600150089,
"timespan": 19.900147,
"var_stats": {
"FL_wheel_speed": {
"max": 308.8719,
"max_diff": 4.670399999999972,
"mean": 265.71778064516127,
"mean_diff": -0.0347605143721634,
"min": 211.4607,
"min_diff": -6.1299000000000206,
"std": 29.96266117308715,
"std_diff": 0.6452863817891857
},
"FR_wheel_speed": {
"max": 307.2456,
"max_diff": 2.793900000000008,
"mean": 264.9846887600807,
"mean_diff": -0.031227685325264747,
"min": 213.08700000000002,
"min_diff": -2.335199999999986,
"std": 29.40227034277655,
"std_diff": 0.5306146691199395
},
"RL_wheel_speed": {
"max": 307.746,
"max_diff": 3.5027999999999793,
"mean": 264.7859621975806,
"mean_diff": -0.03476051437216338,
"min": 210.7518,
"min_diff": -9.799500000000023,
"std": 29.826565349442077,
"std_diff": 0.661609933872084
},
"RR_wheel_speed": {
"max": 309.3306,
"max_diff": 7.005600000000015,
"mean": 264.39491960685484,
"mean_diff": -0.03133282904689863,
"min": 212.1696,
"min_diff": -8.173200000000008,
"std": 29.289986587219868,
"std_diff": 0.6837855908894507
},
"left_solar": {
"max": 0,
"max_diff": 0.0,
"mean": 0.0,
"mean_diff": 0.0,
"min": 0,
"min_diff": 0.0,
"std": 0.0,
"std_diff": 0.0
},
"longitudinal_accel": {
"max": 0.75,
"max_diff": 0.5499999999999989,
"mean": 0.020740927419355543,
"mean_diff": -0.0004286434694906705,
"min": -0.8499999999999996,
"min_diff": -0.5999999999999996,
"std": 0.34857790790782767,
"std_diff": 0.07277420247010145
},
"meanEffTorque": {
"max": 32.0,
"max_diff": 2.0,
"mean": 3.959929435483871,
"mean_diff": -0.021432173474533536,
"min": -42.5,
"min_diff": -2.5,
"std": 20.854660561421692,
"std_diff": 0.2803347295263006
},
"odom": {
"max": 124,
"max_diff": 84.0,
"mean": 95.37298387096774,
"mean_diff": -0.05446293494704992,
"min": 4,
"min_diff": -64.0,
"std": 38.513534434597155,
"std_diff": 12.784456136674432
},
"odom_speed": {
"max": 34.0,
"max_diff": 1.0,
"mean": 29.726814516129032,
"mean_diff": -0.0035300050428643467,
"min": 24.0,
"min_diff": -1.0,
"std": 3.3181391035875856,
"std_diff": 0.09782117011976794
},
"pedal_cc": {
"max": 193.0,
"max_diff": 15.0,
"mean": 100.27217741935483,
"mean_diff": -0.04639435199193142,
"min": 0.0,
"min_diff": -26.0,
"std": 70.72366796041459,
"std_diff": 1.7151885522740973
},
"regen": {
"max": 58.0,
"max_diff": 1.0,
"mean": 14.009576612903226,
"mean_diff": 0.02773575390821987,
"min": 0.0,
"min_diff": -4.0,
"std": 20.623360370364104,
"std_diff": 0.34312977152740004
},
"requestedTorqueAfterProc": {
"max": -272.5,
"max_diff": 126.0,
"mean": -343.74168346774195,
"mean_diff": 0.05042864346949067,
"min": -398.5,
"min_diff": -126.0,
"std": 40.432514605041625,
"std_diff": 6.302028311180724
},
"right_solar": {
"max": 0,
"max_diff": 0.0,
"mean": 0.0,
"mean_diff": 0.0,
"min": 0,
"min_diff": 0.0,
"std": 0.0,
"std_diff": 0.0
},
"steer_corrected": {
"max": 19.90000000000009,
"max_diff": 0.7000000000002728,
"mean": -0.8168346774191823,
"mean_diff": 0.024710035300050427,
"min": -36.0,
"min_diff": -0.3000000000001819,
"std": 11.366219974687754,
"std_diff": 0.11713767382656708
},
"steer_offset_can": {
"max": -13.300000000000182,
"max_diff": 0.0,
"mean": -13.300000000000182,
"mean_diff": 0.0,
"min": -13.300000000000182,
"min_diff": 0.0,
"std": 0.0,
"std_diff": 0.0
},
"steer_raw": {
"max": 6.599999999999909,
"max_diff": 0.7000000000002728,
"mean": -14.116834677419364,
"mean_diff": 0.024710035300050427,
"min": -49.30000000000018,
"min_diff": -0.3000000000001819,
"std": 11.366219974687754,
"std_diff": 0.11713767382656708
},
"transversal_accel": {
"max": -0.4519999999999982,
"max_diff": 0.056000000000011596,
"mean": -0.5271310483870956,
"mean_diff": 6.454866364094095e-05,
"min": -0.6639999999999873,
"min_diff": -0.07600000000002183,
"std": 0.03581891850816353,
"std_diff": 0.006959856717818761
},
"utime": {
"max": 1538985929705595,
"max_diff": 20871.0,
"mean": 1538985919759627.8,
"mean_diff": 10035.374180534543,
"min": 1538985909805448,
"min_diff": 2.0,
"std": 5748011.434049268,
"std_diff": 1804.1394013503539
}
}
},
"ZoeSensors": {
"message_count": 19037,
"message_freq": 956.6684039165866,
"timespan": 19.899267,
"var_stats": {
"brake_sensor": {
"max": 0.27447953820228577,
"max_diff": 0.0004938095808029175,
"mean": 0.18688591469900945,
"mean_diff": 4.8566301985181765e-06,
"min": 0.1817813217639923,
"min_diff": -3.4675002098083496e-05,
"std": 0.017654128844702063,
"std_diff": 2.266541786827997e-05
},
"steering_sensor": {
"max": 0.1897396445274353,
"max_diff": 0.0005317181348800659,
"mean": 0.18843844031225565,
"mean_diff": 1.510468619439401e-08,
"min": 0.1874236911535263,