{
"MS_IMU": {
"message_count": 1977,
"message_freq": 99.34681354517672,
"timespan": 19.899984,
"var_stats": {
"linear_accel": {
"max": 10.331880569458008,
"max_diff": 10.836674571037292,
"mean": 3.1717906121624577,
"mean_diff": 4.773258085600943,
"min": -0.9600422978401184,
"min_diff": -2.1699506640434265,
"std": 4.679662221856034,
"std_diff": 5.47550867855826
},
"q": {
"max": 0.9750389456748962,
"max_diff": 1.009192306548357,
"mean": 0.2941451902502698,
"mean_diff": 0.2461636061788791,
"min": -0.034455303102731705,
"min_diff": -0.24875790253281593,
"std": 0.4043248979907188,
"std_diff": 0.5376661498256042
},
"rotation_rate": {
"max": 0.041871946305036545,
"max_diff": 0.06666684150695801,
"mean": -0.00018275744931966863,
"mean_diff": 0.00087798631632972,
"min": -0.05211310461163521,
"min_diff": -0.05670390464365482,
"std": 0.007200566273762406,
"std_diff": 0.009657581849543911
},
"utime": {
"max": 1537845412204789,
"max_diff": 29962.0,
"mean": 1537845402241660.0,
"mean_diff": 10070.842105263158,
"min": 1537845392304805,
"min_diff": 1955.0,
"std": 5741297.827242399,
"std_diff": 4010.4519541930827
}
}
},
"POSE": {
"message_count": 985,
"message_freq": 49.50018382910908,
"timespan": 19.898916,
"var_stats": {
"accel": {
"max": 10.029623376999657,
"max_diff": 10.524427652471651,
"mean": 3.1714988241178976,
"mean_diff": 4.7748619822113785,
"min": -0.6560120254136124,
"min_diff": -1.9044458307368755,
"std": 4.679596345607063,
"std_diff": 5.472348064185812
},
"orientation": {
"max": 0.5411167269618891,
"max_diff": 0.0,
"mean": -0.07685031931168884,
"mean_diff": -0.4601293906253836,
"min": -0.8510925387836706,
"min_diff": -0.8510925387836706,
"std": 0.4940587297292615,
"std_diff": 0.3487323862448776
},
"pos": {
"max": 1147.360244554207,
"max_diff": 751.2692904054026,
"mean": 514.195594223739,
"mean_diff": -197.90328502616887,
"min": 0.0,
"min_diff": -1147.360244554207,
"std": 475.5977688859525,
"std_diff": 948.8778209753573
},
"rotation_rate": {
"max": 0.04186797887086868,
"max_diff": 0.06665654480457306,
"mean": -0.0002181144466055819,
"mean_diff": 0.0008156295717246053,
"min": -0.05211310461163521,
"min_diff": -0.05670390464365482,
"std": 0.007099155670838559,
"std_diff": 0.009548329274992714
},
"utime": {
"max": 1537845412198566,
"max_diff": 40812.0,
"mean": 1537845402218603.5,
"mean_diff": 20222.475609756097,
"min": 1537845392299650,
"min_diff": 17038.0,
"std": 5739250.374157149,
"std_diff": 2176.5230457109355
},
"vel": {
"max": 4.338595315728794,
"max_diff": 0.0,
"mean": 0.15071595956103226,
"mean_diff": -0.22607393934154846,
"min": 0.0,
"min_diff": -4.338595315728794,
"std": 0.6532545426768874,
"std_diff": 0.7893514875783678
}
}
},
"SteerAngleFeedback": {
"message_count": 1930,
"message_freq": 96.96361211862276,
"timespan": 19.904374,
"var_stats": {
"utime": {
"max": 1537845412207115,
"max_diff": 40944.0,
"mean": 1537845402215413.0,
"mean_diff": 10318.493519958527,
"min": 1537845392302741,
"min_diff": 159.0,
"std": 5740039.683284474,
"std_diff": 2135.9270915140964
},
"value": {
"max": 0.34382986264287974,
"max_diff": 0.013962634015949868,
"mean": -0.4455726105617321,
"mean_diff": 0.0004505826684775383,
"min": -0.5410520681182421,
"min_diff": -0.001745329252000688,
"std": 0.22194404050007657,
"std_diff": 0.0015055765908197475
}
}
},
"VEHICLE_MONITOR": {
"message_count": 41,
"message_freq": 2.0499869825826607,
"timespan": 20.000127,
"var_stats": null
},
"ZOE_VEH_INFO": {
"message_count": 1982,
"message_freq": 99.59793990053271,
"timespan": 19.90001,
"var_stats": {
"FL_wheel_speed": {
"max": 138.3189,
"max_diff": 6.5469,
"mean": 14.99462149344097,
"mean_diff": 0.06912811711256941,
"min": 0.0,
"min_diff": -1.876499999999993,
"std": 34.823016919118956,
"std_diff": 0.2898736024428122
},
"FR_wheel_speed": {
"max": 139.695,
"max_diff": 6.7971,
"mean": 14.996031130171543,
"mean_diff": 0.07015956587582028,
"min": 0.0,
"min_diff": -1.376100000000008,
"std": 34.978348983385075,
"std_diff": 0.3082665406206821
},
"RL_wheel_speed": {
"max": 136.9428,
"max_diff": 9.8412,
"mean": 14.950754439959638,
"mean_diff": 0.06889656739020697,
"min": 0.0,
"min_diff": -1.167599999999993,
"std": 34.730541295802944,
"std_diff": 0.32520780664772336
},
"RR_wheel_speed": {
"max": 138.9861,
"max_diff": 7.506,
"mean": 14.9759385469223,
"mean_diff": 0.06959121655729429,
"min": 0.0,
"min_diff": -1.1259000000000015,
"std": 34.93443081007089,
"std_diff": 0.3127044140784286
},
"left_solar": {
"max": 0,
"max_diff": 0.0,
"mean": 0.0,
"mean_diff": 0.0,
"min": 0,
"min_diff": 0.0,
"std": 0.0,
"std_diff": 0.0
},
"longitudinal_accel": {
"max": 1.700000000000001,
"max_diff": 0.25,
"mean": 0.29344096871846714,
"mean_diff": 0.00020191822311963674,
"min": 0.0,
"min_diff": -0.25,
"std": 0.44875358979719904,
"std_diff": 0.0298483397954824
},
"meanEffTorque": {
"max": 108.5,
"max_diff": 6.5,
"mean": 19.828708375378405,
"mean_diff": 0.014386673397274103,
"min": 4.0,
"min_diff": -1.5,
"std": 31.325277417676126,
"std_diff": 0.49087585127715955
},
"odom": {
"max": 116,
"max_diff": 44.0,
"mean": 31.543895055499494,
"mean_diff": 0.006057546693589096,
"min": 8,
"min_diff": -108.0,
"std": 21.12826239451291,
"std_diff": 6.559321480798163
},
"odom_speed": {
"max": 15.0,
"max_diff": 1.0,
"mean": 1.5474268415741674,
"mean_diff": 0.00757193336698637,
"min": 0.0,
"min_diff": 0.0,
"std": 3.7147972224716064,
"std_diff": 0.08668678787492524
},
"pedal_cc": {
"max": 363.0,
"max_diff": 118.0,
"mean": 57.054490413723514,
"mean_diff": 0.08076728924785462,
"min": 0.0,
"min_diff": -36.0,
"std": 113.49609388637498,
"std_diff": 3.5621741849093653
},
"regen": {
"max": 0.0,
"max_diff": 0.0,
"mean": 0.0,
"mean_diff": 0.0,
"min": 0.0,
"min_diff": 0.0,
"std": 0.0,
"std_diff": 0.0
},
"requestedTorqueAfterProc": {
"max": -272.5,
"max_diff": 124.5,
"mean": -363.3062563067609,
"mean_diff": 0.01110550227158001,
"min": -398.0,
"min_diff": -124.5,
"std": 30.69500696011374,
"std_diff": 4.202277913977716
},
"right_solar": {
"max": 0,
"max_diff": 0.0,
"mean": 0.0,
"mean_diff": 0.0,
"min": 0,
"min_diff": 0.0,
"std": 0.0,
"std_diff": 0.0
},
"steer_corrected": {
"max": 19.59999999999991,
"max_diff": 0.8000000000001819,
"mean": -25.53380423814332,
"mean_diff": 0.02508833922261475,
"min": -31.0,
"min_diff": -0.1000000000003638,
"std": 12.718516561682412,
"std_diff": 0.08731542020208781
},
"steer_offset_can": {
"max": -13.599999999999909,
"max_diff": 0.0,
"mean": -13.599999999999909,
"mean_diff": 0.0,
"min": -13.599999999999909,
"min_diff": 0.0,
"std": 0.0,
"std_diff": 0.0
},
"steer_raw": {
"max": 6.0,
"max_diff": 0.8000000000001819,
"mean": -39.13380423814323,
"mean_diff": 0.02508833922261475,
"min": -44.59999999999991,
"min_diff": -0.1000000000003638,
"std": 12.718516561682412,
"std_diff": 0.08731542020208781
},
"transversal_accel": {
"max": -0.5120000000000005,
"max_diff": 0.02400000000000091,
"mean": -0.547136226034312,
"mean_diff": -1.2115093387178651e-05,
"min": -0.5759999999999934,
"min_diff": -0.020000000000010232,
"std": 0.0061606977900808815,
"std_diff": 0.0025828726868310386
},
"utime": {
"max": 1537845412207197,
"max_diff": 25626.0,
"mean": 1537845402244861.2,
"mean_diff": 10045.436648157496,
"min": 1537845392307187,
"min_diff": 1.0,
"std": 5737184.086317754,
"std_diff": 2140.647065093628
}
}
},
"ZoeSensors": {
"message_count": 19118,
"message_freq": 960.6656219842585,
"timespan": 19.900785,
"var_stats": {
"brake_sensor": {
"max": 0.18377457559108734,
"max_diff": 3.0666589736938477e-05,
"mean": 0.18295271463013305,
"mean_diff": 4.66887980953647e-08,
"min": 0.18268808722496033,
"min_diff": -2.3677945137023926e-05,
"std": 0.0003698843692936414,
"std_diff": 4.629133393877133e-06
},
"steering_sensor": {
"max": 0.19070462882518768,
"max_diff": 0.0008231848478317261,
"mean": 0.18838594455978513,
"mean_diff": 2.9462472710417625e-08,
"min": 0.18744732439517975,
"min_diff": -0.0007995516061782837,
"std": 0.0003163282411057072,
"std_diff": 6.312653938131781e-05
},
"throttle_sensor": {
"max": 0.12323390692472458,
"max_diff": 0.001377984881401062,