{
"MS_IMU": {
"message_count": 1987,
"message_freq": 99.84862405882495,
"timespan": 19.900124,
"var_stats": {
"linear_accel": {
"max": 11.924184799194336,
"max_diff": 12.470775485038757,
"mean": 3.2950396972582285,
"mean_diff": 4.990724665084207,
"min": -1.5193005800247192,
"min_diff": -1.9894778728485107,
"std": 4.5937960117303165,
"std_diff": 4.46132419661464
},
"q": {
"max": 0.9455486536026001,
"max_diff": 0.922703143209219,
"mean": 0.3221851910295649,
"mean_diff": 0.20297507964470826,
"min": -0.01606556959450245,
"min_diff": -0.5184317869716324,
"std": 0.38235679601980627,
"std_diff": 0.5280463645620914
},
"rotation_rate": {
"max": 0.12302043288946152,
"max_diff": 0.19195303320884705,
"mean": -0.007627483804577509,
"mean_diff": -0.01091911315117404,
"min": -0.45223134756088257,
"min_diff": -0.4885847792029381,
"std": 0.04593939701429913,
"std_diff": 0.056531492983459955
},
"utime": {
"max": 1538986197701718,
"max_diff": 22011.0,
"mean": 1538986187756783.5,
"mean_diff": 10020.203423967774,
"min": 1538986177801594,
"min_diff": 2951.0,
"std": 5749707.3141695,
"std_diff": 4296.936360889594
}
}
},
"POSE": {
"message_count": 990,
"message_freq": 49.801145033963124,
"timespan": 19.879061,
"var_stats": {
"accel": {
"max": 11.208383752373953,
"max_diff": 11.622930300534788,
"mean": 3.298283573813897,
"mean_diff": 4.993762413033212,
"min": -1.3269258466591085,
"min_diff": -1.771837802534709,
"std": 4.591866746431849,
"std_diff": 4.4483531093461135
},
"orientation": {
"max": 0.453756193870654,
"max_diff": 0.0,
"mean": -0.11216800874208381,
"mean_diff": -0.4468477804865818,
"min": -0.9664371211754342,
"min_diff": -0.9664371211754342,
"std": 0.4872559264029898,
"std_diff": 0.36559594418914027
},
"pos": {
"max": 1556.145372125116,
"max_diff": 763.4837350931701,
"mean": 782.558546063931,
"mean_diff": -396.08021682863745,
"min": 0.0,
"min_diff": -1556.145372125116,
"std": 635.0732357932116,
"std_diff": 1159.4352435872913
},
"rotation_rate": {
"max": 0.12302043288946152,
"max_diff": 0.18762461096048355,
"mean": -0.007606061096617216,
"mean_diff": -0.010878137907121582,
"min": -0.45001402497291565,
"min_diff": -0.4885847792029381,
"std": 0.04577963191521953,
"std_diff": 0.056321420070264784
},
"utime": {
"max": 1538986197695659,
"max_diff": 40263.0,
"mean": 1538986187768133.5,
"mean_diff": 20100.162790697676,
"min": 1538986177816598,
"min_diff": 14755.0,
"std": 5748494.233849522,
"std_diff": 1483.967034861901
},
"vel": {
"max": 3.844256632863922,
"max_diff": 0.0,
"mean": 0.12266668077297437,
"mean_diff": -0.18400002115946157,
"min": 0.0,
"min_diff": -3.844256632863922,
"std": 0.529032842955006,
"std_diff": 0.6391621761796374
}
}
},
"SteerAngleFeedback": {
"message_count": 1966,
"message_freq": 98.77088525691809,
"timespan": 19.904651,
"var_stats": {
"utime": {
"max": 1538986197703920,
"max_diff": 30115.0,
"mean": 1538986187769747.8,
"mean_diff": 10129.59338422392,
"min": 1538986177799269,
"min_diff": 4348.0,
"std": 5747978.896977264,
"std_diff": 1389.7898199258273
},
"value": {
"max": 0.21293016874331297,
"max_diff": 0.001745329252000688,
"mean": -0.0978973465227202,
"mean_diff": -0.002293353755037844,
"min": -4.321435227937958,
"min_diff": -0.05061454830783729,
"std": 0.8986198245721939,
"std_diff": 0.006234747319205931
}
}
},
"VEHICLE_MONITOR": {
"message_count": 41,
"message_freq": 2.049982677646374,
"timespan": 20.000169,
"var_stats": null
},
"ZOE_VEH_INFO": {
"message_count": 1986,
"message_freq": 99.80644785836772,
"timespan": 19.898514,
"var_stats": {
"FL_wheel_speed": {
"max": 134.8161,
"max_diff": 4.6704,
"mean": 12.589935498489425,
"mean_diff": 0.0679174307304786,
"min": 0.0,
"min_diff": -3.5028,
"std": 29.77035369773445,
"std_diff": 0.3449345080880908
},
"FR_wheel_speed": {
"max": 114.96690000000001,
"max_diff": 4.4202,
"mean": 11.66168006042296,
"mean_diff": 0.057917833753148615,
"min": 0.0,
"min_diff": -3.5028,
"std": 26.741107602468958,
"std_diff": 0.32199601109024284
},
"RL_wheel_speed": {
"max": 128.2692,
"max_diff": 5.337599999999995,
"mean": 12.409025528700905,
"mean_diff": 0.0646192443324937,
"min": 0.0,
"min_diff": -3.5028,
"std": 29.145861728927837,
"std_diff": 0.3578384026914088
},
"RR_wheel_speed": {
"max": 108.87870000000001,
"max_diff": 4.4202,
"mean": 11.521021299093654,
"mean_diff": 0.053905390428211596,
"min": 0.0,
"min_diff": -3.5028,
"std": 26.22808777864898,
"std_diff": 0.34971852829656547
},
"left_solar": {
"max": 0,
"max_diff": 0.0,
"mean": 0.0,
"mean_diff": 0.0,
"min": 0,
"min_diff": 0.0,
"std": 0.0,
"std_diff": 0.0
},
"longitudinal_accel": {
"max": 1.200000000000001,
"max_diff": 0.25,
"mean": -0.14136455186304073,
"mean_diff": 0.0002770780856423177,
"min": -1.299999999999999,
"min_diff": -0.25,
"std": 0.4999040200247282,
"std_diff": 0.032544080604533974
},
"meanEffTorque": {
"max": 72.0,
"max_diff": 2.0,
"mean": 15.535498489425981,
"mean_diff": 0.02115869017632242,
"min": 0.0,
"min_diff": -1.0,
"std": 20.64643554669265,
"std_diff": 0.26472868579817804
},
"odom": {
"max": 116,
"max_diff": 40.0,
"mean": 40.27593152064451,
"mean_diff": 0.03828715365239295,
"min": 0,
"min_diff": -116.0,
"std": 33.398150396582324,
"std_diff": 5.985586809921354
},
"odom_speed": {
"max": 14.0,
"max_diff": 1.0,
"mean": 1.1601208459214503,
"mean_diff": 0.007052896725440806,
"min": 0.0,
"min_diff": -1.0,
"std": 2.9999229237326825,
"std_diff": 0.09496455508950177
},
"pedal_cc": {
"max": 255.0,
"max_diff": 24.0,
"mean": 31.513091641490433,
"mean_diff": 0.09521410579345088,
"min": 0.0,
"min_diff": -6.0,
"std": 76.81027803288492,
"std_diff": 1.3016177754056328
},
"regen": {
"max": 0.0,
"max_diff": 0.0,
"mean": 0.0,
"mean_diff": 0.0,
"min": 0.0,
"min_diff": 0.0,
"std": 0.0,
"std_diff": 0.0
},
"requestedTorqueAfterProc": {
"max": -310.5,
"max_diff": 8.0,
"mean": -365.9108761329305,
"mean_diff": 0.019143576826196475,
"min": -382.5,
"min_diff": -16.0,
"std": 20.74254406959566,
"std_diff": 0.8065451850683752
},
"right_solar": {
"max": 0,
"max_diff": 0.0,
"mean": 0.0,
"mean_diff": 0.0,
"min": 0,
"min_diff": 0.0,
"std": 0.0,
"std_diff": 0.0
},
"steer_corrected": {
"max": 12.200000000000273,
"max_diff": 0.1000000000003638,
"mean": -5.510775427995773,
"mean_diff": -0.12997481108312342,
"min": -247.39999999999964,
"min_diff": -2.799999999999727,
"std": 51.311887151460624,
"std_diff": 0.381516593615937
},
"steer_offset_can": {
"max": -13.300000000000182,
"max_diff": 0.0,
"mean": -13.30000000000018,
"mean_diff": 0.0,
"min": -13.300000000000182,
"min_diff": 0.0,
"std": 1.7763568394002505e-15,
"std_diff": 0.0
},
"steer_raw": {
"max": -1.099999999999909,
"max_diff": 0.1000000000003638,
"mean": -18.81077542799596,
"mean_diff": -0.12997481108312342,
"min": -260.6999999999998,
"min_diff": -2.799999999999727,
"std": 51.311887151460624,
"std_diff": 0.381516593615937
},
"transversal_accel": {
"max": -0.4399999999999977,
"max_diff": 0.027999999999991587,
"mean": -0.47809869083585055,
"mean_diff": -0.000126952141057925,
"min": -0.7560000000000002,
"min_diff": -0.03999999999999204,
"std": 0.036001710940349894,
"std_diff": 0.0033652549811850896
},
"utime": {
"max": 1538986197702330,
"max_diff": 20695.0,
"mean": 1538986187760811.8,
"mean_diff": 10024.440302267003,
"min": 1538986177803816,
"min_diff": 3.0,
"std": 5747559.837294546,
"std_diff": 1672.5404085476061
}
}
},
"ZoeSensors": {
"message_count": 19258,
"message_freq": 967.756103351005,
"timespan": 19.899642,
"var_stats": {
"brake_sensor": {
"max": 0.32652637362480164,
"max_diff": 0.00033017992973327637,
"mean": 0.2857229888101817,
"mean_diff": -7.499767506166541e-06,
"min": 0.18192704021930695,
"min_diff": -0.0029676109552383423,
"std": 0.048926763163091636,
"std_diff": 8.821336003396352e-05
},
"steering_sensor": {
"max": 0.19093702733516693,
"max_diff": 0.0005080997943878174,
"mean": 0.18866047936011257,
"mean_diff": 1.2067487605444992e-08,
"min": 0.18755365908145905,
"min_diff": -0.00047263503074645996,
"std": 0.00042261131420834775,
"std_diff": 6.74343427311051e-05
},
"throttle_sensor": {
"max": 0.22984476387500763,