{
"MS_IMU": {
"message_count": 1940,
"message_freq": 99.73695662959005,
"timespan": 19.451165,
"var_stats": {
"linear_accel": {
"max": 11.483312606811523,
"max_diff": 11.466561704874039,
"mean": 3.2392974016896554,
"mean_diff": 5.005161443833704,
"min": -1.1893553733825684,
"min_diff": -1.0702973008155823,
"std": 4.6532988440269785,
"std_diff": 4.684830965286418
},
"q": {
"max": 0.4289032220840454,
"max_diff": 0.0037749106995761395,
"mean": -0.12412649713542671,
"mean_diff": -0.4415075156338436,
"min": -0.9155340194702148,
"min_diff": -0.9201993197202682,
"std": 0.4843476330734904,
"std_diff": 0.3673462874369419
},
"rotation_rate": {
"max": 0.07968500256538391,
"max_diff": 0.09140478074550629,
"mean": -3.414944527074685e-05,
"mean_diff": 0.0009961652884601937,
"min": -0.06612196564674377,
"min_diff": -0.09930206462740898,
"std": 0.015252762573046834,
"std_diff": 0.02249211816894532
},
"utime": {
"max": 1535729317900685,
"max_diff": 24996.0,
"mean": 1535729308174429.8,
"mean_diff": 10031.544610624032,
"min": 1535729298449520,
"min_diff": 2635.0,
"std": 5613105.777652887,
"std_diff": 4860.205285655786
}
}
},
"POSE": {
"message_count": 965,
"message_freq": 49.591160707068205,
"timespan": 19.459113,
"var_stats": {
"accel": {
"max": 10.29196074173246,
"max_diff": 10.308369001140424,
"mean": 3.2422205818752454,
"mean_diff": 5.002537971633404,
"min": -0.9668218779655179,
"min_diff": -0.35357862734987583,
"std": 4.64590109884753,
"std_diff": 4.677109996763506
},
"orientation": {
"max": 0.9451380023661279,
"max_diff": 0.0,
"mean": 0.14915551988932296,
"mean_diff": -0.4273800818976653,
"min": -0.3603492026706167,
"min_diff": -0.9451380023661279,
"std": 0.4772343563560212,
"std_diff": 0.38817470155907674
},
"pos": {
"max": 1612.1897540032264,
"max_diff": 965.1062892957356,
"mean": 755.4847497030106,
"mean_diff": -351.44512664416385,
"min": 0.0,
"min_diff": -1612.1897540032264,
"std": 639.8537132851627,
"std_diff": 1212.9739604311476
},
"rotation_rate": {
"max": 0.07968500256538391,
"max_diff": 0.09140478074550629,
"mean": -8.099662958827394e-05,
"mean_diff": 0.0009749812576086293,
"min": -0.0612175352871418,
"min_diff": -0.09930206462740898,
"std": 0.0152811764958353,
"std_diff": 0.02254761612591638
},
"utime": {
"max": 1535729317912769,
"max_diff": 41107.0,
"mean": 1535729308165153.0,
"mean_diff": 20185.801867219918,
"min": 1535729298453656,
"min_diff": 15643.0,
"std": 5622613.120800569,
"std_diff": 1993.1128422720346
},
"vel": {
"max": 7.815887802156951,
"max_diff": 0.0,
"mean": 2.355427339056831,
"mean_diff": -3.5331410085852464,
"min": 0.0,
"min_diff": -7.815887802156951,
"std": 3.374632777568981,
"std_diff": 3.594605835551674
}
}
},
"SteerAngleFeedback": {
"message_count": 1905,
"message_freq": 97.92403110211158,
"timespan": 19.453856,
"var_stats": {
"utime": {
"max": 1535729317908579,
"max_diff": 29045.0,
"mean": 1535729308215724.8,
"mean_diff": 10217.361344537816,
"min": 1535729298454723,
"min_diff": 6194.0,
"std": 5614157.127109119,
"std_diff": 1602.7891077905333
},
"value": {
"max": 0.10653705988362483,
"max_diff": 0.005235987755978229,
"mean": 0.011720330425278978,
"mean_diff": 5.499987138636748e-06,
"min": -0.09766646259971648,
"min_diff": -0.003490658503993438,
"std": 0.0504502463340904,
"std_diff": 0.0011383644800157088
}
}
},
"VEHICLE_MONITOR": {
"message_count": 39,
"message_freq": 2.0000306671368957,
"timespan": 19.499701,
"var_stats": {
"available_distance": {
"max": 40,
"max_diff": 0.0,
"mean": 40.0,
"mean_diff": 0.0,
"min": 40,
"min_diff": 0.0,
"std": 0.0,
"std_diff": 0.0
},
"battery_level": {
"max": 42,
"max_diff": 0.0,
"mean": 42.0,
"mean_diff": 0.0,
"min": 42,
"min_diff": 0.0,
"std": 0.0,
"std_diff": 0.0
},
"brake": {
"max": 2,
"max_diff": 2.0,
"mean": 0.05128205128205128,
"mean_diff": 0.0,
"min": 0,
"min_diff": -2.0,
"std": 0.31612379502405014,
"std_diff": 0.45883146774112354
},
"brake_switch": {
"max": 1,
"max_diff": 0.0,
"mean": 1.0,
"mean_diff": 0.0,
"min": 1,
"min_diff": 0.0,
"std": 0.0,
"std_diff": 0.0
},
"gear_position": {
"max": 7,
"max_diff": 0.0,
"mean": 7.0,
"mean_diff": 0.0,
"min": 7,
"min_diff": 0.0,
"std": 0.0,
"std_diff": 0.0
},
"left_signal": {
"max": 0,
"max_diff": 0.0,
"mean": 0.0,
"mean_diff": 0.0,
"min": 0,
"min_diff": 0.0,
"std": 0.0,
"std_diff": 0.0
},
"rear_left_rpm": {
"max": 245.7798,
"max_diff": 4.670400000000001,
"mean": 218.2642153846154,
"mean_diff": -3.240528947368421,
"min": 115.4256,
"min_diff": -15.679200000000009,
"std": 34.72311795774475,
"std_diff": 4.923267443632376
},
"rear_right_rpm": {
"max": 251.1591,
"max_diff": 5.587800000000016,
"mean": 222.76246923076928,
"mean_diff": -3.2657684210526314,
"min": 117.9693,
"min_diff": -13.343999999999994,
"std": 35.47273818463943,
"std_diff": 4.91494349039128
},
"right_signal": {
"max": 0,
"max_diff": 0.0,
"mean": 0.0,
"mean_diff": 0.0,
"min": 0,
"min_diff": 0.0,
"std": 0.0,
"std_diff": 0.0
},
"steering": {
"max": 6.5,
"max_diff": 3.400000000000091,
"mean": 1.1512820512821935,
"mean_diff": -0.07368421052632057,
"min": -4.899999999999636,
"min_diff": -2.299999999999727,
"std": 2.8782893597405597,
"std_diff": 1.305390486149507
},
"steering_speed": {
"max": 9.900000000000272,
"max_diff": 17.90000000000009,
"mean": -0.6897435897433875,
"mean_diff": -0.20789473684210766,
"min": -15.999999999999819,
"min_diff": -16.0,
"std": 4.75323344044685,
"std_diff": 6.559259488810586
},
"throttle": {
"max": 193,
"max_diff": 78.0,
"mean": 77.15384615384616,
"mean_diff": -5.078947368421052,
"min": 0,
"min_diff": -115.0,
"std": 57.936542855331076,
"std_diff": 35.36901824370513
},
"utime": {
"max": 1535729318205347,
"max_diff": 1000114.0,
"mean": 1535729308615903.8,
"mean_diff": 513150.0263157895,
"min": 1535729298705646,
"min_diff": 498971.0,
"std": 5756500.311365553,
"std_diff": 80057.51144727698
},
"vehicle_speed": {
"max": 28.12,
"max_diff": 0.5899999999999999,
"mean": 25.005641025641026,
"mean_diff": -0.3594736842105264,
"min": 13.44,
"min_diff": -1.4200000000000017,
"std": 3.894262574524545,
"std_diff": 0.5388142310882934
},
"yaw_rate": {
"max": 0.6000000000000227,
"max_diff": 0.6999999999999886,
"mean": -0.13333333333330827,
"mean_diff": -0.005263157894736543,
"min": -1.1999999999999886,
"min_diff": -0.799999999999983,
"std": 0.3778029152018871,
"std_diff": 0.32031840115163895
}
}
},
"ZOE_VEH_INFO": {
"message_count": 1937,
"message_freq": 99.59586292051165,
"timespan": 19.448599,
"var_stats": {
"FL_wheel_speed": {
"max": 247.9065,
"max_diff": 3.2942999999999927,
"mean": 222.5964944759938,
"mean_diff": -0.058759090909090914,
"min": 122.4312,
"min_diff": -3.294300000000021,
"std": 30.34384933734328,
"std_diff": 0.4949187531932862
},
"FR_wheel_speed": {
"max": 247.65630000000002,
"max_diff": 4.670400000000001,
"mean": 222.75115260712442,
"mean_diff": -0.05804829545454546,
"min": 122.8899,
"min_diff": -4.670400000000001,
"std": 30.472198527734342,
"std_diff": 0.47922908647271667
},
"RL_wheel_speed": {
"max": 246.7389,
"max_diff": 4.920600000000007,
"mean": 222.09973273102736,
"mean_diff": -0.05852215909090909,
"min": 122.6814,
"min_diff": -4.003200000000021,
"std": 30.14975831162873,
"std_diff": 0.5125162736981747
},
"RR_wheel_speed": {
"max": 251.868,
"max_diff": 3.461100000000016,
"mean": 226.44370160041302,
"mean_diff": -0.05936219008264463,
"min": 124.5579,
"min_diff": -3.7112999999999943,
"std": 30.886618863452373,
"std_diff": 0.44462116281817005
},
"left_solar": {
"max": 0,
"max_diff": 80.0,
"mean": -75.4568921011874,
"mean_diff": 0.0,
"min": -80,
"min_diff": -80.0,
"std": 18.5150966112725,
"std_diff": 3.6363636363636362
},
"longitudinal_accel": {
"max": 0.40000000000000036,
"max_diff": 0.5999999999999996,
"mean": -0.22157976251935918,
"mean_diff": -0.0005423553719008259,
"min": -1.1500000000000004,
"min_diff": -0.4499999999999993,
"std": 0.34714557396477114,
"std_diff": 0.06206222936263636
},
"meanEffTorque": {
"max": 25.5,
"max_diff": 2.0,
"mean": -4.943985544656686,
"mean_diff": -0.03512396694214876,
"min": -48.5,
"min_diff": -3.0,
"std": 20.993344969429476,