{
"MS_IMU": {
"message_count": 1941,
"message_freq": 99.54548077108001,
"timespan": 19.498625,
"var_stats": {
"linear_accel": {
"max": 11.250327110290527,
"max_diff": 11.228751765564084,
"mean": 3.0777895195364207,
"mean_diff": 5.105133151986811,
"min": -1.5299707651138306,
"min_diff": -0.6874544322490692,
"std": 4.7521104229956235,
"std_diff": 4.809120155437832
},
"q": {
"max": 0.8804634213447571,
"max_diff": 0.6184846982359886,
"mean": 0.34177791802383006,
"mean_diff": -0.0959630145069334,
"min": -0.01616733707487583,
"min_diff": -0.8943128092214465,
"std": 0.3649491360025154,
"std_diff": 0.5755297561174528
},
"rotation_rate": {
"max": 0.07472462207078934,
"max_diff": 0.1384412795305252,
"mean": 0.005076538496644131,
"mean_diff": 0.007156990705562178,
"min": -0.08653846383094788,
"min_diff": -0.0778278149664402,
"std": 0.018760761488012524,
"std_diff": 0.02474208606684796
},
"utime": {
"max": 1533280173221289,
"max_diff": 50001.0,
"mean": 1533280163454100.8,
"mean_diff": 10050.83762886598,
"min": 1533280153722664,
"min_diff": 1940.0,
"std": 5642208.175560873,
"std_diff": 5619.781352914315
}
}
},
"POSE": {
"message_count": 968,
"message_freq": 49.637240483251354,
"timespan": 19.501487,
"var_stats": {
"accel": {
"max": 10.442838926015396,
"max_diff": 10.437358360687515,
"mean": 3.07571118703476,
"mean_diff": 5.108120503149435,
"min": -1.4520398974408195,
"min_diff": -0.5366353488614437,
"std": 4.751872005917382,
"std_diff": 4.805162912463843
},
"orientation": {
"max": 0.991607094320682,
"max_diff": 0.991607094320682,
"mean": 0.29467664892267664,
"mean_diff": 0.25936321618281377,
"min": 0.0,
"min_diff": -0.28450232582754503,
"std": 0.40393770878651764,
"std_diff": 0.5158139736616684
},
"pos": {
"max": 975.6105168710856,
"max_diff": 640.4429220928689,
"mean": 443.1025485131712,
"mean_diff": -184.41708569181236,
"min": 0.0,
"min_diff": -975.6105168710856,
"std": 396.16833829254745,
"std_diff": 776.8891196742599
},
"rotation_rate": {
"max": 0.07417027652263641,
"max_diff": 0.1348508894443512,
"mean": 0.005123338336591148,
"mean_diff": 0.00714657570927372,
"min": -0.08062216639518738,
"min_diff": -0.07172227278351784,
"std": 0.01870953394118197,
"std_diff": 0.024519062284624527
},
"utime": {
"max": 1533280173204840,
"max_diff": 40466.0,
"mean": 1533280163446194.8,
"mean_diff": 20166.997931747672,
"min": 1533280153703353,
"min_diff": 15835.0,
"std": 5636021.83240186,
"std_diff": 1857.9033172621093
},
"vel": {
"max": 9.957899819303147,
"max_diff": 0.0,
"mean": 1.955790769360426,
"mean_diff": -2.9336861540406383,
"min": 0.0,
"min_diff": -9.957899819303147,
"std": 3.4838522425817082,
"std_diff": 3.9162483989241297
}
}
},
"SteerAngleFeedback": {
"message_count": 1911,
"message_freq": 97.93247179406447,
"timespan": 19.513446,
"var_stats": {
"utime": {
"max": 1533280173213997,
"max_diff": 30126.0,
"mean": 1533280163461403.8,
"mean_diff": 10216.463874345549,
"min": 1533280153700551,
"min_diff": 4870.0,
"std": 5637161.213435912,
"std_diff": 1634.6833481426722
},
"value": {
"max": 1.219985147144038,
"max_diff": 0.020943951023936647,
"mean": 0.41545229344908263,
"mean_diff": 0.0006634078727475821,
"min": -0.04712388980384372,
"min_diff": -0.008726646259971632,
"std": 0.5237404003342088,
"std_diff": 0.0025251342207800623
}
}
},
"VEHICLE_MONITOR": {
"message_count": 40,
"message_freq": 2.051246075581649,
"timespan": 19.500342,
"var_stats": {
"available_distance": {
"max": 141,
"max_diff": 0.0,
"mean": 141.0,
"mean_diff": 0.0,
"min": 141,
"min_diff": 0.0,
"std": 0.0,
"std_diff": 0.0
},
"battery_level": {
"max": 98,
"max_diff": 0.0,
"mean": 98.0,
"mean_diff": 0.0,
"min": 98,
"min_diff": 0.0,
"std": 0.0,
"std_diff": 0.0
},
"brake": {
"max": 10,
"max_diff": 9.0,
"mean": 1.025,
"mean_diff": 0.0,
"min": 0,
"min_diff": -3.0,
"std": 2.4340039030371337,
"std_diff": 1.6486202467362574
},
"brake_switch": {
"max": 4,
"max_diff": 2.0,
"mean": 1.85,
"mean_diff": 0.0,
"min": 1,
"min_diff": -3.0,
"std": 1.3332291625973383,
"std_diff": 0.5991446895152781
},
"gear_position": {
"max": 7,
"max_diff": 0.0,
"mean": 7.0,
"mean_diff": 0.0,
"min": 7,
"min_diff": 0.0,
"std": 0.0,
"std_diff": 0.0
},
"left_signal": {
"max": 1,
"max_diff": 1.0,
"mean": 0.475,
"mean_diff": -0.02564102564102564,
"min": 0,
"min_diff": -1.0,
"std": 0.49937460888595453,
"std_diff": 0.7333512639012868
},
"rear_left_rpm": {
"max": 314.2512,
"max_diff": 0.0,
"mean": 181.872465,
"mean_diff": -8.057723076923077,
"min": 0.0,
"min_diff": -22.643099999999997,
"std": 117.78077744512164,
"std_diff": 6.888562858731728
},
"rear_right_rpm": {
"max": 313.7925,
"max_diff": 0.0,
"mean": 182.54591999999997,
"mean_diff": -8.045961538461539,
"min": 0.0,
"min_diff": -23.852400000000003,
"std": 117.83826276497841,
"std_diff": 6.888889634380461
},
"right_signal": {
"max": 0,
"max_diff": 0.0,
"mean": 0.0,
"mean_diff": 0.0,
"min": 0,
"min_diff": 0.0,
"std": 0.0,
"std_diff": 0.0
},
"steering": {
"max": 69.90000000000009,
"max_diff": 30.199999999999818,
"mean": 24.15,
"mean_diff": 1.8615384615384591,
"min": -2.699999999999818,
"min_diff": -6.5,
"std": 30.225270883815128,
"std_diff": 6.314680306771325
},
"steering_speed": {
"max": 59.70000000000046,
"max_diff": 27.900000000000095,
"mean": 3.5100000000002183,
"mean_diff": 0.05128205128205128,
"min": -21.99999999999982,
"min_diff": -37.90000000000009,
"std": 13.163069550830516,
"std_diff": 10.365175219488776
},
"throttle": {
"max": 63,
"max_diff": 0.0,
"mean": 16.05,
"mean_diff": -1.6153846153846154,
"min": 0,
"min_diff": -50.0,
"std": 24.673822160338272,
"std_diff": 7.950537426167585
},
"utime": {
"max": 1533280173236525,
"max_diff": 501063.0,
"mean": 1533280163486724.0,
"mean_diff": 500008.76923076925,
"min": 1533280153736183,
"min_diff": 499189.0,
"std": 5771680.070983173,
"std_diff": 402.59991348149305
},
"vehicle_speed": {
"max": 35.82,
"max_diff": 0.0,
"mean": 20.90425,
"mean_diff": -0.9184615384615387,
"min": 0.0,
"min_diff": -2.6800000000000006,
"std": 13.387407121526557,
"std_diff": 0.7779247160910403
},
"yaw_rate": {
"max": 3.8000000000000114,
"max_diff": 2.0,
"mean": 0.6575000000000237,
"mean_diff": 0.02564102564102564,
"min": -0.9999999999999716,
"min_diff": -1.4000000000000057,
"std": 1.2893578828238488,
"std_diff": 0.6728119136411075
}
}
},
"ZOE_VEH_INFO": {
"message_count": 1935,
"message_freq": 99.21856280347869,
"timespan": 19.502399,
"var_stats": {
"FL_wheel_speed": {
"max": 315.9192,
"max_diff": 1.876499999999993,
"mean": 183.35543875968995,
"mean_diff": -0.16322078593588416,
"min": 0.0,
"min_diff": -3.5028000000000077,
"std": 116.81634983521514,
"std_diff": 0.4868444278736332
},
"FR_wheel_speed": {
"max": 314.7099,
"max_diff": 2.793900000000008,
"mean": 183.66893224806202,
"mean_diff": -0.16212114788004137,
"min": 0.0,
"min_diff": -3.5028,
"std": 116.64675632864406,
"std_diff": 0.47730341843503277
},
"RL_wheel_speed": {
"max": 314.7099,
"max_diff": 2.335199999999986,
"mean": 183.04914310077518,
"mean_diff": -0.1627248707342296,
"min": 0.0,
"min_diff": -4.878899999999987,
"std": 116.54725615537971,
"std_diff": 0.5471044933427632
},
"RR_wheel_speed": {
"max": 314.7099,
"max_diff": 3.085800000000006,
"mean": 183.76356,
"mean_diff": -0.1627248707342296,
"min": 0.0,
"min_diff": -3.7112999999999943,
"std": 116.61670027781705,
"std_diff": 0.559257279469815
},
"left_solar": {
"max": 32,
"max_diff": 144.0,
"mean": -54.51576227390181,
"mean_diff": 0.0,
"min": -112,
"min_diff": -144.0,
"std": 57.32313443292162,
"std_diff": 14.203135532170046
},
"longitudinal_accel": {
"max": 0.5500000000000007,
"max_diff": 0.6500000000000004,
"mean": -0.33222222222222164,
"mean_diff": 0.00020682523267838603,
"min": -1.4499999999999993,
"min_diff": -0.3500000000000014,
"std": 0.4497018503796211,
"std_diff": 0.0592303151488346
},
"meanEffTorque": {
"max": 33.5,
"max_diff": 1.0,
"mean": -14.015503875968992,
"mean_diff": 0.015511892450879007,
"min": -65.5,
"min_diff": -0.5,
"std": 21.888335771226746,
"std_diff": 0.21636109083410848
},
"odom": {
"max": 124,
"max_diff": 84.0,
"mean": 83.64237726098192,