{
"MS_IMU": {
"message_count": 1948,
"message_freq": 99.9018828120144,
"timespan": 19.499132,
"var_stats": {
"linear_accel": {
"max": 12.0078706741333,
"max_diff": 13.413673877716064,
"mean": 2.9688862148571604,
"mean_diff": 5.1186927324634395,
"min": -2.671684980392456,
"min_diff": -2.931564688682556,
"std": 4.852082742451768,
"std_diff": 5.190736751280038
},
"q": {
"max": 0.22808589041233063,
"max_diff": 1.0210617389529943,
"mean": -0.2537985280736731,
"mean_diff": 0.2932089317246838,
"min": -0.9997320175170898,
"min_diff": -0.48261239752173424,
"std": 0.4307973112705824,
"std_diff": 0.5026649412700719
},
"rotation_rate": {
"max": 0.11553573608398438,
"max_diff": 0.14005274139344692,
"mean": -0.02469334791062799,
"mean_diff": -0.03825908043826701,
"min": -0.39616039395332336,
"min_diff": -0.4284413382411003,
"std": 0.07869190585202882,
"std_diff": 0.09531357879741972
},
"utime": {
"max": 1533582905701467,
"max_diff": 24313.0,
"mean": 1533582895944601.0,
"mean_diff": 10014.962506420134,
"min": 1533582886202335,
"min_diff": 2589.0,
"std": 5630320.432949984,
"std_diff": 4142.066179501332
}
}
},
"POSE": {
"message_count": 971,
"message_freq": 49.79785966645178,
"timespan": 19.49883,
"var_stats": {
"accel": {
"max": 10.69313442673802,
"max_diff": 12.414210390572237,
"mean": 2.968109920367169,
"mean_diff": 5.120855099416556,
"min": -2.3003216346491024,
"min_diff": -2.498870394194315,
"std": 4.845974961673663,
"std_diff": 5.1738933979637665
},
"orientation": {
"max": 0.9646976102810414,
"max_diff": 0.9646976102810414,
"mean": 0.3344776923455144,
"mean_diff": 0.031018071761956745,
"min": 0.0,
"min_diff": -0.8491239148046631,
"std": 0.3716512791895374,
"std_diff": 0.5765164460425248
},
"pos": {
"max": 1673.906666494389,
"max_diff": 1241.5441824774691,
"mean": 689.2789722247182,
"mean_diff": -212.37778296022762,
"min": 0.0,
"min_diff": -1673.906666494389,
"std": 696.4672245250557,
"std_diff": 1430.8256641987634
},
"rotation_rate": {
"max": 0.11553573608398438,
"max_diff": 0.13630507420748472,
"mean": -0.024695482937465065,
"mean_diff": -0.03822974481378731,
"min": -0.39616039395332336,
"min_diff": -0.42654554918408394,
"std": 0.07858794590599297,
"std_diff": 0.09502433365381123
},
"utime": {
"max": 1533582905705418,
"max_diff": 40396.0,
"mean": 1533582895964246.5,
"mean_diff": 20101.886597938144,
"min": 1533582886206588,
"min_diff": 17351.0,
"std": 5625164.583380028,
"std_diff": 1533.6786170974785
},
"vel": {
"max": 6.35222312983669,
"max_diff": 0.0,
"mean": 1.2576195690464353,
"mean_diff": -1.8864293535696532,
"min": 0.0,
"min_diff": -6.35222312983669,
"std": 1.8549564808198546,
"std_diff": 1.9937627951356107
}
}
},
"SteerAngleFeedback": {
"message_count": 1937,
"message_freq": 99.27021783791002,
"timespan": 19.512398,
"var_stats": {
"utime": {
"max": 1533582905709668,
"max_diff": 30695.0,
"mean": 1533582895960232.8,
"mean_diff": 10078.717975206611,
"min": 1533582886197270,
"min_diff": 4157.0,
"std": 5622617.267415125,
"std_diff": 1160.4845912711285
},
"value": {
"max": 0.010543951023936717,
"max_diff": 0.034906585039886584,
"mean": -0.8734783803017736,
"mean_diff": -6.130288695021563e-05,
"min": -4.309145947662029,
"min_diff": -0.04537856055185108,
"std": 1.274449045173206,
"std_diff": 0.008529661169814533
}
}
},
"VEHICLE_MONITOR": {
"message_count": 38,
"message_freq": 1.948757723362764,
"timespan": 19.499602,
"var_stats": {
"available_distance": {
"max": 27,
"max_diff": 0.0,
"mean": 27.0,
"mean_diff": 0.0,
"min": 27,
"min_diff": 0.0,
"std": 0.0,
"std_diff": 0.0
},
"battery_level": {
"max": 45,
"max_diff": 0.0,
"mean": 45.0,
"mean_diff": 0.0,
"min": 45,
"min_diff": 0.0,
"std": 0.0,
"std_diff": 0.0
},
"brake": {
"max": 4,
"max_diff": 4.0,
"mean": 0.3157894736842105,
"mean_diff": 0.10810810810810811,
"min": 0,
"min_diff": 0.0,
"std": 1.0786263964168,
"std_diff": 0.6486486486486487
},
"brake_switch": {
"max": 4,
"max_diff": 2.0,
"mean": 1.631578947368421,
"mean_diff": -0.05405405405405406,
"min": 1,
"min_diff": -2.0,
"std": 1.0110196164367655,
"std_diff": 0.6953881259604652
},
"gear_position": {
"max": 7,
"max_diff": 0.0,
"mean": 7.0,
"mean_diff": 0.0,
"min": 7,
"min_diff": 0.0,
"std": 0.0,
"std_diff": 0.0
},
"left_signal": {
"max": 0,
"max_diff": 0.0,
"mean": 0.0,
"mean_diff": 0.0,
"min": 0,
"min_diff": 0.0,
"std": 0.0,
"std_diff": 0.0
},
"rear_left_rpm": {
"max": 192.7374,
"max_diff": 11.926199999999994,
"mean": 118.07464736842104,
"mean_diff": -3.775540540540541,
"min": 53.0424,
"min_diff": -37.8219,
"std": 29.23580856051753,
"std_diff": 9.383867833579403
},
"rear_right_rpm": {
"max": 196.2819,
"max_diff": 12.134699999999995,
"mean": 116.66343157894737,
"mean_diff": -3.853305405405405,
"min": 53.7096,
"min_diff": -39.03120000000001,
"std": 30.201964273720808,
"std_diff": 9.679385127471514
},
"right_signal": {
"max": 1,
"max_diff": 1.0,
"mean": 0.23684210526315788,
"mean_diff": -0.02702702702702703,
"min": 0,
"min_diff": -1.0,
"std": 0.42514459003693444,
"std_diff": 0.492455869142935
},
"steering": {
"max": 1.2000000000002728,
"max_diff": 55.80000000000018,
"mean": -51.12631578947351,
"mean_diff": -0.19729729729730222,
"min": -246.29999999999973,
"min_diff": -54.70000000000027,
"std": 73.77734884241956,
"std_diff": 22.497993742223525
},
"steering_speed": {
"max": 157.30000000000035,
"max_diff": 121.59999999999991,
"mean": -0.8736842105260444,
"mean_diff": -0.1594594594594619,
"min": -139.49999999999983,
"min_diff": -157.30000000000018,
"std": 50.85184716517981,
"std_diff": 44.68000011771075
},
"throttle": {
"max": 198,
"max_diff": 93.0,
"mean": 32.526315789473685,
"mean_diff": 0.0,
"min": 0,
"min_diff": -194.0,
"std": 60.48563850513576,
"std_diff": 44.12022885927264
},
"utime": {
"max": 1533582905804740,
"max_diff": 1000390.0,
"mean": 1533582896081418.5,
"mean_diff": 527016.2702702703,
"min": 1533582886305138,
"min_diff": 498979.0,
"std": 5569556.593698389,
"std_diff": 113100.27490483203
},
"vehicle_speed": {
"max": 22.21,
"max_diff": 1.33,
"mean": 13.466842105263158,
"mean_diff": -0.4340540540540541,
"min": 6.15,
"min_diff": -4.34,
"std": 3.315709105124588,
"std_diff": 1.0596441510280181
},
"yaw_rate": {
"max": -0.0999999999999659,
"max_diff": 4.899999999999977,
"mean": -4.67631578947366,
"mean_diff": -0.010810810810810964,
"min": -22.399999999999977,
"min_diff": -5.199999999999989,
"std": 6.608265725610392,
"std_diff": 2.1486367499245587
}
}
},
"ZOE_VEH_INFO": {
"message_count": 1948,
"message_freq": 99.8872473982013,
"timespan": 19.501989,
"var_stats": {
"FL_wheel_speed": {
"max": 197.4495,
"max_diff": 18.931799999999996,
"mean": 119.7651614476386,
"mean_diff": -0.07382634822804313,
"min": 53.7096,
"min_diff": -19.140299999999996,
"std": 28.729121953544094,
"std_diff": 1.1355840598200917
},
"FR_wheel_speed": {
"max": 195.7815,
"max_diff": 25.895700000000005,
"mean": 116.16352731006161,
"mean_diff": -0.07273405238828969,
"min": 53.9598,
"min_diff": -23.143500000000003,
"std": 29.093371660163776,
"std_diff": 1.3113778473604307
},
"RL_wheel_speed": {
"max": 196.94910000000002,
"max_diff": 7.214100000000002,
"mean": 119.0603501026694,
"mean_diff": -0.07356933744221882,
"min": 53.7096,
"min_diff": -7.255800000000008,
"std": 28.798867759535916,
"std_diff": 0.6674320671442233
},
"RR_wheel_speed": {
"max": 200.0349,
"max_diff": 5.379300000000001,
"mean": 117.6449476386037,
"mean_diff": -0.07466163328197226,
"min": 54.6687,
"min_diff": -12.13470000000001,
"std": 29.89651177618713,
"std_diff": 0.5852976927023501
},
"left_solar": {
"max": 32,
"max_diff": 112.0,
"mean": -23.137577002053387,
"mean_diff": 0.0,
"min": -112,
"min_diff": -144.0,
"std": 38.701452528356675,
"std_diff": 5.869318166280588
},
"longitudinal_accel": {
"max": 0.5500000000000007,
"max_diff": 1.700000000000001,
"mean": -0.4966632443531822,
"mean_diff": 0.00059065228556754,
"min": -1.799999999999999,
"min_diff": -1.7500000000000018,
"std": 0.47940024511312634,
"std_diff": 0.10530807093837587
},
"meanEffTorque": {
"max": 37.5,
"max_diff": 1.5,
"mean": -16.532084188911703,