{
"MS_IMU": {
"message_count": 1947,
"message_freq": 99.84687069548191,
"timespan": 19.49986,
"var_stats": {
"linear_accel": {
"max": 13.737666130065918,
"max_diff": 14.06679680943489,
"mean": 3.269461435259236,
"mean_diff": 4.858319852910456,
"min": -2.4520373344421387,
"min_diff": -2.656509816646576,
"std": 4.660727295822126,
"std_diff": 5.038042923529935
},
"q": {
"max": 0.023120108991861343,
"max_diff": 0.9328926466405392,
"mean": -0.33211610253438545,
"mean_diff": 0.15861192342557842,
"min": -0.9197293519973755,
"min_diff": -0.4751033177599311,
"std": 0.3737631762971488,
"std_diff": 0.5566343559964629
},
"rotation_rate": {
"max": 0.33350974321365356,
"max_diff": 0.330616905586794,
"mean": 0.0007418954035920309,
"mean_diff": 1.4820768480921987e-05,
"min": -0.3014746308326721,
"min_diff": -0.332469702931121,
"std": 0.04574419658473132,
"std_diff": 0.07220502481302517
},
"utime": {
"max": 1542799561657563,
"max_diff": 35002.0,
"mean": 1542799551915092.0,
"mean_diff": 10020.48304213772,
"min": 1542799542157703,
"min_diff": 1845.0,
"std": 5629596.7004810795,
"std_diff": 5546.739604715385
}
}
},
"POSE": {
"message_count": 974,
"message_freq": 49.95219667092714,
"timespan": 19.498642,
"var_stats": {
"accel": {
"max": 12.370140388084037,
"max_diff": 12.605022268542083,
"mean": 3.2665713553920996,
"mean_diff": 4.860756991038871,
"min": -2.2956974892423014,
"min_diff": -2.3568271901198248,
"std": 4.648795935744034,
"std_diff": 5.012100778833448
},
"orientation": {
"max": 0.956866828729109,
"max_diff": 0.956866828729109,
"mean": 0.3190095205842429,
"mean_diff": 0.20303484406067324,
"min": 0.0,
"min_diff": -0.3711558460450775,
"std": 0.38501029307878437,
"std_diff": 0.540472187471836
},
"pos": {
"max": 2624.3164605588818,
"max_diff": 1205.112502080222,
"mean": 1352.5459971022544,
"mean_diff": -747.4797713939264,
"min": 0.0,
"min_diff": -2624.3164605588818,
"std": 1051.5383295677946,
"std_diff": 1816.2261834519745
},
"rotation_rate": {
"max": 0.33350974321365356,
"max_diff": 0.330616905586794,
"mean": 0.000681733198708147,
"mean_diff": 5.921475547782232e-05,
"min": -0.3004849851131439,
"min_diff": -0.332469702931121,
"std": 0.04570727722741282,
"std_diff": 0.07215668713721238
},
"utime": {
"max": 1542799561655877,
"max_diff": 40457.0,
"mean": 1542799551901872.0,
"mean_diff": 20039.714285714286,
"min": 1542799542157235,
"min_diff": 16230.0,
"std": 5636095.447662503,
"std_diff": 1043.911717418207
},
"vel": {
"max": 11.116637582540834,
"max_diff": 0.0,
"mean": 3.0706854214825423,
"mean_diff": -4.6060281322238135,
"min": 0.0,
"min_diff": -11.116637582540834,
"std": 4.4694230299646,
"std_diff": 4.784535673697904
}
}
},
"SteerAngleFeedback": {
"message_count": 1926,
"message_freq": 98.74381563022317,
"timespan": 19.505019,
"var_stats": {
"utime": {
"max": 1542799561655895,
"max_diff": 29568.0,
"mean": 1542799551936043.5,
"mean_diff": 10132.477402597402,
"min": 1542799542150876,
"min_diff": 7565.0,
"std": 5634516.583152591,
"std_diff": 1316.2112044364926
},
"value": {
"max": 0.4014257279586958,
"max_diff": 0.0174532925199433,
"mean": 0.02668921969353206,
"mean_diff": -0.0001577596310893585,
"min": -0.2670353755551277,
"min_diff": -0.006981317007978938,
"std": 0.14845857910955776,
"std_diff": 0.001989095557311085
}
}
},
"VEHICLE_MONITOR": {
"message_count": 40,
"message_freq": 2.051191693658213,
"timespan": 19.500859,
"var_stats": null
},
"ZOE_VEH_INFO": {
"message_count": 1949,
"message_freq": 99.90540511308585,
"timespan": 19.508454,
"var_stats": {
"FL_wheel_speed": {
"max": 353.7411,
"max_diff": 3.502800000000036,
"mean": 291.9618974345819,
"mean_diff": 0.01509163244353182,
"min": 145.5747,
"min_diff": -6.546899999999994,
"std": 58.062118485437004,
"std_diff": 0.692662802682906
},
"FR_wheel_speed": {
"max": 352.5735,
"max_diff": 4.0031999999999925,
"mean": 291.67329235505383,
"mean_diff": 0.013421919917864468,
"min": 146.0334,
"min_diff": -3.961500000000001,
"std": 58.07399749334652,
"std_diff": 0.6930682046973679
},
"RL_wheel_speed": {
"max": 353.2824,
"max_diff": 4.628699999999981,
"mean": 290.90882801436635,
"mean_diff": 0.015712422997946625,
"min": 141.57150000000001,
"min_diff": -3.961500000000001,
"std": 58.06222393862909,
"std_diff": 0.7990589859441881
},
"RR_wheel_speed": {
"max": 350.9055,
"max_diff": 3.7530000000000427,
"mean": 290.9572462288353,
"mean_diff": 0.014620687885010265,
"min": 143.448,
"min_diff": -5.629500000000007,
"std": 58.11799442672074,
"std_diff": 0.7709722710573722
},
"left_solar": {
"max": 0,
"max_diff": 0.0,
"mean": 0.0,
"mean_diff": 0.0,
"min": 0,
"min_diff": 0.0,
"std": 0.0,
"std_diff": 0.0
},
"longitudinal_accel": {
"max": 2.5,
"max_diff": 0.6000000000000014,
"mean": 0.12152385838891805,
"mean_diff": 0.00046201232032854183,
"min": -2.3999999999999995,
"min_diff": -0.5,
"std": 0.9318090599679588,
"std_diff": 0.08137544553482726
},
"meanEffTorque": {
"max": 112.5,
"max_diff": 4.0,
"mean": 12.729348383786558,
"mean_diff": 0.028490759753593428,
"min": -125.0,
"min_diff": -3.0,
"std": 55.258826974339705,
"std_diff": 0.6608239376783069
},
"odom": {
"max": 124,
"max_diff": 84.0,
"mean": 108.29143150333505,
"mean_diff": 0.059548254620123205,
"min": 0,
"min_diff": -76.0,
"std": 32.34240288815657,
"std_diff": 9.461287501827117
},
"odom_speed": {
"max": 40.0,
"max_diff": 1.0,
"mean": 32.65623396613648,
"mean_diff": 0.001540041067761807,
"min": 16.0,
"min_diff": -1.0,
"std": 6.582299630330861,
"std_diff": 0.1553220471636633
},
"pedal_cc": {
"max": 462.0,
"max_diff": 26.0,
"mean": 155.4391995895331,
"mean_diff": 0.0,
"min": 0.0,
"min_diff": -33.0,
"std": 138.76151983508512,
"std_diff": 2.6001500509536624
},
"regen": {
"max": 60.0,
"max_diff": 2.0,
"mean": 14.721395587480758,
"mean_diff": 0.002566735112936345,
"min": 0.0,
"min_diff": -8.0,
"std": 22.887927340848943,
"std_diff": 0.6217264027521057
},
"requestedTorqueAfterProc": {
"max": -272.5,
"max_diff": 125.5,
"mean": -326.613648024628,
"mean_diff": -0.0002566735112936345,
"min": -398.5,
"min_diff": -125.0,
"std": 42.13064581829321,
"std_diff": 6.876598185405575
},
"right_solar": {
"max": 0,
"max_diff": 0.0,
"mean": 0.0,
"mean_diff": 0.0,
"min": 0,
"min_diff": 0.0,
"std": 0.0,
"std_diff": 0.0
},
"steer_corrected": {
"max": 23.0,
"max_diff": 0.900000000000091,
"mean": 1.5146741918934503,
"mean_diff": -0.008932238193018527,
"min": -15.299999999999727,
"min_diff": -0.8000000000001819,
"std": 8.471183166305744,
"std_diff": 0.12062588969454383
},
"steer_offset_can": {
"max": -13.300000000000182,
"max_diff": 0.0,
"mean": -13.300000000000182,
"mean_diff": 0.0,
"min": -13.300000000000182,
"min_diff": 0.0,
"std": 0.0,
"std_diff": 0.0
},
"steer_raw": {
"max": 9.699999999999818,
"max_diff": 0.900000000000091,
"mean": -11.785325808106732,
"mean_diff": -0.008932238193018527,
"min": -28.59999999999991,
"min_diff": -0.8000000000001819,
"std": 8.471183166305744,
"std_diff": 0.12062588969454383
},
"transversal_accel": {
"max": -0.38399999999998613,
"max_diff": 0.056000000000011596,
"mean": -0.50998460749102,
"mean_diff": -1.0266940451736041e-05,
"min": -0.6159999999999854,
"min_diff": -0.04399999999998272,
"std": 0.04539874947266052,
"std_diff": 0.007346505778713855
},
"utime": {
"max": 1542799561658085,
"max_diff": 22981.0,
"mean": 1542799551907650.2,
"mean_diff": 10014.606776180699,
"min": 1542799542149631,
"min_diff": 2.0,
"std": 5630174.743133521,
"std_diff": 1578.8644050204996
}
}
},
"ZoeSensors": {
"message_count": 18714,
"message_freq": 959.744675299206,
"timespan": 19.498936,
"var_stats": {
"brake_sensor": {
"max": 0.38165414333343506,
"max_diff": 0.000871121883392334,
"mean": 0.2086471916519068,
"mean_diff": -3.4371252681177904e-06,
"min": 0.18954148888587952,
"min_diff": -0.0018111765384674072,
"std": 0.050104492939699374,
"std_diff": 0.00011478395929379608
},
"steering_sensor": {
"max": 0.19015321135520935,
"max_diff": 0.00043326616287231445,
"mean": 0.18848219203989744,
"mean_diff": 2.167926647263947e-08,
"min": 0.18751820921897888,
"min_diff": -0.000441133975982666,