{
"MS_IMU": {
"message_count": 1938,
"message_freq": 99.38478867091358,
"timespan": 19.499966,
"var_stats": {
"linear_accel": {
"max": 12.205596923828125,
"max_diff": 12.126575529575348,
"mean": 3.2512148840971093,
"mean_diff": 5.029383173264843,
"min": -2.3996663093566895,
"min_diff": -0.937186986207962,
"std": 4.662538391978051,
"std_diff": 4.614266204542162
},
"q": {
"max": 0.5210252404212952,
"max_diff": -0.0010575949563644826,
"mean": -0.09400768641479268,
"mean_diff": -0.4544724183298691,
"min": -0.8998869061470032,
"min_diff": -0.8893850380554795,
"std": 0.4910830609590765,
"std_diff": 0.3490616132495328
},
"rotation_rate": {
"max": 0.11047061532735825,
"max_diff": 0.12847787514328957,
"mean": 0.0016828575931458318,
"mean_diff": 0.0032687852559393844,
"min": -0.09106256067752838,
"min_diff": -0.11078185215592384,
"std": 0.02529224210745439,
"std_diff": 0.03356738810514259
},
"utime": {
"max": 1535729547949323,
"max_diff": 33983.0,
"mean": 1535729538177980.8,
"mean_diff": 10067.096541042849,
"min": 1535729528449357,
"min_diff": 1992.0,
"std": 5635463.86139872,
"std_diff": 4922.823828299603
}
}
},
"POSE": {
"message_count": 970,
"message_freq": 49.746441872923796,
"timespan": 19.498882,
"var_stats": {
"accel": {
"max": 10.648325856132724,
"max_diff": 10.741920290926908,
"mean": 3.2507016557505604,
"mean_diff": 5.028126076298243,
"min": -2.2038432557306784,
"min_diff": -0.549814212883095,
"std": 4.651420298145258,
"std_diff": 4.598283346412852
},
"orientation": {
"max": 0.9742278913379794,
"max_diff": 0.0,
"mean": 0.17773991334186987,
"mean_diff": -0.4073591662073336,
"min": -0.31985434959939174,
"min_diff": -0.9742278913379794,
"std": 0.4673419767207142,
"std_diff": 0.409135482499623
},
"pos": {
"max": 1367.668713017781,
"max_diff": 53.31382081475999,
"mean": 876.1215852221042,
"mean_diff": -664.1965409547713,
"min": 0.0,
"min_diff": -1330.7464097033192,
"std": 619.8194073469391,
"std_diff": 636.3952470468874
},
"rotation_rate": {
"max": 0.11047061532735825,
"max_diff": 0.1242709532380104,
"mean": 0.0014747108572900635,
"mean_diff": 0.003240930943299936,
"min": -0.0908212810754776,
"min_diff": -0.11078185215592384,
"std": 0.025110766312788507,
"std_diff": 0.03310347614172414
},
"utime": {
"max": 1535729547965343,
"max_diff": 40861.0,
"mean": 1535729538210933.2,
"mean_diff": 20122.68524251806,
"min": 1535729528466461,
"min_diff": 16378.0,
"std": 5648628.265521071,
"std_diff": 1660.522434170915
},
"vel": {
"max": 9.249014259338917,
"max_diff": 0.0,
"mean": 1.777097372053819,
"mean_diff": -2.665646058080729,
"min": 0.0,
"min_diff": -9.249014259338917,
"std": 2.748325222726275,
"std_diff": 2.993556579136212
}
}
},
"SteerAngleFeedback": {
"message_count": 1886,
"message_freq": 96.7026300295302,
"timespan": 19.503089,
"var_stats": {
"utime": {
"max": 1535729547950876,
"max_diff": 30402.0,
"mean": 1535729538154574.5,
"mean_diff": 10346.466312997347,
"min": 1535729528447787,
"min_diff": 3429.0,
"std": 5644798.93524251,
"std_diff": 2108.201160519394
},
"value": {
"max": 1.183405208364123,
"max_diff": 0.09075712110370993,
"mean": 0.052740941072947585,
"mean_diff": 1.8518082249276584e-05,
"min": -0.8900459430051357,
"min_diff": -0.024434609527922202,
"std": 0.371525915652584,
"std_diff": 0.006870696406198135
}
}
},
"VEHICLE_MONITOR": {
"message_count": 39,
"message_freq": 1.9994661937946208,
"timespan": 19.505206,
"var_stats": {
"available_distance": {
"max": 39,
"max_diff": 0.0,
"mean": 39.0,
"mean_diff": 0.0,
"min": 39,
"min_diff": 0.0,
"std": 0.0,
"std_diff": 0.0
},
"battery_level": {
"max": 41,
"max_diff": 0.0,
"mean": 41.0,
"mean_diff": 0.0,
"min": 41,
"min_diff": 0.0,
"std": 0.0,
"std_diff": 0.0
},
"brake": {
"max": 3,
"max_diff": 2.0,
"mean": 0.10256410256410256,
"mean_diff": 0.0,
"min": 0,
"min_diff": -3.0,
"std": 0.4958738360465057,
"std_diff": 0.6069769786668839
},
"brake_switch": {
"max": 4,
"max_diff": 3.0,
"mean": 1.5128205128205128,
"mean_diff": 0.0,
"min": 1,
"min_diff": -2.0,
"std": 1.0830108759970707,
"std_diff": 0.6069769786668839
},
"gear_position": {
"max": 7,
"max_diff": 0.0,
"mean": 7.0,
"mean_diff": 0.0,
"min": 7,
"min_diff": 0.0,
"std": 0.0,
"std_diff": 0.0
},
"left_signal": {
"max": 0,
"max_diff": 0.0,
"mean": 0.0,
"mean_diff": 0.0,
"min": 0,
"min_diff": 0.0,
"std": 0.0,
"std_diff": 0.0
},
"rear_left_rpm": {
"max": 291.6081,
"max_diff": 7.255800000000022,
"mean": 166.9796307692308,
"mean_diff": -3.702521052631578,
"min": 107.46090000000001,
"min_diff": -31.566900000000004,
"std": 60.238163901050484,
"std_diff": 8.777372503478473
},
"rear_right_rpm": {
"max": 296.0283,
"max_diff": 8.423400000000015,
"mean": 170.4696,
"mean_diff": -3.738734210526316,
"min": 109.0872,
"min_diff": -31.77540000000002,
"std": 61.774387780685146,
"std_diff": 8.829871812125388
},
"right_signal": {
"max": 1,
"max_diff": 1.0,
"mean": 0.07692307692307693,
"mean_diff": 0.0,
"min": 0,
"min_diff": -1.0,
"std": 0.26646935501059643,
"std_diff": 0.3244428422615251
},
"steering": {
"max": 68.20000000000027,
"max_diff": 72.70000000000027,
"mean": 3.5897435897437413,
"mean_diff": 0.07105263157895454,
"min": -50.09999999999991,
"min_diff": -30.40000000000009,
"std": 21.169763087125563,
"std_diff": 15.744454460551779
},
"steering_speed": {
"max": 171.30000000000035,
"max_diff": 165.4000000000001,
"mean": -2.994871794871547,
"mean_diff": 0.10526315789473684,
"min": -99.69999999999963,
"min_diff": -153.4000000000001,
"std": 38.80861620375337,
"std_diff": 46.72403273966261
},
"throttle": {
"max": 202,
"max_diff": 151.0,
"mean": 59.0,
"mean_diff": -0.15789473684210525,
"min": 0,
"min_diff": -202.0,
"std": 71.72490180168627,
"std_diff": 53.383185957155916
},
"utime": {
"max": 1535729548204851,
"max_diff": 999786.0,
"mean": 1535729538327635.2,
"mean_diff": 513294.8947368421,
"min": 1535729528699645,
"min_diff": 498780.0,
"std": 5794276.08959464,
"std_diff": 79984.74139674836
},
"vehicle_speed": {
"max": 33.22,
"max_diff": 0.8299999999999983,
"mean": 19.186666666666667,
"mean_diff": -0.41631578947368414,
"min": 12.47,
"min_diff": -3.349999999999998,
"std": 6.884918982944491,
"std_diff": 0.969224923796632
},
"yaw_rate": {
"max": 5.900000000000034,
"max_diff": 8.300000000000011,
"mean": 0.12564102564105203,
"mean_diff": 0.0,
"min": -4.999999999999972,
"min_diff": -2.1000000000000227,
"std": 2.0929329131220906,
"std_diff": 1.6285285576734303
}
}
},
"ZOE_VEH_INFO": {
"message_count": 1929,
"message_freq": 98.91965785387725,
"timespan": 19.500674,
"var_stats": {
"FL_wheel_speed": {
"max": 292.9842,
"max_diff": 7.464300000000037,
"mean": 167.17778600311044,
"mean_diff": -0.07174216804979253,
"min": 106.54350000000001,
"min_diff": -6.296700000000001,
"std": 60.494278878668865,
"std_diff": 0.6367341865295967
},
"FR_wheel_speed": {
"max": 293.2344,
"max_diff": 5.837999999999994,
"mean": 167.50552768273718,
"mean_diff": -0.07234776970954356,
"min": 104.70870000000001,
"min_diff": -7.672799999999995,
"std": 60.778251693596125,
"std_diff": 0.647728272331217
},
"RL_wheel_speed": {
"max": 292.77570000000003,
"max_diff": 5.629500000000007,
"mean": 166.82812426127526,
"mean_diff": -0.07174216804979253,
"min": 104.91720000000001,
"min_diff": -8.131500000000017,
"std": 60.571043983261596,
"std_diff": 0.6941083885854106
},
"RR_wheel_speed": {
"max": 298.1133,
"max_diff": 6.2967000000000155,
"mean": 170.32807076205287,
"mean_diff": -0.07308314315352696,
"min": 106.0848,
"min_diff": -6.338399999999979,
"std": 61.99082570065789,
"std_diff": 0.6444921424997015
},
"left_solar": {
"max": 32,
"max_diff": 112.0,
"mean": -10.633488854328668,
"mean_diff": 0.04149377593360996,
"min": -112,
"min_diff": -144.0,
"std": 30.66146424491673,
"std_diff": 5.841468958606184
},
"longitudinal_accel": {
"max": 0.7000000000000011,
"max_diff": 0.8499999999999996,
"mean": -0.29714878175220255,
"mean_diff": -7.780082987551886e-05,
"min": -2.3499999999999996,
"min_diff": -0.7000000000000011,
"std": 0.5867684467561942,
"std_diff": 0.0819165155740548
},
"meanEffTorque": {
"max": 36.0,
"max_diff": 5.5,