{
"MS_IMU": {
"message_count": 1958,
"message_freq": 99.90147612339415,
"timespan": 19.59931,
"var_stats": {
"linear_accel": {
"max": 12.198122024536133,
"max_diff": 11.930891156196594,
"mean": 3.3696186374957984,
"mean_diff": 4.831756314848624,
"min": -1.5463671684265137,
"min_diff": -1.8338933885097504,
"std": 4.554174375319443,
"std_diff": 4.744091164795915
},
"q": {
"max": 0.9995932579040527,
"max_diff": 0.5049532633274794,
"mean": 0.3151231455449863,
"mean_diff": -0.18037836691336107,
"min": -0.028748877346515656,
"min_diff": -1.0110209668055177,
"std": 0.38819765537900874,
"std_diff": 0.5586604371165266
},
"rotation_rate": {
"max": 0.15366432070732117,
"max_diff": 0.2169341966509819,
"mean": 0.017339933360109392,
"mean_diff": 0.02524395313838353,
"min": -0.10796989500522614,
"min_diff": -0.11830323562026024,
"std": 0.04232065556057752,
"std_diff": 0.053919484662148125
},
"utime": {
"max": 1538985869401051,
"max_diff": 24940.0,
"mean": 1538985859599744.8,
"mean_diff": 10014.977005620849,
"min": 1538985849801741,
"min_diff": 2974.0,
"std": 5662375.0000279825,
"std_diff": 4295.866247396004
}
}
},
"POSE": {
"message_count": 975,
"message_freq": 49.74341834628082,
"timespan": 19.600583,
"var_stats": {
"accel": {
"max": 10.689593731078809,
"max_diff": 11.198771310504645,
"mean": 3.37210178588921,
"mean_diff": 4.832262366759834,
"min": -0.8880331302124654,
"min_diff": -0.8431165941216012,
"std": 4.542089777176638,
"std_diff": 4.723457294522314
},
"orientation": {
"max": 0.9647296162810534,
"max_diff": 0.9647296162810534,
"mean": 0.32303197210248796,
"mean_diff": 0.17752548498036017,
"min": 0.0,
"min_diff": -0.6904328349509874,
"std": 0.38164164473963974,
"std_diff": 0.5493796824745354
},
"pos": {
"max": 2498.143272952501,
"max_diff": -981.4202769583273,
"mean": 1245.6080289201518,
"mean_diff": -1218.3857150006281,
"min": 0.0,
"min_diff": -1365.5926266455656,
"std": 996.2408848332979,
"std_diff": 107.8029314189476
},
"rotation_rate": {
"max": 0.15366432070732117,
"max_diff": 0.21467840671539307,
"mean": 0.01728493909381393,
"mean_diff": 0.02508101491080127,
"min": -0.10796989500522614,
"min_diff": -0.117069773375988,
"std": 0.04224951394308916,
"std_diff": 0.053876060399005256
},
"utime": {
"max": 1538985869412582,
"max_diff": 40715.0,
"mean": 1538985859641533.2,
"mean_diff": 20123.801848049283,
"min": 1538985849811999,
"min_diff": 17126.0,
"std": 5666651.6090237,
"std_diff": 1644.3035133143826
},
"vel": {
"max": 11.914071610122402,
"max_diff": 0.0,
"mean": 3.7530137022046275,
"mean_diff": -5.629520553306941,
"min": 0.0,
"min_diff": -11.914071610122402,
"std": 5.313082668146248,
"std_diff": 5.637325365023055
}
}
},
"SteerAngleFeedback": {
"message_count": 1933,
"message_freq": 98.59784479291419,
"timespan": 19.604891,
"var_stats": {
"utime": {
"max": 1538985869402888,
"max_diff": 40570.0,
"mean": 1538985859608709.2,
"mean_diff": 10147.45910973085,
"min": 1538985849797997,
"min_diff": 4207.0,
"std": 5671421.109766999,
"std_diff": 1534.5719002591718
},
"value": {
"max": 0.6544984694978736,
"max_diff": 0.005235987755986216,
"mean": 0.22570276450053406,
"mean_diff": -0.0001716421107033761,
"min": -0.03839724354387208,
"min_diff": -0.013962634015957764,
"std": 0.20704820246362904,
"std_diff": 0.0018045417094232983
}
}
},
"VEHICLE_MONITOR": {
"message_count": 40,
"message_freq": 2.0513631590254158,
"timespan": 19.499229,
"var_stats": null
},
"ZOE_VEH_INFO": {
"message_count": 1960,
"message_freq": 99.99793371616556,
"timespan": 19.600405,
"var_stats": {
"FL_wheel_speed": {
"max": 379.6785,
"max_diff": 10.049699999999973,
"mean": 355.4612462755102,
"mean_diff": -0.015006891271056668,
"min": 324.5511,
"min_diff": -10.967100000000016,
"std": 14.233303517952162,
"std_diff": 1.0126332425053692
},
"FR_wheel_speed": {
"max": 378.2607,
"max_diff": 7.255799999999965,
"mean": 357.3124071428571,
"mean_diff": -0.0160924961715161,
"min": 325.26,
"min_diff": -8.381700000000023,
"std": 12.9228722351484,
"std_diff": 1.0335817121404112
},
"RL_wheel_speed": {
"max": 378.5109,
"max_diff": 6.7971,
"mean": 353.97374770408163,
"mean_diff": -0.01477274119448698,
"min": 324.3009,
"min_diff": -6.588600000000042,
"std": 14.344737340465803,
"std_diff": 1.006851046401505
},
"RR_wheel_speed": {
"max": 377.5935,
"max_diff": 9.340799999999945,
"mean": 356.40085790816323,
"mean_diff": -0.016943950995405813,
"min": 325.7187,
"min_diff": -11.217299999999966,
"std": 12.933009238405118,
"std_diff": 1.1098250247203683
},
"left_solar": {
"max": 0,
"max_diff": 0.0,
"mean": 0.0,
"mean_diff": 0.0,
"min": 0,
"min_diff": 0.0,
"std": 0.0,
"std_diff": 0.0
},
"longitudinal_accel": {
"max": 1.1500000000000004,
"max_diff": 1.3499999999999996,
"mean": 0.17357142857142924,
"mean_diff": -0.0001020929045431348,
"min": -0.75,
"min_diff": -1.1500000000000004,
"std": 0.357882092087233,
"std_diff": 0.16080289168793319
},
"meanEffTorque": {
"max": 42.0,
"max_diff": 4.5,
"mean": 15.180867346938776,
"mean_diff": -0.021694742215416028,
"min": -31.0,
"min_diff": -0.5,
"std": 20.03642260685181,
"std_diff": 0.24420592890013326
},
"odom": {
"max": 124,
"max_diff": 0.0,
"mean": 124.0,
"mean_diff": 0.0,
"min": 124,
"min_diff": 0.0,
"std": 0.0,
"std_diff": 0.0
},
"odom_speed": {
"max": 42.0,
"max_diff": 1.0,
"mean": 39.984693877551024,
"mean_diff": -0.0015313935681470138,
"min": 37.0,
"min_diff": -1.0,
"std": 1.4828166826861342,
"std_diff": 0.08144749001070054
},
"pedal_cc": {
"max": 250.0,
"max_diff": 26.0,
"mean": 158.72857142857143,
"mean_diff": -0.07503828483920368,
"min": 0.0,
"min_diff": -26.0,
"std": 77.13362246313676,
"std_diff": 1.569224401779
},
"regen": {
"max": 60.0,
"max_diff": 1.0,
"mean": 7.353571428571429,
"mean_diff": 0.030627871362940276,
"min": 0.0,
"min_diff": -9.0,
"std": 16.843274788836194,
"std_diff": 0.4017333091982275
},
"requestedTorqueAfterProc": {
"max": -272.5,
"max_diff": 126.0,
"mean": -350.8951530612245,
"mean_diff": 0.04389994895354773,
"min": -398.5,
"min_diff": -126.0,
"std": 29.682831944096407,
"std_diff": 4.9299184857206235
},
"right_solar": {
"max": 0,
"max_diff": 0.0,
"mean": 0.0,
"mean_diff": 0.0,
"min": 0,
"min_diff": 0.0,
"std": 0.0,
"std_diff": 0.0
},
"steer_corrected": {
"max": 37.5,
"max_diff": 0.5,
"mean": 12.940714285714456,
"mean_diff": -0.009698825931597753,
"min": -2.199999999999818,
"min_diff": -0.5,
"std": 11.858292779867652,
"std_diff": 0.10538275192805988
},
"steer_offset_can": {
"max": -13.300000000000182,
"max_diff": 0.0,
"mean": -13.300000000000182,
"mean_diff": 0.0,
"min": -13.300000000000182,
"min_diff": 0.0,
"std": 0.0,
"std_diff": 0.0
},
"steer_raw": {
"max": 24.199999999999818,
"max_diff": 0.5,
"mean": -0.3592857142857258,
"mean_diff": -0.009698825931597753,
"min": -15.5,
"min_diff": -0.5,
"std": 11.858292779867652,
"std_diff": 0.10538275192805988
},
"transversal_accel": {
"max": -0.3240000000000123,
"max_diff": 0.07200000000000273,
"mean": -0.4803816326530606,
"mean_diff": -5.513016845329458e-05,
"min": -0.6159999999999854,
"min_diff": -0.07200000000000273,
"std": 0.05682577445343354,
"std_diff": 0.00842012119934336
},
"utime": {
"max": 1538985869406254,
"max_diff": 30903.0,
"mean": 1538985859607991.5,
"mean_diff": 10005.311383358856,
"min": 1538985849805849,
"min_diff": 2.0,
"std": 5662037.529509852,
"std_diff": 1921.5636121918849
}
}
},
"ZoeSensors": {
"message_count": 18747,
"message_freq": 956.550942728483,
"timespan": 19.598538,
"var_stats": {
"brake_sensor": {
"max": 0.23231647908687592,
"max_diff": 0.0005334913730621338,
"mean": 0.1840703754364449,
"mean_diff": 2.679178863048401e-06,
"min": 0.1817130148410797,
"min_diff": -2.6926398277282715e-05,
"std": 0.009647343459281026,
"std_diff": 2.2425028326810735e-05
},
"steering_sensor": {
"max": 0.18999961018562317,
"max_diff": 0.0006065517663955688,
"mean": 0.18843194984061346,
"mean_diff": 1.197593590880768e-08,
"min": 0.18737249076366425,
"min_diff": -0.0005750507116317749,
"std": 0.0002527854526752218,
"std_diff": 6.790252974352425e-05
},
"throttle_sensor": {
"max": 0.24932844936847687,