{
"MS_IMU": {
"message_count": 1905,
"message_freq": 99.78613291230046,
"timespan": 19.090829,
"var_stats": {
"linear_accel": {
"max": 12.0383939743042,
"max_diff": 13.134159326553345,
"mean": 3.365715869434725,
"mean_diff": 4.895499511264243,
"min": -1.829220175743103,
"min_diff": -1.7438271045684814,
"std": 4.56194449370709,
"std_diff": 4.62416344700605
},
"q": {
"max": 0.9698870182037354,
"max_diff": 0.9594610128551722,
"mean": 0.15664475559929433,
"mean_diff": 0.42425058913251756,
"min": -0.38893187046051025,
"min_diff": -0.007372906431555748,
"std": 0.4748288508021507,
"std_diff": 0.3771969489746286
},
"rotation_rate": {
"max": 0.11632726341485977,
"max_diff": 0.1532665230333805,
"mean": -6.271566862004282e-05,
"mean_diff": -0.0030406132064769577,
"min": -0.13393346965312958,
"min_diff": -0.1613231748342514,
"std": 0.029467537546149936,
"std_diff": 0.03653722359041655
},
"utime": {
"max": 1532708650149609,
"max_diff": 32953.0,
"mean": 1532708640608604.8,
"mean_diff": 10026.695903361344,
"min": 1532708631058780,
"min_diff": 1999.0,
"std": 5516280.014206547,
"std_diff": 4856.106486957663
}
}
},
"POSE": {
"message_count": 953,
"message_freq": 49.89602725527295,
"timespan": 19.099717,
"var_stats": {
"accel": {
"max": 10.9182483697756,
"max_diff": 11.625750093202564,
"mean": 3.3666744082477655,
"mean_diff": 4.89329218305104,
"min": -1.541586525581342,
"min_diff": -1.196193769552099,
"std": 4.5590587943784815,
"std_diff": 4.624138198601718
},
"orientation": {
"max": 0.9367314848285986,
"max_diff": 0.0,
"mean": 0.12880649626364704,
"mean_diff": -0.4384809638885209,
"min": -0.48217676460461634,
"min_diff": -0.9367314848285986,
"std": 0.4831240901883108,
"std_diff": 0.3755899062018666
},
"pos": {
"max": 1515.6217301141444,
"max_diff": 756.1921558939913,
"mean": 757.8205494968375,
"mean_diff": -387.57928665524383,
"min": 0.0,
"min_diff": -1515.6217301141444,
"std": 611.8412955597639,
"std_diff": 1110.8061335502543
},
"rotation_rate": {
"max": 0.11632726341485977,
"max_diff": 0.1532665230333805,
"mean": -1.5589091105536865e-05,
"mean_diff": -0.0030489958755135545,
"min": -0.13393346965312958,
"min_diff": -0.1613231748342514,
"std": 0.02945907662264718,
"std_diff": 0.036555355155301394
},
"utime": {
"max": 1532708650161308,
"max_diff": 40157.0,
"mean": 1532708640624691.5,
"mean_diff": 20062.727941176472,
"min": 1532708631061591,
"min_diff": 11258.0,
"std": 5513934.186300809,
"std_diff": 1260.0378531298697
},
"vel": {
"max": 3.6690823102922296,
"max_diff": 0.0,
"mean": 0.6054912255730122,
"mean_diff": -0.9082368383595182,
"min": 0.0,
"min_diff": -3.6690823102922296,
"std": 1.1287527299068705,
"std_diff": 1.2791244543530107
}
}
},
"SteerAngleFeedback": {
"message_count": 1857,
"message_freq": 97.25837186657304,
"timespan": 19.093472,
"var_stats": {
"utime": {
"max": 1532708650149760,
"max_diff": 30724.0,
"mean": 1532708640639070.0,
"mean_diff": 10287.431034482759,
"min": 1532708631056288,
"min_diff": 3732.0,
"std": 5508274.410783511,
"std_diff": 1863.8147389211242
},
"value": {
"max": 2.1084297119211173,
"max_diff": 0.038397243543879966,
"mean": 0.05546103787480327,
"mean_diff": 0.0002219276419561747,
"min": -1.6387921921107047,
"min_diff": -0.06108652381980151,
"std": 0.763786540686515,
"std_diff": 0.00991967474174995
}
}
},
"VEHICLE_MONITOR": {
"message_count": 39,
"message_freq": 2.0526960768188345,
"timespan": 18.999403,
"var_stats": {
"available_distance": {
"max": 28,
"max_diff": 0.0,
"mean": 28.0,
"mean_diff": 0.0,
"min": 28,
"min_diff": 0.0,
"std": 0.0,
"std_diff": 0.0
},
"battery_level": {
"max": 35,
"max_diff": 0.0,
"mean": 35.0,
"mean_diff": 0.0,
"min": 35,
"min_diff": 0.0,
"std": 0.0,
"std_diff": 0.0
},
"brake": {
"max": 24,
"max_diff": 8.0,
"mean": 2.769230769230769,
"mean_diff": 0.0,
"min": 0,
"min_diff": -12.0,
"std": 6.166333484255718,
"std_diff": 3.276712087636501
},
"brake_switch": {
"max": 4,
"max_diff": 3.0,
"mean": 1.6666666666666667,
"mean_diff": 0.0,
"min": 1,
"min_diff": -3.0,
"std": 1.2054009511326313,
"std_diff": 0.9176629354822471
},
"gear_position": {
"max": 7,
"max_diff": 0.0,
"mean": 5.076923076923077,
"mean_diff": -0.18421052631578946,
"min": 0,
"min_diff": -5.0,
"std": 3.083326669857932,
"std_diff": 0.8539463547151553
},
"left_signal": {
"max": 1,
"max_diff": 1.0,
"mean": 0.5128205128205128,
"mean_diff": 0.0,
"min": 0,
"min_diff": -1.0,
"std": 0.4998356074261007,
"std_diff": 0.7254762501100116
},
"rear_left_rpm": {
"max": 114.96690000000001,
"max_diff": 13.260600000000004,
"mean": 55.74755384615384,
"mean_diff": -1.0644473684210525,
"min": 0.0,
"min_diff": -18.2229,
"std": 40.64282934880803,
"std_diff": 7.023948641339663
},
"rear_right_rpm": {
"max": 116.5932,
"max_diff": 13.052100000000003,
"mean": 56.538784615384614,
"mean_diff": -1.0699342105263157,
"min": 0.0,
"min_diff": -20.057699999999997,
"std": 40.78454549273529,
"std_diff": 7.364335802625358
},
"right_signal": {
"max": 1,
"max_diff": 1.0,
"mean": 0.5128205128205128,
"mean_diff": 0.0,
"min": 0,
"min_diff": -1.0,
"std": 0.4998356074261007,
"std_diff": 0.7254762501100116
},
"steering": {
"max": 121.10000000000036,
"max_diff": 47.80000000000018,
"mean": 3.917948717948956,
"mean_diff": 0.9000000000000071,
"min": -90.09999999999991,
"min_diff": -62.59999999999991,
"std": 43.31727831847756,
"std_diff": 22.707198024090573
},
"steering_speed": {
"max": 197.20000000000044,
"max_diff": 233.0999999999999,
"mean": 3.1358974358977045,
"mean_diff": 0.6815789473684115,
"min": -219.19999999999965,
"min_diff": -217.19999999999982,
"std": 56.59013453561243,
"std_diff": 78.45258660410983
},
"throttle": {
"max": 197,
"max_diff": 7.0,
"mean": 42.17948717948718,
"mean_diff": -4.921052631578948,
"min": 0,
"min_diff": -104.0,
"std": 73.82233412133233,
"std_diff": 17.753252598871427
},
"utime": {
"max": 1532708650280035,
"max_diff": 500860.0,
"mean": 1532708640780212.0,
"mean_diff": 499984.2894736842,
"min": 1532708631280632,
"min_diff": 499357.0,
"std": 5627205.76156842,
"std_diff": 391.6610986618229
},
"vehicle_speed": {
"max": 13.200000000000001,
"max_diff": 1.5200000000000005,
"mean": 6.392307692307693,
"mean_diff": -0.11552631578947367,
"min": 0.0,
"min_diff": -2.64,
"std": 4.6384344515941685,
"std_diff": 0.8621933394376446
},
"yaw_rate": {
"max": 5.700000000000017,
"max_diff": 3.5,
"mean": -0.371794871794847,
"mean_diff": 0.02631578947368421,
"min": -7.199999999999989,
"min_diff": -3.9000000000000057,
"std": 2.424125400618216,
"std_diff": 1.3993765925030466
}
}
},
"ZOE_VEH_INFO": {
"message_count": 1902,
"message_freq": 99.58275766960011,
"timespan": 19.099692,
"var_stats": {
"FL_wheel_speed": {
"max": 115.926,
"max_diff": 2.1266999999999996,
"mean": 56.82497586750789,
"mean_diff": -0.0178118884797475,
"min": 0.0,
"min_diff": -3.5028,
"std": 40.422829484188675,
"std_diff": 0.3045615138761278
},
"FR_wheel_speed": {
"max": 116.1345,
"max_diff": 2.3352000000000004,
"mean": 56.672952839116725,
"mean_diff": -0.0178118884797475,
"min": 0.0,
"min_diff": -3.5028,
"std": 39.85623396716536,
"std_diff": 0.30398130260972844
},
"RL_wheel_speed": {
"max": 115.4256,
"max_diff": 2.2935000000000088,
"mean": 56.67067271293375,
"mean_diff": -0.018053182535507632,
"min": 0.0,
"min_diff": -4.878900000000002,
"std": 40.26158805948465,
"std_diff": 0.3183353636369107
},
"RR_wheel_speed": {
"max": 118.6782,
"max_diff": 1.4177999999999997,
"mean": 57.581320031545744,
"mean_diff": -0.01831641241451867,
"min": 0.0,
"min_diff": -3.5028,
"std": 40.537725656572064,
"std_diff": 0.2958332804114805
},
"left_solar": {
"max": 32,
"max_diff": 144.0,
"mean": -65.40483701366982,
"mean_diff": 0.0,
"min": -112,
"min_diff": -112.0,
"std": 31.50049050324525,
"std_diff": 5.848517348993967
},
"longitudinal_accel": {
"max": 1.0,
"max_diff": 0.4499999999999993,
"mean": -0.06890115667718134,
"mean_diff": -0.0004471330878485006,
"min": -1.8499999999999996,
"min_diff": -0.25,
"std": 0.5519861868582977,
"std_diff": 0.039038415216786894
},
"meanEffTorque": {
"max": 71.0,
"max_diff": 3.0,
"mean": 5.540220820189274,