{
"MS_IMU": {
"message_count": 1964,
"message_freq": 99.94838714142627,
"timespan": 19.650142,
"var_stats": {
"linear_accel": {
"max": 12.260076522827148,
"max_diff": 12.720968872308731,
"mean": 3.213571042810556,
"mean_diff": 4.80774398878772,
"min": -1.7071186304092407,
"min_diff": -2.682035803794861,
"std": 4.669515640130525,
"std_diff": 5.305556529114614
},
"q": {
"max": 0.9841238260269165,
"max_diff": 1.0138989798724651,
"mean": 0.2908614420834747,
"mean_diff": 0.2594966259098992,
"min": -0.036008547991514206,
"min_diff": -0.25347518688067794,
"std": 0.40669354240775313,
"std_diff": 0.5256492860817366
},
"rotation_rate": {
"max": 0.24790723621845245,
"max_diff": 0.23413718212395906,
"mean": 0.0016403966035192813,
"mean_diff": -0.0005551660421396914,
"min": -0.1588049679994583,
"min_diff": -0.23711796291172504,
"std": 0.0352682642504178,
"std_diff": 0.05322735474368953
},
"utime": {
"max": 1537845431954885,
"max_diff": 28965.0,
"mean": 1537845422129119.0,
"mean_diff": 10010.260825267447,
"min": 1537845412304743,
"min_diff": 1950.0,
"std": 5677131.070733562,
"std_diff": 3977.073348581681
}
}
},
"POSE": {
"message_count": 978,
"message_freq": 49.74727570082619,
"timespan": 19.659368,
"var_stats": {
"accel": {
"max": 11.181179535623546,
"max_diff": 11.549144324518524,
"mean": 3.214234467673625,
"mean_diff": 4.809260024693988,
"min": -1.0203626851774785,
"min_diff": -1.785309575687724,
"std": 4.663567020521061,
"std_diff": 5.2990042408877045
},
"orientation": {
"max": 0.5736591274415511,
"max_diff": 0.0,
"mean": -0.07101866852367025,
"mean_diff": -0.4617095422456669,
"min": -0.8619490378997475,
"min_diff": -0.8619490378997475,
"std": 0.49493065041591944,
"std_diff": 0.34663760894142753
},
"pos": {
"max": 1138.2769009416513,
"max_diff": 746.6022179644958,
"mean": 483.03108523835425,
"mean_diff": -183.54073836372325,
"min": 0.0,
"min_diff": -1138.2769009416513,
"std": 449.7506609593981,
"std_diff": 898.862110464038
},
"rotation_rate": {
"max": 0.24779370427131653,
"max_diff": 0.23413718212395906,
"mean": 0.001628534498520086,
"mean_diff": -0.0006397578262804316,
"min": -0.1588049679994583,
"min_diff": -0.23604544438421726,
"std": 0.03519160565146246,
"std_diff": 0.05303253027581903
},
"utime": {
"max": 1537845431958168,
"max_diff": 59534.0,
"mean": 1537845422118320.0,
"mean_diff": 20122.178096212898,
"min": 1537845412298800,
"min_diff": 11661.0,
"std": 5684684.38198158,
"std_diff": 1947.3997751749228
},
"vel": {
"max": 7.257931111432464,
"max_diff": 0.0,
"mean": 2.0126017652652233,
"mean_diff": -3.0189026478978356,
"min": 0.0,
"min_diff": -7.257931111432464,
"std": 2.8877950650248,
"std_diff": 3.077517848398424
}
}
},
"SteerAngleFeedback": {
"message_count": 1940,
"message_freq": 98.75466297629653,
"timespan": 19.644642,
"var_stats": {
"utime": {
"max": 1537845431951854,
"max_diff": 38454.0,
"mean": 1537845422149611.5,
"mean_diff": 10131.326456936566,
"min": 1537845412307212,
"min_diff": 3449.0,
"std": 5673032.807088821,
"std_diff": 1451.672325515202
},
"value": {
"max": 0.6632251157578453,
"max_diff": 0.01396263401595782,
"mean": 0.03168492315772413,
"mean_diff": -0.00016202128177358405,
"min": -0.4153883619746536,
"min_diff": -0.01570796326794261,
"std": 0.22827607072895256,
"std_diff": 0.0032431958154073275
}
}
},
"VEHICLE_MONITOR": {
"message_count": 40,
"message_freq": 2.0513298104478945,
"timespan": 19.499546,
"var_stats": null
},
"ZOE_VEH_INFO": {
"message_count": 1961,
"message_freq": 99.79135921836038,
"timespan": 19.651,
"var_stats": {
"FL_wheel_speed": {
"max": 232.0188,
"max_diff": 7.005600000000015,
"mean": 191.14665451300357,
"mean_diff": 0.04327438775510204,
"min": 137.8602,
"min_diff": -7.714500000000015,
"std": 26.954596653631462,
"std_diff": 0.8582975713865765
},
"FR_wheel_speed": {
"max": 231.8103,
"max_diff": 7.214100000000002,
"mean": 190.93581540030598,
"mean_diff": 0.042912704081632655,
"min": 139.2363,
"min_diff": -5.629500000000007,
"std": 26.46360287134533,
"std_diff": 0.8734628807439883
},
"RL_wheel_speed": {
"max": 231.5601,
"max_diff": 7.9646999999999935,
"mean": 190.52406777154513,
"mean_diff": 0.04350841836734695,
"min": 137.8602,
"min_diff": -8.173200000000008,
"std": 26.967180688902122,
"std_diff": 1.022893345720827
},
"RR_wheel_speed": {
"max": 230.1423,
"max_diff": 6.505200000000002,
"mean": 190.57716562978075,
"mean_diff": 0.043061632653061226,
"min": 138.5274,
"min_diff": -6.505199999999974,
"std": 26.518924229328164,
"std_diff": 0.962488803023866
},
"left_solar": {
"max": 32,
"max_diff": 144.0,
"mean": -17.582865884752678,
"mean_diff": 0.0163265306122449,
"min": -112,
"min_diff": -144.0,
"std": 55.38652269849744,
"std_diff": 17.741906426550667
},
"longitudinal_accel": {
"max": 1.6500000000000004,
"max_diff": 1.5,
"mean": 0.22587965323814446,
"mean_diff": 7.653061224489814e-05,
"min": -0.9499999999999993,
"min_diff": -1.25,
"std": 0.5490542179205073,
"std_diff": 0.12445286075952074
},
"meanEffTorque": {
"max": 105.5,
"max_diff": 1.5,
"mean": 16.14023457419684,
"mean_diff": 0.00586734693877551,
"min": -26.5,
"min_diff": -2.0,
"std": 36.09189172639259,
"std_diff": 0.4616311615802608
},
"odom": {
"max": 120,
"max_diff": 72.0,
"mean": 60.92401835798062,
"mean_diff": -0.026530612244897958,
"min": 4,
"min_diff": -76.0,
"std": 34.65318576110788,
"std_diff": 18.888051244108883
},
"odom_speed": {
"max": 26.0,
"max_diff": 1.0,
"mean": 21.22641509433962,
"mean_diff": 0.00510204081632653,
"min": 15.0,
"min_diff": -1.0,
"std": 3.123619262383804,
"std_diff": 0.12767341066860174
},
"pedal_cc": {
"max": 434.0,
"max_diff": 17.0,
"mean": 131.46761856195818,
"mean_diff": 0.022448979591836733,
"min": 0.0,
"min_diff": -25.0,
"std": 120.70886201765168,
"std_diff": 3.2560001320088756
},
"regen": {
"max": 53.0,
"max_diff": 1.0,
"mean": 13.265680775114737,
"mean_diff": 0.0,
"min": 0.0,
"min_diff": -3.0,
"std": 17.773212663486653,
"std_diff": 0.39382996434543494
},
"requestedTorqueAfterProc": {
"max": -272.5,
"max_diff": 126.0,
"mean": -333.664711881693,
"mean_diff": 0.00510204081632653,
"min": -398.5,
"min_diff": -126.0,
"std": 44.211320908938156,
"std_diff": 9.81850473308789
},
"right_solar": {
"max": 100,
"max_diff": 50.0,
"mean": 40.464048954614995,
"mean_diff": 0.05102040816326531,
"min": 0,
"min_diff": -50.0,
"std": 42.85619678627392,
"std_diff": 6.776117196808923
},
"steer_corrected": {
"max": 38.0,
"max_diff": 0.8000000000001819,
"mean": 1.8120856705761326,
"mean_diff": -0.009234693877550973,
"min": -23.800000000000182,
"min_diff": -0.900000000000091,
"std": 13.07352493953034,
"std_diff": 0.1901970675657786
},
"steer_offset_can": {
"max": -13.599999999999909,
"max_diff": 0.0,
"mean": -13.59999999999991,
"mean_diff": 0.0,
"min": -13.599999999999909,
"min_diff": 0.0,
"std": 1.7763568394002505e-15,
"std_diff": 0.0
},
"steer_raw": {
"max": 24.40000000000009,
"max_diff": 0.8000000000001819,
"mean": -11.787914329423778,
"mean_diff": -0.009234693877550973,
"min": -37.40000000000009,
"min_diff": -0.900000000000091,
"std": 13.073524939530339,
"std_diff": 0.1901970675657786
},
"transversal_accel": {
"max": -0.46000000000000796,
"max_diff": 0.060000000000002274,
"mean": -0.5308087710351864,
"mean_diff": 3.061224489796034e-05,
"min": -0.6479999999999961,
"min_diff": -0.07200000000000273,
"std": 0.03117761204256,
"std_diff": 0.009654811723751058
},
"utime": {
"max": 1537845431958269,
"max_diff": 23766.0,
"mean": 1537845422132749.8,
"mean_diff": 10026.020408163266,
"min": 1537845412307269,
"min_diff": 1.0,
"std": 5670489.593224121,
"std_diff": 2116.071362409122
}
}
},
"ZoeSensors": {
"message_count": 18845,
"message_freq": 959.064950097324,
"timespan": 19.649347,
"var_stats": {
"brake_sensor": {
"max": 0.18380078673362732,
"max_diff": 1.913309097290039e-05,
"mean": 0.1836590229033728,
"mean_diff": -9.449632576230072e-10,
"min": 0.18358668684959412,
"min_diff": -1.9118189811706543e-05,
"std": 2.018980156994505e-05,
"std_diff": 4.4398899809964454e-06
},
"steering_sensor": {
"max": 0.19074402749538422,
"max_diff": 0.0005868673324584961,