{
"MS_IMU": {
"message_count": 1950,
"message_freq": 99.66768239109211,
"timespan": 19.565018,
"var_stats": {
"linear_accel": {
"max": 12.031747817993164,
"max_diff": 12.448242962360382,
"mean": 3.198129345150963,
"mean_diff": 4.862850885811435,
"min": -1.3302490711212158,
"min_diff": -1.7012627720832825,
"std": 4.685191070417981,
"std_diff": 5.227689737163371
},
"q": {
"max": 0.9980573654174805,
"max_diff": 0.26442318595945835,
"mean": 0.2927181908035646,
"mean_diff": -0.25114794382873257,
"min": -0.027821922674775124,
"min_diff": -1.0160050205886364,
"std": 0.40535919521011227,
"std_diff": 0.5319835896487215
},
"rotation_rate": {
"max": 0.21740250289440155,
"max_diff": 0.2638304717838764,
"mean": 0.004325277105842543,
"mean_diff": 0.008997347401057287,
"min": -0.16849425435066223,
"min_diff": -0.18858608976006508,
"std": 0.04085085419641539,
"std_diff": 0.05951842449071745
},
"utime": {
"max": 1542194381722817,
"max_diff": 25045.0,
"mean": 1542194371934004.8,
"mean_diff": 10038.490507952796,
"min": 1542194362157799,
"min_diff": 1966.0,
"std": 5644791.163234152,
"std_diff": 5543.452849409348
}
}
},
"POSE": {
"message_count": 971,
"message_freq": 49.64502782550126,
"timespan": 19.558857,
"var_stats": {
"accel": {
"max": 11.208928669107355,
"max_diff": 11.63310474441832,
"mean": 3.1999955808246887,
"mean_diff": 4.863083469942078,
"min": -0.8278584757963041,
"min_diff": -1.4017638263155137,
"std": 4.677602984917162,
"std_diff": 5.212486873161073
},
"orientation": {
"max": 0.86090206321005,
"max_diff": 0.86090206321005,
"mean": 0.3442469931043262,
"mean_diff": 0.10658499750168315,
"min": 0.0,
"min_diff": -0.6610354764438655,
"std": 0.3626210249539179,
"std_diff": 0.567426622252516
},
"pos": {
"max": 3177.817285881935,
"max_diff": 2480.4190818890684,
"mean": 1283.8625786263428,
"mean_diff": -360.44558647746885,
"min": 0.0,
"min_diff": -3177.817285881935,
"std": 1338.7616300341772,
"std_diff": 2770.441593270132
},
"rotation_rate": {
"max": 0.2151341438293457,
"max_diff": 0.2638304717838764,
"mean": 0.004322051974354074,
"mean_diff": 0.00884720181204352,
"min": -0.16709628701210022,
"min_diff": -0.18732547760009766,
"std": 0.04075237956851559,
"std_diff": 0.05938188017098807
},
"utime": {
"max": 1542194381717398,
"max_diff": 40925.0,
"mean": 1542194371947682.0,
"mean_diff": 20163.770103092782,
"min": 1542194362158541,
"min_diff": 17530.0,
"std": 5641260.152115077,
"std_diff": 1866.0697508905312
},
"vel": {
"max": 6.803957096344642,
"max_diff": 0.0,
"mean": 1.8045294757140438,
"mean_diff": -2.7067942135710656,
"min": 0.0,
"min_diff": -6.803957096344642,
"std": 2.640356399983728,
"std_diff": 2.831073631480105
}
}
},
"SteerAngleFeedback": {
"message_count": 1909,
"message_freq": 97.62636503034855,
"timespan": 19.554144,
"var_stats": {
"utime": {
"max": 1542194381703431,
"max_diff": 29918.0,
"mean": 1542194371904717.8,
"mean_diff": 10248.503144654089,
"min": 1542194362149287,
"min_diff": 7321.0,
"std": 5652986.587579656,
"std_diff": 1699.7591105969095
},
"value": {
"max": 1.4224433403753787,
"max_diff": 0.010471975511964389,
"mean": 0.11263179249355294,
"mean_diff": -0.0007409416635824984,
"min": -0.23038346126324832,
"min_diff": -0.01919862177194398,
"std": 0.3468262008712871,
"std_diff": 0.0033597111897793255
}
}
},
"VEHICLE_MONITOR": {
"message_count": 40,
"message_freq": 2.05128552268832,
"timespan": 19.499967,
"var_stats": null
},
"ZOE_VEH_INFO": {
"message_count": 1949,
"message_freq": 99.68882152263755,
"timespan": 19.550838,
"var_stats": {
"FL_wheel_speed": {
"max": 215.4222,
"max_diff": 7.923000000000002,
"mean": 170.57813981528986,
"mean_diff": 0.004581006160164271,
"min": 111.4641,
"min_diff": -7.297499999999985,
"std": 37.06720209280491,
"std_diff": 0.651205205665342
},
"FR_wheel_speed": {
"max": 215.4222,
"max_diff": 4.253399999999999,
"mean": 171.18630938943045,
"mean_diff": -0.0014342402464065749,
"min": 111.21390000000001,
"min_diff": -3.0023999999999944,
"std": 37.770869009483675,
"std_diff": 0.5096606808180897
},
"RL_wheel_speed": {
"max": 214.7133,
"max_diff": 7.672800000000024,
"mean": 169.9556138019497,
"mean_diff": 0.004902104722792602,
"min": 110.29650000000001,
"min_diff": -7.464300000000009,
"std": 36.90110240697986,
"std_diff": 0.6855578352127911
},
"RR_wheel_speed": {
"max": 214.7133,
"max_diff": 6.0882000000000005,
"mean": 170.7638107234479,
"mean_diff": -0.0014128336755646754,
"min": 110.0463,
"min_diff": -8.173200000000008,
"std": 37.64320318118263,
"std_diff": 0.6890293113570846
},
"left_solar": {
"max": 0,
"max_diff": 0.0,
"mean": 0.0,
"mean_diff": 0.0,
"min": 0,
"min_diff": 0.0,
"std": 0.0,
"std_diff": 0.0
},
"longitudinal_accel": {
"max": 0.9500000000000011,
"max_diff": 0.5500000000000007,
"mean": 0.13335043612108843,
"mean_diff": 5.1334702258726716e-05,
"min": -0.8499999999999996,
"min_diff": -0.5,
"std": 0.4302964849765039,
"std_diff": 0.07096429846288524
},
"meanEffTorque": {
"max": 55.0,
"max_diff": 2.5,
"mean": 11.320164186762442,
"mean_diff": 0.0028234086242299797,
"min": -36.0,
"min_diff": -2.5,
"std": 27.395655087521234,
"std_diff": 0.44035084437988936
},
"odom": {
"max": 120,
"max_diff": 68.0,
"mean": 60.866085171883014,
"mean_diff": 0.012320328542094456,
"min": 0,
"min_diff": -88.0,
"std": 34.97704332690488,
"std_diff": 18.590139250893618
},
"odom_speed": {
"max": 24.0,
"max_diff": 1.0,
"mean": 19.01231400718317,
"mean_diff": 0.0,
"min": 12.0,
"min_diff": -1.0,
"std": 4.332611931468799,
"std_diff": 0.11989043595067761
},
"pedal_cc": {
"max": 260.0,
"max_diff": 17.0,
"mean": 114.45459209851205,
"mean_diff": 0.012320328542094456,
"min": 0.0,
"min_diff": -33.0,
"std": 93.3505484754502,
"std_diff": 2.4509253492958196
},
"regen": {
"max": 53.0,
"max_diff": 1.0,
"mean": 12.36069779374038,
"mean_diff": 0.0,
"min": 0.0,
"min_diff": -4.0,
"std": 19.18885415767592,
"std_diff": 0.41158780041905857
},
"requestedTorqueAfterProc": {
"max": -272.5,
"max_diff": 126.0,
"mean": -328.62647511544384,
"mean_diff": 0.004106776180698152,
"min": -398.5,
"min_diff": -126.0,
"std": 38.769689209189416,
"std_diff": 6.932553743718357
},
"right_solar": {
"max": 0,
"max_diff": 0.0,
"mean": 0.0,
"mean_diff": 0.0,
"min": 0,
"min_diff": 0.0,
"std": 0.0,
"std_diff": 0.0
},
"steer_corrected": {
"max": 81.5,
"max_diff": 0.599999999999909,
"mean": 6.4472036942022495,
"mean_diff": -0.04158110882956879,
"min": -13.199999999999818,
"min_diff": -1.099999999999909,
"std": 19.87177207569805,
"std_diff": 0.18843886119105904
},
"steer_offset_can": {
"max": -13.400000000000091,
"max_diff": 0.0,
"mean": -13.400000000000091,
"mean_diff": 0.0,
"min": -13.400000000000091,
"min_diff": 0.0,
"std": 0.0,
"std_diff": 0.0
},
"steer_raw": {
"max": 68.09999999999991,
"max_diff": 0.599999999999909,
"mean": -6.9527963057978415,
"mean_diff": -0.04158110882956879,
"min": -26.59999999999991,
"min_diff": -1.099999999999909,
"std": 19.87177207569805,
"std_diff": 0.18843886119105904
},
"transversal_accel": {
"max": -0.3760000000000048,
"max_diff": 0.05200000000002092,
"mean": -0.5286608517188314,
"mean_diff": -7.802874743327271e-05,
"min": -0.5960000000000036,
"min_diff": -0.036000000000001364,
"std": 0.03772110682286121,
"std_diff": 0.006986792307684924
},
"utime": {
"max": 1542194381702414,
"max_diff": 23190.0,
"mean": 1542194371913147.5,
"mean_diff": 10036.364476386037,
"min": 1542194362151576,
"min_diff": 3.0,
"std": 5644588.309424413,
"std_diff": 1881.7583299487483
}
}
},
"ZoeSensors": {
"message_count": 18678,
"message_freq": 955.3750639947333,
"timespan": 19.550437,
"var_stats": {
"brake_sensor": {
"max": 0.29527759552001953,
"max_diff": 0.0008443593978881836,
"mean": 0.19849137627190677,
"mean_diff": -1.6315722354456528e-09,
"min": 0.19003044068813324,
"min_diff": -0.0016549676656723022,
"std": 0.02325171695975031,
"std_diff": 0.00010206776205322202
},
"steering_sensor": {
"max": 0.19018079340457916,
"max_diff": 0.0007916837930679321,
"mean": 0.18842115755659544,
"mean_diff": 2.699314593732654e-08,
"min": 0.18705739080905914,
"min_diff": -0.000720784068107605,