{
"MS_IMU": {
"message_count": 1919,
"message_freq": 99.69378578345834,
"timespan": 19.248943,
"var_stats": {
"linear_accel": {
"max": 11.071381568908691,
"max_diff": 11.97747015953064,
"mean": 3.066120625239879,
"mean_diff": 5.017772391850791,
"min": -1.857969045639038,
"min_diff": -2.8627748489379883,
"std": 4.762067434438856,
"std_diff": 5.114891579737239
},
"q": {
"max": 0.9998752474784851,
"max_diff": 1.0116777252405882,
"mean": 0.19424129628907313,
"mean_diff": 0.3749162174462027,
"min": -0.39454159140586853,
"min_diff": -0.22892948798835278,
"std": 0.4607280497061187,
"std_diff": 0.44743211386159515
},
"rotation_rate": {
"max": 0.0733766183257103,
"max_diff": 0.10242389235645533,
"mean": -0.015616380713652895,
"mean_diff": -0.024241071386828763,
"min": -0.38917380571365356,
"min_diff": -0.421324260532856,
"std": 0.07688781163982686,
"std_diff": 0.09413979357901923
},
"utime": {
"max": 1533114220449880,
"max_diff": 22445.0,
"mean": 1533114210820703.2,
"mean_diff": 10035.945255474453,
"min": 1533114201200937,
"min_diff": 2779.0,
"std": 5565047.068253937,
"std_diff": 4760.883982816346
}
}
},
"POSE": {
"message_count": 959,
"message_freq": 49.794903670746336,
"timespan": 19.258999,
"var_stats": {
"accel": {
"max": 10.132877343361837,
"max_diff": 11.558947178558299,
"mean": 3.067098387049586,
"mean_diff": 5.017318277155821,
"min": -1.619361589986077,
"min_diff": -2.420195749429423,
"std": 4.758348946708257,
"std_diff": 5.1070869129962695
},
"orientation": {
"max": 0.9275300973375733,
"max_diff": 0.0,
"mean": 0.0588255096958353,
"mean_diff": -0.4500547915720613,
"min": -0.8534417583578687,
"min_diff": -0.9275300973375733,
"std": 0.49652750116083716,
"std_diff": 0.36164073044440365
},
"pos": {
"max": 752.9349767318806,
"max_diff": 455.00084564700114,
"mean": 345.13178306408787,
"mean_diff": -165.27719775391205,
"min": 0.0,
"min_diff": -752.9349767318806,
"std": 288.3429509447429,
"std_diff": 540.3878987253271
},
"rotation_rate": {
"max": 0.0733766183257103,
"max_diff": 0.09876096108928323,
"mean": -0.015484180170208138,
"mean_diff": -0.024140883821170828,
"min": -0.38917380571365356,
"min_diff": -0.41731396317481995,
"std": 0.07665214735422482,
"std_diff": 0.09388153633084363
},
"utime": {
"max": 1533114220460160,
"max_diff": 40781.0,
"mean": 1533114210816190.5,
"mean_diff": 20103.339248434237,
"min": 1533114201201161,
"min_diff": 13126.0,
"std": 5569300.601883206,
"std_diff": 1567.1657990447177
},
"vel": {
"max": 8.844823848033148,
"max_diff": 0.0,
"mean": 1.8001609767830287,
"mean_diff": -2.7002414651745426,
"min": 0.0,
"min_diff": -8.844823848033148,
"std": 2.7571566597921535,
"std_diff": 2.995402245643316
}
}
},
"SteerAngleFeedback": {
"message_count": 1882,
"message_freq": 97.74718702864703,
"timespan": 19.253751,
"var_stats": {
"utime": {
"max": 1533114220455875,
"max_diff": 40373.0,
"mean": 1533114210813961.2,
"mean_diff": 10235.912280701754,
"min": 1533114201202124,
"min_diff": 1577.0,
"std": 5558418.456425848,
"std_diff": 1937.7767036418827
},
"value": {
"max": 0.3979350694547103,
"max_diff": 0.10471975511965981,
"mean": -0.6731851774828272,
"mean_diff": -0.00021062718777390202,
"min": -4.544837372193236,
"min_diff": -0.0506145483078293,
"std": 1.487721536290321,
"std_diff": 0.010965097484701482
}
}
},
"VEHICLE_MONITOR": {
"message_count": 39,
"message_freq": 2.0527063406730393,
"timespan": 18.999308,
"var_stats": {
"available_distance": {
"max": 90,
"max_diff": 0.0,
"mean": 90.0,
"mean_diff": 0.0,
"min": 90,
"min_diff": 0.0,
"std": 0.0,
"std_diff": 0.0
},
"battery_level": {
"max": 58,
"max_diff": 0.0,
"mean": 58.0,
"mean_diff": 0.0,
"min": 58,
"min_diff": 0.0,
"std": 0.0,
"std_diff": 0.0
},
"brake": {
"max": 0,
"max_diff": 0.0,
"mean": 0.0,
"mean_diff": 0.0,
"min": 0,
"min_diff": 0.0,
"std": 0.0,
"std_diff": 0.0
},
"brake_switch": {
"max": 2,
"max_diff": 1.0,
"mean": 1.1025641025641026,
"mean_diff": 0.02631578947368421,
"min": 1,
"min_diff": -1.0,
"std": 0.3033887068256213,
"std_diff": 0.2797406792824908
},
"gear_position": {
"max": 7,
"max_diff": 0.0,
"mean": 7.0,
"mean_diff": 0.0,
"min": 7,
"min_diff": 0.0,
"std": 0.0,
"std_diff": 0.0
},
"left_signal": {
"max": 1,
"max_diff": 1.0,
"mean": 0.02564102564102564,
"mean_diff": 0.02631578947368421,
"min": 0,
"min_diff": 0.0,
"std": 0.15806189751202504,
"std_diff": 0.16007269816574263
},
"rear_left_rpm": {
"max": 273.135,
"max_diff": 11.467500000000001,
"mean": 168.60700000000003,
"mean_diff": -3.873710526315789,
"min": 87.6117,
"min_diff": -13.093799999999987,
"std": 55.84294722789014,
"std_diff": 7.364593751177943
},
"rear_right_rpm": {
"max": 276.8463,
"max_diff": 15.178799999999995,
"mean": 166.52734615384614,
"mean_diff": -4.002102631578947,
"min": 75.2268,
"min_diff": -14.261399999999995,
"std": 60.26524067621804,
"std_diff": 8.294927177735826
},
"right_signal": {
"max": 1,
"max_diff": 1.0,
"mean": 0.4358974358974359,
"mean_diff": 0.0,
"min": 0,
"min_diff": -1.0,
"std": 0.49587383604650553,
"std_diff": 0.6488856845230502
},
"steering": {
"max": 22.800000000000182,
"max_diff": 95.69999999999982,
"mean": -38.1230769230768,
"mean_diff": -0.5973684210526268,
"min": -259.2999999999997,
"min_diff": -74.70000000000027,
"std": 84.14803945653573,
"std_diff": 28.512245631825067
},
"steering_speed": {
"max": 235.00000000000017,
"max_diff": 115.49999999999999,
"mean": 0.0666666666669153,
"mean_diff": 0.0500000000000024,
"min": -151.49999999999983,
"min_diff": -137.5,
"std": 61.68019809960758,
"std_diff": 46.14293439668568
},
"throttle": {
"max": 182,
"max_diff": 102.0,
"mean": 40.02564102564103,
"mean_diff": -1.0526315789473684,
"min": 0,
"min_diff": -57.0,
"std": 64.41232848210443,
"std_diff": 24.18671598040746
},
"utime": {
"max": 1533114220512778,
"max_diff": 500950.0,
"mean": 1533114211013349.2,
"mean_diff": 499981.7894736842,
"min": 1533114201513470,
"min_diff": 498785.0,
"std": 5627235.742476281,
"std_diff": 491.65007656252175
},
"vehicle_speed": {
"max": 31.43,
"max_diff": 1.3499999999999996,
"mean": 19.266923076923074,
"mean_diff": -0.4447368421052631,
"min": 9.700000000000001,
"min_diff": -1.5399999999999991,
"std": 6.53236445740279,
"std_diff": 0.853416467845581
},
"yaw_rate": {
"max": 3.400000000000034,
"max_diff": 8.900000000000006,
"mean": -2.9897435897435662,
"mean_diff": -0.10789473684210511,
"min": -21.899999999999977,
"min_diff": -5.900000000000006,
"std": 7.082546075290492,
"std_diff": 2.4510343229089164
}
}
},
"ZOE_VEH_INFO": {
"message_count": 1916,
"message_freq": 99.53004261870191,
"timespan": 19.250469,
"var_stats": {
"FL_wheel_speed": {
"max": 277.305,
"max_diff": 5.129099999999994,
"mean": 170.75697306889353,
"mean_diff": -0.07830454308093995,
"min": 90.4056,
"min_diff": -5.337600000000009,
"std": 55.74208564379609,
"std_diff": 0.5778603980275886
},
"FR_wheel_speed": {
"max": 279.6819,
"max_diff": 3.2942999999999927,
"mean": 168.17903815240084,
"mean_diff": -0.0793062140992167,
"min": 78.0207,
"min_diff": -3.7112999999999943,
"std": 59.930433760421465,
"std_diff": 0.5237462783661351
},
"RL_wheel_speed": {
"max": 278.2641,
"max_diff": 3.752999999999986,
"mean": 169.78067943632567,
"mean_diff": -0.07867472584856396,
"min": 87.3615,
"min_diff": -5.420999999999992,
"std": 56.341644212298924,
"std_diff": 0.5929551065376281
},
"RR_wheel_speed": {
"max": 280.84950000000003,
"max_diff": 5.170800000000014,
"mean": 167.57937212943636,
"mean_diff": -0.08015545691906008,
"min": 75.2268,
"min_diff": -5.879700000000014,
"std": 60.822628883349964,
"std_diff": 0.6244222074313244
},
"left_solar": {
"max": 0,
"max_diff": 0.0,
"mean": 0.0,
"mean_diff": 0.0,
"min": 0,
"min_diff": 0.0,
"std": 0.0,
"std_diff": 0.0
},
"longitudinal_accel": {
"max": 1.1500000000000004,
"max_diff": 0.6500000000000004,
"mean": -0.20130480167014553,
"mean_diff": -0.00010443864229765069,
"min": -1.0,
"min_diff": -0.7000000000000011,
"std": 0.4926557371665993,
"std_diff": 0.07065519226778508
},
"meanEffTorque": {
"max": 63.5,
"max_diff": 2.0,
"mean": -6.438935281837161,
"mean_diff": -0.012793733681462142,
"min": -45.0,