{
"MS_IMU": {
"message_count": 1963,
"message_freq": 99.44292710534558,
"timespan": 19.739966,
"var_stats": {
"linear_accel": {
"max": 11.391131401062012,
"max_diff": 12.49165964126587,
"mean": 3.165166361330993,
"mean_diff": 5.021121680137087,
"min": -1.2617802619934082,
"min_diff": -1.4827970042824745,
"std": 4.702087421172501,
"std_diff": 4.861488484750501
},
"q": {
"max": 0.9118640422821045,
"max_diff": 0.9174061166122556,
"mean": 0.12087472139921356,
"mean_diff": 0.44266892191529333,
"min": -0.45507052540779114,
"min_diff": -0.007778877159580588,
"std": 0.4851693717029872,
"std_diff": 0.3727128302789828
},
"rotation_rate": {
"max": 0.04460713267326355,
"max_diff": 0.08422789722681046,
"mean": -0.002479068316767818,
"mean_diff": -0.0028193071629023453,
"min": -0.07218244671821594,
"min_diff": -0.052372196689248085,
"std": 0.009400072777029258,
"std_diff": 0.012348913379906106
},
"utime": {
"max": 1537294783895877,
"max_diff": 33975.0,
"mean": 1537294774036194.2,
"mean_diff": 10061.144750254842,
"min": 1537294764155911,
"min_diff": 1384.0,
"std": 5698775.290232746,
"std_diff": 5320.835972373001
}
}
},
"POSE": {
"message_count": 983,
"message_freq": 49.79947983607409,
"timespan": 19.739162,
"var_stats": {
"accel": {
"max": 10.378679015341946,
"max_diff": 10.934932957521823,
"mean": 3.1628875618720182,
"mean_diff": 5.025399945704348,
"min": -1.1352585435329312,
"min_diff": -1.3656905780665765,
"std": 4.701442404611899,
"std_diff": 4.851823918998579
},
"orientation": {
"max": 0.9582077335900085,
"max_diff": 0.0,
"mean": 0.15284941585011178,
"mean_diff": -0.42497312788214797,
"min": -0.3459073103523363,
"min_diff": -0.9582077335900085,
"std": 0.47606413021176003,
"std_diff": 0.3908083595720502
},
"pos": {
"max": 1556.5730016412501,
"max_diff": 847.7617771631465,
"mean": 757.1404675481929,
"mean_diff": -366.0312814314126,
"min": 0.0,
"min_diff": -1556.5730016412501,
"std": 628.7197001934666,
"std_diff": 1173.3819490851424
},
"rotation_rate": {
"max": 0.043310366570949554,
"max_diff": 0.08422789722681046,
"mean": -0.0024693336878081965,
"mean_diff": -0.0028072726794793955,
"min": -0.07218244671821594,
"min_diff": -0.05016564205288887,
"std": 0.009340727333569736,
"std_diff": 0.01230392953094917
},
"utime": {
"max": 1537294783894621,
"max_diff": 40371.0,
"mean": 1537294774023564.2,
"mean_diff": 20100.97963340122,
"min": 1537294764155459,
"min_diff": 16304.0,
"std": 5706676.842071257,
"std_diff": 1517.2590678638032
},
"vel": {
"max": 5.334436944388836,
"max_diff": 0.0,
"mean": 0.6138782441763041,
"mean_diff": -0.920817366264456,
"min": 0.0,
"min_diff": -5.334436944388836,
"std": 1.4657193432767754,
"std_diff": 1.7146034281660636
}
}
},
"SteerAngleFeedback": {
"message_count": 1934,
"message_freq": 97.95895378013928,
"timespan": 19.742963,
"var_stats": {
"utime": {
"max": 1537294783904645,
"max_diff": 39569.0,
"mean": 1537294774028070.0,
"mean_diff": 10213.638385928609,
"min": 1537294764161682,
"min_diff": 1985.0,
"std": 5707101.126864203,
"std_diff": 1729.5981340304086
},
"value": {
"max": 0.06290382858376661,
"max_diff": 0.012217304763965067,
"mean": -0.13888294532829845,
"mean_diff": 2.076698023583688e-05,
"min": -0.28965268031909275,
"min_diff": -0.010471975511972348,
"std": 0.08120684075798514,
"std_diff": 0.0019263343137252479
}
}
},
"VEHICLE_MONITOR": {
"message_count": 40,
"message_freq": 2.0512882577439595,
"timespan": 19.499941,
"var_stats": {
"available_distance": {
"max": 59,
"max_diff": 0.0,
"mean": 59.0,
"mean_diff": 0.0,
"min": 59,
"min_diff": 0.0,
"std": 0.0,
"std_diff": 0.0
},
"battery_level": {
"max": 71,
"max_diff": 0.0,
"mean": 71.0,
"mean_diff": 0.0,
"min": 71,
"min_diff": 0.0,
"std": 0.0,
"std_diff": 0.0
},
"brake": {
"max": 17,
"max_diff": 6.0,
"mean": 7.0,
"mean_diff": 0.0,
"min": 0,
"min_diff": -13.0,
"std": 7.443117626371358,
"std_diff": 3.105000103224739
},
"brake_switch": {
"max": 4,
"max_diff": 2.0,
"mean": 2.8,
"mean_diff": 0.0,
"min": 1,
"min_diff": -3.0,
"std": 1.4177446878757827,
"std_diff": 0.5991446895152781
},
"gear_position": {
"max": 7,
"max_diff": 0.0,
"mean": 7.0,
"mean_diff": 0.0,
"min": 7,
"min_diff": 0.0,
"std": 0.0,
"std_diff": 0.0
},
"left_signal": {
"max": 0,
"max_diff": 0.0,
"mean": 0.0,
"mean_diff": 0.0,
"min": 0,
"min_diff": 0.0,
"std": 0.0,
"std_diff": 0.0
},
"rear_left_rpm": {
"max": 168.7182,
"max_diff": 22.4346,
"mean": 55.584015,
"mean_diff": -3.468584615384615,
"min": 0.0,
"min_diff": -14.469900000000003,
"std": 62.867006264118984,
"std_diff": 6.7319012082936025
},
"rear_right_rpm": {
"max": 170.3028,
"max_diff": 24.1026,
"mean": 56.386739999999996,
"mean_diff": -3.515630769230769,
"min": 0.0,
"min_diff": -14.428200000000004,
"std": 63.85098444354949,
"std_diff": 6.865901851052345
},
"right_signal": {
"max": 0,
"max_diff": 0.0,
"mean": 0.0,
"mean_diff": 0.0,
"min": 0,
"min_diff": 0.0,
"std": 0.0,
"std_diff": 0.0
},
"steering": {
"max": 5.200000000000273,
"max_diff": 10.099999999999909,
"mean": -7.107499999999777,
"mean_diff": 0.31025641025640793,
"min": -16.0,
"min_diff": -8.799999999999727,
"std": 4.907514009149655,
"std_diff": 3.25409366418352
},
"steering_speed": {
"max": 47.80000000000037,
"max_diff": 43.90000000000009,
"mean": 0.9725000000002068,
"mean_diff": 0.358974358974359,
"min": -19.99999999999982,
"min_diff": -55.80000000000018,
"std": 9.259994262957218,
"std_diff": 13.160112967107684
},
"throttle": {
"max": 228,
"max_diff": 197.0,
"mean": 16.475,
"mean_diff": 0.5128205128205128,
"min": 0,
"min_diff": -200.0,
"std": 56.34092096336375,
"std_diff": 45.128802443599426
},
"utime": {
"max": 1537294784081784,
"max_diff": 503612.0,
"mean": 1537294774331815.5,
"mean_diff": 499998.4871794872,
"min": 1537294764581843,
"min_diff": 496297.0,
"std": 5771638.07723178,
"std_diff": 909.9737914454931
},
"vehicle_speed": {
"max": 19.13,
"max_diff": 2.87,
"mean": 6.3892500000000005,
"mean_diff": -0.4046153846153847,
"min": 0.0,
"min_diff": -1.5900000000000003,
"std": 7.223104729788985,
"std_diff": 0.7757109101808288
},
"yaw_rate": {
"max": 0.4000000000000341,
"max_diff": 1.9000000000000057,
"mean": -0.5324999999999775,
"mean_diff": 0.01282051282051282,
"min": -1.6999999999999886,
"min_diff": -1.1000000000000227,
"std": 0.5011923283530986,
"std_diff": 0.5129999686007326
}
}
},
"ZOE_VEH_INFO": {
"message_count": 1960,
"message_freq": 99.26772830463281,
"timespan": 19.744584,
"var_stats": {
"FL_wheel_speed": {
"max": 169.17690000000002,
"max_diff": 8.423399999999987,
"mean": 57.335095867346936,
"mean_diff": -0.07356569678407351,
"min": 0.0,
"min_diff": -11.217299999999994,
"std": 64.17243086814236,
"std_diff": 0.6129803952901917
},
"FR_wheel_speed": {
"max": 168.0093,
"max_diff": 5.3793,
"mean": 57.058620612244894,
"mean_diff": -0.07369341500765698,
"min": 0.0,
"min_diff": -6.046500000000009,
"std": 63.92230080616881,
"std_diff": 0.49310579570779656
},
"RL_wheel_speed": {
"max": 169.17690000000002,
"max_diff": 4.9206,
"mean": 57.17184887755102,
"mean_diff": -0.07369341500765697,
"min": 0.0,
"min_diff": -3.961500000000001,
"std": 64.07013958240903,
"std_diff": 0.39844686957478165
},
"RR_wheel_speed": {
"max": 171.4704,
"max_diff": 4.420199999999994,
"mean": 57.98376489795919,
"mean_diff": -0.07550275650842266,
"min": 0.0,
"min_diff": -4.420199999999994,
"std": 65.00644566120278,
"std_diff": 0.3780168780820678
},
"left_solar": {
"max": 0,
"max_diff": 0.0,
"mean": 0.0,
"mean_diff": 0.0,
"min": 0,
"min_diff": 0.0,
"std": 0.0,
"std_diff": 0.0
},
"longitudinal_accel": {
"max": 1.3000000000000007,
"max_diff": 0.45000000000000107,
"mean": -0.2599234693877545,
"mean_diff": 0.0007656967840735069,
"min": -1.25,
"min_diff": -0.5,
"std": 0.41487303720561103,
"std_diff": 0.05237518990926514
},
"meanEffTorque": {
"max": 91.5,
"max_diff": 3.0,
"mean": -4.656887755102041,
"mean_diff": 0.04977029096477795,
"min": -48.5,
"min_diff": -3.0,
"std": 22.093412618476535,
"std_diff": 0.4509631214660194
},
"odom": {
"max": 120,
"max_diff": 56.0,
"mean": 59.95918367346939,
"mean_diff": -0.01633486472690148,
"min": 0,
"min_diff": -112.0,