{
"MS_IMU": {
"message_count": 1949,
"message_freq": 99.94890246976867,
"timespan": 19.499964,
"var_stats": {
"linear_accel": {
"max": 14.110447883605957,
"max_diff": 15.4070885181427,
"mean": 3.24986714471379,
"mean_diff": 4.905815126639225,
"min": -2.2290549278259277,
"min_diff": -2.4929628372192383,
"std": 4.672119876555667,
"std_diff": 5.0201749418378885
},
"q": {
"max": 0.9710102677345276,
"max_diff": 0.01614437042735517,
"mean": 0.17759828554848966,
"mean_diff": -0.4077884179849145,
"min": -0.263683944940567,
"min_diff": -0.98029765766114,
"std": 0.4673958342598039,
"std_diff": 0.40973779644739683
},
"rotation_rate": {
"max": 0.17657583951950073,
"max_diff": 0.20672118663787842,
"mean": -0.0006400901031106139,
"mean_diff": -0.0011113706345827817,
"min": -0.17221777141094208,
"min_diff": -0.2091444879770279,
"std": 0.027957350284278353,
"std_diff": 0.04168332498393044
},
"utime": {
"max": 1537295425655853,
"max_diff": 27958.0,
"mean": 1537295415912400.8,
"mean_diff": 10010.248459958932,
"min": 1537295406155889,
"min_diff": 1956.0,
"std": 5631141.916170638,
"std_diff": 5267.274899452189
}
}
},
"POSE": {
"message_count": 972,
"message_freq": 49.846107834361995,
"timespan": 19.500018,
"var_stats": {
"accel": {
"max": 11.078907547184537,
"max_diff": 11.5581033541398,
"mean": 3.249196599474183,
"mean_diff": 4.904644238143621,
"min": -0.7366581883934219,
"min_diff": -0.6940195985971025,
"std": 4.644547159585231,
"std_diff": 4.977110754105489
},
"orientation": {
"max": 0.8661462279206217,
"max_diff": 0.5218153428015273,
"mean": 0.3421726299183857,
"mean_diff": -0.11862777403719675,
"min": 0.0,
"min_diff": -0.8661462279206217,
"std": 0.3645790604721223,
"std_diff": 0.5650316668650643
},
"pos": {
"max": 1591.6008053375715,
"max_diff": 615.8663315007943,
"mean": 823.3090869425464,
"mean_diff": -470.11258893585915,
"min": 0.0,
"min_diff": -1591.6008053375715,
"std": 630.4047077386655,
"std_diff": 1059.9554594036672
},
"rotation_rate": {
"max": 0.17657583951950073,
"max_diff": 0.20672118663787842,
"mean": -0.0006877853502345838,
"mean_diff": -0.0011936191658694713,
"min": -0.15344859659671783,
"min_diff": -0.2091444879770279,
"std": 0.028191843637494402,
"std_diff": 0.041765124622421435
},
"utime": {
"max": 1537295425654192,
"max_diff": 40531.0,
"mean": 1537295415914781.2,
"mean_diff": 20082.407826982493,
"min": 1537295406154174,
"min_diff": 10528.0,
"std": 5634563.601804945,
"std_diff": 1499.3862378032607
},
"vel": {
"max": 7.528741066780855,
"max_diff": 0.0,
"mean": 2.4202571228048835,
"mean_diff": -3.630385684207325,
"min": 0.0,
"min_diff": -7.528741066780855,
"std": 3.4243043870077714,
"std_diff": 3.632568980343688
}
}
},
"SteerAngleFeedback": {
"message_count": 1933,
"message_freq": 99.1090084756404,
"timespan": 19.503777,
"var_stats": {
"utime": {
"max": 1537295425658977,
"max_diff": 29376.0,
"mean": 1537295415924484.0,
"mean_diff": 10095.122670807454,
"min": 1537295406155200,
"min_diff": 240.0,
"std": 5634084.605056351,
"std_diff": 1227.2432795701143
},
"value": {
"max": 0.07512113334772375,
"max_diff": 0.00698131700797891,
"mean": -0.015472560650646077,
"mean_diff": 0.00012105285702238182,
"min": -0.24951010752321998,
"min_diff": -0.006981317007978906,
"std": 0.0453542457617518,
"std_diff": 0.0016642683318065996
}
}
},
"VEHICLE_MONITOR": {
"message_count": 40,
"message_freq": 2.051345274795392,
"timespan": 19.499399,
"var_stats": {
"available_distance": {
"max": 57,
"max_diff": 0.0,
"mean": 57.0,
"mean_diff": 0.0,
"min": 57,
"min_diff": 0.0,
"std": 0.0,
"std_diff": 0.0
},
"battery_level": {
"max": 67,
"max_diff": 0.0,
"mean": 67.0,
"mean_diff": 0.0,
"min": 67,
"min_diff": 0.0,
"std": 0.0,
"std_diff": 0.0
},
"brake": {
"max": 0,
"max_diff": 0.0,
"mean": 0.0,
"mean_diff": 0.0,
"min": 0,
"min_diff": 0.0,
"std": 0.0,
"std_diff": 0.0
},
"brake_switch": {
"max": 1,
"max_diff": 0.0,
"mean": 1.0,
"mean_diff": 0.0,
"min": 1,
"min_diff": 0.0,
"std": 0.0,
"std_diff": 0.0
},
"gear_position": {
"max": 7,
"max_diff": 0.0,
"mean": 7.0,
"mean_diff": 0.0,
"min": 7,
"min_diff": 0.0,
"std": 0.0,
"std_diff": 0.0
},
"left_signal": {
"max": 0,
"max_diff": 0.0,
"mean": 0.0,
"mean_diff": 0.0,
"min": 0,
"min_diff": 0.0,
"std": 0.0,
"std_diff": 0.0
},
"rear_left_rpm": {
"max": 236.89770000000001,
"max_diff": 6.0882000000000005,
"mean": 228.69114,
"mean_diff": -0.38278461538461583,
"min": 214.2546,
"min_diff": -18.18120000000002,
"std": 6.1331273544905285,
"std_diff": 4.526991757115766
},
"rear_right_rpm": {
"max": 242.3187,
"max_diff": 14.678399999999982,
"mean": 232.354485,
"mean_diff": -0.11333846153846139,
"min": 209.83440000000002,
"min_diff": -11.926199999999994,
"std": 6.684914176021631,
"std_diff": 4.38515928550947
},
"right_signal": {
"max": 0,
"max_diff": 0.0,
"mean": 0.0,
"mean_diff": 0.0,
"min": 0,
"min_diff": 0.0,
"std": 0.0,
"std_diff": 0.0
},
"steering": {
"max": 4.800000000000182,
"max_diff": 4.599999999999909,
"mean": -0.21749999999984765,
"mean_diff": 0.21538461538461773,
"min": -8.5,
"min_diff": -4.800000000000182,
"std": 2.2272053677198467,
"std_diff": 1.9844961204474647
},
"steering_speed": {
"max": 27.800000000000363,
"max_diff": 27.800000000000182,
"mean": 1.6075000000002198,
"mean_diff": -0.5615384615384639,
"min": -23.99999999999982,
"min_diff": -27.800000000000182,
"std": 8.549894370692575,
"std_diff": 12.32505506066898
},
"throttle": {
"max": 192,
"max_diff": 145.0,
"mean": 116.2,
"mean_diff": -2.230769230769231,
"min": 0,
"min_diff": -171.0,
"std": 63.9504495683963,
"std_diff": 62.594937756512046
},
"utime": {
"max": 1537295426062844,
"max_diff": 500686.0,
"mean": 1537295416313145.2,
"mean_diff": 499984.58974358975,
"min": 1537295406563445,
"min_diff": 499185.0,
"std": 5771566.93747412,
"std_diff": 360.5254511410354
},
"vehicle_speed": {
"max": 27.04,
"max_diff": 0.46000000000000085,
"mean": 26.127750000000002,
"mean_diff": 0.0007692307692307073,
"min": 24.57,
"min_diff": -0.7300000000000004,
"std": 0.6376577745938645,
"std_diff": 0.3078826334438681
},
"yaw_rate": {
"max": 0.5000000000000284,
"max_diff": 2.0,
"mean": -0.327499999999975,
"mean_diff": 0.038461538461538464,
"min": -1.9999999999999716,
"min_diff": -1.5999999999999943,
"std": 0.5034816282646281,
"std_diff": 0.5942525512562459
}
}
},
"ZOE_VEH_INFO": {
"message_count": 1943,
"message_freq": 99.64475593188874,
"timespan": 19.49927,
"var_stats": {
"FL_wheel_speed": {
"max": 246.23850000000002,
"max_diff": 14.011200000000002,
"mean": 229.53622279979416,
"mean_diff": 0.0015675077239958733,
"min": 211.9194,
"min_diff": -25.02000000000001,
"std": 5.811987813577858,
"std_diff": 1.6246546488984364
},
"FR_wheel_speed": {
"max": 239.0244,
"max_diff": 14.678399999999982,
"mean": 229.29947925887802,
"mean_diff": 0.0018251802265705456,
"min": 212.4198,
"min_diff": -14.219699999999989,
"std": 5.750483337321497,
"std_diff": 1.1465054894244844
},
"RL_wheel_speed": {
"max": 243.4863,
"max_diff": 17.055300000000017,
"mean": 228.88159933093155,
"mean_diff": 0.0010951081359423273,
"min": 211.9194,
"min_diff": -21.47550000000001,
"std": 5.8778541486287565,
"std_diff": 1.5558199655164648
},
"RR_wheel_speed": {
"max": 242.3187,
"max_diff": 9.841200000000015,
"mean": 233.0026882141019,
"mean_diff": 0.0018251802265705456,
"min": 209.83440000000002,
"min_diff": -12.176400000000001,
"std": 5.8929440819238605,
"std_diff": 1.1450988403946922
},
"left_solar": {
"max": 0,
"max_diff": 0.0,
"mean": 0.0,
"mean_diff": 0.0,
"min": 0,
"min_diff": 0.0,
"std": 0.0,
"std_diff": 0.0
},
"longitudinal_accel": {
"max": 1.25,
"max_diff": 1.5000000000000018,
"mean": -0.0005146680391140615,
"mean_diff": -0.00010298661174047428,
"min": -1.3499999999999996,
"min_diff": -1.8500000000000014,
"std": 0.2615174898445148,
"std_diff": 0.17761577417323732
},
"meanEffTorque": {
"max": 30.5,
"max_diff": 3.0,
"mean": 9.054554812146165,
"mean_diff": -0.007723995880535531,
"min": -22.5,
"min_diff": -1.5,
"std": 11.88766724907633,
"std_diff": 0.38602261641252733
},
"odom": {
"max": 120,
"max_diff": 76.0,
"mean": 60.28821410190427,