{
"MS_IMU": {
"message_count": 1938,
"message_freq": 99.71005365975256,
"timespan": 19.436355,
"var_stats": {
"linear_accel": {
"max": 10.52473258972168,
"max_diff": 11.449092507362366,
"mean": 3.424111668658048,
"mean_diff": 4.6671634291092525,
"min": -1.385705590248108,
"min_diff": -2.849005699157715,
"std": 4.528969077541178,
"std_diff": 5.155449691847348
},
"q": {
"max": 0.36321762204170227,
"max_diff": 0.9898903121356852,
"mean": -0.15431253413900403,
"mean_diff": 0.42154179949417203,
"min": -0.990638792514801,
"min_diff": -7.46818259358406e-05,
"std": 0.47559190373388743,
"std_diff": 0.38957309282910046
},
"rotation_rate": {
"max": 0.26046594977378845,
"max_diff": 0.26395023381337523,
"mean": -0.0007202550096572725,
"mean_diff": -0.00026258803667050817,
"min": -0.198019340634346,
"min_diff": -0.2191300131380558,
"std": 0.05149444683182098,
"std_diff": 0.06474326461837879
},
"utime": {
"max": 1537298861156319,
"max_diff": 28984.0,
"mean": 1537298851435180.2,
"mean_diff": 10034.25658234383,
"min": 1537298841719964,
"min_diff": 1885.0,
"std": 5617626.173419649,
"std_diff": 5335.057907109728
}
}
},
"POSE": {
"message_count": 966,
"message_freq": 49.64340004871836,
"timespan": 19.45878,
"var_stats": {
"accel": {
"max": 10.024166134932255,
"max_diff": 10.980026151726008,
"mean": 3.424492727871252,
"mean_diff": 4.666983305465583,
"min": -1.1951275315741303,
"min_diff": -2.6270438673081147,
"std": 4.527533131472133,
"std_diff": 5.15404151671538
},
"orientation": {
"max": 0.9141477033944108,
"max_diff": 0.6186011229262064,
"mean": 0.335177353294524,
"mean_diff": -0.14592984472221787,
"min": 0.0,
"min_diff": -0.9141477033944108,
"std": 0.3710204062291963,
"std_diff": 0.5586034494636448
},
"pos": {
"max": 1176.433677379093,
"max_diff": -266.9324994051251,
"mean": 678.5465059037199,
"mean_diff": -577.4991907567652,
"min": 0.0,
"min_diff": -909.501177973968,
"std": 492.76521173581665,
"std_diff": 303.25787999214907
},
"rotation_rate": {
"max": 0.26046594977378845,
"max_diff": 0.26395023381337523,
"mean": -0.0007662883655371797,
"mean_diff": -0.0004701914887080535,
"min": -0.19612619280815125,
"min_diff": -0.21738208644092083,
"std": 0.051501821595942625,
"std_diff": 0.0649047068659321
},
"utime": {
"max": 1537298861161275,
"max_diff": 40533.0,
"mean": 1537298851455947.0,
"mean_diff": 20164.53886010363,
"min": 1537298841702495,
"min_diff": 15769.0,
"std": 5619252.389545248,
"std_diff": 1895.5711244551417
},
"vel": {
"max": 6.506432405157933,
"max_diff": 0.0,
"mean": 0.7598079973029737,
"mean_diff": -1.1397119959544606,
"min": 0.0,
"min_diff": -6.506432405157933,
"std": 1.876683991491577,
"std_diff": 2.2022563568547078
}
}
},
"SteerAngleFeedback": {
"message_count": 1906,
"message_freq": 97.98190686465044,
"timespan": 19.452571,
"var_stats": {
"utime": {
"max": 1537298861152895,
"max_diff": 30035.0,
"mean": 1537298851378237.0,
"mean_diff": 10211.323359580052,
"min": 1537298841700324,
"min_diff": 1735.0,
"std": 5630116.581417506,
"std_diff": 1655.8021812455693
},
"value": {
"max": 8.18741149661737,
"max_diff": 0.11868238913561768,
"mean": 0.9765003630615948,
"mean_diff": -0.00010169635011620336,
"min": -1.5323271077390521,
"min_diff": -0.13264502315156723,
"std": 2.5785903852254903,
"std_diff": 0.0215781410861744
}
}
},
"VEHICLE_MONITOR": {
"message_count": 39,
"message_freq": 2.0000544630215313,
"timespan": 19.499469,
"var_stats": null
},
"ZOE_VEH_INFO": {
"message_count": 1934,
"message_freq": 99.43796980777364,
"timespan": 19.449311,
"var_stats": {
"FL_wheel_speed": {
"max": 206.5401,
"max_diff": 5.838,
"mean": 72.42216235780765,
"mean_diff": 0.09271939989653388,
"min": 0.0,
"min_diff": -1.4177999999999997,
"std": 84.98686458523919,
"std_diff": 0.3512122579005295
},
"FR_wheel_speed": {
"max": 205.6227,
"max_diff": 8.8821,
"mean": 72.26980858324715,
"mean_diff": 0.0924821003621314,
"min": 0.0,
"min_diff": -1.6262999999999863,
"std": 83.45151489037647,
"std_diff": 0.3832460819741167
},
"RL_wheel_speed": {
"max": 206.28990000000002,
"max_diff": 4.6704,
"mean": 71.65808640124096,
"mean_diff": 0.09235266425245732,
"min": 0.0,
"min_diff": -1.4177999999999997,
"std": 84.93951802681401,
"std_diff": 0.35103349229860387
},
"RR_wheel_speed": {
"max": 208.8753,
"max_diff": 4.9206,
"mean": 72.96915682523269,
"mean_diff": 0.09353916192446975,
"min": 0.0,
"min_diff": -1.6262999999999863,
"std": 84.82197928820763,
"std_diff": 0.338426651691298
},
"left_solar": {
"max": 0,
"max_diff": 0.0,
"mean": 0.0,
"mean_diff": 0.0,
"min": 0,
"min_diff": 0.0,
"std": 0.0,
"std_diff": 0.0
},
"longitudinal_accel": {
"max": 2.0,
"max_diff": 0.1999999999999993,
"mean": 0.41838159255429247,
"mean_diff": -0.00018106570098292882,
"min": -0.5,
"min_diff": -0.15000000000000036,
"std": 0.5792513061617741,
"std_diff": 0.0301954028339503
},
"meanEffTorque": {
"max": 133.0,
"max_diff": 2.5,
"mean": 29.388831437435368,
"mean_diff": 0.004138644593895499,
"min": -16.5,
"min_diff": -2.5,
"std": 41.95552194275087,
"std_diff": 0.4577136159072451
},
"odom": {
"max": 120,
"max_diff": 68.0,
"mean": 40.45294725956567,
"mean_diff": 0.018623900672529746,
"min": 4,
"min_diff": -108.0,
"std": 31.978043286456998,
"std_diff": 12.23226102558401
},
"odom_speed": {
"max": 23.0,
"max_diff": 1.0,
"mean": 7.908479834539814,
"mean_diff": 0.010346611484738748,
"min": 0.0,
"min_diff": -1.0,
"std": 9.389007658101306,
"std_diff": 0.11551425263119806
},
"pedal_cc": {
"max": 501.0,
"max_diff": 23.0,
"mean": 119.45553257497414,
"mean_diff": 0.07294361096740817,
"min": 0.0,
"min_diff": -33.0,
"std": 153.39274381508295,
"std_diff": 2.7498497302548586
},
"regen": {
"max": 33.0,
"max_diff": 1.0,
"mean": 1.8738366080661841,
"mean_diff": 0.0,
"min": 0.0,
"min_diff": -3.0,
"std": 6.454486912946225,
"std_diff": 0.3151626092249713
},
"requestedTorqueAfterProc": {
"max": -272.5,
"max_diff": 125.0,
"mean": -354.11814891416753,
"mean_diff": 0.008277289187790998,
"min": -398.5,
"min_diff": -125.5,
"std": 37.01853802745777,
"std_diff": 6.975285895802448
},
"right_solar": {
"max": 0,
"max_diff": 0.0,
"mean": 0.0,
"mean_diff": 0.0,
"min": 0,
"min_diff": 0.0,
"std": 0.0,
"std_diff": 0.0
},
"steer_corrected": {
"max": 469.10412389306424,
"max_diff": 8.400000000000091,
"mean": 55.926771256042436,
"mean_diff": -0.005742369374029958,
"min": -87.79587610693588,
"min_diff": -8.700000000000273,
"std": 148.0262887298822,
"std_diff": 1.316634444158559
},
"steer_offset_can": {
"max": -12.300000000000182,
"max_diff": 0.0,
"mean": -12.300000000000184,
"mean_diff": 0.0,
"min": -12.300000000000182,
"min_diff": 0.0,
"std": 1.7763568394002505e-15,
"std_diff": 0.0
},
"steer_raw": {
"max": 457.4000000000001,
"max_diff": 8.400000000000091,
"mean": 44.2226473629783,
"mean_diff": -0.005742369374029958,
"min": -99.5,
"min_diff": -8.700000000000273,
"std": 148.0262887298822,
"std_diff": 1.3166344441585587
},
"transversal_accel": {
"max": -0.40799999999998704,
"max_diff": 0.020000000000010232,
"mean": -0.4936980351602872,
"mean_diff": -1.862390067253045e-05,
"min": -0.6239999999999952,
"min_diff": -0.015999999999991132,
"std": 0.038446188858082986,
"std_diff": 0.0032152740701021625
},
"utime": {
"max": 1537298861155953,
"max_diff": 22528.0,
"mean": 1537298851430021.5,
"mean_diff": 10061.723228142784,
"min": 1537298841706642,
"min_diff": 2.0,
"std": 5616639.725285926,
"std_diff": 1754.732864638563
}
}
},
"ZoeSensors": {
"message_count": 18640,
"message_freq": 958.3707696915244,
"timespan": 19.449675,
"var_stats": {
"brake_sensor": {
"max": 0.46490442752838135,
"max_diff": 0.004101693630218506,
"mean": 0.23871277619089307,
"mean_diff": -1.1584195809799483e-09,
"min": 0.18476125597953796,
"min_diff": -0.004027754068374634,
"std": 0.10350133557664291,
"std_diff": 0.00014453075112177765
},
"steering_sensor": {
"max": 0.23622040450572968,
"max_diff": 0.0013470351696014404,
"mean": 0.2180734914979326,
"mean_diff": -1.0460153069386917e-07,
"min": 0.21167434751987457,
"min_diff": -0.0014730840921401978,
"std": 0.0034110465144259554,
"std_diff": 0.00012714042564145376
},