{
"MS_IMU": {
"message_count": 1893,
"message_freq": 99.6310178674257,
"timespan": 19.000107,
"var_stats": {
"linear_accel": {
"max": 12.97912311553955,
"max_diff": 12.713116765022278,
"mean": 3.358897080702131,
"mean_diff": 4.819548087227679,
"min": -1.283095121383667,
"min_diff": -2.044255256652832,
"std": 4.573457689940461,
"std_diff": 4.898594396580842
},
"q": {
"max": 0.9334228038787842,
"max_diff": 0.4937792473938316,
"mean": 0.33990885202196186,
"mean_diff": -0.1316128435227669,
"min": -0.009929383173584938,
"min_diff": -0.9291693903505802,
"std": 0.3666905910322914,
"std_diff": 0.5613326001419062
},
"rotation_rate": {
"max": 0.3214399516582489,
"max_diff": 0.3148004235699773,
"mean": 0.004651766492662003,
"mean_diff": 0.007993949678388146,
"min": -0.10018797963857651,
"min_diff": -0.15788289159536362,
"std": 0.034083348278290335,
"std_diff": 0.04201178787406885
},
"utime": {
"max": 1533154087950701,
"max_diff": 25987.0,
"mean": 1533154078457687.0,
"mean_diff": 10042.339852008457,
"min": 1533154068950594,
"min_diff": 2972.0,
"std": 5487966.596996767,
"std_diff": 4538.336554983296
}
}
},
"POSE": {
"message_count": 951,
"message_freq": 50.05473914691145,
"timespan": 18.9992,
"var_stats": {
"accel": {
"max": 10.662438329858164,
"max_diff": 10.556373853978236,
"mean": 3.3659911972529994,
"mean_diff": 4.816730286519599,
"min": -0.460221912865713,
"min_diff": -0.5355663706694949,
"std": 4.564391794213675,
"std_diff": 4.879929477244106
},
"orientation": {
"max": 0.9647657907038486,
"max_diff": 0.9647657907038486,
"mean": 0.3091807123700629,
"mean_diff": 0.2284807982170232,
"min": 0.0,
"min_diff": -0.3982351292837334,
"std": 0.392946926566859,
"std_diff": 0.5302168029961379
},
"pos": {
"max": 2133.993554644428,
"max_diff": -922.2129077867571,
"mean": 1010.3381814530737,
"mean_diff": -1031.5421042315618,
"min": 0.0,
"min_diff": -1211.780646857671,
"std": 843.2993895587422,
"std_diff": 82.98171514496977
},
"rotation_rate": {
"max": 0.3244372308254242,
"max_diff": 0.31811599526554346,
"mean": 0.004701048849892624,
"mean_diff": 0.008078974145556273,
"min": -0.10018797963857651,
"min_diff": -0.15520348399877548,
"std": 0.034479357948675,
"std_diff": 0.042619257371675295
},
"utime": {
"max": 1533154087947169,
"max_diff": 26320.0,
"mean": 1533154078447558.5,
"mean_diff": 19999.157894736843,
"min": 1533154068947969,
"min_diff": 13547.0,
"std": 5490465.979894359,
"std_diff": 661.5991569998682
},
"vel": {
"max": 9.543978845798668,
"max_diff": 0.0,
"mean": 2.9895340303484152,
"mean_diff": -4.484301045522622,
"min": 0.0,
"min_diff": -9.543978845798668,
"std": 4.2423700772281325,
"std_diff": 4.504838567505223
}
}
},
"SteerAngleFeedback": {
"message_count": 1851,
"message_freq": 97.40798970748554,
"timespan": 19.002548,
"var_stats": {
"utime": {
"max": 1533154087955486,
"max_diff": 30281.0,
"mean": 1533154078452367.0,
"mean_diff": 10271.647567567568,
"min": 1533154068952938,
"min_diff": 6063.0,
"std": 5486719.963702937,
"std_diff": 1880.467123998723
},
"value": {
"max": 1.8902635554218266,
"max_diff": 0.005235987755986188,
"mean": 0.05694839932628452,
"mean_diff": -0.0010377633390236554,
"min": -0.14304502315156745,
"min_diff": -0.04537856055185108,
"std": 0.2851071170165902,
"std_diff": 0.0041385556527478405
}
}
},
"VEHICLE_MONITOR": {
"message_count": 39,
"message_freq": 2.0527174689677805,
"timespan": 18.999205,
"var_stats": {
"available_distance": {
"max": 63,
"max_diff": 0.0,
"mean": 63.0,
"mean_diff": 0.0,
"min": 63,
"min_diff": 0.0,
"std": 0.0,
"std_diff": 0.0
},
"battery_level": {
"max": 71,
"max_diff": 0.0,
"mean": 71.0,
"mean_diff": 0.0,
"min": 71,
"min_diff": 0.0,
"std": 0.0,
"std_diff": 0.0
},
"brake": {
"max": 0,
"max_diff": 0.0,
"mean": 0.0,
"mean_diff": 0.0,
"min": 0,
"min_diff": 0.0,
"std": 0.0,
"std_diff": 0.0
},
"brake_switch": {
"max": 1,
"max_diff": 0.0,
"mean": 1.0,
"mean_diff": 0.0,
"min": 1,
"min_diff": 0.0,
"std": 0.0,
"std_diff": 0.0
},
"gear_position": {
"max": 7,
"max_diff": 0.0,
"mean": 7.0,
"mean_diff": 0.0,
"min": 7,
"min_diff": 0.0,
"std": 0.0,
"std_diff": 0.0
},
"left_signal": {
"max": 1,
"max_diff": 0.0,
"mean": 0.05128205128205128,
"mean_diff": -0.02631578947368421,
"min": 0,
"min_diff": -1.0,
"std": 0.2205724427446827,
"std_diff": 0.16007269816574266
},
"rear_left_rpm": {
"max": 302.11650000000003,
"max_diff": 17.972699999999975,
"mean": 284.3394692307692,
"mean_diff": 2.232047368421053,
"min": 217.04850000000002,
"min_diff": -7.506000000000029,
"std": 18.72972536458822,
"std_diff": 4.571578364585444
},
"rear_right_rpm": {
"max": 308.2047,
"max_diff": 12.84359999999998,
"mean": 290.1357692307692,
"mean_diff": 1.955510526315789,
"min": 233.4366,
"min_diff": -7.464300000000037,
"std": 17.297595300965288,
"std_diff": 4.20514098992559
},
"right_signal": {
"max": 1,
"max_diff": 1.0,
"mean": 0.05128205128205128,
"mean_diff": 0.0,
"min": 0,
"min_diff": -1.0,
"std": 0.2205724427446827,
"std_diff": 0.3244428422615251
},
"steering": {
"max": 70.0,
"max_diff": 6.0,
"mean": 3.0923076923078416,
"mean_diff": -1.855263157894737,
"min": -7.5,
"min_diff": -27.699999999999818,
"std": 13.588652592878384,
"std_diff": 6.0679354578160805
},
"steering_speed": {
"max": 11.900000000000272,
"max_diff": 141.5,
"mean": -6.56410256410235,
"mean_diff": 4.03684210526316,
"min": -145.49999999999983,
"min_diff": -29.899999999999633,
"std": 24.465532921187002,
"std_diff": 25.11088483897214
},
"throttle": {
"max": 334,
"max_diff": 169.0,
"mean": 154.07692307692307,
"mean_diff": -4.605263157894737,
"min": 0,
"min_diff": -311.0,
"std": 83.00737829898621,
"std_diff": 102.74944985732711
},
"utime": {
"max": 1533154088332534,
"max_diff": 500797.0,
"mean": 1533154078832623.8,
"mean_diff": 499979.0789473684,
"min": 1533154069333329,
"min_diff": 499044.0,
"std": 5627115.334580835,
"std_diff": 435.839382630257
},
"vehicle_speed": {
"max": 34.45,
"max_diff": 1.6400000000000006,
"mean": 32.44384615384616,
"mean_diff": 0.2365789473684211,
"min": 25.46,
"min_diff": -0.6299999999999955,
"std": 2.020503384072719,
"std_diff": 0.4608988718613904
},
"yaw_rate": {
"max": 14.700000000000017,
"max_diff": 1.1000000000000227,
"mean": 0.5384615384615618,
"mean_diff": -0.3921052631578949,
"min": -1.6999999999999886,
"min_diff": -7.400000000000006,
"std": 2.788218380202704,
"std_diff": 1.4011990314590497
}
}
},
"ZOE_VEH_INFO": {
"message_count": 1884,
"message_freq": 99.17486929868207,
"timespan": 18.996748,
"var_stats": {
"FL_wheel_speed": {
"max": 303.7428,
"max_diff": 4.670400000000029,
"mean": 283.95052802547775,
"mean_diff": 0.05086824216675519,
"min": 205.8312,
"min_diff": -3.0441000000000145,
"std": 19.50261524228832,
"std_diff": 0.5004359640940348
},
"FR_wheel_speed": {
"max": 302.8254,
"max_diff": 7.46429999999998,
"mean": 284.487227388535,
"mean_diff": 0.04318374933616569,
"min": 220.0926,
"min_diff": -9.132299999999987,
"std": 17.63235967261176,
"std_diff": 0.5697752642944125
},
"RL_wheel_speed": {
"max": 303.0339,
"max_diff": 7.005600000000015,
"mean": 282.9946595541401,
"mean_diff": 0.051754062665958576,
"min": 202.5369,
"min_diff": -4.0031999999999925,
"std": 19.814573823096566,
"std_diff": 0.5993806828043182
},
"RR_wheel_speed": {
"max": 308.8719,
"max_diff": 10.258199999999988,
"mean": 289.048198089172,
"mean_diff": 0.04480037174721189,
"min": 221.9691,
"min_diff": -11.717700000000036,
"std": 18.147660219093577,
"std_diff": 0.6990488312184656
},
"left_solar": {
"max": 32,
"max_diff": 112.0,
"mean": -73.06157112526539,
"mean_diff": -0.04248539564524695,
"min": -112,
"min_diff": -112.0,
"std": 55.744282969028674,
"std_diff": 6.585384336986335
},
"longitudinal_accel": {
"max": 1.25,
"max_diff": 1.3999999999999986,
"mean": 0.1417993630573256,
"mean_diff": -0.0002920870950610722,
"min": -0.5999999999999996,
"min_diff": -0.8999999999999986,
"std": 0.28742284126548284,
"std_diff": 0.09450471655387448
},
"meanEffTorque": {
"max": 74.5,
"max_diff": 6.5,
"mean": 17.5843949044586,
"mean_diff": -0.031598513011152414,
"min": -22.0,
"min_diff": -4.0,
"std": 19.351989880103655,