{
"MS_IMU": {
"message_count": 1966,
"message_freq": 99.29421811182095,
"timespan": 19.799743,
"var_stats": {
"linear_accel": {
"max": 11.61218547821045,
"max_diff": 12.52321207523346,
"mean": 3.2153775556538666,
"mean_diff": 4.965214371174102,
"min": -1.60989511013031,
"min_diff": -1.4866380915045738,
"std": 4.683736773252108,
"std_diff": 4.893450609559116
},
"q": {
"max": 0.970503032207489,
"max_diff": 0.03622188791632652,
"mean": 0.07156410854097449,
"mean_diff": -0.44852339853297335,
"min": -0.7103428840637207,
"min_diff": -0.9735952962655574,
"std": 0.49485209492294124,
"std_diff": 0.3724828075757413
},
"rotation_rate": {
"max": 0.3240763247013092,
"max_diff": 0.33581059332937,
"mean": 0.017042446384812785,
"mean_diff": 0.024361800396253495,
"min": -0.0920252650976181,
"min_diff": -0.19437198340892792,
"std": 0.061620693734589234,
"std_diff": 0.0746044748381417
},
"utime": {
"max": 1535385151956130,
"max_diff": 29006.0,
"mean": 1535385142072746.5,
"mean_diff": 10076.205089058523,
"min": 1535385132156387,
"min_diff": 1459.0,
"std": 5716221.736973165,
"std_diff": 5447.08247357877
}
}
},
"POSE": {
"message_count": 985,
"message_freq": 49.7496230266509,
"timespan": 19.799145,
"var_stats": {
"accel": {
"max": 10.525373894625362,
"max_diff": 11.38294095456942,
"mean": 3.213645323923648,
"mean_diff": 4.965527477003959,
"min": -1.4977382142640365,
"min_diff": -1.4057375716488125,
"std": 4.681240336479508,
"std_diff": 4.888663254877707
},
"orientation": {
"max": 0.9999999999942086,
"max_diff": 0.5208971036435965,
"mean": 0.28957559284858725,
"mean_diff": -0.24736335407022575,
"min": -0.0019868867404273616,
"min_diff": -0.9999999999942086,
"std": 0.4076100784161123,
"std_diff": 0.5216749029773825
},
"pos": {
"max": 2134.000862475022,
"max_diff": -873.3512639310406,
"mean": 998.413387931099,
"mean_diff": -1057.9219694484264,
"min": 0.0,
"min_diff": -1242.84655942292,
"std": 867.9140568634109,
"std_diff": 178.66209521779933
},
"rotation_rate": {
"max": 0.3240763247013092,
"max_diff": 0.33581059332937,
"mean": 0.016916517530917004,
"mean_diff": 0.024216567022162756,
"min": -0.0920252650976181,
"min_diff": -0.1877586394548416,
"std": 0.061401266479322515,
"std_diff": 0.07429516846417075
},
"utime": {
"max": 1535385151959640,
"max_diff": 40235.0,
"mean": 1535385142073403.2,
"mean_diff": 20121.08231707317,
"min": 1535385132160495,
"min_diff": 15567.0,
"std": 5719489.991218314,
"std_diff": 1659.6231164180326
},
"vel": {
"max": 4.982889715942026,
"max_diff": 0.0,
"mean": 0.908618097601196,
"mean_diff": -1.3629271464017942,
"min": 0.0,
"min_diff": -4.982889715942026,
"std": 1.5423193870904273,
"std_diff": 1.717245906160843
}
}
},
"SteerAngleFeedback": {
"message_count": 1945,
"message_freq": 98.21935629306314,
"timespan": 19.802614,
"var_stats": {
"utime": {
"max": 1535385151952282,
"max_diff": 30363.0,
"mean": 1535385142024264.2,
"mean_diff": 10186.529835390946,
"min": 1535385132149668,
"min_diff": 3315.0,
"std": 5714083.487766424,
"std_diff": 1549.2988222656193
},
"value": {
"max": 3.499457125760603,
"max_diff": 0.05061454830783707,
"mean": 0.8547799003977412,
"mean_diff": -0.00019572107867014366,
"min": -0.4205523742186675,
"min_diff": -0.03839724354388041,
"std": 1.2793146371601694,
"std_diff": 0.0070556136678559655
}
}
},
"VEHICLE_MONITOR": {
"message_count": 41,
"message_freq": 2.050079645594231,
"timespan": 19.999223,
"var_stats": null
},
"ZOE_VEH_INFO": {
"message_count": 1972,
"message_freq": 99.54556339760114,
"timespan": 19.810024,
"var_stats": {
"FL_wheel_speed": {
"max": 154.2066,
"max_diff": 10.967100000000002,
"mean": 84.07403017241379,
"mean_diff": -0.04043059360730594,
"min": 0.0,
"min_diff": -11.926199999999994,
"std": 46.038514445845365,
"std_diff": 0.8759091115070724
},
"FR_wheel_speed": {
"max": 155.8329,
"max_diff": 5.8797,
"mean": 86.36977165314403,
"mean_diff": -0.041594216133942166,
"min": 0.0,
"min_diff": -5.837999999999994,
"std": 46.98060651657216,
"std_diff": 0.5148160698253436
},
"RL_wheel_speed": {
"max": 154.9155,
"max_diff": 6.046500000000002,
"mean": 83.49232363083165,
"mean_diff": -0.04100182648401827,
"min": 0.0,
"min_diff": -7.005600000000001,
"std": 45.9508769091646,
"std_diff": 0.5164205523963035
},
"RR_wheel_speed": {
"max": 159.3774,
"max_diff": 6.5469,
"mean": 87.49220370182556,
"mean_diff": -0.04282130898021309,
"min": 0.0,
"min_diff": -3.5028,
"std": 47.612744883527725,
"std_diff": 0.41244714649019715
},
"left_solar": {
"max": 32,
"max_diff": 112.0,
"mean": 8.713995943204868,
"mean_diff": -0.016235413495687467,
"min": -112,
"min_diff": -144.0,
"std": 39.45769998478412,
"std_diff": 5.441794798362263
},
"longitudinal_accel": {
"max": 1.4000000000000004,
"max_diff": 0.4499999999999993,
"mean": -0.2090010141987823,
"mean_diff": 7.610350076103519e-05,
"min": -1.5999999999999996,
"min_diff": -0.45000000000000107,
"std": 0.69592691119043,
"std_diff": 0.04845396997909565
},
"meanEffTorque": {
"max": 95.0,
"max_diff": 5.0,
"mean": 4.6668356997971605,
"mean_diff": 0.0045662100456621,
"min": -40.0,
"min_diff": -3.0,
"std": 38.65204763707776,
"std_diff": 0.4588378455380678
},
"odom": {
"max": 120,
"max_diff": 52.0,
"mean": 60.476673427991884,
"mean_diff": 0.044647387113140535,
"min": 0,
"min_diff": -112.0,
"std": 33.22466341615028,
"std_diff": 15.09617520598476
},
"odom_speed": {
"max": 18.0,
"max_diff": 1.0,
"mean": 9.37525354969574,
"mean_diff": -0.0050735667174023336,
"min": 0.0,
"min_diff": -1.0,
"std": 5.355908585996809,
"std_diff": 0.14236757281900048
},
"pedal_cc": {
"max": 348.0,
"max_diff": 99.0,
"mean": 65.91784989858012,
"mean_diff": 0.0,
"min": 0.0,
"min_diff": -28.0,
"std": 98.43337418781168,
"std_diff": 3.175885803078543
},
"regen": {
"max": 54.0,
"max_diff": 1.0,
"mean": 13.314908722109534,
"mean_diff": -0.014205986808726534,
"min": 0.0,
"min_diff": -1.0,
"std": 18.340002744026446,
"std_diff": 0.22252897287619236
},
"requestedTorqueAfterProc": {
"max": -272.5,
"max_diff": 126.0,
"mean": -344.9830121703854,
"mean_diff": -0.05555555555555555,
"min": -398.5,
"min_diff": -126.0,
"std": 46.34442655456265,
"std_diff": 5.061677762262587
},
"right_solar": {
"max": 100,
"max_diff": 206.0,
"mean": 62.83874239350913,
"mean_diff": -0.022323693556570268,
"min": -106,
"min_diff": -100.0,
"std": 46.678960083133454,
"std_diff": 6.564476210912373
},
"steer_corrected": {
"max": 200.5041238930643,
"max_diff": 1.7999999999997272,
"mean": 48.74007723992011,
"mean_diff": -0.011060375443936949,
"min": -24.095876106936057,
"min_diff": -1.300000000000182,
"std": 73.11273465003163,
"std_diff": 0.39784993169004673
},
"steer_offset_can": {
"max": -12.300000000000182,
"max_diff": 0.0,
"mean": -12.300000000000182,
"mean_diff": 0.0,
"min": -12.300000000000182,
"min_diff": 0.0,
"std": 0.0,
"std_diff": 0.0
},
"steer_raw": {
"max": 188.80000000000018,
"max_diff": 1.7999999999997272,
"mean": 37.03595334685598,
"mean_diff": -0.011060375443936949,
"min": -35.80000000000018,
"min_diff": -1.300000000000182,
"std": 73.11273465003163,
"std_diff": 0.3978499316900468
},
"transversal_accel": {
"max": -0.35599999999999454,
"max_diff": 0.08800000000002228,
"mean": -0.49488438133874085,
"mean_diff": 1.0147133434809859e-05,
"min": -0.671999999999997,
"min_diff": -0.09600000000000364,
"std": 0.044086822180009234,
"std_diff": 0.007865426889940916
},
"utime": {
"max": 1535385151957744,
"max_diff": 24741.0,
"mean": 1535385142075315.8,
"mean_diff": 10050.747843734145,
"min": 1535385132147720,
"min_diff": 2.0,
"std": 5715872.2607893795,
"std_diff": 1679.126565259598
}
}
},
"ZoeSensors": {
"message_count": 19038,
"message_freq": 961.4147370870559,
"timespan": 19.802068,
"var_stats": {
"brake_sensor": {
"max": 0.1842249184846878,
"max_diff": 2.956390380859375e-05,
"mean": 0.1839969250469326,
"mean_diff": 7.827473443214612e-13,
"min": 0.1828802078962326,
"min_diff": -2.6702880859375e-05,
"std": 0.0003108098202062344,
"std_diff": 5.152329457546496e-06
},
"steering_sensor": {
"max": 0.2213045060634613,
"max_diff": 0.0006971508264541626,
"mean": 0.2162739824985416,