{
"MS_IMU": {
"message_count": 1893,
"message_freq": 99.36992746835189,
"timespan": 19.050029,
"var_stats": {
"linear_accel": {
"max": 14.65594482421875,
"max_diff": 14.621865831315517,
"mean": 3.212266684829264,
"mean_diff": 4.810873744625065,
"min": -2.1932945251464844,
"min_diff": -3.0449140071868896,
"std": 4.692472532082495,
"std_diff": 5.293398881317748
},
"q": {
"max": 0.68086177110672,
"max_diff": 0.03324570879340172,
"mean": -0.020122853195280992,
"mean_diff": -0.4705189685939924,
"min": -0.7529945969581604,
"min_diff": -0.7714096195995808,
"std": 0.4995949253618476,
"std_diff": 0.34840472404108
},
"rotation_rate": {
"max": 0.1715555489063263,
"max_diff": 0.2156917192041874,
"mean": 0.0004618608803142624,
"mean_diff": 0.0012842852451066013,
"min": -0.20851504802703857,
"min_diff": -0.19785545323975384,
"std": 0.021693387033043177,
"std_diff": 0.03506619943236493
},
"utime": {
"max": 1532402021198416,
"max_diff": 40013.0,
"mean": 1532402011672435.0,
"mean_diff": 10068.725687103593,
"min": 1532402002148387,
"min_diff": 1927.0,
"std": 5503654.739577554,
"std_diff": 5102.849489924655
}
}
},
"POSE": {
"message_count": 946,
"message_freq": 49.68679722529176,
"timespan": 19.039263,
"var_stats": {
"accel": {
"max": 12.597159961291169,
"max_diff": 12.744408670392724,
"mean": 3.215976533038776,
"mean_diff": 4.807784966525174,
"min": -1.4492048354743248,
"min_diff": -2.79723177693114,
"std": 4.681878319521769,
"std_diff": 5.284507994751832
},
"orientation": {
"max": 0.9996102388957543,
"max_diff": 0.0,
"mean": 0.23848521234388426,
"mean_diff": -0.3479953864432799,
"min": -0.05370015100743741,
"min_diff": -0.9996102388957543,
"std": 0.43945967220359644,
"std_diff": 0.4606870351415651
},
"pos": {
"max": 921.244800084445,
"max_diff": 710.6164549444115,
"mean": 387.4000446178663,
"mean_diff": -121.93738295142641,
"min": 0.0,
"min_diff": -921.244800084445,
"std": 388.56728877180603,
"std_diff": 796.5340277612506
},
"rotation_rate": {
"max": 0.1715555489063263,
"max_diff": 0.2138624805957079,
"mean": 0.0004418256671567401,
"mean_diff": 0.0013113028538426878,
"min": -0.20851504802703857,
"min_diff": -0.19747790088877082,
"std": 0.02167412922023356,
"std_diff": 0.034992740613489046
},
"utime": {
"max": 1532402021202306,
"max_diff": 40300.0,
"mean": 1532402011666692.8,
"mean_diff": 20147.368253968252,
"min": 1532402002163043,
"min_diff": 14041.0,
"std": 5505118.107771004,
"std_diff": 1888.7698484938528
},
"vel": {
"max": 6.744350337845342,
"max_diff": 0.0,
"mean": 1.0331910004678153,
"mean_diff": -1.549786500701723,
"min": 0.0,
"min_diff": -6.744350337845342,
"std": 1.8395956745051845,
"std_diff": 2.067741675331209
}
}
},
"SteerAngleFeedback": {
"message_count": 1834,
"message_freq": 96.29533369299693,
"timespan": 19.045575,
"var_stats": {
"utime": {
"max": 1532402021200200,
"max_diff": 40288.0,
"mean": 1532402011741351.2,
"mean_diff": 10390.384615384615,
"min": 1532402002154625,
"min_diff": 4661.0,
"std": 5482770.898746553,
"std_diff": 2361.338515146232
},
"value": {
"max": 0.3787364476827663,
"max_diff": 0.010471975511964396,
"mean": 0.01346967842569632,
"mean_diff": 0.00013520826720305487,
"min": -0.20245819323134065,
"min_diff": -0.019198621771936042,
"std": 0.12803167819075467,
"std_diff": 0.002031348544071761
}
}
},
"VEHICLE_MONITOR": {
"message_count": 39,
"message_freq": 2.0526602081555345,
"timespan": 18.999735,
"var_stats": {
"available_distance": {
"max": 125,
"max_diff": 0.0,
"mean": 125.0,
"mean_diff": 0.0,
"min": 125,
"min_diff": 0.0,
"std": 0.0,
"std_diff": 0.0
},
"battery_level": {
"max": 95,
"max_diff": 0.0,
"mean": 95.0,
"mean_diff": 0.0,
"min": 95,
"min_diff": 0.0,
"std": 0.0,
"std_diff": 0.0
},
"brake": {
"max": 9,
"max_diff": 7.0,
"mean": 0.9230769230769231,
"mean_diff": 0.02631578947368421,
"min": 0,
"min_diff": -9.0,
"std": 2.211677810548495,
"std_diff": 2.5077442380424095
},
"brake_switch": {
"max": 4,
"max_diff": 3.0,
"mean": 2.051282051282051,
"mean_diff": 0.07894736842105263,
"min": 1,
"min_diff": -3.0,
"std": 1.3950226162805586,
"std_diff": 1.1783480619599005
},
"gear_position": {
"max": 7,
"max_diff": 0.0,
"mean": 7.0,
"mean_diff": 0.0,
"min": 7,
"min_diff": 0.0,
"std": 0.0,
"std_diff": 0.0
},
"left_signal": {
"max": 1,
"max_diff": 1.0,
"mean": 0.02564102564102564,
"mean_diff": 0.02631578947368421,
"min": 0,
"min_diff": 0.0,
"std": 0.15806189751202504,
"std_diff": 0.16007269816574263
},
"rear_left_rpm": {
"max": 213.5457,
"max_diff": 35.6952,
"mean": 98.85359230769231,
"mean_diff": 2.2989868421052635,
"min": 14.9703,
"min_diff": -19.14030000000001,
"std": 59.51372069406752,
"std_diff": 15.905251572791116
},
"rear_right_rpm": {
"max": 213.2955,
"max_diff": 35.4867,
"mean": 98.87176923076925,
"mean_diff": 2.292402631578948,
"min": 14.9703,
"min_diff": -18.681600000000003,
"std": 59.46822821461227,
"std_diff": 15.864466864140569
},
"right_signal": {
"max": 0,
"max_diff": 0.0,
"mean": 0.0,
"mean_diff": 0.0,
"min": 0,
"min_diff": 0.0,
"std": 0.0,
"std_diff": 0.0
},
"steering": {
"max": 21.59999999999991,
"max_diff": 13.5,
"mean": 1.0564102564102285,
"mean_diff": 0.37368421052632295,
"min": -10.300000000000182,
"min_diff": -8.200000000000273,
"std": 7.2655066660034935,
"std_diff": 3.965554597871327
},
"steering_speed": {
"max": 37.80000000000037,
"max_diff": 35.90000000000009,
"mean": 0.2230769230771467,
"mean_diff": 0.0,
"min": -27.899999999999455,
"min_diff": -35.90000000000009,
"std": 10.216413680018176,
"std_diff": 13.622523917935947
},
"throttle": {
"max": 412,
"max_diff": 271.0,
"mean": 79.1025641025641,
"mean_diff": -1.7894736842105263,
"min": 0,
"min_diff": -301.0,
"std": 129.16175405813476,
"std_diff": 85.25693609527947
},
"utime": {
"max": 1532402021630441,
"max_diff": 501127.0,
"mean": 1532402012131047.5,
"mean_diff": 499993.0263157895,
"min": 1532402002630706,
"min_diff": 498973.0,
"std": 5627279.503564008,
"std_diff": 462.2391433265563
},
"vehicle_speed": {
"max": 24.23,
"max_diff": 4.090000000000002,
"mean": 11.322051282051282,
"mean_diff": 0.2694736842105263,
"min": 1.79,
"min_diff": -2.16,
"std": 6.764920898768952,
"std_diff": 1.8063177830929988
},
"yaw_rate": {
"max": 1.3000000000000114,
"max_diff": 0.700000000000017,
"mean": -0.07692307692305214,
"mean_diff": 0.007894736842104814,
"min": -1.299999999999983,
"min_diff": -1.200000000000017,
"std": 0.5131409255433198,
"std_diff": 0.4157311751267865
}
}
},
"ZOE_VEH_INFO": {
"message_count": 1892,
"message_freq": 99.31166309452622,
"timespan": 19.051136,
"var_stats": {
"FL_wheel_speed": {
"max": 214.0044,
"max_diff": 7.506,
"mean": 97.99682933403805,
"mean_diff": 0.05510750925436277,
"min": 8.1732,
"min_diff": -5.838000000000001,
"std": 60.88460025690216,
"std_diff": 0.6636474437529898
},
"FR_wheel_speed": {
"max": 213.5457,
"max_diff": 7.506,
"mean": 97.85059281183933,
"mean_diff": 0.055217768376520364,
"min": 7.2558,
"min_diff": -5.1708,
"std": 60.82195446881251,
"std_diff": 0.671545416168744
},
"RL_wheel_speed": {
"max": 214.0044,
"max_diff": 4.628699999999995,
"mean": 97.66940058139534,
"mean_diff": 0.05521776837652035,
"min": 7.964700000000001,
"min_diff": -6.546900000000001,
"std": 60.83239390389265,
"std_diff": 0.6562918509746473
},
"RR_wheel_speed": {
"max": 214.9635,
"max_diff": 6.296699999999987,
"mean": 97.72595565539112,
"mean_diff": 0.055085457429931255,
"min": 8.6736,
"min_diff": -8.173200000000001,
"std": 60.87374355980673,
"std_diff": 0.7052671594456477
},
"left_solar": {
"max": 32,
"max_diff": 144.0,
"mean": -43.74630021141649,
"mean_diff": 0.04230565838180857,
"min": -112,
"min_diff": -144.0,
"std": 42.33725352446046,
"std_diff": 8.883898159500193
},
"longitudinal_accel": {
"max": 2.6500000000000004,
"max_diff": 0.5999999999999996,
"mean": 0.1996828752642712,
"mean_diff": -0.0004494976203067168,
"min": -2.1499999999999995,
"min_diff": -0.8000000000000007,
"std": 1.0838851331595676,
"std_diff": 0.0719969662936246
},
"meanEffTorque": {
"max": 162.0,
"max_diff": 4.5,
"mean": 21.10544397463002,
"mean_diff": -0.03358011634056055,
"min": -66.0,
"min_diff": -4.0,