{
"MS_IMU": {
"message_count": 1945,
"message_freq": 99.74366135442354,
"timespan": 19.499986,
"var_stats": {
"linear_accel": {
"max": 9.886160850524902,
"max_diff": 9.525505125522614,
"mean": 3.2833865478034703,
"mean_diff": 5.066043506804039,
"min": -0.4199919104576111,
"min_diff": 0.6325441598892212,
"std": 4.611149698489792,
"std_diff": 4.322721327838951
},
"q": {
"max": -0.007833240553736687,
"max_diff": 0.844773193821311,
"mean": -0.3519197221798703,
"mean_diff": 0.11022492861686452,
"min": -0.8530511856079102,
"min_diff": -0.49721493385732174,
"std": 0.3551795702437776,
"std_diff": 0.5549518600428605
},
"rotation_rate": {
"max": 0.003105682320892811,
"max_diff": 0.005204211105592549,
"mean": 1.6789345702680642e-05,
"mean_diff": 0.00012772320151081598,
"min": -0.0037324554286897182,
"min_diff": -0.004405976855196059,
"std": 0.0008845304597200803,
"std_diff": 0.0012759545908003973
},
"utime": {
"max": 1535657147900168,
"max_diff": 22224.0,
"mean": 1535657138156745.0,
"mean_diff": 10030.856995884773,
"min": 1535657128400182,
"min_diff": 2752.0,
"std": 5623627.435186132,
"std_diff": 4680.84819385461
}
}
},
"POSE": {
"message_count": 972,
"message_freq": 49.848993960630274,
"timespan": 19.498889,
"var_stats": {
"accel": {
"max": 9.808376138293157,
"max_diff": 9.415337871033623,
"mean": 3.2834361353144597,
"mean_diff": 5.066060776075356,
"min": -0.36002326490791986,
"min_diff": 0.7112121076855276,
"std": 4.6110666804411915,
"std_diff": 4.322466905668463
},
"orientation": {
"max": 0.9732911633844393,
"max_diff": 0.9732911633844393,
"mean": 0.300727919290965,
"mean_diff": 0.24788068266856028,
"min": 0.0,
"min_diff": -0.22970178091857016,
"std": 0.3994530242205294,
"std_diff": 0.5214292861866332
},
"pos": {
"max": 668.6679959332097,
"max_diff": 359.48013575067114,
"mean": 325.95194549661056,
"mean_diff": -154.59395087507826,
"min": 0.0,
"min_diff": -668.6679959332097,
"std": 273.23979286737324,
"std_diff": 514.0739838645999
},
"rotation_rate": {
"max": 0.0030666992533951998,
"max_diff": 0.005204211105592549,
"mean": 7.675085872409022e-06,
"mean_diff": 0.00013769899241342716,
"min": -0.0037324554286897182,
"min_diff": -0.004061555955559015,
"std": 0.0008747931658756694,
"std_diff": 0.0012674403511278764
},
"utime": {
"max": 1535657147899106,
"max_diff": 40215.0,
"mean": 1535657138154946.0,
"mean_diff": 20081.245108135943,
"min": 1535657128400217,
"min_diff": 15347.0,
"std": 5629798.45154571,
"std_diff": 1366.7472814961438
},
"vel": {
"max": 1.1250245008780369e-99,
"max_diff": 0.0,
"mean": 1.1445378262241489e-102,
"mean_diff": -1.716806739336223e-102,
"min": 0.0,
"min_diff": -1.1250245008780369e-99,
"std": 2.7803141133363574e-101,
"std_diff": 3.403732525031684e-101
}
}
},
"SteerAngleFeedback": {
"message_count": 1928,
"message_freq": 98.85918652323676,
"timespan": 19.502487,
"var_stats": {
"utime": {
"max": 1535657147903708,
"max_diff": 29825.0,
"mean": 1535657138186951.0,
"mean_diff": 10120.647119875453,
"min": 1535657128401221,
"min_diff": 1930.0,
"std": 5624031.026853402,
"std_diff": 1300.9285387035864
},
"value": {
"max": -1.1972238913561442,
"max_diff": 0.0017453292519926666,
"mean": -1.1988180432299818,
"mean_diff": 9.057235350247362e-07,
"min": -1.2007145498601295,
"min_diff": -0.0017453292519926666,
"std": 0.0007071874598649573,
"std_diff": 0.0008701698502220598
}
}
},
"VEHICLE_MONITOR": {
"message_count": 40,
"message_freq": 2.051289520079791,
"timespan": 19.499929,
"var_stats": null
},
"ZOE_VEH_INFO": {
"message_count": 1942,
"message_freq": 99.59513704947302,
"timespan": 19.498944,
"var_stats": {
"FL_wheel_speed": {
"max": 0.0,
"max_diff": 0.0,
"mean": 0.0,
"mean_diff": 0.0,
"min": 0.0,
"min_diff": 0.0,
"std": 0.0,
"std_diff": 0.0
},
"FR_wheel_speed": {
"max": 0.0,
"max_diff": 0.0,
"mean": 0.0,
"mean_diff": 0.0,
"min": 0.0,
"min_diff": 0.0,
"std": 0.0,
"std_diff": 0.0
},
"RL_wheel_speed": {
"max": 0.0,
"max_diff": 0.0,
"mean": 0.0,
"mean_diff": 0.0,
"min": 0.0,
"min_diff": 0.0,
"std": 0.0,
"std_diff": 0.0
},
"RR_wheel_speed": {
"max": 0.0,
"max_diff": 0.0,
"mean": 0.0,
"mean_diff": 0.0,
"min": 0.0,
"min_diff": 0.0,
"std": 0.0,
"std_diff": 0.0
},
"left_solar": {
"max": 0,
"max_diff": 0.0,
"mean": 0.0,
"mean_diff": 0.0,
"min": 0,
"min_diff": 0.0,
"std": 0.0,
"std_diff": 0.0
},
"longitudinal_accel": {
"max": -0.34999999999999964,
"max_diff": 0.09999999999999964,
"mean": -0.39866117404737256,
"mean_diff": -2.575991756826415e-05,
"min": -0.4499999999999993,
"min_diff": -0.09999999999999964,
"std": 0.022538661743411344,
"std_diff": 0.018888467241867372
},
"meanEffTorque": {
"max": 0.0,
"max_diff": 0.0,
"mean": 0.0,
"mean_diff": 0.0,
"min": 0.0,
"min_diff": 0.0,
"std": 0.0,
"std_diff": 0.0
},
"odom": {
"max": 72,
"max_diff": 0.0,
"mean": 72.0,
"mean_diff": 0.0,
"min": 72,
"min_diff": 0.0,
"std": 0.0,
"std_diff": 0.0
},
"odom_speed": {
"max": 0.0,
"max_diff": 0.0,
"mean": 0.0,
"mean_diff": 0.0,
"min": 0.0,
"min_diff": 0.0,
"std": 0.0,
"std_diff": 0.0
},
"pedal_cc": {
"max": 0.0,
"max_diff": 0.0,
"mean": 0.0,
"mean_diff": 0.0,
"min": 0.0,
"min_diff": 0.0,
"std": 0.0,
"std_diff": 0.0
},
"regen": {
"max": 0.0,
"max_diff": 0.0,
"mean": 0.0,
"mean_diff": 0.0,
"min": 0.0,
"min_diff": 0.0,
"std": 0.0,
"std_diff": 0.0
},
"requestedTorqueAfterProc": {
"max": -382.5,
"max_diff": 0.0,
"mean": -382.5,
"mean_diff": 0.0,
"min": -382.5,
"min_diff": 0.0,
"std": 0.0,
"std_diff": 0.0
},
"right_solar": {
"max": 0,
"max_diff": 0.0,
"mean": 0.0,
"mean_diff": 0.0,
"min": 0,
"min_diff": 0.0,
"std": 0.0,
"std_diff": 0.0
},
"steer_corrected": {
"max": -68.59587610693606,
"max_diff": 0.09999999999990905,
"mean": -68.68732821816154,
"mean_diff": 5.151983513648071e-05,
"min": -68.79587610693588,
"min_diff": -0.09999999999990905,
"std": 0.04058090700763585,
"std_diff": 0.04998709183202829
},
"steer_offset_can": {
"max": -12.300000000000182,
"max_diff": 0.0,
"mean": -12.300000000000184,
"mean_diff": 0.0,
"min": -12.300000000000182,
"min_diff": 0.0,
"std": 1.7763568394002505e-15,
"std_diff": 0.0
},
"steer_raw": {
"max": -80.30000000000018,
"max_diff": 0.09999999999990905,
"mean": -80.39145211122563,
"mean_diff": 5.151983513648071e-05,
"min": -80.5,
"min_diff": -0.09999999999990905,
"std": 0.04058090700763585,
"std_diff": 0.04998709183202829
},
"transversal_accel": {
"max": -0.4480000000000075,
"max_diff": 0.008000000000009777,
"mean": -0.4578331616889771,
"mean_diff": -2.0607934054562995e-06,
"min": -0.46399999999999864,
"min_diff": -0.008000000000009777,
"std": 0.0025546492810510323,
"std_diff": 0.0020362495144114557
},
"utime": {
"max": 1535657147901283,
"max_diff": 21331.0,
"mean": 1535657138152378.5,
"mean_diff": 10045.823802163834,
"min": 1535657128402339,
"min_diff": 2.0,
"std": 5626129.283484218,
"std_diff": 1686.8931228454628
}
}
},
"ZoeSensors": {
"message_count": 18537,
"message_freq": 950.6973396014293,
"timespan": 19.498319,
"var_stats": {
"brake_sensor": {
"max": 0.18368439376354218,
"max_diff": 2.7179718017578125e-05,
"mean": 0.18359113828633128,
"mean_diff": -1.3746755309386864e-09,
"min": 0.18351134657859802,
"min_diff": -2.4318695068359375e-05,
"std": 2.368830916364742e-05,
"std_diff": 5.24660141263393e-06
},
"steering_sensor": {
"max": 0.18986569344997406,
"max_diff": 0.0006774663925170898,
"mean": 0.18836113553303901,
"mean_diff": -5.524427045971142e-09,
"min": 0.18706920742988586,
"min_diff": -0.0004884004592895508,
"std": 0.0002553301042251274,
"std_diff": 0.00011004485744108265
},
"throttle_sensor": {
"max": 0.1260247677564621,
"max_diff": 0.0019361600279808044,
"mean": 0.12065778008183918,
"mean_diff": -3.5758847736519987e-08,
"min": 0.11648351699113846,
"min_diff": -0.0019187182188034058,
"std": 0.0005541922932981536,
"std_diff": 0.00039742067897029974
},
"utime": {
"max": 1535657147898954,
"max_diff": 12878.0,
"mean": 1535657138158955.8,
"mean_diff": 1051.916217091066,
"min": 1535657128400635,
"min_diff": 1.0,
"std": 5628973.797571397,
"std_diff": 650.0981836674372
}
}
}
}