{
"MS_IMU": {
"message_count": 1989,
"message_freq": 99.82322406128152,
"timespan": 19.925223,
"var_stats": {
"linear_accel": {
"max": 12.798258781433105,
"max_diff": 12.939242392778397,
"mean": 3.2420327853634903,
"mean_diff": 5.019632612111565,
"min": -1.6818082332611084,
"min_diff": -1.742699772119522,
"std": 4.655491680949852,
"std_diff": 4.625010980384484
},
"q": {
"max": 0.010799630545079708,
"max_diff": 0.9012902397662401,
"mean": -0.34159050163185295,
"mean_diff": 0.13211872794629342,
"min": -0.9075890779495239,
"min_diff": -0.5040899636223912,
"std": 0.3651245626609651,
"std_diff": 0.5583765273744957
},
"rotation_rate": {
"max": 0.12023276090621948,
"max_diff": 0.19032593071460724,
"mean": 0.002552744150773364,
"mean_diff": 0.0032991760656678262,
"min": -0.18921223282814026,
"min_diff": -0.17242527194321156,
"std": 0.023664728726153293,
"std_diff": 0.03247629889585423
},
"utime": {
"max": 1535488196721933,
"max_diff": 34967.0,
"mean": 1535488186759518.5,
"mean_diff": 10022.747987927565,
"min": 1535488176796710,
"min_diff": 1939.0,
"std": 5746053.468686063,
"std_diff": 5589.186998499527
}
}
},
"POSE": {
"message_count": 995,
"message_freq": 50.00079146981472,
"timespan": 19.899685,
"var_stats": {
"accel": {
"max": 10.950597710024306,
"max_diff": 11.41328025346496,
"mean": 3.243662242092014,
"mean_diff": 5.016722523827947,
"min": -1.1066960565082995,
"min_diff": -0.6374516260485404,
"std": 4.641515130664708,
"std_diff": 4.607415054156441
},
"orientation": {
"max": 0.9669141325602292,
"max_diff": 0.9669141325602292,
"mean": 0.3088612782226694,
"mean_diff": 0.2292266023680743,
"min": 0.0,
"min_diff": -0.3380401731376156,
"std": 0.39319805545635494,
"std_diff": 0.5298947990876322
},
"pos": {
"max": 1619.453396500852,
"max_diff": 1187.4202304671917,
"mean": 690.3707361843841,
"mean_diff": -241.4662473780338,
"min": 0.0,
"min_diff": -1619.453396500852,
"std": 665.1754916009186,
"std_diff": 1347.3884426581108
},
"rotation_rate": {
"max": 0.12023276090621948,
"max_diff": 0.19032593071460724,
"mean": 0.0025810871842179553,
"mean_diff": 0.0033074584002145972,
"min": -0.1843964159488678,
"min_diff": -0.15344214998185635,
"std": 0.02405159878331502,
"std_diff": 0.03338753262572867
},
"utime": {
"max": 1535488196697979,
"max_diff": 39534.0,
"mean": 1535488186757026.2,
"mean_diff": 20019.803822937625,
"min": 1535488176798294,
"min_diff": 15002.0,
"std": 5746743.613576051,
"std_diff": 872.8226273293685
},
"vel": {
"max": 8.125990708123696,
"max_diff": 0.0,
"mean": 2.2465381510276687,
"mean_diff": -3.369807226541503,
"min": 0.0,
"min_diff": -8.125990708123696,
"std": 3.2907331199666734,
"std_diff": 3.529615623867744
}
}
},
"SteerAngleFeedback": {
"message_count": 1968,
"message_freq": 98.88025646162126,
"timespan": 19.902861,
"var_stats": {
"utime": {
"max": 1535488196706473,
"max_diff": 30188.0,
"mean": 1535488186743080.5,
"mean_diff": 10118.383833248601,
"min": 1535488176803612,
"min_diff": 5023.0,
"std": 5736899.17976298,
"std_diff": 1320.6535442876766
},
"value": {
"max": 0.38928039870670306,
"max_diff": 0.01221730476396507,
"mean": 0.04881969552943455,
"mean_diff": 4.880178386359335e-05,
"min": -0.19016891295541116,
"min_diff": -0.01221730476395716,
"std": 0.14398562919032634,
"std_diff": 0.0024019571964152917
}
}
},
"VEHICLE_MONITOR": {
"message_count": 40,
"message_freq": 2.0513762041898844,
"timespan": 19.499105,
"var_stats": null
},
"ZOE_VEH_INFO": {
"message_count": 1989,
"message_freq": 99.90284962707457,
"timespan": 19.909342,
"var_stats": {
"FL_wheel_speed": {
"max": 257.4558,
"max_diff": 4.670400000000001,
"mean": 212.1835838612368,
"mean_diff": -0.06416514084507043,
"min": 120.5547,
"min_diff": -5.629500000000007,
"std": 47.38780076092857,
"std_diff": 0.6308594560891936
},
"FR_wheel_speed": {
"max": 257.706,
"max_diff": 12.80189999999999,
"mean": 212.41539728506785,
"mean_diff": -0.06370367203219315,
"min": 119.6373,
"min_diff": -11.42580000000001,
"std": 47.664201067969934,
"std_diff": 0.946614467681612
},
"RL_wheel_speed": {
"max": 257.9562,
"max_diff": 9.591000000000008,
"mean": 211.7287834087481,
"mean_diff": -0.06311634808853119,
"min": 120.3045,
"min_diff": -10.550100000000015,
"std": 47.16917209170476,
"std_diff": 1.0310491663592212
},
"RR_wheel_speed": {
"max": 263.58570000000003,
"max_diff": 10.758600000000001,
"mean": 215.94534736048263,
"mean_diff": -0.0639344064386318,
"min": 121.5138,
"min_diff": -9.132299999999987,
"std": 48.352686399896925,
"std_diff": 0.9686903695742698
},
"left_solar": {
"max": 32,
"max_diff": 144.0,
"mean": -67.10507792860734,
"mean_diff": 0.056338028169014086,
"min": -112,
"min_diff": -144.0,
"std": 60.869743804008834,
"std_diff": 7.62058296845439
},
"longitudinal_accel": {
"max": 1.1500000000000004,
"max_diff": 1.1500000000000004,
"mean": -0.30550527903469016,
"mean_diff": -0.0008299798792756541,
"min": -1.6999999999999993,
"min_diff": -1.5999999999999996,
"std": 0.40598663389976786,
"std_diff": 0.12127991662123419
},
"meanEffTorque": {
"max": 45.0,
"max_diff": 2.0,
"mean": -8.377325289089995,
"mean_diff": -0.03848088531187123,
"min": -67.0,
"min_diff": -4.5,
"std": 22.09835147570879,
"std_diff": 0.5728192011095469
},
"odom": {
"max": 120,
"max_diff": 84.0,
"mean": 60.16088486676722,
"mean_diff": -0.014084507042253521,
"min": 0,
"min_diff": -84.0,
"std": 34.67046995063095,
"std_diff": 18.26938492038295
},
"odom_speed": {
"max": 29.0,
"max_diff": 1.0,
"mean": 23.870789341377577,
"mean_diff": -0.007042253521126761,
"min": 13.0,
"min_diff": -1.0,
"std": 5.430570639116335,
"std_diff": 0.10496096920134755
},
"pedal_cc": {
"max": 246.0,
"max_diff": 25.0,
"mean": 64.36400201106083,
"mean_diff": -0.06237424547283702,
"min": 0.0,
"min_diff": -45.0,
"std": 66.96742288437532,
"std_diff": 3.2326199571718477
},
"regen": {
"max": 56.0,
"max_diff": 1.0,
"mean": 20.735042735042736,
"mean_diff": 0.006036217303822937,
"min": 0.0,
"min_diff": -4.0,
"std": 22.38085450393884,
"std_diff": 0.4540935901639052
},
"requestedTorqueAfterProc": {
"max": -272.5,
"max_diff": 125.5,
"mean": -328.7232277526395,
"mean_diff": 0.05005030181086519,
"min": -398.5,
"min_diff": -125.5,
"std": 46.8443980685647,
"std_diff": 9.104047842592115
},
"right_solar": {
"max": 100,
"max_diff": 50.0,
"mean": 46.15384615384615,
"mean_diff": -0.025150905432595575,
"min": 0,
"min_diff": -50.0,
"std": 27.489903289100603,
"std_diff": 1.942164577692956
},
"steer_corrected": {
"max": 22.304123893064034,
"max_diff": 0.7000000000002728,
"mean": 2.779237015236058,
"mean_diff": 0.002867203219316033,
"min": -10.895876106935784,
"min_diff": -0.7000000000002728,
"std": 8.260869801911703,
"std_diff": 0.13947598276922846
},
"steer_offset_can": {
"max": -12.300000000000182,
"max_diff": 0.0,
"mean": -12.300000000000182,
"mean_diff": 0.0,
"min": -12.300000000000182,
"min_diff": 0.0,
"std": 0.0,
"std_diff": 0.0
},
"steer_raw": {
"max": 10.599999999999909,
"max_diff": 0.7000000000002728,
"mean": -8.924886877828069,
"mean_diff": 0.002867203219316033,
"min": -22.59999999999991,
"min_diff": -0.7000000000002728,
"std": 8.260869801911705,
"std_diff": 0.13947598276922846
},
"transversal_accel": {
"max": -0.3919999999999959,
"max_diff": 0.0800000000000125,
"mean": -0.47842735042734785,
"mean_diff": 1.0060362173043377e-05,
"min": -0.5759999999999934,
"min_diff": -0.08800000000002228,
"std": 0.026666749171599377,
"std_diff": 0.010778541699291625
},
"utime": {
"max": 1535488196706666,
"max_diff": 22553.0,
"mean": 1535488186752158.5,
"mean_diff": 10014.759557344065,
"min": 1535488176797324,
"min_diff": 6.0,
"std": 5749638.203080011,
"std_diff": 1354.3397856758816
}
}
},
"ZoeSensors": {
"message_count": 19160,
"message_freq": 962.7419856503207,
"timespan": 19.90149,
"var_stats": {
"brake_sensor": {
"max": 0.18473833799362183,
"max_diff": 2.2709369659423828e-05,
"mean": 0.18418496477579024,
"mean_diff": -3.126062800064298e-08,
"min": 0.1837337464094162,
"min_diff": -4.406273365020752e-05,
"std": 0.0002623058047158995,
"std_diff": 4.780287511459535e-06
},