{
"MS_IMU": {
"message_count": 1944,
"message_freq": 99.69129032990895,
"timespan": 19.500199,
"var_stats": {
"linear_accel": {
"max": 13.721725463867188,
"max_diff": 14.348669648170471,
"mean": 3.2598011303950813,
"mean_diff": 4.975283743110954,
"min": -2.7894504070281982,
"min_diff": -2.3510178923606873,
"std": 4.637111916071585,
"std_diff": 4.701671183509617
},
"q": {
"max": 0.005056686699390411,
"max_diff": 0.3628449341049418,
"mean": -0.32412240746921933,
"mean_diff": -0.19555626830548578,
"min": -0.9384987950325012,
"min_diff": -0.9368117662379518,
"std": 0.38071601229174346,
"std_diff": 0.5383452351575555
},
"rotation_rate": {
"max": 0.13113117218017578,
"max_diff": 0.26975539326667786,
"mean": -0.0004615554224275801,
"mean_diff": -0.0003986720359921866,
"min": -0.17465318739414215,
"min_diff": -0.1702457219362259,
"std": 0.019820290945781527,
"std_diff": 0.030086218837296445
},
"utime": {
"max": 1537298145220142,
"max_diff": 30000.0,
"mean": 1537298135455096.2,
"mean_diff": 10036.129181677818,
"min": 1537298125719943,
"min_diff": 1946.0,
"std": 5625561.873376703,
"std_diff": 5308.993285345852
}
}
},
"POSE": {
"message_count": 971,
"message_freq": 49.797172679619706,
"timespan": 19.499099,
"var_stats": {
"accel": {
"max": 10.419920423360725,
"max_diff": 10.40907494165269,
"mean": 3.261021812425156,
"mean_diff": 4.975457065613889,
"min": -0.6736440403932332,
"min_diff": -0.41204117004065033,
"std": 4.625566150788167,
"std_diff": 4.682933821215596
},
"orientation": {
"max": 0.4247649477911433,
"max_diff": 0.0,
"mean": -0.12222889043280417,
"mean_diff": -0.4423351054984668,
"min": -0.9128265191756105,
"min_diff": -0.9128265191756105,
"std": 0.48482996848747456,
"std_diff": 0.3710431077071687
},
"pos": {
"max": 979.5730641955973,
"max_diff": -287.9891196811219,
"mean": 512.5811534018442,
"mean_diff": -458.8551562560792,
"min": 0.0,
"min_diff": -691.5839445144754,
"std": 383.468042401046,
"std_diff": 163.61666682184455
},
"rotation_rate": {
"max": 0.13113117218017578,
"max_diff": 0.2569553107023239,
"mean": -0.0005172573315770501,
"mean_diff": -0.0005060167522173846,
"min": -0.1629212349653244,
"min_diff": -0.14076267555356026,
"std": 0.019727021062323883,
"std_diff": 0.029726616905030954
},
"utime": {
"max": 1537298145205160,
"max_diff": 40823.0,
"mean": 1537298135468620.0,
"mean_diff": 20102.163917525773,
"min": 1537298125706061,
"min_diff": 12740.0,
"std": 5626343.122517391,
"std_diff": 1570.9977389580984
},
"vel": {
"max": 10.467694665996083,
"max_diff": 0.0,
"mean": 3.036858132384099,
"mean_diff": -4.555287198576148,
"min": 0.0,
"min_diff": -10.467694665996083,
"std": 4.318315131732709,
"std_diff": 4.588560545340658
}
}
},
"SteerAngleFeedback": {
"message_count": 1928,
"message_freq": 98.86038283478148,
"timespan": 19.502251,
"var_stats": {
"utime": {
"max": 1537298145207273,
"max_diff": 39710.0,
"mean": 1537298135463164.8,
"mean_diff": 10120.524649714582,
"min": 1537298125705022,
"min_diff": 6562.0,
"std": 5619829.822962586,
"std_diff": 1366.2713502376066
},
"value": {
"max": 0.1903128639793479,
"max_diff": 0.012217304763957132,
"mean": -0.007469693574320064,
"mean_diff": -0.00010778110066804717,
"min": -0.3385218993749292,
"min_diff": -0.017453292519943292,
"std": 0.047807928278366454,
"std_diff": 0.0018740210078160078
}
}
},
"VEHICLE_MONITOR": {
"message_count": 40,
"message_freq": 2.051290256443077,
"timespan": 19.499922,
"var_stats": null
},
"ZOE_VEH_INFO": {
"message_count": 1940,
"message_freq": 99.48676113259421,
"timespan": 19.500082,
"var_stats": {
"FL_wheel_speed": {
"max": 330.5976,
"max_diff": 8.173200000000008,
"mean": 287.80048159793813,
"mean_diff": -0.043743063434760206,
"min": 244.6122,
"min_diff": -8.173200000000008,
"std": 24.80549391697241,
"std_diff": 0.7523711612753546
},
"FR_wheel_speed": {
"max": 332.2239,
"max_diff": 11.884500000000003,
"mean": 287.8123252577319,
"mean_diff": -0.044474265085095416,
"min": 242.7774,
"min_diff": -12.13470000000001,
"std": 24.88382777722095,
"std_diff": 0.9570123153818796
},
"RL_wheel_speed": {
"max": 330.3474,
"max_diff": 19.849199999999996,
"mean": 287.15150922680414,
"mean_diff": -0.04324842702423931,
"min": 244.1952,
"min_diff": -15.220500000000015,
"std": 24.75532846700466,
"std_diff": 1.1221222893082115
},
"RR_wheel_speed": {
"max": 335.26800000000003,
"max_diff": 20.558099999999968,
"mean": 292.6208511340206,
"mean_diff": -0.045420526044352774,
"min": 247.1976,
"min_diff": -19.18199999999996,
"std": 25.295378823438718,
"std_diff": 1.0584974852755868
},
"left_solar": {
"max": 0,
"max_diff": 0.0,
"mean": 0.0,
"mean_diff": 0.0,
"min": 0,
"min_diff": 0.0,
"std": 0.0,
"std_diff": 0.0
},
"longitudinal_accel": {
"max": 1.700000000000001,
"max_diff": 3.1500000000000004,
"mean": -0.17118556701030857,
"mean_diff": -0.0002320783909231559,
"min": -1.4499999999999993,
"min_diff": -1.950000000000001,
"std": 0.2507250035807255,
"std_diff": 0.14850535309978025
},
"meanEffTorque": {
"max": 36.0,
"max_diff": 4.0,
"mean": -2.311082474226804,
"mean_diff": 0.0025786487880350697,
"min": -28.0,
"min_diff": -1.5,
"std": 12.76315799169755,
"std_diff": 0.4681650323907253
},
"odom": {
"max": 124,
"max_diff": 84.0,
"mean": 105.93608247422681,
"mean_diff": -0.0020629190304280558,
"min": 8,
"min_diff": -96.0,
"std": 34.401211275626785,
"std_diff": 9.50860720662947
},
"odom_speed": {
"max": 37.0,
"max_diff": 1.0,
"mean": 32.318041237113405,
"mean_diff": -0.005157297576070139,
"min": 27.0,
"min_diff": -1.0,
"std": 2.7445136046546663,
"std_diff": 0.0848152043457425
},
"pedal_cc": {
"max": 211.0,
"max_diff": 31.0,
"mean": 78.27113402061856,
"mean_diff": 0.02527075812274368,
"min": 0.0,
"min_diff": -20.0,
"std": 53.873943090095246,
"std_diff": 2.6520557220363914
},
"regen": {
"max": 56.0,
"max_diff": 1.0,
"mean": 12.337113402061856,
"mean_diff": -0.005157297576070139,
"min": 0.0,
"min_diff": -8.0,
"std": 16.058744090701648,
"std_diff": 0.7886339391351165
},
"requestedTorqueAfterProc": {
"max": -272.5,
"max_diff": 126.0,
"mean": -350.07268041237114,
"mean_diff": 0.009283135636926251,
"min": -398.5,
"min_diff": -126.0,
"std": 47.150850546393954,
"std_diff": 9.840183294716864
},
"right_solar": {
"max": 0,
"max_diff": 0.0,
"mean": 0.0,
"mean_diff": 0.0,
"min": 0,
"min_diff": 0.0,
"std": 0.0,
"std_diff": 0.0
},
"steer_corrected": {
"max": 10.904123893063943,
"max_diff": 0.5,
"mean": -0.4114431172451783,
"mean_diff": -0.006137184115523513,
"min": -19.395876106935784,
"min_diff": -1.2000000000002728,
"std": 2.720439044717798,
"std_diff": 0.10742657040700007
},
"steer_offset_can": {
"max": -12.300000000000182,
"max_diff": 0.0,
"mean": -12.300000000000182,
"mean_diff": 0.0,
"min": -12.300000000000182,
"min_diff": 0.0,
"std": 0.0,
"std_diff": 0.0
},
"steer_raw": {
"max": -0.8000000000001819,
"max_diff": 0.5,
"mean": -12.115567010309302,
"mean_diff": -0.006137184115523513,
"min": -31.09999999999991,
"min_diff": -1.2000000000002728,
"std": 2.7204390447177977,
"std_diff": 0.10742657040700007
},
"transversal_accel": {
"max": -0.3079999999999927,
"max_diff": 0.17599999999998772,
"mean": -0.4838556701030905,
"mean_diff": -8.251676121707649e-06,
"min": -0.5759999999999934,
"min_diff": -0.18000000000000682,
"std": 0.020493996953959124,
"std_diff": 0.01145144396292841
},
"utime": {
"max": 1537298145208369,
"max_diff": 29451.0,
"mean": 1537298135465163.8,
"mean_diff": 10056.772563176895,
"min": 1537298125708287,
"min_diff": 136.0,
"std": 5624956.051819313,
"std_diff": 1543.890450754213
}
}
},
"ZoeSensors": {
"message_count": 18662,
"message_freq": 956.9643953043416,
"timespan": 19.501248,
"var_stats": {
"brake_sensor": {
"max": 0.18496203422546387,
"max_diff": 1.856684684753418e-05,
"mean": 0.18489663353681488,
"mean_diff": -4.26409092627118e-10,
"min": 0.18483075499534607,
"min_diff": -2.0712614059448242e-05,
"std": 1.7617077322787737e-05,
"std_diff": 4.270854541703655e-06
},
"steering_sensor": {
"max": 0.2228996753692627,
"max_diff": 0.0009531676769256592,
"mean": 0.217309175951696,
"mean_diff": 3.3560152331334294e-08,