{
"MS_IMU": {
"message_count": 1947,
"message_freq": 99.84452049220323,
"timespan": 19.500319,
"var_stats": {
"linear_accel": {
"max": 10.749879837036133,
"max_diff": 11.26035225391388,
"mean": 3.295833547568163,
"mean_diff": 4.629461907605827,
"min": -0.7871628999710083,
"min_diff": -2.707313358783722,
"std": 4.606962736166851,
"std_diff": 5.526834425722396
},
"q": {
"max": 0.999589204788208,
"max_diff": 0.09470635838806629,
"mean": 0.24953706959747285,
"mean_diff": -0.32043083383612614,
"min": -0.029955577105283737,
"min_diff": -1.0231724362820387,
"std": 0.43327966365565823,
"std_diff": 0.49281446499298637
},
"rotation_rate": {
"max": 0.06417189538478851,
"max_diff": 0.07027381286025047,
"mean": -0.0015409018803699216,
"mean_diff": -0.0010676728529244639,
"min": -0.0412706695497036,
"min_diff": -0.0644466204685159,
"std": 0.012302907592868806,
"std_diff": 0.017378176068786895
},
"utime": {
"max": 1537932138903493,
"max_diff": 24064.0,
"mean": 1537932129149577.0,
"mean_diff": 10020.718910585818,
"min": 1537932119403174,
"min_diff": 1965.0,
"std": 5631778.04976353,
"std_diff": 4013.2212584266276
}
}
},
"POSE": {
"message_count": 975,
"message_freq": 50.0030848056934,
"timespan": 19.498797,
"var_stats": {
"accel": {
"max": 10.294053995101352,
"max_diff": 10.738566165188908,
"mean": 3.300535877853249,
"mean_diff": 4.623618388000856,
"min": -0.6181579282405253,
"min_diff": -2.5655099108587516,
"std": 4.602364932411224,
"std_diff": 5.527898233705009
},
"orientation": {
"max": 0.7560344197815643,
"max_diff": 0.7560344197815643,
"mean": 0.353285460002593,
"mean_diff": 0.01485602945235132,
"min": 0.0,
"min_diff": -0.7005690754625733,
"std": 0.3538211182939145,
"std_diff": 0.5771591043397342
},
"pos": {
"max": 1724.8385964380416,
"max_diff": 956.8178969908641,
"mean": 823.1541893509974,
"mean_diff": -384.5009160158086,
"min": 0.0,
"min_diff": -1724.8385964380416,
"std": 695.3014670599971,
"std_diff": 1316.0213675645684
},
"rotation_rate": {
"max": 0.06417189538478851,
"max_diff": 0.07027381286025047,
"mean": -0.0015411047020231121,
"mean_diff": -0.0010611467819971775,
"min": -0.04126674681901932,
"min_diff": -0.0644466204685159,
"std": 0.0123225078759251,
"std_diff": 0.017353379840765445
},
"utime": {
"max": 1537932138897238,
"max_diff": 40489.0,
"mean": 1537932129148191.0,
"mean_diff": 20019.298767967146,
"min": 1537932119398441,
"min_diff": 7862.0,
"std": 5637584.304601337,
"std_diff": 946.7315774450229
},
"vel": {
"max": 5.633941335644485,
"max_diff": 0.0,
"mean": 0.871035859981713,
"mean_diff": -1.3065537899725692,
"min": 0.0,
"min_diff": -5.633941335644485,
"std": 1.5688699748273323,
"std_diff": 1.7672017131163917
}
}
},
"SteerAngleFeedback": {
"message_count": 1924,
"message_freq": 98.64730144256811,
"timespan": 19.503828,
"var_stats": {
"utime": {
"max": 1537932138905458,
"max_diff": 30198.0,
"mean": 1537932129163992.5,
"mean_diff": 10142.396255850234,
"min": 1537932119401630,
"min_diff": 925.0,
"std": 5626333.941195928,
"std_diff": 1522.4711581782694
},
"value": {
"max": 0.14137166941154705,
"max_diff": 0.01221730476395716,
"mean": -0.025709135307050376,
"mean_diff": 0.00010800529432517878,
"min": -0.40840704496666674,
"min_diff": -0.00698131700797891,
"std": 0.17050328695468933,
"std_diff": 0.0018010016144128478
}
}
},
"VEHICLE_MONITOR": {
"message_count": 39,
"message_freq": 2.000013743684187,
"timespan": 19.499866,
"var_stats": null
},
"ZOE_VEH_INFO": {
"message_count": 1941,
"message_freq": 99.54043703328881,
"timespan": 19.499613,
"var_stats": {
"FL_wheel_speed": {
"max": 178.5177,
"max_diff": 5.3793,
"mean": 82.60464930448222,
"mean_diff": 0.041334587628865986,
"min": 0.0,
"min_diff": -4.4619,
"std": 53.57211280302838,
"std_diff": 0.6046246882009091
},
"FR_wheel_speed": {
"max": 178.2675,
"max_diff": 6.5469,
"mean": 82.2959060278207,
"mean_diff": 0.041313092783505145,
"min": 0.0,
"min_diff": -3.5028000000000077,
"std": 53.45841614675156,
"std_diff": 0.5319670667503108
},
"RL_wheel_speed": {
"max": 178.059,
"max_diff": 6.338399999999993,
"mean": 82.26705332302937,
"mean_diff": 0.041785979381443294,
"min": 0.0,
"min_diff": -5.379300000000001,
"std": 53.393826812441695,
"std_diff": 0.610316610161049
},
"RR_wheel_speed": {
"max": 178.059,
"max_diff": 7.0056,
"mean": 82.0838826893354,
"mean_diff": 0.041785979381443294,
"min": 0.0,
"min_diff": -4.0031999999999925,
"std": 53.28343661820921,
"std_diff": 0.5624410520308842
},
"left_solar": {
"max": 32,
"max_diff": 144.0,
"mean": 14.46676970633694,
"mean_diff": 0.0,
"min": -112,
"min_diff": -144.0,
"std": 32.806279687549015,
"std_diff": 8.28363185450868
},
"longitudinal_accel": {
"max": 2.3000000000000007,
"max_diff": 0.34999999999999964,
"mean": 0.5786707882534783,
"mean_diff": -0.0010051546391752584,
"min": -0.5999999999999996,
"min_diff": -0.29999999999999893,
"std": 0.7496940714308982,
"std_diff": 0.051998909328637315
},
"meanEffTorque": {
"max": 142.0,
"max_diff": 7.0,
"mean": 37.91009788768676,
"mean_diff": -0.06572164948453608,
"min": -25.5,
"min_diff": -2.0,
"std": 48.48879612716342,
"std_diff": 0.6870940187210391
},
"odom": {
"max": 120,
"max_diff": 60.0,
"mean": 56.36269963936115,
"mean_diff": -0.04329896907216495,
"min": 0,
"min_diff": -116.0,
"std": 32.47459007029717,
"std_diff": 14.767133380993778
},
"odom_speed": {
"max": 20.0,
"max_diff": 1.0,
"mean": 8.98248325605358,
"mean_diff": 0.005154639175257732,
"min": 0.0,
"min_diff": -1.0,
"std": 6.088113283629412,
"std_diff": 0.14349908151623766
},
"pedal_cc": {
"max": 527.0,
"max_diff": 102.0,
"mean": 141.77382792375064,
"mean_diff": -0.1943298969072165,
"min": 0.0,
"min_diff": -38.0,
"std": 170.22693237605208,
"std_diff": 4.459192846202285
},
"regen": {
"max": 28.0,
"max_diff": 1.0,
"mean": 3.503348789283874,
"mean_diff": 0.005670103092783505,
"min": 0.0,
"min_diff": -1.0,
"std": 8.101406122437927,
"std_diff": 0.18575234158724355
},
"requestedTorqueAfterProc": {
"max": -272.5,
"max_diff": 125.0,
"mean": -364.5358062854199,
"mean_diff": 0.002061855670103093,
"min": -398.5,
"min_diff": -126.0,
"std": 32.439038545769385,
"std_diff": 6.552897043772089
},
"right_solar": {
"max": 100,
"max_diff": 206.0,
"mean": -38.48737764039155,
"mean_diff": 0.0,
"min": -106,
"min_diff": -206.0,
"std": 42.82443786544777,
"std_diff": 10.146961355118489
},
"steer_corrected": {
"max": 8.100000000000364,
"max_diff": 0.7000000000002728,
"mean": -1.4756311179802335,
"mean_diff": 0.006134020618556514,
"min": -23.399999999999636,
"min_diff": -0.40000000000009095,
"std": 9.740684061847267,
"std_diff": 0.10911311910181076
},
"steer_offset_can": {
"max": -13.800000000000182,
"max_diff": 0.0,
"mean": -13.800000000000182,
"mean_diff": 0.0,
"min": -13.800000000000182,
"min_diff": 0.0,
"std": 0.0,
"std_diff": 0.0
},
"steer_raw": {
"max": -5.699999999999818,
"max_diff": 0.7000000000002728,
"mean": -15.275631117980415,
"mean_diff": 0.006134020618556514,
"min": -37.19999999999982,
"min_diff": -0.40000000000009095,
"std": 9.740684061847267,
"std_diff": 0.10911311910181076
},
"transversal_accel": {
"max": -0.4720000000000084,
"max_diff": 0.03999999999999204,
"mean": -0.5375682637815571,
"mean_diff": -2.2680412371139764e-05,
"min": -0.5840000000000032,
"min_diff": -0.056000000000011596,
"std": 0.018813576124681906,
"std_diff": 0.005951652376548355
},
"utime": {
"max": 1537932138901412,
"max_diff": 31159.0,
"mean": 1537932129134916.0,
"mean_diff": 10051.346907216495,
"min": 1537932119401799,
"min_diff": 2.0,
"std": 5631247.584982833,
"std_diff": 2209.7653660410083
}
}
},
"ZoeSensors": {
"message_count": 18754,
"message_freq": 961.7630716109378,
"timespan": 19.499605,
"var_stats": {
"brake_sensor": {
"max": 0.18345297873020172,
"max_diff": 3.93986701965332e-05,
"mean": 0.1831977928328059,
"mean_diff": -9.73386789445069e-10,
"min": 0.1824195683002472,
"min_diff": -6.668269634246826e-05,
"std": 0.00017352527124888227,
"std_diff": 7.5308050945176456e-06
},
"steering_sensor": {
"max": 0.19227224588394165,
"max_diff": 0.0005159676074981689,
"mean": 0.18858437769300104,