{
"MS_IMU": {
"message_count": 1969,
"message_freq": 99.64669200057712,
"timespan": 19.759813,
"var_stats": {
"linear_accel": {
"max": 14.093017578125,
"max_diff": 14.771317541599274,
"mean": 3.372205797064603,
"mean_diff": 4.900982759603406,
"min": -2.959195613861084,
"min_diff": -3.0224157571792603,
"std": 4.567443174646448,
"std_diff": 4.6213757031091065
},
"q": {
"max": 0.957705557346344,
"max_diff": 0.9564667023951188,
"mean": 0.13162170014205948,
"mean_diff": 0.43640027128743986,
"min": -0.48833417892456055,
"min_diff": -0.0030033737421035767,
"std": 0.4823647428358357,
"std_diff": 0.37142127518361745
},
"rotation_rate": {
"max": 0.14127717912197113,
"max_diff": 0.2024926356971264,
"mean": 0.006434373610052847,
"mean_diff": 0.010686356706504408,
"min": -0.1790585070848465,
"min_diff": -0.21481142938137054,
"std": 0.030421766501974118,
"std_diff": 0.03992360841122185
},
"utime": {
"max": 1535639756458312,
"max_diff": 39994.0,
"mean": 1535639746571511.5,
"mean_diff": 10040.555386178861,
"min": 1535639736698499,
"min_diff": 1006.0,
"std": 5706548.847336446,
"std_diff": 5312.191691769331
}
}
},
"POSE": {
"message_count": 984,
"message_freq": 49.798896468600326,
"timespan": 19.759474,
"var_stats": {
"accel": {
"max": 10.726365064944018,
"max_diff": 10.516363129498538,
"mean": 3.3734591245546732,
"mean_diff": 4.901706940376485,
"min": -0.6550171253336127,
"min_diff": -0.500363463097584,
"std": 4.554040336875056,
"std_diff": 4.5985378038099185
},
"orientation": {
"max": 0.9633251478152028,
"max_diff": 0.0,
"mean": 0.14072903253485114,
"mean_diff": -0.4304118064395305,
"min": -0.4715105281503532,
"min_diff": -0.9633251478152028,
"std": 0.4797867645129499,
"std_diff": 0.3848103561636478
},
"pos": {
"max": 1943.0406251415673,
"max_diff": -683.5205977314054,
"mean": 988.0304659485901,
"mean_diff": -940.9466606042288,
"min": 0.0,
"min_diff": -1144.60877632438,
"std": 771.620230280758,
"std_diff": 150.22205157603517
},
"rotation_rate": {
"max": 0.1360064446926117,
"max_diff": 0.2024926356971264,
"mean": 0.006267091152064586,
"mean_diff": 0.010623742158667652,
"min": -0.17780309915542603,
"min_diff": -0.2075384259223938,
"std": 0.03056366924848001,
"std_diff": 0.04018210324554659
},
"utime": {
"max": 1535639756464394,
"max_diff": 40962.0,
"mean": 1535639746577304.0,
"mean_diff": 20101.19430315361,
"min": 1535639736704920,
"min_diff": 14325.0,
"std": 5709142.851130399,
"std_diff": 1563.121439516974
},
"vel": {
"max": 8.76645824374792,
"max_diff": 0.0,
"mean": 2.69137023201787,
"mean_diff": -4.037055348026805,
"min": 0.0,
"min_diff": -8.76645824374792,
"std": 3.8147679452007983,
"std_diff": 4.049206887682246
}
}
},
"SteerAngleFeedback": {
"message_count": 1948,
"message_freq": 98.6225348036799,
"timespan": 19.752078,
"var_stats": {
"utime": {
"max": 1535639756455896,
"max_diff": 29444.0,
"mean": 1535639746574428.2,
"mean_diff": 10144.878274268105,
"min": 1535639736703818,
"min_diff": 6608.0,
"std": 5694332.95551074,
"std_diff": 1352.091345186143
},
"value": {
"max": 0.4957454830783556,
"max_diff": 0.010471975511964382,
"mean": 0.11798294345355537,
"mean_diff": -1.6135555488392982e-05,
"min": -0.1378090353955813,
"min_diff": -0.010471975511964382,
"std": 0.19199371286572686,
"std_diff": 0.002046850787203438
}
}
},
"VEHICLE_MONITOR": {
"message_count": 40,
"message_freq": 2.0513161346885966,
"timespan": 19.499676,
"var_stats": null
},
"ZOE_VEH_INFO": {
"message_count": 1970,
"message_freq": 99.70592319991837,
"timespan": 19.758104,
"var_stats": {
"FL_wheel_speed": {
"max": 284.811,
"max_diff": 14.970299999999952,
"mean": 254.53646131979696,
"mean_diff": -0.01827684103605891,
"min": 232.9779,
"min_diff": -16.596600000000024,
"std": 14.381803661609789,
"std_diff": 1.268353384893589
},
"FR_wheel_speed": {
"max": 280.3908,
"max_diff": 18.014400000000023,
"mean": 255.5531581218274,
"mean_diff": -0.018043880142204167,
"min": 234.3123,
"min_diff": -24.102599999999995,
"std": 13.974611833322168,
"std_diff": 1.25883588928612
},
"RL_wheel_speed": {
"max": 279.4317,
"max_diff": 13.344000000000023,
"mean": 253.9775966497462,
"mean_diff": -0.01814977145759268,
"min": 231.8103,
"min_diff": -14.26139999999998,
"std": 14.35221928196978,
"std_diff": 1.0976985648112254
},
"RR_wheel_speed": {
"max": 283.4349,
"max_diff": 11.884500000000003,
"mean": 259.9227254314721,
"mean_diff": -0.018509801929913673,
"min": 236.6892,
"min_diff": -10.96709999999996,
"std": 14.208886032531188,
"std_diff": 1.0305903782938222
},
"left_solar": {
"max": 0,
"max_diff": 80.0,
"mean": -53.27918781725889,
"mean_diff": -0.04062976130015236,
"min": -80,
"min_diff": -80.0,
"std": 37.731461287816074,
"std_diff": 4.031160346917205
},
"longitudinal_accel": {
"max": 0.9000000000000004,
"max_diff": 1.5500000000000007,
"mean": -0.045659898477156693,
"mean_diff": -5.078720162519117e-05,
"min": -1.1500000000000004,
"min_diff": -1.5500000000000007,
"std": 0.20825647031341157,
"std_diff": 0.1323595203272874
},
"meanEffTorque": {
"max": 29.5,
"max_diff": 3.0,
"mean": 2.1944162436548225,
"mean_diff": -0.0022854240731335703,
"min": -25.0,
"min_diff": -1.0,
"std": 11.707118286233293,
"std_diff": 0.3632004034389804
},
"odom": {
"max": 124,
"max_diff": 88.0,
"mean": 76.9238578680203,
"mean_diff": -0.06094464195022854,
"min": 4,
"min_diff": -80.0,
"std": 41.027009666470846,
"std_diff": 15.712382611012988
},
"odom_speed": {
"max": 31.0,
"max_diff": 1.0,
"mean": 28.58274111675127,
"mean_diff": -0.002031488065007618,
"min": 26.0,
"min_diff": -1.0,
"std": 1.6431697111001424,
"std_diff": 0.07804061283245145
},
"pedal_cc": {
"max": 193.0,
"max_diff": 18.0,
"mean": 91.96954314720813,
"mean_diff": -0.0035551041137633316,
"min": 0.0,
"min_diff": -15.0,
"std": 50.723977712909225,
"std_diff": 2.1543977621973376
},
"regen": {
"max": 50.0,
"max_diff": 1.0,
"mean": 7.540101522842639,
"mean_diff": 0.0,
"min": 0.0,
"min_diff": -6.0,
"std": 12.303012960591191,
"std_diff": 0.5772036405474669
},
"requestedTorqueAfterProc": {
"max": -272.5,
"max_diff": 126.0,
"mean": -353.7020304568528,
"mean_diff": -0.001015744032503809,
"min": -398.5,
"min_diff": -126.0,
"std": 41.88011407897677,
"std_diff": 9.777826460090841
},
"right_solar": {
"max": 94,
"max_diff": 50.0,
"mean": 84.96446700507614,
"mean_diff": 0.0,
"min": 44,
"min_diff": -50.0,
"std": 19.238913515160753,
"std_diff": 3.563256994141401
},
"steer_corrected": {
"max": 28.404123893063943,
"max_diff": 0.599999999999909,
"mean": 6.711433537734181,
"mean_diff": -0.0011173184357543284,
"min": -7.895876106935783,
"min_diff": -0.599999999999909,
"std": 10.969112026518516,
"std_diff": 0.12021975370978703
},
"steer_offset_can": {
"max": -12.300000000000182,
"max_diff": 0.0,
"mean": -12.30000000000018,
"mean_diff": 0.0,
"min": -12.300000000000182,
"min_diff": 0.0,
"std": 1.7763568394002505e-15,
"std_diff": 0.0
},
"steer_raw": {
"max": 16.699999999999818,
"max_diff": 0.599999999999909,
"mean": -4.992690355329943,
"mean_diff": -0.0011173184357543284,
"min": -19.59999999999991,
"min_diff": -0.599999999999909,
"std": 10.969112026518514,
"std_diff": 0.12021975370978703
},
"transversal_accel": {
"max": -0.2839999999999918,
"max_diff": 0.2079999999999984,
"mean": -0.4647837563451757,
"mean_diff": -2.234636871508946e-05,
"min": -0.6399999999999864,
"min_diff": -0.19599999999999795,
"std": 0.03783891773735832,
"std_diff": 0.016027639546612783
},
"utime": {
"max": 1535639756459358,
"max_diff": 24651.0,
"mean": 1535639746591692.5,
"mean_diff": 10034.588115794819,
"min": 1535639736701254,
"min_diff": 2.0,
"std": 5709756.711935659,
"std_diff": 1626.3838367494222
}
}
},
"ZoeSensors": {
"message_count": 18895,
"message_freq": 956.6948130888205,
"timespan": 19.75029,
"var_stats": {
"brake_sensor": {
"max": 0.18492001295089722,
"max_diff": 2.4318695068359375e-05,
"mean": 0.18480425717402274,
"mean_diff": 1.9401321338448838e-10,
"min": 0.18474268913269043,
"min_diff": -2.3126602172851562e-05,
"std": 2.14351619221305e-05,
"std_diff": 4.471406155505391e-06
},
"steering_sensor": {
"max": 0.19075189530849457,