{
"MS_IMU": {
"message_count": 1945,
"message_freq": 99.74533400814855,
"timespan": 19.499659,
"var_stats": {
"linear_accel": {
"max": 11.605278015136719,
"max_diff": 12.23514711856842,
"mean": 3.3810266934570654,
"mean_diff": 4.72842155713615,
"min": -1.8987476825714111,
"min_diff": -2.3599050045013428,
"std": 4.565549101572873,
"std_diff": 5.07449242167692
},
"q": {
"max": 0.02421465702354908,
"max_diff": 0.7875950793968514,
"mean": -0.30704168014987704,
"mean_diff": -0.19902468577550841,
"min": -0.9810096025466919,
"min_diff": -1.001435013487935,
"std": 0.39462060748741057,
"std_diff": 0.5486758577505482
},
"rotation_rate": {
"max": 0.3910941183567047,
"max_diff": 0.4102874957025051,
"mean": 0.02281501418801715,
"mean_diff": 0.03776910331689572,
"min": -0.12951280176639557,
"min_diff": -0.19514302164316177,
"std": 0.08112993186259827,
"std_diff": 0.10160916114281902
},
"utime": {
"max": 1531883738954419,
"max_diff": 29939.0,
"mean": 1531883729218406.8,
"mean_diff": 10030.68878600823,
"min": 1531883719454760,
"min_diff": 1931.0,
"std": 5629434.324379207,
"std_diff": 4016.9772285755894
}
}
},
"POSE": {
"message_count": 971,
"message_freq": 49.796110313512926,
"timespan": 19.499515,
"var_stats": {
"accel": {
"max": 11.081457222618297,
"max_diff": 11.512319248060825,
"mean": 3.381375026976637,
"mean_diff": 4.725983097962738,
"min": -1.3533607636428613,
"min_diff": -1.9780386081025316,
"std": 4.555931154452069,
"std_diff": 5.05826419175205
},
"orientation": {
"max": 0.9999989896115155,
"max_diff": 0.9999989896115155,
"mean": -0.056705391221356226,
"mean_diff": -0.3688000390178913,
"min": -0.9999999300868273,
"min_diff": -0.9999999300868273,
"std": 0.49677409212481377,
"std_diff": 0.4442070064212576
},
"pos": {
"max": 1101.1492015266645,
"max_diff": 722.0963218673294,
"mean": 477.1552949741533,
"mean_diff": -181.69657344344964,
"min": 0.0,
"min_diff": -1101.1492015266645,
"std": 443.77943151013164,
"std_diff": 886.6538892155
},
"rotation_rate": {
"max": 0.3910941183567047,
"max_diff": 0.4102874957025051,
"mean": 0.022803079466519757,
"mean_diff": 0.03794321800408179,
"min": -0.12870952486991882,
"min_diff": -0.19452123157680035,
"std": 0.08129863116784754,
"std_diff": 0.10176512146484158
},
"utime": {
"max": 1531883738958246,
"max_diff": 40768.0,
"mean": 1531883729204845.8,
"mean_diff": 20102.592783505155,
"min": 1531883719458731,
"min_diff": 16298.0,
"std": 5637044.126012895,
"std_diff": 1568.2579856109319
},
"vel": {
"max": 8.760772475150908,
"max_diff": 0.0,
"mean": 1.8293740151103943,
"mean_diff": -2.744061022665592,
"min": 0.0,
"min_diff": -8.760772475150908,
"std": 2.7820229557427503,
"std_diff": 3.0165411689629886
}
}
},
"SteerAngleFeedback": {
"message_count": 1900,
"message_freq": 97.31128409870621,
"timespan": 19.524971,
"var_stats": {
"utime": {
"max": 1531883738978358,
"max_diff": 40800.0,
"mean": 1531883729184606.8,
"mean_diff": 10281.71195365982,
"min": 1531883719453387,
"min_diff": 1301.0,
"std": 5641982.982902261,
"std_diff": 2028.155548167143
},
"value": {
"max": 3.921754829231255,
"max_diff": 0.02792526803190798,
"mean": 0.8385985547812631,
"mean_diff": -0.0006580598970131367,
"min": -0.13962634015954636,
"min_diff": -0.05934119456780884,
"std": 1.326476306258008,
"std_diff": 0.008100637828120422
}
}
},
"VEHICLE_MONITOR": {
"message_count": 40,
"message_freq": 2.0513051942124476,
"timespan": 19.49978,
"var_stats": {
"available_distance": {
"max": 90,
"max_diff": 0.0,
"mean": 90.0,
"mean_diff": 0.0,
"min": 90,
"min_diff": 0.0,
"std": 0.0,
"std_diff": 0.0
},
"battery_level": {
"max": 68,
"max_diff": 0.0,
"mean": 68.0,
"mean_diff": 0.0,
"min": 68,
"min_diff": 0.0,
"std": 0.0,
"std_diff": 0.0
},
"brake": {
"max": 0,
"max_diff": 0.0,
"mean": 0.0,
"mean_diff": 0.0,
"min": 0,
"min_diff": 0.0,
"std": 0.0,
"std_diff": 0.0
},
"brake_switch": {
"max": 4,
"max_diff": 2.0,
"mean": 1.2,
"mean_diff": 0.0,
"min": 1,
"min_diff": -2.0,
"std": 0.6782329983125268,
"std_diff": 0.5063696835418333
},
"gear_position": {
"max": 7,
"max_diff": 0.0,
"mean": 7.0,
"mean_diff": 0.0,
"min": 7,
"min_diff": 0.0,
"std": 0.0,
"std_diff": 0.0
},
"left_signal": {
"max": 1,
"max_diff": 1.0,
"mean": 0.125,
"mean_diff": 0.0,
"min": 0,
"min_diff": -1.0,
"std": 0.33071891388307384,
"std_diff": 0.3922322702763681
},
"rear_left_rpm": {
"max": 283.6434,
"max_diff": 21.517199999999974,
"mean": 176.14497,
"mean_diff": 5.044630769230769,
"min": 86.4441,
"min_diff": -17.305499999999995,
"std": 60.613325289886546,
"std_diff": 11.922055027900349
},
"rear_right_rpm": {
"max": 284.3523,
"max_diff": 22.18440000000001,
"mean": 179.18072999999998,
"mean_diff": 4.966576923076923,
"min": 90.6558,
"min_diff": -16.34639999999999,
"std": 56.568501378139764,
"std_diff": 11.254713528401801
},
"right_signal": {
"max": 1,
"max_diff": 1.0,
"mean": 0.15,
"mean_diff": 0.0,
"min": 0,
"min_diff": -1.0,
"std": 0.3570714214271425,
"std_diff": 0.3922322702763681
},
"steering": {
"max": 224.69999999999982,
"max_diff": 35.90000000000009,
"mean": 46.2524999999999,
"mean_diff": -1.9384615384615362,
"min": -8.0,
"min_diff": -74.59999999999991,
"std": 75.3279097927853,
"std_diff": 21.229280884285874
},
"steering_speed": {
"max": 77.60000000000055,
"max_diff": 97.59999999999992,
"mean": -4.5124999999997515,
"mean_diff": -0.45897435897436206,
"min": -195.29999999999956,
"min_diff": -107.59999999999992,
"std": 43.81319542957349,
"std_diff": 32.064220157874956
},
"throttle": {
"max": 322,
"max_diff": 213.0,
"mean": 125.275,
"mean_diff": 0.8461538461538461,
"min": 0,
"min_diff": -150.0,
"std": 114.1406999058618,
"std_diff": 51.74520340041858
},
"utime": {
"max": 1531883739390868,
"max_diff": 501067.0,
"mean": 1531883729640568.5,
"mean_diff": 499994.358974359,
"min": 1531883719891088,
"min_diff": 499213.0,
"std": 5771651.471206924,
"std_diff": 496.1233039032444
},
"vehicle_speed": {
"max": 32.33,
"max_diff": 2.419999999999998,
"mean": 20.31175,
"mean_diff": 0.5733333333333333,
"min": 9.97,
"min_diff": -1.870000000000001,
"std": 6.58687440577851,
"std_diff": 1.2956739328129359
},
"yaw_rate": {
"max": 22.100000000000023,
"max_diff": 3.5999999999999943,
"mean": 3.817500000000024,
"mean_diff": -0.11538461538461539,
"min": -1.4999999999999716,
"min_diff": -7.900000000000006,
"std": 6.6838943550897,
"std_diff": 2.1274203063248494
}
}
},
"ZOE_VEH_INFO": {
"message_count": 1942,
"message_freq": 99.59577551850704,
"timespan": 19.498819,
"var_stats": {
"FL_wheel_speed": {
"max": 278.7228,
"max_diff": 6.7971,
"mean": 172.54744958805358,
"mean_diff": 0.10436816074188562,
"min": 75.4353,
"min_diff": -7.464300000000009,
"std": 58.20988355567002,
"std_diff": 0.8051428430334343
},
"FR_wheel_speed": {
"max": 279.1815,
"max_diff": 5.838000000000008,
"mean": 175.57518738414007,
"mean_diff": 0.10337990726429676,
"min": 78.5211,
"min_diff": -3.9198000000000093,
"std": 54.370084832131184,
"std_diff": 0.6785954326883763
},
"RL_wheel_speed": {
"max": 279.1815,
"max_diff": 6.7971,
"mean": 171.3992394438723,
"mean_diff": 0.10460448222565688,
"min": 75.9357,
"min_diff": -8.882100000000008,
"std": 58.614211745107326,
"std_diff": 0.8932924681527464
},
"RR_wheel_speed": {
"max": 279.1815,
"max_diff": 5.629500000000007,
"mean": 174.76208032955716,
"mean_diff": 0.10217681607418858,
"min": 78.9798,
"min_diff": -7.255800000000022,
"std": 54.767672435974454,
"std_diff": 0.8849492547666028
},
"left_solar": {
"max": 0,
"max_diff": 0.0,
"mean": 0.0,
"mean_diff": 0.0,
"min": 0,
"min_diff": 0.0,
"std": 0.0,
"std_diff": 0.0
},
"longitudinal_accel": {
"max": 1.700000000000001,
"max_diff": 0.8499999999999996,
"mean": 0.34284243048403773,
"mean_diff": -0.0001803194229778472,
"min": -1.5,
"min_diff": -0.8499999999999996,
"std": 0.7709152042902211,
"std_diff": 0.09323439101702931
},
"meanEffTorque": {
"max": 104.0,
"max_diff": 4.5,
"mean": 26.322605561277033,
"mean_diff": -0.0072127769191138585,
"min": -62.5,
"min_diff": -2.0,
"std": 47.11807886720202,
"std_diff": 0.5303265745694398
},
"odom": {
"max": 124,
"max_diff": 84.0,
"mean": 63.911431513903196,