{
"MS_IMU": {
"message_count": 1934,
"message_freq": 99.69119955059578,
"timespan": 19.399907,
"var_stats": {
"linear_accel": {
"max": 10.84914493560791,
"max_diff": 10.901704028248787,
"mean": 3.228962115461398,
"mean_diff": 5.0259979243259325,
"min": -1.7147918939590454,
"min_diff": -1.6058977842330933,
"std": 4.663011638827787,
"std_diff": 4.643466098918537
},
"q": {
"max": 0.0018847035244107246,
"max_diff": 0.8757406556978822,
"mean": -0.344744649239858,
"mean_diff": 0.1169360871820029,
"min": -0.8794968128204346,
"min_diff": -0.5555779786081985,
"std": 0.36214795800642546,
"std_diff": 0.5613775235290747
},
"rotation_rate": {
"max": 0.08010764420032501,
"max_diff": 0.08986873179674149,
"mean": -0.00033014160799719707,
"mean_diff": 7.203760706979026e-05,
"min": -0.06097909063100815,
"min_diff": -0.0905772503465414,
"std": 0.021753678692341516,
"std_diff": 0.02696922588347029
},
"utime": {
"max": 1532708225449303,
"max_diff": 33002.0,
"mean": 1532708215757873.8,
"mean_diff": 10036.165028453182,
"min": 1532708206049396,
"min_diff": 1966.0,
"std": 5603997.605356564,
"std_diff": 4894.241394105363
}
}
},
"POSE": {
"message_count": 962,
"message_freq": 49.58721478717548,
"timespan": 19.400162,
"var_stats": {
"accel": {
"max": 10.291525858278312,
"max_diff": 10.231524896250207,
"mean": 3.228684106422976,
"mean_diff": 5.025824810249418,
"min": -1.5408342404500976,
"min_diff": -1.4502502603407352,
"std": 4.658379670519726,
"std_diff": 4.635866160097311
},
"orientation": {
"max": 0.9819211525301137,
"max_diff": 0.9819211525301137,
"mean": 0.30344434975078854,
"mean_diff": 0.24157519050043008,
"min": 0.0,
"min_diff": -0.28228334781670955,
"std": 0.3973934154013138,
"std_diff": 0.5243803587740622
},
"pos": {
"max": 1377.342548069067,
"max_diff": 565.2275002964959,
"mean": 733.9447154871541,
"mean_diff": -420.1745928799122,
"min": 0.0,
"min_diff": -1377.342548069067,
"std": 561.0416741584274,
"std_diff": 941.5837099876543
},
"rotation_rate": {
"max": 0.07970566302537918,
"max_diff": 0.08825328573584557,
"mean": -0.00036550897110357555,
"mean_diff": 6.42449407788828e-05,
"min": -0.06097909063100815,
"min_diff": -0.0905772503465414,
"std": 0.02176175702010998,
"std_diff": 0.027128177350263755
},
"utime": {
"max": 1532708225452429,
"max_diff": 41065.0,
"mean": 1532708215769638.8,
"mean_diff": 20187.47346514048,
"min": 1532708206052267,
"min_diff": 8246.0,
"std": 5610312.00429354,
"std_diff": 2082.4008030768005
},
"vel": {
"max": 6.562276627462208,
"max_diff": 0.0,
"mean": 1.3290428726279304,
"mean_diff": -1.9935643089418953,
"min": 0.0,
"min_diff": -6.562276627462208,
"std": 2.0267118828575144,
"std_diff": 2.1992215364104295
}
}
},
"SteerAngleFeedback": {
"message_count": 1900,
"message_freq": 97.96989869706222,
"timespan": 19.393712,
"var_stats": {
"utime": {
"max": 1532708225449095,
"max_diff": 31254.0,
"mean": 1532708215751645.2,
"mean_diff": 10212.591890468668,
"min": 1532708206055383,
"min_diff": 176.0,
"std": 5600900.103347065,
"std_diff": 1808.0869499256307
},
"value": {
"max": 0.4119696789826325,
"max_diff": 0.029670597283908362,
"mean": -0.08157452689632577,
"mean_diff": -0.00011580383662521534,
"min": -0.823723431429356,
"min_diff": -0.022689280275929424,
"std": 0.3452187745179059,
"std_diff": 0.0049614359066779395
}
}
},
"VEHICLE_MONITOR": {
"message_count": 40,
"message_freq": 2.0513604237700362,
"timespan": 19.499255,
"var_stats": {
"available_distance": {
"max": 29,
"max_diff": 0.0,
"mean": 29.0,
"mean_diff": 0.0,
"min": 29,
"min_diff": 0.0,
"std": 0.0,
"std_diff": 0.0
},
"battery_level": {
"max": 36,
"max_diff": 0.0,
"mean": 36.0,
"mean_diff": 0.0,
"min": 36,
"min_diff": 0.0,
"std": 0.0,
"std_diff": 0.0
},
"brake": {
"max": 3,
"max_diff": 3.0,
"mean": 0.35,
"mean_diff": 0.0,
"min": 0,
"min_diff": -3.0,
"std": 0.8231038816577164,
"std_diff": 1.2403473458920846
},
"brake_switch": {
"max": 2,
"max_diff": 1.0,
"mean": 1.4,
"mean_diff": 0.0,
"min": 1,
"min_diff": -1.0,
"std": 0.4898979485566356,
"std_diff": 0.5063696835418333
},
"gear_position": {
"max": 7,
"max_diff": 0.0,
"mean": 7.0,
"mean_diff": 0.0,
"min": 7,
"min_diff": 0.0,
"std": 0.0,
"std_diff": 0.0
},
"left_signal": {
"max": 1,
"max_diff": 1.0,
"mean": 0.075,
"mean_diff": 0.0,
"min": 0,
"min_diff": -1.0,
"std": 0.26339134382131846,
"std_diff": 0.32025630761017426
},
"rear_left_rpm": {
"max": 203.03730000000002,
"max_diff": 18.68159999999999,
"mean": 122.59487250000002,
"mean_diff": -3.762623076923077,
"min": 56.295,
"min_diff": -20.307900000000018,
"std": 42.19457559506902,
"std_diff": 9.03623263143814
},
"rear_right_rpm": {
"max": 206.0814,
"max_diff": 19.599000000000004,
"mean": 124.91339250000001,
"mean_diff": -3.83426153846154,
"min": 56.5452,
"min_diff": -22.601400000000012,
"std": 43.85053709698656,
"std_diff": 9.521011959590984
},
"right_signal": {
"max": 1,
"max_diff": 1.0,
"mean": 0.15,
"mean_diff": 0.0,
"min": 0,
"min_diff": -1.0,
"std": 0.3570714214271425,
"std_diff": 0.4529108136578383
},
"steering": {
"max": 24.100000000000364,
"max_diff": 29.699999999999818,
"mean": -4.537499999999875,
"mean_diff": -0.18717948717949184,
"min": -46.09999999999991,
"min_diff": -22.299999999999727,
"std": 19.760208595811935,
"std_diff": 10.67669831532678
},
"steering_speed": {
"max": 59.70000000000046,
"max_diff": 79.59999999999991,
"mean": -3.1749999999997156,
"mean_diff": 0.9205128205128228,
"min": -105.59999999999972,
"min_diff": -95.59999999999991,
"std": 28.58505509877493,
"std_diff": 35.44699314206969
},
"throttle": {
"max": 353,
"max_diff": 249.0,
"mean": 53.45,
"mean_diff": 0.5128205128205128,
"min": 0,
"min_diff": -155.0,
"std": 82.39962075155445,
"std_diff": 71.96433297300709
},
"utime": {
"max": 1532708225790284,
"max_diff": 500833.0,
"mean": 1532708216040620.2,
"mean_diff": 499980.89743589744,
"min": 1532708206291029,
"min_diff": 499341.0,
"std": 5771591.827906874,
"std_diff": 423.75929275775604
},
"vehicle_speed": {
"max": 23.16,
"max_diff": 2.1400000000000006,
"mean": 14.105500000000001,
"mean_diff": -0.4284615384615383,
"min": 6.45,
"min_diff": -2.3599999999999994,
"std": 4.831135451423402,
"std_diff": 0.9975368085530208
},
"yaw_rate": {
"max": 2.900000000000034,
"max_diff": 2.700000000000017,
"mean": -0.24249999999997768,
"mean_diff": 0.0,
"min": -3.299999999999983,
"min_diff": -1.700000000000017,
"std": 1.7705772363836627,
"std_diff": 0.9813648266964392
}
}
},
"ZOE_VEH_INFO": {
"message_count": 1926,
"message_freq": 99.28231669048634,
"timespan": 19.399225,
"var_stats": {
"FL_wheel_speed": {
"max": 206.0814,
"max_diff": 15.429000000000002,
"mean": 124.8169769470405,
"mean_diff": -0.07781111688311688,
"min": 56.295,
"min_diff": -13.76100000000001,
"std": 41.08971058845384,
"std_diff": 0.7604681684543144
},
"FR_wheel_speed": {
"max": 205.1223,
"max_diff": 9.799499999999995,
"mean": 124.73704112149532,
"mean_diff": -0.07778945454545454,
"min": 55.3776,
"min_diff": -9.549299999999988,
"std": 41.970500338442996,
"std_diff": 0.6252913949764947
},
"RL_wheel_speed": {
"max": 206.5401,
"max_diff": 4.670400000000001,
"mean": 124.61176791277258,
"mean_diff": -0.07804940259740259,
"min": 56.0865,
"min_diff": -4.2117000000000075,
"std": 41.16694062975154,
"std_diff": 0.4854120317709021
},
"RR_wheel_speed": {
"max": 209.5842,
"max_diff": 8.17319999999998,
"mean": 126.97028613707164,
"mean_diff": -0.07939246753246754,
"min": 56.295,
"min_diff": -7.005599999999987,
"std": 42.878619433414805,
"std_diff": 0.5554530265343045
},
"left_solar": {
"max": 32,
"max_diff": 144.0,
"mean": -77.30841121495327,
"mean_diff": 0.0,
"min": -112,
"min_diff": -144.0,
"std": 61.57988675384155,
"std_diff": 4.64154027278619
},
"longitudinal_accel": {
"max": 1.4000000000000004,
"max_diff": 1.3500000000000014,
"mean": -0.3232087227414324,
"mean_diff": 0.00020779220779220797,
"min": -1.75,
"min_diff": -1.4000000000000004,
"std": 0.6370596926266836,
"std_diff": 0.08951504809463824
},
"meanEffTorque": {
"max": 96.5,
"max_diff": 3.0,
"mean": -12.223001038421598,
"mean_diff": 0.016883116883116882,
"min": -91.0,