{
"MS_IMU": {
"message_count": 1970,
"message_freq": 99.5469351166215,
"timespan": 19.78966,
"var_stats": {
"linear_accel": {
"max": 11.548261642456055,
"max_diff": 13.122955560684204,
"mean": 3.332855879653483,
"mean_diff": 4.459005137991106,
"min": -2.143885374069214,
"min_diff": -3.404577612876892,
"std": 4.605531509515094,
"std_diff": 5.924117956025508
},
"q": {
"max": 0.9988778829574585,
"max_diff": 0.03701347857713699,
"mean": 0.04839731814882831,
"mean_diff": -0.44772506715846444,
"min": -0.7283058166503906,
"min_diff": -1.0355172790586948,
"std": 0.4976522060143186,
"std_diff": 0.37978763475995336
},
"rotation_rate": {
"max": 0.09984293580055237,
"max_diff": 0.14149461314082146,
"mean": -0.020109642416315958,
"mean_diff": -0.027915249377900776,
"min": -0.284559428691864,
"min_diff": -0.30484798178076744,
"std": 0.07655345034092476,
"std_diff": 0.0946820617639615
},
"utime": {
"max": 1542194094947551,
"max_diff": 34986.0,
"mean": 1542194085047642.8,
"mean_diff": 10050.614525139665,
"min": 1542194075157891,
"min_diff": 1932.0,
"std": 5718318.89260114,
"std_diff": 5538.869620843332
}
}
},
"POSE": {
"message_count": 979,
"message_freq": 49.448555167767985,
"timespan": 19.798354,
"var_stats": {
"accel": {
"max": 10.377244749920678,
"max_diff": 11.88353361346434,
"mean": 3.3299030895065354,
"mean_diff": 4.456231983551774,
"min": -1.9891898817613822,
"min_diff": -2.9826188854477778,
"std": 4.599757034950298,
"std_diff": 5.923324043736158
},
"orientation": {
"max": 0.9999999992921751,
"max_diff": 0.6883043637788174,
"mean": 0.28316501327578203,
"mean_diff": -0.25507653953559994,
"min": -0.027361677866507256,
"min_diff": -0.9999999992921751,
"std": 0.4120892806862685,
"std_diff": 0.517947190659315
},
"pos": {
"max": 2017.58921882813,
"max_diff": 1614.43117249965,
"mean": 813.0248993902801,
"mean_diff": -215.0197412205076,
"min": 0.0,
"min_diff": -2017.58921882813,
"std": 864.0193424748722,
"std_diff": 1794.1782737260805
},
"rotation_rate": {
"max": 0.09890136867761612,
"max_diff": 0.14149461314082146,
"mean": -0.020394147678883454,
"mean_diff": -0.028178385992644585,
"min": -0.2832738757133484,
"min_diff": -0.30419887602329254,
"std": 0.07668586687163605,
"std_diff": 0.09480108758550672
},
"utime": {
"max": 1542194094949524,
"max_diff": 40474.0,
"mean": 1542194085011685.0,
"mean_diff": 20243.71574642127,
"min": 1542194075151170,
"min_diff": 14058.0,
"std": 5707772.699217705,
"std_diff": 2276.3571926400646
},
"vel": {
"max": 8.8816635225302,
"max_diff": 0.0,
"mean": 2.213973208964103,
"mean_diff": -3.320959813446155,
"min": 0.0,
"min_diff": -8.8816635225302,
"std": 3.2680283927282705,
"std_diff": 3.5133682323390296
}
}
},
"SteerAngleFeedback": {
"message_count": 1902,
"message_freq": 96.04145597635382,
"timespan": 19.803948,
"var_stats": {
"utime": {
"max": 1542194094953740,
"max_diff": 40133.0,
"mean": 1542194085084212.8,
"mean_diff": 10417.64755391899,
"min": 1542194075149792,
"min_diff": 2580.0,
"std": 5711578.886505375,
"std_diff": 2376.8546097316935
},
"value": {
"max": 0.6632251157578453,
"max_diff": 0.027925268031907702,
"mean": -0.478994693431662,
"mean_diff": 0.0005123060087389959,
"min": -2.214822820780806,
"min_diff": -0.020943951023936647,
"std": 0.9063577816764131,
"std_diff": 0.004612014435307335
}
}
},
"VEHICLE_MONITOR": {
"message_count": 40,
"message_freq": 2.0513277064730566,
"timespan": 19.499566,
"var_stats": null
},
"ZOE_VEH_INFO": {
"message_count": 1964,
"message_freq": 99.19308145428775,
"timespan": 19.799768,
"var_stats": {
"FL_wheel_speed": {
"max": 280.3908,
"max_diff": 4.253399999999999,
"mean": 211.99664266802444,
"mean_diff": 0.036070606214977076,
"min": 128.2692,
"min_diff": -4.461900000000014,
"std": 49.03318875088983,
"std_diff": 0.7112778676148488
},
"FR_wheel_speed": {
"max": 283.6434,
"max_diff": 4.920599999999979,
"mean": 209.1210412423625,
"mean_diff": 0.03876846663270505,
"min": 127.1433,
"min_diff": -5.629500000000007,
"std": 53.24112843986463,
"std_diff": 0.7863549801281418
},
"RL_wheel_speed": {
"max": 279.4317,
"max_diff": 5.337599999999981,
"mean": 210.4608766802444,
"mean_diff": 0.03679286805909322,
"min": 128.019,
"min_diff": -7.005599999999987,
"std": 48.98624307623433,
"std_diff": 0.8451847531027201
},
"RR_wheel_speed": {
"max": 282.0171,
"max_diff": 4.253399999999999,
"mean": 207.7222652749491,
"mean_diff": 0.03878970962812023,
"min": 126.6429,
"min_diff": -6.296699999999987,
"std": 53.40324657474497,
"std_diff": 0.8298192229070933
},
"left_solar": {
"max": 0,
"max_diff": 0.0,
"mean": 0.0,
"mean_diff": 0.0,
"min": 0,
"min_diff": 0.0,
"std": 0.0,
"std_diff": 0.0
},
"longitudinal_accel": {
"max": 1.75,
"max_diff": 0.45000000000000107,
"mean": 0.8510437881873734,
"mean_diff": -5.094243504839513e-05,
"min": -0.5499999999999989,
"min_diff": -0.5,
"std": 0.4989782637098495,
"std_diff": 0.08848643778459314
},
"meanEffTorque": {
"max": 105.0,
"max_diff": 2.0,
"mean": 60.66038696537678,
"mean_diff": -0.010443199184921039,
"min": -23.0,
"min_diff": -2.5,
"std": 32.655378055381185,
"std_diff": 0.3625600337920121
},
"odom": {
"max": 124,
"max_diff": 120.0,
"mean": 74.74338085539715,
"mean_diff": 0.004075394803871625,
"min": 4,
"min_diff": -80.0,
"std": 39.87671086262692,
"std_diff": 16.82052889344271
},
"odom_speed": {
"max": 31.0,
"max_diff": 1.0,
"mean": 23.386965376782076,
"mean_diff": 0.004584819154355578,
"min": 14.0,
"min_diff": -1.0,
"std": 5.772410781375819,
"std_diff": 0.11718974740304115
},
"pedal_cc": {
"max": 421.0,
"max_diff": 12.0,
"mean": 275.9786150712831,
"mean_diff": -0.033112582781456956,
"min": 0.0,
"min_diff": -23.0,
"std": 110.05855482301986,
"std_diff": 2.039453904177289
},
"regen": {
"max": 46.0,
"max_diff": 2.0,
"mean": 1.805498981670061,
"mean_diff": 0.0,
"min": 0.0,
"min_diff": -4.0,
"std": 7.589979613617638,
"std_diff": 0.28190459144096375
},
"requestedTorqueAfterProc": {
"max": -272.5,
"max_diff": 125.5,
"mean": -316.04735234215883,
"mean_diff": -0.013245033112582781,
"min": -398.5,
"min_diff": -124.0,
"std": 28.077532097251513,
"std_diff": 4.053083555927403
},
"right_solar": {
"max": 0,
"max_diff": 0.0,
"mean": 0.0,
"mean_diff": 0.0,
"min": 0,
"min_diff": 0.0,
"std": 0.0,
"std_diff": 0.0
},
"steer_corrected": {
"max": 37.70000000000027,
"max_diff": 1.2000000000002728,
"mean": -27.57067209775958,
"mean_diff": 0.028273051451859398,
"min": -126.90000000000009,
"min_diff": -0.7000000000002728,
"std": 51.97967883283406,
"std_diff": 0.2530112540454941
},
"steer_offset_can": {
"max": -13.400000000000091,
"max_diff": 0.0,
"mean": -13.400000000000093,
"mean_diff": 0.0,
"min": -13.400000000000091,
"min_diff": 0.0,
"std": 1.7763568394002505e-15,
"std_diff": 0.0
},
"steer_raw": {
"max": 24.300000000000182,
"max_diff": 1.2000000000002728,
"mean": -40.97067209775968,
"mean_diff": 0.028273051451859398,
"min": -140.30000000000018,
"min_diff": -0.7000000000002728,
"std": 51.979678832834054,
"std_diff": 0.2530112540454941
},
"transversal_accel": {
"max": -0.42799999999999727,
"max_diff": 0.060000000000002274,
"mean": -0.5592749490835014,
"mean_diff": 4.6867040244530294e-05,
"min": -0.7280000000000086,
"min_diff": -0.05200000000002092,
"std": 0.08395379732497231,
"std_diff": 0.009670993445835717
},
"utime": {
"max": 1542194094952849,
"max_diff": 30716.0,
"mean": 1542194085075060.8,
"mean_diff": 10086.48395313296,
"min": 1542194075153081,
"min_diff": 2.0,
"std": 5716859.072052647,
"std_diff": 2278.9209917245785
}
}
},
"ZoeSensors": {
"message_count": 18874,
"message_freq": 953.1691156035965,
"timespan": 19.801313,
"var_stats": {
"brake_sensor": {
"max": 0.190252885222435,
"max_diff": 3.30507755279541e-05,
"mean": 0.19011914841155703,
"mean_diff": 1.2553831557366488e-10,
"min": 0.1900433748960495,
"min_diff": -3.2201409339904785e-05,
"std": 2.532931224365754e-05,
"std_diff": 4.448808176917523e-06
},
"steering_sensor": {
"max": 0.19021622836589813,
"max_diff": 0.0005277842283248901,
"mean": 0.18854127731539377,
"mean_diff": -1.2313019065228327e-08,
"min": 0.18707314133644104,