{
"MS_IMU": {
"message_count": 1962,
"message_freq": 99.91777408866281,
"timespan": 19.636146,
"var_stats": {
"linear_accel": {
"max": 12.377395629882812,
"max_diff": 11.991471767425537,
"mean": 3.4677701424049405,
"mean_diff": 4.773255496386103,
"min": -1.486836314201355,
"min_diff": -2.7872942686080933,
"std": 4.491692412117317,
"std_diff": 4.676718822075538
},
"q": {
"max": 0.9978706240653992,
"max_diff": 0.595586203970015,
"mean": 0.31518118900363634,
"mean_diff": -0.20041913887649784,
"min": -0.020435091108083725,
"min_diff": -0.9913756102323532,
"std": 0.38815053158363366,
"std_diff": 0.5359578452130845
},
"rotation_rate": {
"max": 0.20817308127880096,
"max_diff": 0.2143802517093718,
"mean": 0.012131283233965659,
"mean_diff": 0.022694847042917955,
"min": -0.18499454855918884,
"min_diff": -0.2183233816176653,
"std": 0.053995370551538566,
"std_diff": 0.07010541882430059
},
"utime": {
"max": 1538450685456357,
"max_diff": 25031.0,
"mean": 1538450675642874.8,
"mean_diff": 10013.33299337073,
"min": 1538450665820211,
"min_diff": 1957.0,
"std": 5675183.176941609,
"std_diff": 5454.753471024695
}
}
},
"POSE": {
"message_count": 976,
"message_freq": 49.693076517205746,
"timespan": 19.640563,
"var_stats": {
"accel": {
"max": 11.558456042301012,
"max_diff": 11.323593172149705,
"mean": 3.4686987946694843,
"mean_diff": 4.775894064660312,
"min": -1.2850568994923317,
"min_diff": -2.5234449825092184,
"std": 4.485497364018932,
"std_diff": 4.65741887557915
},
"orientation": {
"max": 0.9880248403562845,
"max_diff": 0.9880248403562845,
"mean": 0.3254561416853413,
"mean_diff": 0.1552338320375118,
"min": 0.0,
"min_diff": -0.6561787588481914,
"std": 0.3795764742964072,
"std_diff": 0.5560897326190107
},
"pos": {
"max": 1561.4144605769409,
"max_diff": 174.353955030208,
"mean": 985.8167476754907,
"mean_diff": -713.1717927393386,
"min": 0.0,
"min_diff": -1561.4144605769409,
"std": 698.5838699510998,
"std_diff": 818.5600039172513
},
"rotation_rate": {
"max": 0.2073434293270111,
"max_diff": 0.2130975080654025,
"mean": 0.012078273305600587,
"mean_diff": 0.022642548549724285,
"min": -0.18499454855918884,
"min_diff": -0.2183233816176653,
"std": 0.053979088518213696,
"std_diff": 0.0701666574661831
},
"utime": {
"max": 1538450685452154,
"max_diff": 40495.0,
"mean": 1538450675647319.5,
"mean_diff": 20144.16717948718,
"min": 1538450665811591,
"min_diff": 17666.0,
"std": 5682485.73732774,
"std_diff": 1773.857931393878
},
"vel": {
"max": 7.316408541731093,
"max_diff": 0.0,
"mean": 1.6404316782160873,
"mean_diff": -2.460647517324131,
"min": 0.0,
"min_diff": -7.316408541731093,
"std": 2.437041874762276,
"std_diff": 2.624975729572772
}
}
},
"SteerAngleFeedback": {
"message_count": 1936,
"message_freq": 98.50007183992844,
"timespan": 19.654808,
"var_stats": {
"utime": {
"max": 1538450685453327,
"max_diff": 40174.0,
"mean": 1538450675658699.0,
"mean_diff": 10157.523514211885,
"min": 1538450665798519,
"min_diff": 2941.0,
"std": 5679764.234013482,
"std_diff": 1568.4591488602641
},
"value": {
"max": 1.1868238913561442,
"max_diff": 0.022689280275929452,
"mean": 0.3358758130610958,
"mean_diff": -0.0001912195356190154,
"min": -0.6771877497737951,
"min_diff": -0.015707963267950542,
"std": 0.5882767203065495,
"std_diff": 0.004224561245684195
}
}
},
"VEHICLE_MONITOR": {
"message_count": 40,
"message_freq": 2.051331493630872,
"timespan": 19.49953,
"var_stats": {
"available_distance": {
"max": 104,
"max_diff": 0.0,
"mean": 104.0,
"mean_diff": 0.0,
"min": 104,
"min_diff": 0.0,
"std": 0.0,
"std_diff": 0.0
},
"battery_level": {
"max": 93,
"max_diff": 0.0,
"mean": 93.0,
"mean_diff": 0.0,
"min": 93,
"min_diff": 0.0,
"std": 0.0,
"std_diff": 0.0
},
"brake": {
"max": 0,
"max_diff": 0.0,
"mean": 0.0,
"mean_diff": 0.0,
"min": 0,
"min_diff": 0.0,
"std": 0.0,
"std_diff": 0.0
},
"brake_switch": {
"max": 1,
"max_diff": 0.0,
"mean": 1.0,
"mean_diff": 0.0,
"min": 1,
"min_diff": 0.0,
"std": 0.0,
"std_diff": 0.0
},
"gear_position": {
"max": 7,
"max_diff": 0.0,
"mean": 7.0,
"mean_diff": 0.0,
"min": 7,
"min_diff": 0.0,
"std": 0.0,
"std_diff": 0.0
},
"left_signal": {
"max": 0,
"max_diff": 0.0,
"mean": 0.0,
"mean_diff": 0.0,
"min": 0,
"min_diff": 0.0,
"std": 0.0,
"std_diff": 0.0
},
"rear_left_rpm": {
"max": 243.945,
"max_diff": 22.684799999999996,
"mean": 157.0891125,
"mean_diff": 5.2606153846153845,
"min": 38.781,
"min_diff": -8.631900000000002,
"std": 40.872301519734535,
"std_diff": 10.146436976355194
},
"rear_right_rpm": {
"max": 237.1479,
"max_diff": 22.893300000000004,
"mean": 158.8467675,
"mean_diff": 5.0980923076923075,
"min": 38.3223,
"min_diff": -11.008800000000008,
"std": 41.468847979419365,
"std_diff": 9.998540490834845
},
"right_signal": {
"max": 0,
"max_diff": 0.0,
"mean": 0.0,
"mean_diff": 0.0,
"min": 0,
"min_diff": 0.0,
"std": 0.0,
"std_diff": 0.0
},
"steering": {
"max": 66.30000000000018,
"max_diff": 24.199999999999818,
"mean": 17.845000000000198,
"mean_diff": -0.5487179487179511,
"min": -39.0,
"min_diff": -19.899999999999636,
"std": 34.30469319204007,
"std_diff": 9.799211684538495
},
"steering_speed": {
"max": 57.70000000000046,
"max_diff": 77.69999999999982,
"mean": -2.9299999999996995,
"mean_diff": 0.0,
"min": -73.79999999999954,
"min_diff": -57.79999999999973,
"std": 26.303005531687766,
"std_diff": 31.2742213824248
},
"throttle": {
"max": 301,
"max_diff": 131.0,
"mean": 110.525,
"mean_diff": 7.717948717948718,
"min": 0,
"min_diff": -129.0,
"std": 107.24364491661032,
"std_diff": 51.959525035801555
},
"utime": {
"max": 1538450685625206,
"max_diff": 500547.0,
"mean": 1538450675875300.5,
"mean_diff": 499987.9487179487,
"min": 1538450666125676,
"min_diff": 499117.0,
"std": 5771744.208827129,
"std_diff": 408.54412865987786
},
"vehicle_speed": {
"max": 27.240000000000002,
"max_diff": 2.54,
"mean": 17.9995,
"mean_diff": 0.5856410256410257,
"min": 4.4,
"min_diff": -1.0899999999999999,
"std": 4.719736194958358,
"std_diff": 1.1302842730057232
},
"yaw_rate": {
"max": 8.200000000000017,
"max_diff": 3.3999999999999773,
"mean": 1.9475000000000242,
"mean_diff": -0.16923076923076907,
"min": -7.599999999999966,
"min_diff": -3.0,
"std": 4.353446192385981,
"std_diff": 1.334195973410019
}
}
},
"ZOE_VEH_INFO": {
"message_count": 1961,
"message_freq": 99.78398624253096,
"timespan": 19.652452,
"var_stats": {
"FL_wheel_speed": {
"max": 237.60660000000001,
"max_diff": 7.9646999999999935,
"mean": 155.20710229474759,
"mean_diff": 0.1028670918367347,
"min": 35.9871,
"min_diff": -5.8796999999999855,
"std": 40.14678196742484,
"std_diff": 0.632025797033659
},
"FR_wheel_speed": {
"max": 231.8103,
"max_diff": 3.7530000000000143,
"mean": 156.9616707292198,
"mean_diff": 0.10003744897959185,
"min": 35.7369,
"min_diff": -4.4202000000000226,
"std": 41.0960393905994,
"std_diff": 0.5833241448936786
},
"RL_wheel_speed": {
"max": 237.1479,
"max_diff": 5.170799999999986,
"mean": 154.4868257011729,
"mean_diff": 0.10276071428571429,
"min": 35.7369,
"min_diff": -5.170799999999986,
"std": 39.96884563371721,
"std_diff": 0.676022532219805
},
"RR_wheel_speed": {
"max": 230.8512,
"max_diff": 5.420999999999992,
"mean": 156.4525096889342,
"mean_diff": 0.09965448979591839,
"min": 35.5284,
"min_diff": -4.461899999999986,
"std": 40.99362690011425,
"std_diff": 0.6789798421087665
},
"left_solar": {
"max": 32,
"max_diff": 144.0,
"mean": -74.41101478837328,
"mean_diff": -0.05714285714285714,
"min": -112,
"min_diff": -144.0,
"std": 57.157666488309935,
"std_diff": 7.8431563825296955
},
"longitudinal_accel": {
"max": 1.950000000000001,
"max_diff": 0.5,
"mean": 0.30283018867924594,
"mean_diff": 0.0006632653061224485,
"min": -0.75,
"min_diff": -0.5,
"std": 0.6766924661577299,
"std_diff": 0.06662083449895968
},
"meanEffTorque": {
"max": 93.5,
"max_diff": 3.5,
"mean": 24.49617542070372,
"mean_diff": 0.036224489795918365,
"min": -25.5,
"min_diff": -1.5,
"std": 40.84236822193795,
"std_diff": 0.5184986476004689
},
"odom": {
"max": 120,
"max_diff": 72.0,
"mean": 60.650688424273326,
"mean_diff": -0.036734693877551024,
"min": 0,
"min_diff": -108.0,