{
"MS_IMU": {
"message_count": 1988,
"message_freq": 99.8951703700071,
"timespan": 19.900862,
"var_stats": {
"linear_accel": {
"max": 13.433206558227539,
"max_diff": 13.980144143104553,
"mean": 3.1332285237047235,
"mean_diff": 5.096516435360813,
"min": -5.296167850494385,
"min_diff": -2.1185032725334167,
"std": 4.772969694370997,
"std_diff": 4.774432797601665
},
"q": {
"max": 0.009543433785438538,
"max_diff": 0.9259664053097367,
"mean": -0.33222761846124044,
"mean_diff": 0.16026033802391457,
"min": -0.9165349006652832,
"min_diff": -0.4802824966609478,
"std": 0.3736640552619687,
"std_diff": 0.5546487341146651
},
"rotation_rate": {
"max": 0.1350082904100418,
"max_diff": 0.1718413643538952,
"mean": -0.0006025686457480862,
"mean_diff": 0.0006824607320708652,
"min": -0.17243729531764984,
"min_diff": -0.21797242015600204,
"std": 0.025980342236077657,
"std_diff": 0.03575511842137782
},
"utime": {
"max": 1535656815201097,
"max_diff": 22054.0,
"mean": 1535656805251925.5,
"mean_diff": 10015.531957725214,
"min": 1535656795300235,
"min_diff": 2906.0,
"std": 5745696.82800583,
"std_diff": 4658.176790001129
}
}
},
"POSE": {
"message_count": 992,
"message_freq": 49.8506941558403,
"timespan": 19.899422,
"var_stats": {
"accel": {
"max": 10.814011337434128,
"max_diff": 10.94535612615513,
"mean": 3.134949215397004,
"mean_diff": 5.094349070325362,
"min": -5.1661334840506425,
"min_diff": -1.923700278450661,
"std": 4.761536960560883,
"std_diff": 4.759731973292053
},
"orientation": {
"max": 0.9601173300659022,
"max_diff": 0.9601173300659022,
"mean": 0.31935483095655676,
"mean_diff": 0.20198121053352117,
"min": 0.0,
"min_diff": -0.3622822146872382,
"std": 0.3847239165228867,
"std_diff": 0.5408668264228698
},
"pos": {
"max": 849.9498058708946,
"max_diff": -348.7184023823874,
"mean": 398.6511562389635,
"mean_diff": -397.98254691214436,
"min": 0.0,
"min_diff": -494.72166855924775,
"std": 325.48939478669604,
"std_diff": 35.30454236799667
},
"rotation_rate": {
"max": 0.13133975863456726,
"max_diff": 0.15897630900144577,
"mean": -0.000826217562610093,
"mean_diff": 0.0007082533198907045,
"min": -0.1544969081878662,
"min_diff": -0.21797242015600204,
"std": 0.025941409372690308,
"std_diff": 0.035669692230661736
},
"utime": {
"max": 1535656815207491,
"max_diff": 40567.0,
"mean": 1535656805264636.5,
"mean_diff": 20080.143289606458,
"min": 1535656795308069,
"min_diff": 17631.0,
"std": 5754936.181391855,
"std_diff": 1360.9462064477332
},
"vel": {
"max": 9.087207988674487,
"max_diff": 0.0,
"mean": 1.7184719380376616,
"mean_diff": -2.5777079070564923,
"min": 0.0,
"min_diff": -9.087207988674487,
"std": 3.0956453319959,
"std_diff": 3.487071935147714
}
}
},
"SteerAngleFeedback": {
"message_count": 1969,
"message_freq": 98.97846582473142,
"timespan": 19.893216,
"var_stats": {
"utime": {
"max": 1535656815201311,
"max_diff": 20533.0,
"mean": 1535656805249029.8,
"mean_diff": 10108.341463414634,
"min": 1535656795308095,
"min_diff": 6949.0,
"std": 5749738.059067136,
"std_diff": 1152.404102172302
},
"value": {
"max": 0.2671073510671,
"max_diff": 0.015707963267950553,
"mean": -0.024832428075654677,
"mean_diff": 2.483192025195343e-05,
"min": -0.6090479334340503,
"min_diff": -0.012217304763965063,
"std": 0.21447379441652686,
"std_diff": 0.002656612859072498
}
}
},
"VEHICLE_MONITOR": {
"message_count": 41,
"message_freq": 2.050283246630522,
"timespan": 19.997237,
"var_stats": null
},
"ZOE_VEH_INFO": {
"message_count": 1986,
"message_freq": 99.80063993014559,
"timespan": 19.899672,
"var_stats": {
"FL_wheel_speed": {
"max": 289.94010000000003,
"max_diff": 6.755399999999952,
"mean": 161.7030673716012,
"mean_diff": -0.14230518891687657,
"min": 0.0,
"min_diff": -4.920599999999979,
"std": 105.12247841030556,
"std_diff": 0.7441104213976052
},
"FR_wheel_speed": {
"max": 291.35790000000003,
"max_diff": 8.381699999999967,
"mean": 161.72062084592147,
"mean_diff": -0.14194806045340055,
"min": 0.0,
"min_diff": -6.755400000000009,
"std": 105.33949469039656,
"std_diff": 0.8276631380538916
},
"RL_wheel_speed": {
"max": 287.3547,
"max_diff": 5.379300000000001,
"mean": 161.34779848942597,
"mean_diff": -0.14171697732997482,
"min": 0.0,
"min_diff": -4.920599999999979,
"std": 104.98016401548094,
"std_diff": 0.7634629976790753
},
"RR_wheel_speed": {
"max": 300.4485,
"max_diff": 7.21410000000003,
"mean": 164.39210845921448,
"mean_diff": -0.14419586901763223,
"min": 0.0,
"min_diff": -10.967100000000016,
"std": 107.15588810027685,
"std_diff": 0.8293542311695011
},
"left_solar": {
"max": 0,
"max_diff": 0.0,
"mean": 0.0,
"mean_diff": 0.0,
"min": 0,
"min_diff": 0.0,
"std": 0.0,
"std_diff": 0.0
},
"longitudinal_accel": {
"max": 1.8000000000000007,
"max_diff": 0.7000000000000002,
"mean": -0.47630916414904273,
"mean_diff": -0.00015113350125944621,
"min": -5.3,
"min_diff": -0.6000000000000014,
"std": 1.2276650821638437,
"std_diff": 0.09338297586463405
},
"meanEffTorque": {
"max": 116.5,
"max_diff": 9.0,
"mean": -9.758559919436053,
"mean_diff": -0.013602015113350126,
"min": -142.0,
"min_diff": -5.5,
"std": 42.72593802600593,
"std_diff": 1.0728226724134338
},
"odom": {
"max": 124,
"max_diff": 84.0,
"mean": 66.91641490433031,
"mean_diff": -0.05239294710327456,
"min": 0,
"min_diff": -112.0,
"std": 44.1712549149602,
"std_diff": 13.739471373342292
},
"odom_speed": {
"max": 32.0,
"max_diff": 1.0,
"mean": 18.211480362537763,
"mean_diff": -0.015617128463476071,
"min": 0.0,
"min_diff": -2.0,
"std": 11.784126979310715,
"std_diff": 0.17169457537415958
},
"pedal_cc": {
"max": 475.0,
"max_diff": 25.0,
"mean": 56.01007049345418,
"mean_diff": -0.08564231738035265,
"min": 0.0,
"min_diff": -108.0,
"std": 111.98184870941232,
"std_diff": 4.26569945516986
},
"regen": {
"max": 57.0,
"max_diff": 1.0,
"mean": 21.951661631419938,
"mean_diff": 0.0,
"min": 0.0,
"min_diff": -3.0,
"std": 24.472721105476875,
"std_diff": 0.372884460870509
},
"requestedTorqueAfterProc": {
"max": -272.5,
"max_diff": 126.0,
"mean": -334.23162134944613,
"mean_diff": -0.011083123425692695,
"min": -398.5,
"min_diff": -126.0,
"std": 49.49938943024853,
"std_diff": 7.9028979849066205
},
"right_solar": {
"max": 0,
"max_diff": 0.0,
"mean": 0.0,
"mean_diff": 0.0,
"min": 0,
"min_diff": 0.0,
"std": 0.0,
"std_diff": 0.0
},
"steer_corrected": {
"max": 15.304123893064034,
"max_diff": 0.7000000000002728,
"mean": -1.4399848682651404,
"mean_diff": 0.0014105793450882528,
"min": -34.89587610693578,
"min_diff": -0.8999999999996362,
"std": 12.299924185990802,
"std_diff": 0.1510601501259896
},
"steer_offset_can": {
"max": -12.300000000000182,
"max_diff": 0.0,
"mean": -12.30000000000018,
"mean_diff": 0.0,
"min": -12.300000000000182,
"min_diff": 0.0,
"std": 1.7763568394002505e-15,
"std_diff": 0.0
},
"steer_raw": {
"max": 3.599999999999909,
"max_diff": 0.7000000000002728,
"mean": -13.144108761329267,
"mean_diff": 0.0014105793450882528,
"min": -46.59999999999991,
"min_diff": -0.8999999999996362,
"std": 12.299924185990806,
"std_diff": 0.15106015012598964
},
"transversal_accel": {
"max": -0.367999999999995,
"max_diff": 0.09999999999999432,
"mean": -0.49528700906344175,
"mean_diff": 0.0,
"min": -0.6119999999999948,
"min_diff": -0.07600000000002183,
"std": 0.03514698244575633,
"std_diff": 0.008657141313267789
},
"utime": {
"max": 1535656815209834,
"max_diff": 21633.0,
"mean": 1535656805256933.8,
"mean_diff": 10025.023677581865,
"min": 1535656795310162,
"min_diff": 2.0,
"std": 5748403.9957451625,
"std_diff": 1374.417908918626
}
}
},
"ZoeSensors": {
"message_count": 18991,
"message_freq": 954.3015629118947,
"timespan": 19.900418,
"var_stats": {
"brake_sensor": {
"max": 0.4943203330039978,
"max_diff": 0.004188448190689087,
"mean": 0.26709729509719343,
"mean_diff": 1.354190143803159e-05,
"min": 0.18412715196609497,
"min_diff": -0.0005120635032653809,
"std": 0.12253150371449903,
"std_diff": 0.0001063855928480524
},
"steering_sensor": {
"max": 0.1917090117931366,
"max_diff": 0.0005592852830886841,
"mean": 0.18906586033103653,
"mean_diff": -1.0494921570266154e-07,
"min": 0.18584425747394562,