{
"MS_IMU": {
"message_count": 1925,
"message_freq": 99.99411463211023,
"timespan": 19.251133,
"var_stats": {
"linear_accel": {
"max": 10.402868270874023,
"max_diff": 12.045865058898926,
"mean": 3.2797353474312922,
"mean_diff": 4.642820041735986,
"min": -2.0642056465148926,
"min_diff": -3.2709805965423584,
"std": 4.652623028271371,
"std_diff": 5.671363510407939
},
"q": {
"max": 0.9397005438804626,
"max_diff": 0.9494131170213223,
"mean": 0.3280610741125401,
"mean_diff": 0.0896154371381322,
"min": -0.03221970796585083,
"min_diff": -0.8815231880871579,
"std": 0.3773273762791781,
"std_diff": 0.5757197078732937
},
"rotation_rate": {
"max": 0.03439115360379219,
"max_diff": 0.048755139112472534,
"mean": -0.026419260660232327,
"mean_diff": -0.036866935136628025,
"min": -0.43684816360473633,
"min_diff": -0.44952851347625256,
"std": 0.08168629906308864,
"std_diff": 0.09914748183568184
},
"utime": {
"max": 1533115043300731,
"max_diff": 22065.0,
"mean": 1533115033678828.2,
"mean_diff": 10005.786382536382,
"min": 1533115024049598,
"min_diff": 2261.0,
"std": 5560692.760387227,
"std_diff": 4707.007738126125
}
}
},
"POSE": {
"message_count": 957,
"message_freq": 49.741425152643025,
"timespan": 19.239497,
"var_stats": {
"accel": {
"max": 10.186606787321102,
"max_diff": 11.753123826767256,
"mean": 3.2754600167576475,
"mean_diff": 4.649530113390039,
"min": -1.9235686419924194,
"min_diff": -3.0983684174768666,
"std": 4.654520570891759,
"std_diff": 5.663174015010845
},
"orientation": {
"max": 0.9999966744931629,
"max_diff": 0.9999966744931629,
"mean": -0.007830730208484555,
"mean_diff": -0.2322327492369583,
"min": -0.9999979916509678,
"min_diff": -0.9999979916509678,
"std": 0.4999386759037571,
"std_diff": 0.5285842255640792
},
"pos": {
"max": 1340.8452667879178,
"max_diff": 635.8484818563586,
"mean": 688.6071358671365,
"mean_diff": -370.4329040075179,
"min": 0.0,
"min_diff": -1340.8452667879178,
"std": 542.2207225199019,
"std_diff": 954.5878131063779
},
"rotation_rate": {
"max": 0.031297363340854645,
"max_diff": 0.046883415430784225,
"mean": -0.02624510895848048,
"mean_diff": -0.03663536643999861,
"min": -0.43684816360473633,
"min_diff": -0.4494656128808856,
"std": 0.08128516212175851,
"std_diff": 0.09866356863379747
},
"utime": {
"max": 1533115043303586,
"max_diff": 40506.0,
"mean": 1533115033643593.5,
"mean_diff": 20124.996861924687,
"min": 1533115024064089,
"min_diff": 15587.0,
"std": 5551139.88475862,
"std_diff": 1683.5697066362068
},
"vel": {
"max": 9.717914094703017,
"max_diff": 0.0,
"mean": 0.9047700166543462,
"mean_diff": -1.3571550249815196,
"min": 0.0,
"min_diff": -9.717914094703017,
"std": 2.1897646215285183,
"std_diff": 2.5648873385139885
}
}
},
"SteerAngleFeedback": {
"message_count": 1887,
"message_freq": 98.0064796462044,
"timespan": 19.253829,
"var_stats": {
"utime": {
"max": 1533115043302595,
"max_diff": 30146.0,
"mean": 1533115033687150.8,
"mean_diff": 10208.817073170732,
"min": 1533115024048766,
"min_diff": 6636.0,
"std": 5556295.875635112,
"std_diff": 1651.8648136618585
},
"value": {
"max": 0.12740903539558923,
"max_diff": 0.04363323129985819,
"mean": -1.0812078860800534,
"mean_diff": 0.0003858972948471053,
"min": -4.279547325890093,
"min_diff": -0.05585053606381529,
"std": 1.2922885678062825,
"std_diff": 0.009744702743031583
}
}
},
"VEHICLE_MONITOR": {
"message_count": 39,
"message_freq": 2.0526409778823727,
"timespan": 18.999913,
"var_stats": {
"available_distance": {
"max": 88,
"max_diff": 0.0,
"mean": 88.0,
"mean_diff": 0.0,
"min": 88,
"min_diff": 0.0,
"std": 0.0,
"std_diff": 0.0
},
"battery_level": {
"max": 56,
"max_diff": 0.0,
"mean": 56.0,
"mean_diff": 0.0,
"min": 56,
"min_diff": 0.0,
"std": 0.0,
"std_diff": 0.0
},
"brake": {
"max": 11,
"max_diff": 5.0,
"mean": 2.6153846153846154,
"mean_diff": -0.18421052631578946,
"min": 0,
"min_diff": -8.0,
"std": 4.111368757141497,
"std_diff": 2.1503397914833284
},
"brake_switch": {
"max": 4,
"max_diff": 0.0,
"mean": 2.076923076923077,
"mean_diff": -0.07894736842105263,
"min": 1,
"min_diff": -3.0,
"std": 1.4390989949130548,
"std_diff": 0.480218094497228
},
"gear_position": {
"max": 7,
"max_diff": 0.0,
"mean": 7.0,
"mean_diff": 0.0,
"min": 7,
"min_diff": 0.0,
"std": 0.0,
"std_diff": 0.0
},
"left_signal": {
"max": 0,
"max_diff": 0.0,
"mean": 0.0,
"mean_diff": 0.0,
"min": 0,
"min_diff": 0.0,
"std": 0.0,
"std_diff": 0.0
},
"rear_left_rpm": {
"max": 308.2047,
"max_diff": 18.473100000000017,
"mean": 93.36736923076923,
"mean_diff": 6.585307894736842,
"min": 0.0,
"min_diff": -17.514,
"std": 103.33932820560983,
"std_diff": 9.675962590667158
},
"rear_right_rpm": {
"max": 309.7893,
"max_diff": 21.266999999999996,
"mean": 90.00143076923077,
"mean_diff": 6.670902631578947,
"min": 0.0,
"min_diff": -16.5966,
"std": 102.69082089946866,
"std_diff": 9.910995695889513
},
"right_signal": {
"max": 1,
"max_diff": 1.0,
"mean": 0.38461538461538464,
"mean_diff": -0.02631578947368421,
"min": 0,
"min_diff": -1.0,
"std": 0.4865042554105198,
"std_diff": 0.6277294969408717
},
"steering": {
"max": 7.900000000000091,
"max_diff": 86.09999999999991,
"mean": -60.49999999999991,
"mean_diff": 1.1131578947368468,
"min": -245.0999999999999,
"min_diff": -77.79999999999973,
"std": 74.4118270169467,
"std_diff": 25.787289515457356
},
"steering_speed": {
"max": 179.20000000000044,
"max_diff": 83.69999999999982,
"mean": 1.6564102564104939,
"mean_diff": 0.10263157894737081,
"min": -147.49999999999983,
"min_diff": -147.5,
"std": 53.41603905325989,
"std_diff": 45.06883908237144
},
"throttle": {
"max": 329,
"max_diff": 41.0,
"mean": 125.97435897435898,
"mean_diff": 6.2894736842105265,
"min": 0,
"min_diff": -83.0,
"std": 131.46579689331446,
"std_diff": 19.080036266567156
},
"utime": {
"max": 1533115043507185,
"max_diff": 501931.0,
"mean": 1533115034007072.0,
"mean_diff": 499997.7105263158,
"min": 1533115024507272,
"min_diff": 498527.0,
"std": 5627371.649749518,
"std_diff": 524.5760648218078
},
"vehicle_speed": {
"max": 35.29,
"max_diff": 2.2200000000000024,
"mean": 10.51153846153846,
"mean_diff": 0.7518421052631579,
"min": 0.0,
"min_diff": -1.9400000000000004,
"std": 11.754343559081935,
"std_diff": 1.1165992902869193
},
"yaw_rate": {
"max": 1.1000000000000227,
"max_diff": 7.799999999999983,
"mean": -4.402564102564078,
"mean_diff": 0.08421052631578918,
"min": -24.899999999999977,
"min_diff": -5.0,
"std": 7.319958216900755,
"std_diff": 2.4709391263657183
}
}
},
"ZOE_VEH_INFO": {
"message_count": 1920,
"message_freq": 99.74211986602764,
"timespan": 19.249641,
"var_stats": {
"FL_wheel_speed": {
"max": 308.4132,
"max_diff": 3.753,
"mean": 89.19180421875,
"mean_diff": 0.12518692027097447,
"min": 0.0,
"min_diff": -3.5028,
"std": 99.38487270989152,
"std_diff": 0.38238591057654203
},
"FR_wheel_speed": {
"max": 309.0804,
"max_diff": 4.4202,
"mean": 85.64519750000001,
"mean_diff": 0.12672975508077122,
"min": 0.0,
"min_diff": -3.5028,
"std": 98.22684178287948,
"std_diff": 0.38545901599586246
},
"RL_wheel_speed": {
"max": 306.07800000000003,
"max_diff": 3.9615,
"mean": 87.993515625,
"mean_diff": 0.12418733715476812,
"min": 0.0,
"min_diff": -3.5028,
"std": 98.4955275406792,
"std_diff": 0.3902147810939594
},
"RR_wheel_speed": {
"max": 307.49580000000003,
"max_diff": 3.753,
"mean": 84.5012275,
"mean_diff": 0.12590401250651384,
"min": 0.0,
"min_diff": -3.5028,
"std": 97.43876857203705,
"std_diff": 0.3892093877246788
},
"left_solar": {
"max": 0,
"max_diff": 0.0,
"mean": 0.0,
"mean_diff": 0.0,
"min": 0,
"min_diff": 0.0,
"std": 0.0,
"std_diff": 0.0
},
"longitudinal_accel": {
"max": 1.5500000000000007,
"max_diff": 0.1999999999999993,
"mean": 0.5241666666666672,
"mean_diff": 0.000781657113079729,
"min": -1.299999999999999,
"min_diff": -0.15000000000000036,
"std": 0.7457967868140908,
"std_diff": 0.03235443622881426
},
"meanEffTorque": {
"max": 97.0,
"max_diff": 2.5,
"mean": 44.06223958333333,
"mean_diff": 0.040125065138092754,
"min": -18.5,
"min_diff": -1.5,
"std": 38.59395200601514,
"std_diff": 0.23877659564673312
},
"odom": {
"max": 124,
"max_diff": 116.0,