{
"MS_IMU": {
"message_count": 1951,
"message_freq": 99.8648574082372,
"timespan": 19.536402,
"var_stats": {
"linear_accel": {
"max": 14.43182373046875,
"max_diff": 14.769050031900406,
"mean": 3.4600794108143687,
"mean_diff": 4.672346149742434,
"min": -1.6690946817398071,
"min_diff": -2.953746199607849,
"std": 4.5163628108352105,
"std_diff": 5.048864411539311
},
"q": {
"max": 0.007461121771484613,
"max_diff": 0.8680630587041378,
"mean": -0.34415725130049873,
"mean_diff": 0.11938507885234734,
"min": -0.8704414367675781,
"min_diff": -0.5126148969866335,
"std": 0.36270622250840384,
"std_diff": 0.5609095031218614
},
"rotation_rate": {
"max": 0.13516154885292053,
"max_diff": 0.16900139302015305,
"mean": -0.0008781570142708253,
"mean_diff": -0.0010091897644355602,
"min": -0.11850935220718384,
"min_diff": -0.14101616386324167,
"std": 0.01878449492252172,
"std_diff": 0.029789566570180157
},
"utime": {
"max": 1537297453456555,
"max_diff": 34956.0,
"mean": 1537297443683735.2,
"mean_diff": 10018.667692307692,
"min": 1537297433920153,
"min_diff": 1912.0,
"std": 5648900.855667717,
"std_diff": 5274.434737907313
}
}
},
"POSE": {
"message_count": 972,
"message_freq": 49.69485721624544,
"timespan": 19.559368,
"var_stats": {
"accel": {
"max": 10.924771349948896,
"max_diff": 10.990066423627383,
"mean": 3.4606429742142883,
"mean_diff": 4.671144442681469,
"min": -0.618181214006592,
"min_diff": -1.9223654131140269,
"std": 4.500145563132205,
"std_diff": 5.0259377302459685
},
"orientation": {
"max": 0.9708428115792458,
"max_diff": 0.9708428115792458,
"mean": 0.3034198450925348,
"mean_diff": 0.24197377541622428,
"min": 0.0,
"min_diff": -0.26173024990478894,
"std": 0.3974121256378851,
"std_diff": 0.5241965522055176
},
"pos": {
"max": 1516.3009418704978,
"max_diff": 269.4775229963566,
"mean": 930.7488413031796,
"mean_diff": -655.9202261160955,
"min": 0.0,
"min_diff": -1516.3009418704978,
"std": 662.108523049546,
"std_diff": 825.4397995055136
},
"rotation_rate": {
"max": 0.12030494213104248,
"max_diff": 0.16900139302015305,
"mean": -0.0009142399881228461,
"mean_diff": -0.0010116136475656543,
"min": -0.11850935220718384,
"min_diff": -0.13203203212469816,
"std": 0.0188448357416204,
"std_diff": 0.02973304291135636
},
"utime": {
"max": 1537297453468227,
"max_diff": 40435.0,
"mean": 1537297443662091.0,
"mean_diff": 20143.530381050463,
"min": 1537297433908859,
"min_diff": 15276.0,
"std": 5654295.002694548,
"std_diff": 1787.064318751582
},
"vel": {
"max": 8.183708015279239,
"max_diff": 0.0,
"mean": 2.045292079816443,
"mean_diff": -3.067938119724665,
"min": 0.0,
"min_diff": -8.183708015279239,
"std": 3.2461925434719863,
"std_diff": 3.559386783579411
}
}
},
"SteerAngleFeedback": {
"message_count": 1933,
"message_freq": 98.91106237593583,
"timespan": 19.542809,
"var_stats": {
"utime": {
"max": 1537297453450561,
"max_diff": 29961.0,
"mean": 1537297443686286.8,
"mean_diff": 10115.325569358178,
"min": 1537297433907752,
"min_diff": 3097.0,
"std": 5634260.440576494,
"std_diff": 1280.5543309528853
},
"value": {
"max": 0.027997243543880015,
"max_diff": 0.005235987755978222,
"mean": -0.010509252374281242,
"mean_diff": -0.00012466637514245375,
"min": -0.23729280275926284,
"min_diff": -0.00872664625997166,
"std": 0.046720676937727,
"std_diff": 0.001104801771773028
}
}
},
"VEHICLE_MONITOR": {
"message_count": 40,
"message_freq": 2.0513691555723494,
"timespan": 19.499172,
"var_stats": null
},
"ZOE_VEH_INFO": {
"message_count": 1945,
"message_freq": 99.4986139510562,
"timespan": 19.548011,
"var_stats": {
"FL_wheel_speed": {
"max": 267.5055,
"max_diff": 18.514800000000037,
"mean": 195.17566010282778,
"mean_diff": 0.13303672839506173,
"min": 0.0,
"min_diff": -16.554899999999975,
"std": 79.63349700313351,
"std_diff": 1.1256026624080815
},
"FR_wheel_speed": {
"max": 262.3764,
"max_diff": 10.508400000000023,
"mean": 195.14909645244217,
"mean_diff": 0.13172824074074074,
"min": 0.0,
"min_diff": -8.423400000000015,
"std": 79.58581127272605,
"std_diff": 0.8981538120916058
},
"RL_wheel_speed": {
"max": 269.6322,
"max_diff": 11.676000000000016,
"mean": 194.53221516709513,
"mean_diff": 0.13340138888888892,
"min": 0.0,
"min_diff": -15.929400000000015,
"std": 79.49821423606723,
"std_diff": 1.1950624636735128
},
"RR_wheel_speed": {
"max": 276.1791,
"max_diff": 20.76660000000001,
"mean": 198.17595902313627,
"mean_diff": 0.13687638888888887,
"min": 0.0,
"min_diff": -27.56370000000001,
"std": 80.97469540264,
"std_diff": 1.3314956293122788
},
"left_solar": {
"max": 0,
"max_diff": 0.0,
"mean": 0.0,
"mean_diff": 0.0,
"min": 0,
"min_diff": 0.0,
"std": 0.0,
"std_diff": 0.0
},
"longitudinal_accel": {
"max": 2.0500000000000007,
"max_diff": 1.8000000000000007,
"mean": 0.41341902313624757,
"mean_diff": 5.144032921810681e-05,
"min": -0.7999999999999989,
"min_diff": -1.5500000000000007,
"std": 0.6135235850871356,
"std_diff": 0.1440343088557552
},
"meanEffTorque": {
"max": 132.5,
"max_diff": 3.5,
"mean": 35.09974293059126,
"mean_diff": 0.0059156378600823045,
"min": -17.0,
"min_diff": -1.5,
"std": 36.756264176764695,
"std_diff": 0.5000935972913007
},
"odom": {
"max": 120,
"max_diff": 84.0,
"mean": 61.22982005141388,
"mean_diff": -0.0102880658436214,
"min": 0,
"min_diff": -108.0,
"std": 34.186500969735654,
"std_diff": 17.280781479985027
},
"odom_speed": {
"max": 29.0,
"max_diff": 1.0,
"mean": 21.667352185089975,
"mean_diff": 0.014917695473251029,
"min": 0.0,
"min_diff": -1.0,
"std": 9.128834423123736,
"std_diff": 0.13334758186073264
},
"pedal_cc": {
"max": 484.0,
"max_diff": 40.0,
"mean": 187.9388174807198,
"mean_diff": 0.06635802469135803,
"min": 0.0,
"min_diff": -54.0,
"std": 112.17153527570207,
"std_diff": 3.199668820858863
},
"regen": {
"max": 34.0,
"max_diff": 2.0,
"mean": 0.7069408740359897,
"mean_diff": 0.0,
"min": 0.0,
"min_diff": -7.0,
"std": 3.9192987869107347,
"std_diff": 0.3175264481385601
},
"requestedTorqueAfterProc": {
"max": -272.5,
"max_diff": 125.5,
"mean": -354.35809768637534,
"mean_diff": 0.0051440329218107,
"min": -398.0,
"min_diff": -125.5,
"std": 29.18797191225102,
"std_diff": 6.955933036129864
},
"right_solar": {
"max": 0,
"max_diff": 0.0,
"mean": 0.0,
"mean_diff": 0.0,
"min": 0,
"min_diff": 0.0,
"std": 0.0,
"std_diff": 0.0
},
"steer_corrected": {
"max": 1.6041238930642168,
"max_diff": 0.29999999999972715,
"mean": -0.5901691660618523,
"mean_diff": -0.007098765432098859,
"min": -13.595876106936057,
"min_diff": -0.6000000000003638,
"std": 2.6548579571661186,
"std_diff": 0.06343249643056709
},
"steer_offset_can": {
"max": -12.300000000000182,
"max_diff": 0.0,
"mean": -12.300000000000182,
"mean_diff": 0.0,
"min": -12.300000000000182,
"min_diff": 0.0,
"std": 0.0,
"std_diff": 0.0
},
"steer_raw": {
"max": -10.099999999999909,
"max_diff": 0.29999999999972715,
"mean": -12.294293059125978,
"mean_diff": -0.007098765432098859,
"min": -25.300000000000182,
"min_diff": -0.6000000000003638,
"std": 2.654857957166118,
"std_diff": 0.06343249643056709
},
"transversal_accel": {
"max": -0.41200000000000614,
"max_diff": 0.14799999999999613,
"mean": -0.4851578406169638,
"mean_diff": -1.851851851851922e-05,
"min": -0.6519999999999868,
"min_diff": -0.11199999999999477,
"std": 0.01764966909002703,
"std_diff": 0.010748512513925123
},
"utime": {
"max": 1537297453456952,
"max_diff": 35736.0,
"mean": 1537297443646839.8,
"mean_diff": 10055.56121399177,
"min": 1537297433908941,
"min_diff": 2.0,
"std": 5638946.515138019,
"std_diff": 1846.6614944989763
}
}
},
"ZoeSensors": {
"message_count": 18822,
"message_freq": 962.8450859910388,
"timespan": 19.548316,
"var_stats": {
"brake_sensor": {
"max": 0.3263900876045227,
"max_diff": 2.492964267730713e-05,
"mean": 0.1874738254018018,
"mean_diff": -7.516879323729609e-06,
"min": 0.1848306953907013,
"min_diff": -0.0021986663341522217,
"std": 0.017974318543870767,
"std_diff": 7.944076131988226e-05
},
"steering_sensor": {
"max": 0.2215014398097992,
"max_diff": 0.0009334683418273926,
"mean": 0.21713940817999317,
"mean_diff": -3.5580372140243007e-09,
"min": 0.21334829926490784,