{
"MS_IMU": {
"message_count": 1935,
"message_freq": 99.79486610855464,
"timespan": 19.389775,
"var_stats": {
"linear_accel": {
"max": 11.51599407196045,
"max_diff": 12.263844192028046,
"mean": 3.351458041224793,
"mean_diff": 4.609151059453504,
"min": -1.3810943365097046,
"min_diff": -2.356762409210205,
"std": 4.574311865060742,
"std_diff": 5.485587199807619
},
"q": {
"max": 0.9998788833618164,
"max_diff": 0.10221964120864868,
"mean": 0.24622461320178382,
"mean_diff": -0.32677409681222824,
"min": -0.06419626623392105,
"min_diff": -1.0228914227336645,
"std": 0.43517060515287764,
"std_diff": 0.4873586525819553
},
"rotation_rate": {
"max": 0.13613620400428772,
"max_diff": 0.14475969038903713,
"mean": 0.002733966919203274,
"mean_diff": 0.004125956564951168,
"min": -0.10415341705083847,
"min_diff": -0.11129199806600809,
"std": 0.030039032859936803,
"std_diff": 0.03832448617944613
},
"utime": {
"max": 1531886040944826,
"max_diff": 24022.0,
"mean": 1531886031254227.5,
"mean_diff": 10025.736814891417,
"min": 1531886021555051,
"min_diff": 1882.0,
"std": 5601127.3078891225,
"std_diff": 4021.309395831214
}
}
},
"POSE": {
"message_count": 967,
"message_freq": 49.9005266285878,
"timespan": 19.378553,
"var_stats": {
"accel": {
"max": 10.271947853406605,
"max_diff": 10.919762776039837,
"mean": 3.351352780775637,
"mean_diff": 4.607945321807505,
"min": -1.1547547511623018,
"min_diff": -2.0376213298934274,
"std": 4.567451100189626,
"std_diff": 5.4780711440252965
},
"orientation": {
"max": 0.7656238674142132,
"max_diff": 0.7656238674142132,
"mean": 0.3533317311686985,
"mean_diff": 0.009756595031484296,
"min": 0.0,
"min_diff": -0.7521853230889521,
"std": 0.3537749111360648,
"std_diff": 0.5772678253520847
},
"pos": {
"max": 1632.3087484677935,
"max_diff": 860.8615866622769,
"mean": 774.670478086833,
"mean_diff": -387.3046834366282,
"min": 0.0,
"min_diff": -1632.3087484677935,
"std": 633.0844557629601,
"std_diff": 1163.021654715744
},
"rotation_rate": {
"max": 0.13514471054077148,
"max_diff": 0.14475969038903713,
"mean": 0.0027577128284558814,
"mean_diff": 0.004149500532678494,
"min": -0.10415341705083847,
"min_diff": -0.11129199806600809,
"std": 0.030135623496214563,
"std_diff": 0.038449231768651795
},
"utime": {
"max": 1531886040941476,
"max_diff": 40066.0,
"mean": 1531886031234732.8,
"mean_diff": 20060.61387163561,
"min": 1531886021562923,
"min_diff": 16353.0,
"std": 5597776.206636819,
"std_diff": 1232.7237348211597
},
"vel": {
"max": 9.174796125477465,
"max_diff": 0.0,
"mean": 2.550988585452229,
"mean_diff": -3.826482878178345,
"min": 0.0,
"min_diff": -9.174796125477465,
"std": 3.711001378106358,
"std_diff": 3.9719818441340164
}
}
},
"SteerAngleFeedback": {
"message_count": 1906,
"message_freq": 98.22040700557827,
"timespan": 19.405336,
"var_stats": {
"utime": {
"max": 1531886040962931,
"max_diff": 30784.0,
"mean": 1531886031234011.5,
"mean_diff": 10186.528083989502,
"min": 1531886021557595,
"min_diff": 3836.0,
"std": 5597518.064221852,
"std_diff": 1544.8513504154957
},
"value": {
"max": 1.0419615634406116,
"max_diff": 0.015707963267950598,
"mean": 0.06699280591600343,
"mean_diff": 0.0001713262835291005,
"min": -0.619591884457987,
"min_diff": -0.031415926535893174,
"std": 0.34442118365249713,
"std_diff": 0.0043875154197419945
}
}
},
"VEHICLE_MONITOR": {
"message_count": 40,
"message_freq": 2.051338436789852,
"timespan": 19.499464,
"var_stats": {
"available_distance": {
"max": 84,
"max_diff": 0.0,
"mean": 84.0,
"mean_diff": 0.0,
"min": 84,
"min_diff": 0.0,
"std": 0.0,
"std_diff": 0.0
},
"battery_level": {
"max": 62,
"max_diff": 0.0,
"mean": 62.0,
"mean_diff": 0.0,
"min": 62,
"min_diff": 0.0,
"std": 0.0,
"std_diff": 0.0
},
"brake": {
"max": 0,
"max_diff": 0.0,
"mean": 0.0,
"mean_diff": 0.0,
"min": 0,
"min_diff": 0.0,
"std": 0.0,
"std_diff": 0.0
},
"brake_switch": {
"max": 1,
"max_diff": 0.0,
"mean": 1.0,
"mean_diff": 0.0,
"min": 1,
"min_diff": 0.0,
"std": 0.0,
"std_diff": 0.0
},
"gear_position": {
"max": 7,
"max_diff": 0.0,
"mean": 7.0,
"mean_diff": 0.0,
"min": 7,
"min_diff": 0.0,
"std": 0.0,
"std_diff": 0.0
},
"left_signal": {
"max": 1,
"max_diff": 1.0,
"mean": 0.05,
"mean_diff": 0.0,
"min": 0,
"min_diff": -1.0,
"std": 0.21794494717703364,
"std_diff": 0.22645540682891915
},
"rear_left_rpm": {
"max": 291.1077,
"max_diff": 11.926199999999994,
"mean": 243.73441500000004,
"mean_diff": 3.5765769230769227,
"min": 149.286,
"min_diff": -4.920599999999979,
"std": 47.520924578361004,
"std_diff": 4.6534664966690515
},
"rear_right_rpm": {
"max": 290.1903,
"max_diff": 12.84359999999998,
"mean": 243.83658,
"mean_diff": 3.6054461538461546,
"min": 147.9099,
"min_diff": -5.420999999999992,
"std": 46.614960834260074,
"std_diff": 4.618848220833909
},
"right_signal": {
"max": 0,
"max_diff": 0.0,
"mean": 0.0,
"mean_diff": 0.0,
"min": 0,
"min_diff": 0.0,
"std": 0.0,
"std_diff": 0.0
},
"steering": {
"max": 59.0,
"max_diff": 33.09999999999991,
"mean": 3.834999999999911,
"mean_diff": -0.02307692307692541,
"min": -34.0,
"min_diff": -28.40000000000009,
"std": 19.46241955667384,
"std_diff": 10.423087330868116
},
"steering_speed": {
"max": 47.80000000000037,
"max_diff": 63.79999999999973,
"mean": -0.6799999999997439,
"mean_diff": -1.2256410256410304,
"min": -73.79999999999954,
"min_diff": -35.90000000000009,
"std": 21.09869901202438,
"std_diff": 16.576175643014288
},
"throttle": {
"max": 262,
"max_diff": 41.0,
"mean": 164.4,
"mean_diff": 0.1282051282051282,
"min": 63,
"min_diff": -54.0,
"std": 54.05404702702657,
"std_diff": 19.701853989525684
},
"utime": {
"max": 1531886041380803,
"max_diff": 500983.0,
"mean": 1531886031630760.8,
"mean_diff": 499986.25641025644,
"min": 1531886021881339,
"min_diff": 499058.0,
"std": 5771628.499821792,
"std_diff": 491.63691615937825
},
"vehicle_speed": {
"max": 32.980000000000004,
"max_diff": 1.3900000000000006,
"mean": 27.81325,
"mean_diff": 0.40923076923076934,
"min": 16.95,
"min_diff": -0.6600000000000037,
"std": 5.362603093414616,
"std_diff": 0.4945880679939342
},
"yaw_rate": {
"max": 7.300000000000011,
"max_diff": 3.8999999999999773,
"mean": 0.3400000000000233,
"mean_diff": 0.015384615384615238,
"min": -5.099999999999966,
"min_diff": -4.300000000000011,
"std": 2.4719223288768584,
"std_diff": 1.3745933592714072
}
}
},
"ZOE_VEH_INFO": {
"message_count": 1936,
"message_freq": 99.80851818273023,
"timespan": 19.397142,
"var_stats": {
"FL_wheel_speed": {
"max": 291.1077,
"max_diff": 4.878899999999987,
"mean": 242.7646272210744,
"mean_diff": 0.07303426356589146,
"min": 147.4512,
"min_diff": -3.752999999999986,
"std": 47.89113948536592,
"std_diff": 0.7855683438781932
},
"FR_wheel_speed": {
"max": 290.649,
"max_diff": 4.211699999999951,
"mean": 242.7802862603306,
"mean_diff": 0.07387472868217053,
"min": 144.4071,
"min_diff": -5.796299999999974,
"std": 47.01539065484705,
"std_diff": 0.6910326956871482
},
"RL_wheel_speed": {
"max": 291.1077,
"max_diff": 6.296699999999987,
"mean": 241.62914225206612,
"mean_diff": 0.07182744186046511,
"min": 146.2836,
"min_diff": -8.173200000000008,
"std": 47.82369786452883,
"std_diff": 1.0215832453145508
},
"RR_wheel_speed": {
"max": 290.649,
"max_diff": 7.047300000000007,
"mean": 242.01034400826447,
"mean_diff": 0.07376697674418604,
"min": 143.9484,
"min_diff": -6.0464999999999804,
"std": 46.998539187185344,
"std_diff": 1.0299409605918257
},
"left_solar": {
"max": 0,
"max_diff": 0.0,
"mean": -108.70247933884298,
"mean_diff": -0.05788113695090439,
"min": -112,
"min_diff": -112.0,
"std": 18.932740729720816,
"std_diff": 2.5454542055371094
},
"longitudinal_accel": {
"max": 1.4000000000000004,
"max_diff": 0.6500000000000004,
"mean": 0.6221849173553726,
"mean_diff": -2.5839793281654115e-05,
"min": -0.29999999999999893,
"min_diff": -0.6999999999999993,
"std": 0.3034024154863093,
"std_diff": 0.11515072407408349
},
"meanEffTorque": {
"max": 72.5,
"max_diff": 0.5,
"mean": 39.30501033057851,
"mean_diff": -0.003875968992248062,
"min": 4.5,
"min_diff": -1.0,
"std": 17.372671991607753,
"std_diff": 0.21108912874713331
},
"odom": {
"max": 124,