{
"MS_IMU": {
"message_count": 1928,
"message_freq": 99.3809771304681,
"timespan": 19.400091,
"var_stats": {
"linear_accel": {
"max": 10.314310073852539,
"max_diff": 10.937903881072998,
"mean": 3.1209719398137374,
"mean_diff": 4.932053491123099,
"min": -1.016798973083496,
"min_diff": -1.7646852135658264,
"std": 4.71999972827959,
"std_diff": 5.193034519769608
},
"q": {
"max": 0.9961339235305786,
"max_diff": 1.0244056899100542,
"mean": 0.2854338709799792,
"mean_diff": 0.26576439375611716,
"min": -0.028846312314271927,
"min_diff": -0.2163991229608655,
"std": 0.4105210369534289,
"std_diff": 0.5241018339483219
},
"rotation_rate": {
"max": 0.07422638684511185,
"max_diff": 0.09314841218292713,
"mean": 0.00297231237319191,
"mean_diff": 0.005858627751637486,
"min": -0.0559331476688385,
"min_diff": -0.04685253091156483,
"std": 0.017215807639145497,
"std_diff": 0.021723267775708165
},
"utime": {
"max": 1533115174549995,
"max_diff": 32991.0,
"mean": 1533115164846579.8,
"mean_diff": 10067.509600415153,
"min": 1533115155149904,
"min_diff": 2955.0,
"std": 5608270.636749171,
"std_diff": 4751.659025033013
}
}
},
"POSE": {
"message_count": 965,
"message_freq": 49.74475784329206,
"timespan": 19.399029,
"var_stats": {
"accel": {
"max": 10.040642238996263,
"max_diff": 10.66402000150838,
"mean": 3.120276155972915,
"mean_diff": 4.933109276279485,
"min": -0.9101784967696077,
"min_diff": -1.6138381251054243,
"std": 4.719126409900649,
"std_diff": 5.189736873902081
},
"orientation": {
"max": 0.6694572393103271,
"max_diff": 0.0,
"mean": -0.05470294300111632,
"mean_diff": -0.46553391136017724,
"min": -0.8218890045555094,
"min_diff": -0.8218890045555094,
"std": 0.4969985795020109,
"std_diff": 0.34148427592940195
},
"pos": {
"max": 1166.1435552701807,
"max_diff": 759.1902465500862,
"mean": 519.127769402951,
"mean_diff": -201.4392638303296,
"min": 0.0,
"min_diff": -1166.1435552701807,
"std": 478.4848505196943,
"std_diff": 953.1095373585867
},
"rotation_rate": {
"max": 0.07422638684511185,
"max_diff": 0.09314841218292713,
"mean": 0.0029864714340430394,
"mean_diff": 0.0059448389152892585,
"min": -0.0559331476688385,
"min_diff": -0.04655670374631882,
"std": 0.01728179885144501,
"std_diff": 0.02178564016342703
},
"utime": {
"max": 1533115174557156,
"max_diff": 40564.0,
"mean": 1533115164879247.0,
"mean_diff": 20123.47406639004,
"min": 1533115155158127,
"min_diff": 6053.0,
"std": 5614132.150055936,
"std_diff": 1797.555144137563
},
"vel": {
"max": 3.314744302455523,
"max_diff": 0.0,
"mean": 0.5879046177136334,
"mean_diff": -0.8818569265704501,
"min": 0.0,
"min_diff": -3.314744302455523,
"std": 1.085371358080174,
"std_diff": 1.2279342807188185
}
}
},
"SteerAngleFeedback": {
"message_count": 1882,
"message_freq": 97.04106729498952,
"timespan": 19.393851,
"var_stats": {
"utime": {
"max": 1533115174550415,
"max_diff": 50304.0,
"mean": 1533115164857361.2,
"mean_diff": 10310.39393939394,
"min": 1533115155156564,
"min_diff": 3097.0,
"std": 5588562.209201917,
"std_diff": 2317.328237447081
},
"value": {
"max": 1.1414453308042931,
"max_diff": 0.024434609527922202,
"mean": 0.17207907759009525,
"mean_diff": 0.0006717801054991474,
"min": -0.16057029118347516,
"min_diff": -0.00698131700797891,
"std": 0.42438794005763686,
"std_diff": 0.001989180260022829
}
}
},
"VEHICLE_MONITOR": {
"message_count": 40,
"message_freq": 2.0512798422114518,
"timespan": 19.500021,
"var_stats": {
"available_distance": {
"max": 88,
"max_diff": 0.0,
"mean": 88.0,
"mean_diff": 0.0,
"min": 88,
"min_diff": 0.0,
"std": 0.0,
"std_diff": 0.0
},
"battery_level": {
"max": 56,
"max_diff": 0.0,
"mean": 56.0,
"mean_diff": 0.0,
"min": 56,
"min_diff": 0.0,
"std": 0.0,
"std_diff": 0.0
},
"brake": {
"max": 10,
"max_diff": 5.0,
"mean": 1.85,
"mean_diff": 0.1282051282051282,
"min": 0,
"min_diff": -5.0,
"std": 2.716155371108214,
"std_diff": 1.4707313230461525
},
"brake_switch": {
"max": 4,
"max_diff": 2.0,
"mean": 1.75,
"mean_diff": 0.05128205128205128,
"min": 1,
"min_diff": -2.0,
"std": 1.1124297730643495,
"std_diff": 0.5969459859909135
},
"gear_position": {
"max": 7,
"max_diff": 0.0,
"mean": 7.0,
"mean_diff": 0.0,
"min": 7,
"min_diff": 0.0,
"std": 0.0,
"std_diff": 0.0
},
"left_signal": {
"max": 1,
"max_diff": 1.0,
"mean": 0.5,
"mean_diff": 0.02564102564102564,
"min": 0,
"min_diff": -1.0,
"std": 0.5,
"std_diff": 0.7333512639012868
},
"rear_left_rpm": {
"max": 104.70870000000001,
"max_diff": 20.0994,
"mean": 54.599895000000004,
"mean_diff": 0.22667692307692333,
"min": 0.0,
"min_diff": -14.3031,
"std": 37.307359565218164,
"std_diff": 7.858537743817608
},
"rear_right_rpm": {
"max": 103.29090000000001,
"max_diff": 19.8492,
"mean": 54.946005,
"mean_diff": 0.2812076923076924,
"min": 0.0,
"min_diff": -14.469900000000003,
"std": 37.57862030149557,
"std_diff": 7.9766161884368705
},
"right_signal": {
"max": 0,
"max_diff": 0.0,
"mean": 0.0,
"mean_diff": 0.0,
"min": 0,
"min_diff": 0.0,
"std": 0.0,
"std_diff": 0.0
},
"steering": {
"max": 65.5,
"max_diff": 17.0,
"mean": 11.8900000000001,
"mean_diff": 1.8230769230769208,
"min": -9.0,
"min_diff": -6.899999999999636,
"std": 26.070594546346666,
"std_diff": 4.1741242925273685
},
"steering_speed": {
"max": 33.80000000000037,
"max_diff": 33.80000000000018,
"mean": 3.852500000000225,
"mean_diff": -0.04871794871795105,
"min": -7.999999999999819,
"min_diff": -27.90000000000009,
"std": 8.234925242526536,
"std_diff": 10.569013048430017
},
"throttle": {
"max": 151,
"max_diff": 74.0,
"mean": 19.975,
"mean_diff": 0.0,
"min": 0,
"min_diff": -116.0,
"std": 44.8238148198031,
"std_diff": 26.40901167094099
},
"utime": {
"max": 1533115175006062,
"max_diff": 500900.0,
"mean": 1533115165256009.8,
"mean_diff": 500000.53846153844,
"min": 1533115155506041,
"min_diff": 499141.0,
"std": 5771676.278070067,
"std_diff": 442.45491418314316
},
"vehicle_speed": {
"max": 11.96,
"max_diff": 2.3100000000000005,
"mean": 6.293750000000001,
"mean_diff": 0.03307692307692308,
"min": 0.0,
"min_diff": -1.54,
"std": 4.317065952414904,
"std_diff": 0.9057880938751167
},
"yaw_rate": {
"max": 3.900000000000034,
"max_diff": 1.5,
"mean": 0.4425000000000246,
"mean_diff": 0.05641025641025612,
"min": -1.099999999999966,
"min_diff": -0.8000000000000114,
"std": 1.2868347796045914,
"std_diff": 0.44995434058663614
}
}
},
"ZOE_VEH_INFO": {
"message_count": 1928,
"message_freq": 99.38946105703889,
"timespan": 19.398435,
"var_stats": {
"FL_wheel_speed": {
"max": 105.1674,
"max_diff": 4.9206,
"mean": 54.919873288381744,
"mean_diff": 0.008482823040996372,
"min": 0.0,
"min_diff": -3.5028,
"std": 37.85603253342305,
"std_diff": 0.38842616190123147
},
"FR_wheel_speed": {
"max": 104.70870000000001,
"max_diff": 4.4202,
"mean": 55.30972935684647,
"mean_diff": 0.009716294758692273,
"min": 0.0,
"min_diff": -3.5028,
"std": 38.04035776313359,
"std_diff": 0.4186439645258367
},
"RL_wheel_speed": {
"max": 104.91720000000001,
"max_diff": 4.2117,
"mean": 54.77632406639003,
"mean_diff": 0.00861266216917488,
"min": 0.0,
"min_diff": -3.5028,
"std": 37.766663822010585,
"std_diff": 0.3738096586615823
},
"RR_wheel_speed": {
"max": 104.20830000000001,
"max_diff": 4.2117,
"mean": 55.28314776970955,
"mean_diff": 0.009370057083549562,
"min": 0.0,
"min_diff": -3.5028,
"std": 38.03348567287178,
"std_diff": 0.3743788200389673
},
"left_solar": {
"max": 0,
"max_diff": 0.0,
"mean": 0.0,
"mean_diff": 0.0,
"min": 0,
"min_diff": 0.0,
"std": 0.0,
"std_diff": 0.0
},
"longitudinal_accel": {
"max": 1.4000000000000004,
"max_diff": 0.20000000000000107,
"mean": 0.004045643153527596,
"mean_diff": -0.00012973533990659055,
"min": -0.9000000000000004,
"min_diff": -0.25,
"std": 0.5117389825862843,
"std_diff": 0.04098848399894693
},
"meanEffTorque": {
"max": 84.5,
"max_diff": 2.5,
"mean": 10.136410788381744,
"mean_diff": -0.002594706798131811,
"min": -26.5,
"min_diff": -2.5,
"std": 27.867365392561588,
"std_diff": 0.37844561399692256
},
"odom": {
"max": 120,
"max_diff": 36.0,
"mean": 57.136929460580916,
"mean_diff": -0.04151530877010898,
"min": 0,
"min_diff": -116.0,
"std": 32.08679110141579,