{
"MS_IMU": {
"message_count": 1950,
"message_freq": 99.99952307919763,
"timespan": 19.500093,
"var_stats": {
"linear_accel": {
"max": 10.868221282958984,
"max_diff": 11.110934644937515,
"mean": 3.3388123059520622,
"mean_diff": 4.6863069825926615,
"min": -1.1186017990112305,
"min_diff": -2.0291200280189514,
"std": 4.5977403490303805,
"std_diff": 5.3637711295687795
},
"q": {
"max": 0.72489994764328,
"max_diff": 0.021187749225646257,
"mean": 0.004395572348790339,
"mean_diff": -0.4713114099726718,
"min": -0.7104567289352417,
"min_diff": -0.7348555605858564,
"std": 0.4999806966708779,
"std_diff": 0.3446869775823027
},
"rotation_rate": {
"max": 0.040264446288347244,
"max_diff": 0.06088561564683914,
"mean": -0.00011198831299017822,
"mean_diff": -5.003116568471382e-05,
"min": -0.04618409276008606,
"min_diff": -0.053175159730017185,
"std": 0.010730928508569012,
"std_diff": 0.01470478702181406
},
"utime": {
"max": 1534968265905674,
"max_diff": 27230.0,
"mean": 1534968256153126.2,
"mean_diff": 10005.178553104155,
"min": 1534968246405581,
"min_diff": 1936.0,
"std": 5630472.5676839985,
"std_diff": 4231.016363762692
}
}
},
"POSE": {
"message_count": 975,
"message_freq": 49.9506385228546,
"timespan": 19.51927,
"var_stats": {
"accel": {
"max": 10.100509388007474,
"max_diff": 10.45040251324191,
"mean": 3.3365379396656407,
"mean_diff": 4.689759381262473,
"min": -1.101604792374691,
"min_diff": -1.9064870961378744,
"std": 4.597804304285434,
"std_diff": 5.359093365245648
},
"orientation": {
"max": 0.9999999876321326,
"max_diff": 0.03173483363224613,
"mean": 0.2544431922890824,
"mean_diff": -0.32727671164935823,
"min": 0.0,
"min_diff": -0.9999999876321326,
"std": 0.4304168466704586,
"std_diff": 0.4756293592129444
},
"pos": {
"max": 2366.983731429414,
"max_diff": -877.1823788671942,
"mean": 1058.5290445099029,
"mean_diff": -1148.9106869377317,
"min": 0.0,
"min_diff": -1487.870549036781,
"std": 946.911232451073,
"std_diff": 271.95540186402417
},
"rotation_rate": {
"max": 0.039527084678411484,
"max_diff": 0.06088561564683914,
"mean": -8.826608511307873e-05,
"mean_diff": -3.201000206974396e-05,
"min": -0.04618409276008606,
"min_diff": -0.04951341822743416,
"std": 0.010766733128400721,
"std_diff": 0.014897192721080772
},
"utime": {
"max": 1534968265917586,
"max_diff": 39536.0,
"mean": 1534968256156922.8,
"mean_diff": 20040.318275154004,
"min": 1534968246398316,
"min_diff": 16042.0,
"std": 5642164.098493013,
"std_diff": 1085.7438197049132
},
"vel": {
"max": 9.434358508536326,
"max_diff": 0.0,
"mean": 1.591558356751124,
"mean_diff": -2.3873375351266866,
"min": 0.0,
"min_diff": -9.434358508536326,
"std": 3.1761669429784405,
"std_diff": 3.63761751319394
}
}
},
"SteerAngleFeedback": {
"message_count": 1913,
"message_freq": 98.08579897600066,
"timespan": 19.503333,
"var_stats": {
"utime": {
"max": 1534968265903825,
"max_diff": 30624.0,
"mean": 1534968256214841.2,
"mean_diff": 10200.487970711298,
"min": 1534968246400492,
"min_diff": 2427.0,
"std": 5651877.560415772,
"std_diff": 1712.6941342674238
},
"value": {
"max": 0.13446232791553253,
"max_diff": 0.013962634015949882,
"mean": -0.259903620768761,
"mean_diff": 0.000396167832304153,
"min": -0.7294756518216605,
"min_diff": -0.006981317007978882,
"std": 0.33514772891601163,
"std_diff": 0.0016637737251571892
}
}
},
"VEHICLE_MONITOR": {
"message_count": 40,
"message_freq": 2.0513688399637418,
"timespan": 19.499175,
"var_stats": {
"available_distance": {
"max": 69,
"max_diff": 0.0,
"mean": 69.0,
"mean_diff": 0.0,
"min": 69,
"min_diff": 0.0,
"std": 0.0,
"std_diff": 0.0
},
"battery_level": {
"max": 71,
"max_diff": 0.0,
"mean": 71.0,
"mean_diff": 0.0,
"min": 71,
"min_diff": 0.0,
"std": 0.0,
"std_diff": 0.0
},
"brake": {
"max": 8,
"max_diff": 0.0,
"mean": 1.7,
"mean_diff": -0.20512820512820512,
"min": 0,
"min_diff": -6.0,
"std": 2.776688675382964,
"std_diff": 0.9917476720930114
},
"brake_switch": {
"max": 2,
"max_diff": 0.0,
"mean": 1.275,
"mean_diff": -0.02564102564102564,
"min": 1,
"min_diff": -1.0,
"std": 0.44651427748729383,
"std_diff": 0.15806189751202507
},
"gear_position": {
"max": 7,
"max_diff": 0.0,
"mean": 7.0,
"mean_diff": 0.0,
"min": 7,
"min_diff": 0.0,
"std": 0.0,
"std_diff": 0.0
},
"left_signal": {
"max": 0,
"max_diff": 0.0,
"mean": 0.0,
"mean_diff": 0.0,
"min": 0,
"min_diff": 0.0,
"std": 0.0,
"std_diff": 0.0
},
"rear_left_rpm": {
"max": 296.73720000000003,
"max_diff": 23.6022,
"mean": 154.45784250000003,
"mean_diff": 7.004530769230771,
"min": 0.0,
"min_diff": -7.6728000000000005,
"std": 122.64286945945916,
"std_diff": 9.67360950742432
},
"rear_right_rpm": {
"max": 303.7428,
"max_diff": 23.810699999999997,
"mean": 157.41124499999998,
"mean_diff": 7.165984615384614,
"min": 0.0,
"min_diff": -7.464300000000001,
"std": 125.17443235563712,
"std_diff": 9.810354817769465
},
"right_signal": {
"max": 0,
"max_diff": 0.0,
"mean": 0.0,
"mean_diff": 0.0,
"min": 0,
"min_diff": 0.0,
"std": 0.0,
"std_diff": 0.0
},
"steering": {
"max": 8.300000000000182,
"max_diff": 15.199999999999818,
"mean": -14.082499999999822,
"mean_diff": 1.0846153846153777,
"min": -41.19999999999982,
"min_diff": -3.699999999999818,
"std": 19.167757921833175,
"std_diff": 3.315042519086751
},
"steering_speed": {
"max": 27.800000000000363,
"max_diff": 21.90000000000009,
"mean": 2.5100000000002174,
"mean_diff": 0.05128205128205128,
"min": -15.999999999999819,
"min_diff": -18.0,
"std": 8.070588578288488,
"std_diff": 7.582769664986688
},
"throttle": {
"max": 374,
"max_diff": 189.0,
"mean": 165.65,
"mean_diff": 4.384615384615385,
"min": 0,
"min_diff": -139.0,
"std": 134.19622759228366,
"std_diff": 55.6802296011952
},
"utime": {
"max": 1534968266122309,
"max_diff": 500850.0,
"mean": 1534968256372525.5,
"mean_diff": 499978.8461538461,
"min": 1534968246623134,
"min_diff": 499094.0,
"std": 5771560.207874358,
"std_diff": 424.5353138922808
},
"vehicle_speed": {
"max": 33.92,
"max_diff": 2.67,
"mean": 17.59,
"mean_diff": 0.797948717948718,
"min": 0.0,
"min_diff": -0.98,
"std": 14.014887619956145,
"std_diff": 1.1004968096906877
},
"yaw_rate": {
"max": 1.6000000000000227,
"max_diff": 1.0999999999999943,
"mean": -0.18749999999997585,
"mean_diff": 0.038461538461538464,
"min": -1.6999999999999886,
"min_diff": -0.700000000000017,
"std": 0.6954090522850576,
"std_diff": 0.38002387550864214
}
}
},
"ZOE_VEH_INFO": {
"message_count": 1937,
"message_freq": 99.27861808673958,
"timespan": 19.510747,
"var_stats": {
"FL_wheel_speed": {
"max": 298.572,
"max_diff": 6.7971,
"mean": 152.65409845121323,
"mean_diff": 0.13841126033057852,
"min": 0.0,
"min_diff": -3.5028,
"std": 122.75357129580169,
"std_diff": 0.4144816996269966
},
"FR_wheel_speed": {
"max": 299.7396,
"max_diff": 6.5469,
"mean": 152.66766117707795,
"mean_diff": 0.13961745867768593,
"min": 0.0,
"min_diff": -3.5028,
"std": 122.92244196549609,
"std_diff": 0.43972641105050797
},
"RL_wheel_speed": {
"max": 298.1133,
"max_diff": 5.3793,
"mean": 152.1174665978317,
"mean_diff": 0.1381743285123967,
"min": 0.0,
"min_diff": -3.5028,
"std": 122.38915575459883,
"std_diff": 0.4483007315936253
},
"RR_wheel_speed": {
"max": 305.1606,
"max_diff": 8.8821,
"mean": 154.97170996386168,
"mean_diff": 0.1419221590909091,
"min": 0.0,
"min_diff": -3.5028,
"std": 124.83508060105868,
"std_diff": 0.47749086286711073
},
"left_solar": {
"max": 0,
"max_diff": 0.0,
"mean": 0.0,
"mean_diff": 0.0,
"min": 0,
"min_diff": 0.0,
"std": 0.0,
"std_diff": 0.0
},
"longitudinal_accel": {
"max": 1.6000000000000014,
"max_diff": 0.1999999999999993,
"mean": 0.42320598864223097,
"mean_diff": 0.0005423553719008268,
"min": -1.1500000000000004,
"min_diff": -0.20000000000000107,
"std": 0.6605091005977104,
"std_diff": 0.03609224384167055
},
"meanEffTorque": {
"max": 104.5,
"max_diff": 5.5,
"mean": 36.77361899845121,
"mean_diff": 0.0025826446280991736,
"min": -14.5,
"min_diff": -2.0,
"std": 38.57811927103032,
"std_diff": 0.4823791153630726
},
"odom": {
"max": 124,
"max_diff": 84.0,
"mean": 80.01652039235933,
"mean_diff": 0.04338842975206612,
"min": 8,
"min_diff": -108.0,