{
"MS_IMU": {
"message_count": 1982,
"message_freq": 99.7235664749898,
"timespan": 19.874941,
"var_stats": {
"linear_accel": {
"max": 12.899436950683594,
"max_diff": 12.913468316197395,
"mean": 3.475152323441147,
"mean_diff": 4.5659693328981295,
"min": -2.2425920963287354,
"min_diff": -3.211723104119301,
"std": 4.508174589499111,
"std_diff": 5.286920017528345
},
"q": {
"max": 0.8687160611152649,
"max_diff": 0.8597234832122922,
"mean": 0.07564146719043537,
"mean_diff": 0.4603558918802657,
"min": -0.6848515272140503,
"min_diff": -0.009088391903787851,
"std": 0.4942452697483723,
"std_diff": 0.34521071279279225
},
"rotation_rate": {
"max": 0.11416038125753403,
"max_diff": 0.1399448625743389,
"mean": -0.006573522750223419,
"mean_diff": -0.011158111134280535,
"min": -0.25351980328559875,
"min_diff": -0.27625458501279354,
"std": 0.039280745858641775,
"std_diff": 0.05126815302070024
},
"utime": {
"max": 1535488302697016,
"max_diff": 26255.0,
"mean": 1535488292755830.0,
"mean_diff": 10032.781928319031,
"min": 1535488282822075,
"min_diff": 1942.0,
"std": 5752677.769905948,
"std_diff": 5587.584575203719
}
}
},
"POSE": {
"message_count": 991,
"message_freq": 49.8529363530429,
"timespan": 19.878468,
"var_stats": {
"accel": {
"max": 10.459234709825601,
"max_diff": 10.670708574223294,
"mean": 3.4762732766538824,
"mean_diff": 4.564055829209731,
"min": -1.5949310092749083,
"min_diff": -2.4667028187771907,
"std": 4.4947873410476715,
"std_diff": 5.27150241943804
},
"orientation": {
"max": 0.9996876280760857,
"max_diff": 0.0,
"mean": 0.19506085158699413,
"mean_diff": -0.3915221831942093,
"min": -0.25961435726713405,
"min_diff": -0.9996876280760857,
"std": 0.4603816505663064,
"std_diff": 0.4243155823207219
},
"pos": {
"max": 1718.1215678227563,
"max_diff": 1254.7341477745765,
"mean": 732.4577003087676,
"mean_diff": -246.75521450734166,
"min": 0.0,
"min_diff": -1718.1215678227563,
"std": 716.0237815443472,
"std_diff": 1457.4033433853253
},
"rotation_rate": {
"max": 0.11190961301326752,
"max_diff": 0.1399448625743389,
"mean": -0.006663349597310371,
"mean_diff": -0.011114495926965775,
"min": -0.25351980328559875,
"min_diff": -0.26589018292725086,
"std": 0.03923351551357761,
"std_diff": 0.05125344200783943
},
"utime": {
"max": 1535488302696442,
"max_diff": 40145.0,
"mean": 1535488292759085.5,
"mean_diff": 20079.260606060605,
"min": 1535488282817974,
"min_diff": 14897.0,
"std": 5754191.229691249,
"std_diff": 1369.414138082206
},
"vel": {
"max": 9.199520202107903,
"max_diff": 0.0,
"mean": 1.6149376914995106,
"mean_diff": -2.4224065372492665,
"min": 0.0,
"min_diff": -9.199520202107903,
"std": 2.80780319656154,
"std_diff": 3.141595195973294
}
}
},
"SteerAngleFeedback": {
"message_count": 1958,
"message_freq": 98.4301002262736,
"timespan": 19.892289,
"var_stats": {
"utime": {
"max": 1535488302695177,
"max_diff": 30593.0,
"mean": 1535488292735032.5,
"mean_diff": 10164.685232498723,
"min": 1535488282802888,
"min_diff": 4841.0,
"std": 5754911.257837885,
"std_diff": 1559.2926360486586
},
"value": {
"max": 1.209585147144038,
"max_diff": 0.07853981633974486,
"mean": -0.5850055327268041,
"mean_diff": 0.00168735970606708,
"min": -3.3963387488689993,
"min_diff": -0.05235987755982974,
"std": 1.1504445655509434,
"std_diff": 0.012587407908600204
}
}
},
"VEHICLE_MONITOR": {
"message_count": 39,
"message_freq": 2.0000509756582,
"timespan": 19.499503,
"var_stats": null
},
"ZOE_VEH_INFO": {
"message_count": 1981,
"message_freq": 99.54999982914185,
"timespan": 19.899548,
"var_stats": {
"FL_wheel_speed": {
"max": 298.8222,
"max_diff": 12.593400000000031,
"mean": 154.48896436143363,
"mean_diff": 0.1279221212121212,
"min": 0.0,
"min_diff": -9.591000000000008,
"std": 88.9877791542658,
"std_diff": 0.74258396170219
},
"FR_wheel_speed": {
"max": 296.9874,
"max_diff": 9.1323,
"mean": 153.4946898536093,
"mean_diff": 0.1272060606060606,
"min": 0.0,
"min_diff": -7.505999999999972,
"std": 89.77948421855461,
"std_diff": 0.7168062588248946
},
"RL_wheel_speed": {
"max": 295.1109,
"max_diff": 13.343999999999994,
"mean": 153.64726007067136,
"mean_diff": 0.1279221212121212,
"min": 0.0,
"min_diff": -8.631899999999973,
"std": 88.77432478657556,
"std_diff": 0.7715011877060616
},
"RR_wheel_speed": {
"max": 298.572,
"max_diff": 6.296699999999987,
"mean": 155.57053311458859,
"mean_diff": 0.12979651515151513,
"min": 0.0,
"min_diff": -4.962299999999971,
"std": 91.25577950862112,
"std_diff": 0.6749798965154268
},
"left_solar": {
"max": 0,
"max_diff": 0.0,
"mean": 0.0,
"mean_diff": 0.0,
"min": 0,
"min_diff": 0.0,
"std": 0.0,
"std_diff": 0.0
},
"longitudinal_accel": {
"max": 2.0,
"max_diff": 1.4499999999999993,
"mean": 0.5805653710247356,
"mean_diff": -0.0003787878787878788,
"min": -2.0,
"min_diff": -1.5,
"std": 0.8184525625009292,
"std_diff": 0.09384388473183036
},
"meanEffTorque": {
"max": 127.0,
"max_diff": 8.0,
"mean": 43.41822311963655,
"mean_diff": 0.004797979797979798,
"min": -78.5,
"min_diff": -5.0,
"std": 50.11604278718378,
"std_diff": 1.044394469380553
},
"odom": {
"max": 124,
"max_diff": 84.0,
"mean": 67.46491670873296,
"mean_diff": 0.00202020202020202,
"min": 0,
"min_diff": -104.0,
"std": 38.5721480685028,
"std_diff": 15.128540021810137
},
"odom_speed": {
"max": 33.0,
"max_diff": 1.0,
"mean": 16.99545683997981,
"mean_diff": 0.014141414141414142,
"min": 0.0,
"min_diff": -1.0,
"std": 10.154310650718601,
"std_diff": 0.16143929716369332
},
"pedal_cc": {
"max": 512.0,
"max_diff": 68.0,
"mean": 207.5032811711257,
"mean_diff": 0.0702020202020202,
"min": 0.0,
"min_diff": -68.0,
"std": 162.8841907010914,
"std_diff": 5.636785831007098
},
"regen": {
"max": 51.0,
"max_diff": 1.0,
"mean": 6.100454316002019,
"mean_diff": 0.0,
"min": 0.0,
"min_diff": -6.0,
"std": 12.387179087677088,
"std_diff": 0.4933906600598996
},
"requestedTorqueAfterProc": {
"max": -272.5,
"max_diff": 125.0,
"mean": -314.19156991418475,
"mean_diff": 0.007070707070707071,
"min": -398.5,
"min_diff": -126.0,
"std": 41.04102519706878,
"std_diff": 9.654692191791142
},
"right_solar": {
"max": 0,
"max_diff": 0.0,
"mean": 0.0,
"mean_diff": 0.0,
"min": 0,
"min_diff": 0.0,
"std": 0.0,
"std_diff": 0.0
},
"steer_corrected": {
"max": 69.30412389306403,
"max_diff": 4.300000000000182,
"mean": -33.3365121493387,
"mean_diff": 0.0955555555555557,
"min": -194.59587610693606,
"min_diff": -1.900000000000091,
"std": 65.70122705203191,
"std_diff": 0.709652386411716
},
"steer_offset_can": {
"max": -12.300000000000182,
"max_diff": 0.0,
"mean": -12.300000000000182,
"mean_diff": 0.0,
"min": -12.300000000000182,
"min_diff": 0.0,
"std": 0.0,
"std_diff": 0.0
},
"steer_raw": {
"max": 57.59999999999991,
"max_diff": 4.300000000000182,
"mean": -45.040636042402824,
"mean_diff": 0.0955555555555557,
"min": -206.30000000000018,
"min_diff": -1.900000000000091,
"std": 65.7012270520319,
"std_diff": 0.7096523864117161
},
"transversal_accel": {
"max": -0.3199999999999932,
"max_diff": 0.06800000000001205,
"mean": -0.4956930843008564,
"mean_diff": 0.0,
"min": -0.6080000000000041,
"min_diff": -0.0519999999999925,
"std": 0.035539296458410315,
"std_diff": 0.006834257143762686
},
"utime": {
"max": 1535488302704562,
"max_diff": 28213.0,
"mean": 1535488292758378.5,
"mean_diff": 10050.276767676767,
"min": 1535488282805014,
"min_diff": 1.0,
"std": 5753418.982324949,
"std_diff": 1754.1923973253324
}
}
},
"ZoeSensors": {
"message_count": 19052,
"message_freq": 957.4640610497419,
"timespan": 19.898397,
"var_stats": {
"brake_sensor": {
"max": 0.18476168811321259,
"max_diff": 6.444752216339111e-05,
"mean": 0.18433572631857237,
"mean_diff": 3.72243537019791e-08,
"min": 0.18326367437839508,
"min_diff": -4.573166370391846e-05,
"std": 0.00036090905712098825,
"std_diff": 4.83479718164023e-06
},
"steering_sensor": {
"max": 0.191949263215065,
"max_diff": 0.0005396008491516113,
"mean": 0.18950908271618908,
"mean_diff": 1.1536413137383751e-07,
"min": 0.18595848977565765,
"min_diff": -0.0010122507810592651,
"std": 0.0009415666292587325,
"std_diff": 7.434853104084377e-05
},
"throttle_sensor": {
"max": 0.3422117531299591,