{
"MS_IMU": {
"message_count": 1958,
"message_freq": 99.7691958378615,
"timespan": 19.625296,
"var_stats": {
"linear_accel": {
"max": 9.982315063476562,
"max_diff": 9.805611059069633,
"mean": 3.2699410218274894,
"mean_diff": 4.9813682490425135,
"min": -0.23914892971515656,
"min_diff": 0.21561060845851898,
"std": 4.619595044470126,
"std_diff": 4.646299491176912
},
"q": {
"max": -0.0035347645170986652,
"max_diff": 0.8713791875634342,
"mean": -0.34370259758762456,
"mean_diff": 0.12953639606310066,
"min": -0.8751775026321411,
"min_diff": -0.4756707791239023,
"std": 0.3631370831302624,
"std_diff": 0.5574156352244635
},
"rotation_rate": {
"max": 0.0041962238028645515,
"max_diff": 0.004998779739253223,
"mean": -7.09332472326883e-05,
"mean_diff": -0.0001314059012164296,
"min": -0.004907886032015085,
"min_diff": -0.0051481404807418585,
"std": 0.0009727206043464685,
"std_diff": 0.001417020616002263
},
"utime": {
"max": 1535488136447133,
"max_diff": 34931.0,
"mean": 1535488126628952.5,
"mean_diff": 10028.255493101686,
"min": 1535488116821837,
"min_diff": 1493.0,
"std": 5670084.555831731,
"std_diff": 5573.8179185540685
}
}
},
"POSE": {
"message_count": 974,
"message_freq": 49.54351298909849,
"timespan": 19.659486,
"var_stats": {
"accel": {
"max": 9.824762125610745,
"max_diff": 9.654708767179208,
"mean": 3.270054296359812,
"mean_diff": 4.9813705001664434,
"min": -0.18270225548899113,
"min_diff": 0.3080608095064379,
"std": 4.61950284141544,
"std_diff": 4.646166384974241
},
"orientation": {
"max": 0.9643116440160565,
"max_diff": 0.9643116440160565,
"mean": 0.3072873696473229,
"mean_diff": 0.2331407674270717,
"min": 0.0,
"min_diff": -0.2649462553062605,
"std": 0.3944292996916299,
"std_diff": 0.5281843578683956
},
"pos": {
"max": 1516.8297376630717,
"max_diff": 925.0161668999398,
"mean": 702.8809863857018,
"mean_diff": -295.9067224003312,
"min": 0.0,
"min_diff": -1516.8297376630717,
"std": 624.2034620223751,
"std_diff": 1220.9227919561365
},
"rotation_rate": {
"max": 0.0041962238028645515,
"max_diff": 0.00478202966041863,
"mean": -0.00010725207371475705,
"mean_diff": -0.0001307329700854869,
"min": -0.0036036863457411528,
"min_diff": -0.005092507693916559,
"std": 0.0009761040383473668,
"std_diff": 0.001442106498698205
},
"utime": {
"max": 1535488136459202,
"max_diff": 40539.0,
"mean": 1535488126636831.0,
"mean_diff": 20205.021582733814,
"min": 1535488116799716,
"min_diff": 16622.0,
"std": 5680920.183903091,
"std_diff": 2069.529744496902
},
"vel": {
"max": 9.367211871186353e-92,
"max_diff": 0.0,
"mean": 9.5101161506134e-95,
"mean_diff": -1.4265174225920104e-94,
"min": 0.0,
"min_diff": -9.367211871186353e-92,
"std": 2.3125793142859146e-93,
"std_diff": 2.8311219426412566e-93
}
}
},
"SteerAngleFeedback": {
"message_count": 1914,
"message_freq": 97.43873577669363,
"timespan": 19.643112,
"var_stats": {
"utime": {
"max": 1535488136450080,
"max_diff": 30008.0,
"mean": 1535488126597805.0,
"mean_diff": 10268.223732357554,
"min": 1535488116806968,
"min_diff": 5474.0,
"std": 5667834.975691937,
"std_diff": 1923.1716393330164
},
"value": {
"max": 0.09955574287564595,
"max_diff": 0.00349065850399341,
"mean": 0.09318902979444393,
"mean_diff": -1.2772927092484161e-05,
"min": 0.055922511575787696,
"min_diff": -0.00523598775598616,
"std": 0.008865842376400264,
"std_diff": 0.00045828773608985664
}
}
},
"VEHICLE_MONITOR": {
"message_count": 40,
"message_freq": 2.0513755729684293,
"timespan": 19.499111,
"var_stats": null
},
"ZOE_VEH_INFO": {
"message_count": 1959,
"message_freq": 99.69512832808827,
"timespan": 19.649907,
"var_stats": {
"FL_wheel_speed": {
"max": 0.0,
"max_diff": 0.0,
"mean": 0.0,
"mean_diff": 0.0,
"min": 0.0,
"min_diff": 0.0,
"std": 0.0,
"std_diff": 0.0
},
"FR_wheel_speed": {
"max": 0.0,
"max_diff": 0.0,
"mean": 0.0,
"mean_diff": 0.0,
"min": 0.0,
"min_diff": 0.0,
"std": 0.0,
"std_diff": 0.0
},
"RL_wheel_speed": {
"max": 0.0,
"max_diff": 0.0,
"mean": 0.0,
"mean_diff": 0.0,
"min": 0.0,
"min_diff": 0.0,
"std": 0.0,
"std_diff": 0.0
},
"RR_wheel_speed": {
"max": 0.0,
"max_diff": 0.0,
"mean": 0.0,
"mean_diff": 0.0,
"min": 0.0,
"min_diff": 0.0,
"std": 0.0,
"std_diff": 0.0
},
"left_solar": {
"max": -112,
"max_diff": 0.0,
"mean": -112.0,
"mean_diff": 0.0,
"min": -112,
"min_diff": 0.0,
"std": 0.0,
"std_diff": 0.0
},
"longitudinal_accel": {
"max": -0.14999999999999858,
"max_diff": 0.05000000000000071,
"mean": -0.18647269014803378,
"mean_diff": 0.0,
"min": -0.25,
"min_diff": -0.10000000000000142,
"std": 0.02532611482945519,
"std_diff": 0.020276434844671933
},
"meanEffTorque": {
"max": 1.0,
"max_diff": 0.0,
"mean": 0.2029096477794793,
"mean_diff": -0.0005107252298263534,
"min": 0.0,
"min_diff": -0.5,
"std": 0.2968211839066602,
"std_diff": 0.015971905792759845
},
"odom": {
"max": 84,
"max_diff": 0.0,
"mean": 84.0,
"mean_diff": 0.0,
"min": 84,
"min_diff": 0.0,
"std": 0.0,
"std_diff": 0.0
},
"odom_speed": {
"max": 0.0,
"max_diff": 0.0,
"mean": 0.0,
"mean_diff": 0.0,
"min": 0.0,
"min_diff": 0.0,
"std": 0.0,
"std_diff": 0.0
},
"pedal_cc": {
"max": 0.0,
"max_diff": 0.0,
"mean": 0.0,
"mean_diff": 0.0,
"min": 0.0,
"min_diff": 0.0,
"std": 0.0,
"std_diff": 0.0
},
"regen": {
"max": 0.0,
"max_diff": 0.0,
"mean": 0.0,
"mean_diff": 0.0,
"min": 0.0,
"min_diff": 0.0,
"std": 0.0,
"std_diff": 0.0
},
"requestedTorqueAfterProc": {
"max": -382.5,
"max_diff": 0.0,
"mean": -382.5,
"mean_diff": 0.0,
"min": -382.5,
"min_diff": 0.0,
"std": 0.0,
"std_diff": 0.0
},
"right_solar": {
"max": 100,
"max_diff": 0.0,
"mean": 100.0,
"mean_diff": 0.0,
"min": 100,
"min_diff": 0.0,
"std": 0.0,
"std_diff": 0.0
},
"steer_corrected": {
"max": 5.704123893064126,
"max_diff": 0.20000000000027285,
"mean": 5.337201994136215,
"mean_diff": -0.0007150153217569412,
"min": 3.204123893064126,
"min_diff": -0.3000000000001819,
"std": 0.5125462859864734,
"std_diff": 0.026538454556579185
},
"steer_offset_can": {
"max": -12.300000000000182,
"max_diff": 0.0,
"mean": -12.300000000000182,
"mean_diff": 0.0,
"min": -12.300000000000182,
"min_diff": 0.0,
"std": 0.0,
"std_diff": 0.0
},
"steer_raw": {
"max": -6.0,
"max_diff": 0.20000000000027285,
"mean": -6.366921898927911,
"mean_diff": -0.0007150153217569412,
"min": -8.5,
"min_diff": -0.3000000000001819,
"std": 0.5125462859864736,
"std_diff": 0.026538454556579185
},
"transversal_accel": {
"max": -0.4720000000000084,
"max_diff": 0.008000000000009777,
"mean": -0.4800571720265357,
"mean_diff": 0.0,
"min": -0.48799999999999955,
"min_diff": -0.008000000000009777,
"std": 0.0018065725296165982,
"std_diff": 0.0015233960234730451
},
"utime": {
"max": 1535488136448605,
"max_diff": 27726.0,
"mean": 1535488126628045.0,
"mean_diff": 10035.703268641471,
"min": 1535488116798698,
"min_diff": 1.0,
"std": 5676552.266104552,
"std_diff": 1727.6824623774116
}
}
},
"ZoeSensors": {
"message_count": 18933,
"message_freq": 963.496985668663,
"timespan": 19.650295,
"var_stats": {
"brake_sensor": {
"max": 0.4810159206390381,
"max_diff": 0.004408895969390869,
"mean": 0.35762457393343156,
"mean_diff": 7.263777713404885e-06,
"min": 0.34316128492355347,
"min_diff": -2.5570392608642578e-05,
"std": 0.03613417675155122,
"std_diff": 5.0767876169190095e-05
},
"steering_sensor": {
"max": 0.1888061761856079,
"max_diff": 0.00030328333377838135,
"mean": 0.18795427796419817,
"mean_diff": -1.3522969072020736e-08,
"min": 0.18712040781974792,
"min_diff": -0.0002678334712982178,
"std": 0.00023354956643550822,
"std_diff": 6.0884673755238506e-05
},
"throttle_sensor": {
"max": 0.12551893293857574,
"max_diff": 0.0009419173002243042,
"mean": 0.12421045110659876,
"mean_diff": -2.8561477224896833e-08,
"min": 0.122954823076725,
"min_diff": -0.0008721426129341125,
"std": 0.00033939643977670713,
"std_diff": 0.00019012135733762663
},
"utime": {
"max": 1535488136448599,
"max_diff": 20224.0,
"mean": 1535488126626991.8,
"mean_diff": 1037.940788083668,
"min": 1535488116798304,
"min_diff": 1.0,
"std": 5656887.202190417,
"std_diff": 795.6130944104898
}
}
}
}