{
"MS_IMU": {
"message_count": 1947,
"message_freq": 99.84596951513319,
"timespan": 19.500036,
"var_stats": {
"linear_accel": {
"max": 19.922571182250977,
"max_diff": 19.801254153251648,
"mean": 3.3770160134929847,
"mean_diff": 4.688479508500992,
"min": -2.583932638168335,
"min_diff": -4.068203091621399,
"std": 4.5998699725047425,
"std_diff": 5.326922043594776
},
"q": {
"max": 0.01013630535453558,
"max_diff": 0.8962219199165702,
"mean": -0.3383618263143627,
"mean_diff": 0.06975658538202333,
"min": -0.9244903326034546,
"min_diff": -0.9191209115087986,
"std": 0.36811858429843897,
"std_diff": 0.5652919431823618
},
"rotation_rate": {
"max": 0.19132843613624573,
"max_diff": 0.260642871260643,
"mean": -0.025781105036646514,
"mean_diff": -0.039721593848592245,
"min": -0.470771849155426,
"min_diff": -0.45613246597349644,
"std": 0.08651054134683349,
"std_diff": 0.10400209516269765
},
"utime": {
"max": 1537292750820375,
"max_diff": 25337.0,
"mean": 1537292741055595.0,
"mean_diff": 10020.573484069888,
"min": 1537292731320339,
"min_diff": 1910.0,
"std": 5633217.60738381,
"std_diff": 5306.681412867468
}
}
},
"POSE": {
"message_count": 971,
"message_freq": 49.792989875203176,
"timespan": 19.500737,
"var_stats": {
"accel": {
"max": 11.69837528993289,
"max_diff": 12.396793609702284,
"mean": 3.376499145297815,
"mean_diff": 4.688234962222688,
"min": -2.252781660357204,
"min_diff": -3.2248113799526403,
"std": 4.581372516157763,
"std_diff": 5.303761322632043
},
"orientation": {
"max": 0.9999910093670906,
"max_diff": 0.9999910093670906,
"mean": 0.18184830048130163,
"mean_diff": 0.03290890805550356,
"min": -0.9999999912720445,
"min_diff": -0.9999999912720445,
"std": 0.46575873111736965,
"std_diff": 0.5764116038942378
},
"pos": {
"max": 1566.3001713142594,
"max_diff": -570.1678990754615,
"mean": 796.9036130285104,
"mean_diff": -765.1617808204519,
"min": 0.0,
"min_diff": -904.4794509350879,
"std": 626.7137507128776,
"std_diff": 102.780350237037
},
"rotation_rate": {
"max": 0.19011642038822174,
"max_diff": 0.25751736015081406,
"mean": -0.025853269742815172,
"mean_diff": -0.03978174568486508,
"min": -0.4680050313472748,
"min_diff": -0.45582296699285507,
"std": 0.08656249279270617,
"std_diff": 0.10379652741732665
},
"utime": {
"max": 1537292750801520,
"max_diff": 40316.0,
"mean": 1537292741048398.5,
"mean_diff": 20103.852577319587,
"min": 1537292731300783,
"min_diff": 15160.0,
"std": 5618292.664429764,
"std_diff": 1544.6403130901556
},
"vel": {
"max": 8.524818358362301,
"max_diff": 0.0,
"mean": 1.9671256929783871,
"mean_diff": -2.95068853946758,
"min": 0.0,
"min_diff": -8.524818358362301,
"std": 3.2047196999771064,
"std_diff": 3.535980050021529
}
}
},
"SteerAngleFeedback": {
"message_count": 1922,
"message_freq": 98.59652818129366,
"timespan": 19.493587,
"var_stats": {
"utime": {
"max": 1537292750802985,
"max_diff": 29584.0,
"mean": 1537292741029184.5,
"mean_diff": 10147.624674648621,
"min": 1537292731309398,
"min_diff": 123.0,
"std": 5624953.082147392,
"std_diff": 1471.7406597965191
},
"value": {
"max": 0.08908376736368154,
"max_diff": 0.06108652381980151,
"mean": -0.8581169514185766,
"mean_diff": 0.00012901444757064008,
"min": -4.022911950334957,
"min_diff": -0.04537856055185063,
"std": 1.2209459996855994,
"std_diff": 0.008617896646441504
}
}
},
"VEHICLE_MONITOR": {
"message_count": 40,
"message_freq": 2.051348746415653,
"timespan": 19.499366,
"var_stats": null
},
"ZOE_VEH_INFO": {
"message_count": 1944,
"message_freq": 99.69339665094803,
"timespan": 19.499787,
"var_stats": {
"FL_wheel_speed": {
"max": 269.8407,
"max_diff": 13.052100000000024,
"mean": 189.07511466049382,
"mean_diff": 0.12625892949047865,
"min": 0.0,
"min_diff": -15.887700000000024,
"std": 85.63881995802278,
"std_diff": 0.9016695847727473
},
"FR_wheel_speed": {
"max": 270.5496,
"max_diff": 23.85239999999999,
"mean": 185.63233348765434,
"mean_diff": 0.1261301595470921,
"min": 0.0,
"min_diff": -22.643100000000032,
"std": 87.7045309530233,
"std_diff": 1.2732077152540853
},
"RL_wheel_speed": {
"max": 269.382,
"max_diff": 14.761799999999994,
"mean": 188.00492191358026,
"mean_diff": 0.1260228512609367,
"min": 0.0,
"min_diff": -13.093799999999987,
"std": 85.68069907826803,
"std_diff": 0.8866399861188123
},
"RR_wheel_speed": {
"max": 275.0115,
"max_diff": 20.808300000000003,
"mean": 188.01504660493825,
"mean_diff": 0.12902748327328875,
"min": 0.0,
"min_diff": -12.84359999999998,
"std": 89.53487375977897,
"std_diff": 1.156938443912098
},
"left_solar": {
"max": 0,
"max_diff": 0.0,
"mean": 0.0,
"mean_diff": 0.0,
"min": 0,
"min_diff": 0.0,
"std": 0.0,
"std_diff": 0.0
},
"longitudinal_accel": {
"max": 1.4000000000000004,
"max_diff": 2.75,
"mean": 0.3411779835390953,
"mean_diff": 0.0,
"min": -1.9499999999999993,
"min_diff": -2.5500000000000007,
"std": 0.4729603177318582,
"std_diff": 0.15998262901070717
},
"meanEffTorque": {
"max": 94.0,
"max_diff": 4.0,
"mean": 33.71244855967078,
"mean_diff": 0.000514668039114771,
"min": -24.5,
"min_diff": -3.5,
"std": 30.893407932362162,
"std_diff": 0.6834185983813026
},
"odom": {
"max": 120,
"max_diff": 88.0,
"mean": 63.629629629629626,
"mean_diff": 0.022645393721049924,
"min": 0,
"min_diff": -112.0,
"std": 33.513504842954134,
"std_diff": 16.892488038688963
},
"odom_speed": {
"max": 30.0,
"max_diff": 1.0,
"mean": 20.741255144032923,
"mean_diff": 0.014410705095213588,
"min": 0.0,
"min_diff": -1.0,
"std": 9.901751189255053,
"std_diff": 0.13149541782343976
},
"pedal_cc": {
"max": 365.0,
"max_diff": 34.0,
"mean": 173.35442386831275,
"mean_diff": 0.057128152341739576,
"min": 0.0,
"min_diff": -31.0,
"std": 106.72405574695705,
"std_diff": 4.225176286880675
},
"regen": {
"max": 49.0,
"max_diff": 1.0,
"mean": 2.867283950617284,
"mean_diff": 0.0,
"min": 0.0,
"min_diff": -6.0,
"std": 9.109071566528923,
"std_diff": 0.45145159595403944
},
"requestedTorqueAfterProc": {
"max": -272.5,
"max_diff": 126.0,
"mean": -338.8078703703704,
"mean_diff": -0.013381369016984045,
"min": -398.5,
"min_diff": -124.0,
"std": 33.08912852796818,
"std_diff": 5.790792205001463
},
"right_solar": {
"max": 0,
"max_diff": 0.0,
"mean": 0.0,
"mean_diff": 0.0,
"min": 0,
"min_diff": 0.0,
"std": 0.0,
"std_diff": 0.0
},
"steer_corrected": {
"max": 5.104123893064217,
"max_diff": 3.200000000000273,
"mean": -49.04273824685356,
"mean_diff": 0.007102418939783933,
"min": -230.4958761069357,
"min_diff": -2.099999999999909,
"std": 69.7876727652472,
"std_diff": 0.4934683966333394
},
"steer_offset_can": {
"max": -12.300000000000182,
"max_diff": 0.0,
"mean": -12.300000000000182,
"mean_diff": 0.0,
"min": -12.300000000000182,
"min_diff": 0.0,
"std": 0.0,
"std_diff": 0.0
},
"steer_raw": {
"max": -6.599999999999909,
"max_diff": 3.200000000000273,
"mean": -60.746862139917695,
"mean_diff": 0.007102418939783933,
"min": -242.19999999999982,
"min_diff": -2.099999999999909,
"std": 69.78767276524718,
"std_diff": 0.4934683966333394
},
"transversal_accel": {
"max": -0.2079999999999984,
"max_diff": 0.17199999999999704,
"mean": -0.506397119341562,
"mean_diff": 1.2352032938754971e-05,
"min": -0.76400000000001,
"min_diff": -0.23199999999999932,
"std": 0.07733220726041427,
"std_diff": 0.015149277851744376
},
"utime": {
"max": 1537292750806209,
"max_diff": 24125.0,
"mean": 1537292741042848.2,
"mean_diff": 10035.917138445702,
"min": 1537292731306422,
"min_diff": 2.0,
"std": 5630491.35586706,
"std_diff": 1650.2907995057242
}
}
},
"ZoeSensors": {
"message_count": 18624,
"message_freq": 955.0494960144734,
"timespan": 19.50056,
"var_stats": {
"brake_sensor": {
"max": 0.27362585067749023,
"max_diff": 1.9758939743041992e-05,
"mean": 0.18549670707882474,
"mean_diff": -4.764575678648142e-06,
"min": 0.18480855226516724,
"min_diff": -0.0008088648319244385,
"std": 0.00600931759491637,
"std_diff": 4.1501061504827586e-05
},
"steering_sensor": {
"max": 0.22015833854675293,
"max_diff": 0.0005711168050765991,
"mean": 0.21751445700907343,
"mean_diff": -6.49296314985317e-08,
"min": 0.2159399688243866,
"min_diff": -0.0005356520414352417,
"std": 0.0006293241202826936,