{
"MS_IMU": {
"message_count": 1923,
"message_freq": 99.38121113189462,
"timespan": 19.349734,
"var_stats": {
"linear_accel": {
"max": 10.641929626464844,
"max_diff": 11.84480881690979,
"mean": 3.127178062787835,
"mean_diff": 4.761242669616449,
"min": -2.0025010108947754,
"min_diff": -3.1279850006103516,
"std": 4.722145307553566,
"std_diff": 5.669819755209558
},
"q": {
"max": 0.9997666478157043,
"max_diff": 0.024354443070478737,
"mean": 0.1914910599765682,
"mean_diff": -0.36260128007896625,
"min": -0.8345680832862854,
"min_diff": -1.0241377372294664,
"std": 0.46187789518565997,
"std_diff": 0.4638754768288207
},
"rotation_rate": {
"max": 0.042068660259246826,
"max_diff": 0.05806046724319458,
"mean": -0.03460686444498818,
"mean_diff": -0.05096655483880755,
"min": -0.5016499161720276,
"min_diff": -0.5096637438982725,
"std": 0.10724922559996371,
"std_diff": 0.1318409781010478
},
"utime": {
"max": 1531886088904679,
"max_diff": 29000.0,
"mean": 1531886079223726.0,
"mean_diff": 10067.499479708636,
"min": 1531886069554945,
"min_diff": 1583.0,
"std": 5594801.798203168,
"std_diff": 4060.4005017228274
}
}
},
"POSE": {
"message_count": 963,
"message_freq": 49.79706789900017,
"timespan": 19.338488,
"var_stats": {
"accel": {
"max": 10.007272865839335,
"max_diff": 11.372933184699248,
"mean": 3.125192937338932,
"mean_diff": 4.76381521822138,
"min": -1.6506525178552822,
"min_diff": -2.8642781384502665,
"std": 4.7210537834469495,
"std_diff": 5.66225878633407
},
"orientation": {
"max": 0.9999987575978992,
"max_diff": 0.719653822331548,
"mean": 0.3317089167046634,
"mean_diff": -0.06860599665800336,
"min": -0.19821774154875074,
"min_diff": -0.9999987575978992,
"std": 0.37412457093676527,
"std_diff": 0.573259583919794
},
"pos": {
"max": 1776.7314548417567,
"max_diff": 1006.6414886138838,
"mean": 846.0493057521364,
"mean_diff": -384.14561908209475,
"min": 0.0,
"min_diff": -1776.7314548417567,
"std": 724.6348183613072,
"std_diff": 1385.7145276577671
},
"rotation_rate": {
"max": 0.042068660259246826,
"max_diff": 0.05806046724319458,
"mean": -0.03439901045996316,
"mean_diff": -0.050633821910496486,
"min": -0.5006958246231079,
"min_diff": -0.5096589270979166,
"std": 0.10676658563227354,
"std_diff": 0.13124122107396466
},
"utime": {
"max": 1531886088899481,
"max_diff": 42107.0,
"mean": 1531886079207804.2,
"mean_diff": 20102.37837837838,
"min": 1531886069560993,
"min_diff": 15215.0,
"std": 5588674.03415908,
"std_diff": 1566.3201535975234
},
"vel": {
"max": 3.7788005340443984,
"max_diff": 0.0,
"mean": 0.34020803301514124,
"mean_diff": -0.5103120495227118,
"min": 0.0,
"min_diff": -3.7788005340443984,
"std": 0.8667386848423235,
"std_diff": 1.019827334604872
}
}
},
"SteerAngleFeedback": {
"message_count": 1884,
"message_freq": 97.39087066042642,
"timespan": 19.344729,
"var_stats": {
"utime": {
"max": 1531886088898396,
"max_diff": 39953.0,
"mean": 1531886079194570.5,
"mean_diff": 10273.355815188528,
"min": 1531886069553667,
"min_diff": 6335.0,
"std": 5600943.541641297,
"std_diff": 1893.1807314111393
},
"value": {
"max": -0.15184364492351143,
"max_diff": 0.09424777960769548,
"mean": -1.690555187581691,
"mean_diff": -0.0001816699593153941,
"min": -7.668976733263086,
"min_diff": -0.06632251157578839,
"std": 2.4887964269074656,
"std_diff": 0.014812427700978474
}
}
},
"VEHICLE_MONITOR": {
"message_count": 40,
"message_freq": 2.051274898118304,
"timespan": 19.500068,
"var_stats": {
"available_distance": {
"max": 84,
"max_diff": 0.0,
"mean": 84.0,
"mean_diff": 0.0,
"min": 84,
"min_diff": 0.0,
"std": 0.0,
"std_diff": 0.0
},
"battery_level": {
"max": 62,
"max_diff": 0.0,
"mean": 62.0,
"mean_diff": 0.0,
"min": 62,
"min_diff": 0.0,
"std": 0.0,
"std_diff": 0.0
},
"brake": {
"max": 13,
"max_diff": 2.0,
"mean": 5.2,
"mean_diff": -0.2564102564102564,
"min": 0,
"min_diff": -13.0,
"std": 5.801723881744115,
"std_diff": 2.108808737943804
},
"brake_switch": {
"max": 4,
"max_diff": 0.0,
"mean": 2.35,
"mean_diff": -0.07692307692307693,
"min": 1,
"min_diff": -3.0,
"std": 1.49248115565993,
"std_diff": 0.4741856925360751
},
"gear_position": {
"max": 7,
"max_diff": 0.0,
"mean": 7.0,
"mean_diff": 0.0,
"min": 7,
"min_diff": 0.0,
"std": 0.0,
"std_diff": 0.0
},
"left_signal": {
"max": 0,
"max_diff": 0.0,
"mean": 0.0,
"mean_diff": 0.0,
"min": 0,
"min_diff": 0.0,
"std": 0.0,
"std_diff": 0.0
},
"rear_left_rpm": {
"max": 126.6429,
"max_diff": 11.675999999999998,
"mean": 36.824227500000006,
"mean_diff": 3.2472538461538463,
"min": 0.0,
"min_diff": -1.376100000000008,
"std": 43.13844178922083,
"std_diff": 4.238942695933537
},
"rear_right_rpm": {
"max": 118.6782,
"max_diff": 14.011200000000002,
"mean": 31.8932025,
"mean_diff": 3.043030769230769,
"min": 0.0,
"min_diff": -3.5444999999999993,
"std": 38.232408991302705,
"std_diff": 4.97605502912693
},
"right_signal": {
"max": 1,
"max_diff": 1.0,
"mean": 0.425,
"mean_diff": 0.0,
"min": 0,
"min_diff": -1.0,
"std": 0.49434299833212975,
"std_diff": 0.6793662204867574
},
"steering": {
"max": -8.700000000000273,
"max_diff": 112.90000000000009,
"mean": -96.39500000000018,
"mean_diff": -0.8794871794871725,
"min": -438.5999999999999,
"min_diff": -68.5,
"std": 141.39139109224433,
"std_diff": 39.25304613028454
},
"steering_speed": {
"max": 251.00000000000017,
"max_diff": 129.5,
"mean": -2.7624999999997635,
"mean_diff": 0.04871794871795105,
"min": -139.49999999999983,
"min_diff": -133.5,
"std": 80.18837100072554,
"std_diff": 43.544930358134735
},
"throttle": {
"max": 216,
"max_diff": 57.0,
"mean": 51.725,
"mean_diff": 3.0256410256410255,
"min": 0,
"min_diff": -36.0,
"std": 62.18480019265158,
"std_diff": 17.804475351377363
},
"utime": {
"max": 1531886089380563,
"max_diff": 500852.0,
"mean": 1531886079631253.5,
"mean_diff": 500001.74358974356,
"min": 1531886069880495,
"min_diff": 498700.0,
"std": 5771727.439258749,
"std_diff": 489.6885832983599
},
"vehicle_speed": {
"max": 14.19,
"max_diff": 2.05,
"mean": 4.0927500000000006,
"mean_diff": 0.3638461538461538,
"min": 0.0,
"min_diff": -0.019999999999999574,
"std": 4.858844506413021,
"std_diff": 0.5080562021435121
},
"yaw_rate": {
"max": 0.10000000000002274,
"max_diff": 9.5,
"mean": -6.032499999999976,
"mean_diff": -0.12307692307692338,
"min": -27.99999999999997,
"min_diff": -5.5,
"std": 9.378602974324053,
"std_diff": 2.67001023127412
}
}
},
"ZOE_VEH_INFO": {
"message_count": 1927,
"message_freq": 99.58242047294672,
"timespan": 19.350805,
"var_stats": {
"FL_wheel_speed": {
"max": 122.181,
"max_diff": 5.379299999999986,
"mean": 34.943150129735336,
"mean_diff": 0.06259330218068536,
"min": 0.0,
"min_diff": -6.755400000000009,
"std": 42.35731116470291,
"std_diff": 0.6335226023811028
},
"FR_wheel_speed": {
"max": 121.9725,
"max_diff": 4.920600000000007,
"mean": 30.43812189932538,
"mean_diff": 0.06174890965732087,
"min": 0.0,
"min_diff": -3.5444999999999993,
"std": 37.00555501575649,
"std_diff": 0.5138616324423517
},
"RL_wheel_speed": {
"max": 120.096,
"max_diff": 4.003200000000007,
"mean": 33.338879501816294,
"mean_diff": 0.06235514018691589,
"min": 0.0,
"min_diff": -3.0023999999999944,
"std": 40.36184485973798,
"std_diff": 0.46222879863403443
},
"RR_wheel_speed": {
"max": 118.428,
"max_diff": 3.961500000000001,
"mean": 28.576661598339392,
"mean_diff": 0.061489096573208724,
"min": 0.0,
"min_diff": -3.294300000000007,
"std": 35.11991188785235,
"std_diff": 0.444505840371199
},
"left_solar": {
"max": 0,
"max_diff": 0.0,
"mean": 0.0,
"mean_diff": 0.0,
"min": 0,
"min_diff": 0.0,
"std": 0.0,
"std_diff": 0.0
},
"longitudinal_accel": {
"max": 1.200000000000001,
"max_diff": 0.40000000000000036,
"mean": 0.23295277633627454,
"mean_diff": 0.0004672897196261684,
"min": -0.34999999999999964,
"min_diff": -0.40000000000000036,
"std": 0.31911308290264423,
"std_diff": 0.051908435635859576
},
"meanEffTorque": {
"max": 81.0,
"max_diff": 1.5,
"mean": 22.398287493513234,
"mean_diff": 0.02596053997923157,
"min": 0.0,
"min_diff": -1.0,
"std": 24.45253246026165,
"std_diff": 0.22465153932940882
},
"odom": {
"max": 116,
"max_diff": 40.0,
"mean": 47.20705760249092,