{
"MS_IMU": {
"message_count": 1949,
"message_freq": 99.69729670447491,
"timespan": 19.549176,
"var_stats": {
"linear_accel": {
"max": 19.04729461669922,
"max_diff": 19.666462779045105,
"mean": 3.2448913901311895,
"mean_diff": 4.849305095474628,
"min": -2.315298557281494,
"min_diff": -2.4367237091064453,
"std": 4.68321411664571,
"std_diff": 5.146260652430674
},
"q": {
"max": 0.043333206325769424,
"max_diff": 0.874942583963275,
"mean": -0.3432547456493729,
"mean_diff": 0.09208660324924274,
"min": -0.8620209693908691,
"min_diff": -0.6648613549768925,
"std": 0.36356044514559,
"std_diff": 0.5741009868115869
},
"rotation_rate": {
"max": 0.2771969735622406,
"max_diff": 0.33445442374795675,
"mean": 0.00023868256820232887,
"mean_diff": 0.005247402042913504,
"min": -0.32744476199150085,
"min_diff": -0.32260763738304377,
"std": 0.04152917880363552,
"std_diff": 0.06852253690815265
},
"utime": {
"max": 1538984849450952,
"max_diff": 30001.0,
"mean": 1538984839673807.5,
"mean_diff": 10035.511293634498,
"min": 1538984829901776,
"min_diff": 2967.0,
"std": 5642138.458151932,
"std_diff": 4339.679192073863
}
}
},
"POSE": {
"message_count": 975,
"message_freq": 49.849041763373805,
"timespan": 19.559052,
"var_stats": {
"accel": {
"max": 15.062672509535059,
"max_diff": 15.55355177242449,
"mean": 3.24558834302606,
"mean_diff": 4.848698190300164,
"min": -1.3243496502251602,
"min_diff": -2.2242813570573423,
"std": 4.655432821323211,
"std_diff": 5.1027642176793515
},
"orientation": {
"max": 0.9938162096227804,
"max_diff": 0.9938162096227804,
"mean": 0.294288823128994,
"mean_diff": 0.25994587138466546,
"min": 0.0,
"min_diff": -0.2563190570143182,
"std": 0.40422034657022365,
"std_diff": 0.5155205886125213
},
"pos": {
"max": 1393.01105423484,
"max_diff": 380.3950002925835,
"mean": 811.0425249267847,
"mean_diff": -530.2186442448362,
"min": 0.0,
"min_diff": -1393.01105423484,
"std": 587.8696689538159,
"std_diff": 843.2677746005775
},
"rotation_rate": {
"max": 0.2643418312072754,
"max_diff": 0.33408716786652803,
"mean": 0.0001138787120147847,
"mean_diff": 0.005220965008510785,
"min": -0.32744476199150085,
"min_diff": -0.32260763738304377,
"std": 0.04132768311385761,
"std_diff": 0.0682306334887393
},
"utime": {
"max": 1538984849460141,
"max_diff": 40505.0,
"mean": 1538984839676036.5,
"mean_diff": 20081.162217659137,
"min": 1538984829901089,
"min_diff": 14113.0,
"std": 5654268.740596066,
"std_diff": 1383.3025203484863
},
"vel": {
"max": 7.934112124574802,
"max_diff": 0.0,
"mean": 2.039980263345658,
"mean_diff": -3.059970395018487,
"min": 0.0,
"min_diff": -7.934112124574802,
"std": 3.055835998861564,
"std_diff": 3.2994031084087796
}
}
},
"SteerAngleFeedback": {
"message_count": 1936,
"message_freq": 98.94984367355792,
"timespan": 19.565468,
"var_stats": {
"utime": {
"max": 1538984849463334,
"max_diff": 20938.0,
"mean": 1538984839669158.5,
"mean_diff": 10111.352971576227,
"min": 1538984829897866,
"min_diff": 4819.0,
"std": 5650155.072099263,
"std_diff": 1220.1402359186861
},
"value": {
"max": 1.1588986233242364,
"max_diff": 0.01745329251994332,
"mean": 0.10374972708498012,
"mean_diff": -0.0002471422299981643,
"min": -0.4380776422505751,
"min_diff": -0.013962634015949882,
"std": 0.300221290840049,
"std_diff": 0.0035883295724133627
}
}
},
"VEHICLE_MONITOR": {
"message_count": 40,
"message_freq": 2.051367577530284,
"timespan": 19.499187,
"var_stats": null
},
"ZOE_VEH_INFO": {
"message_count": 1953,
"message_freq": 99.91019848314525,
"timespan": 19.547554,
"var_stats": {
"FL_wheel_speed": {
"max": 251.6595,
"max_diff": 7.047299999999993,
"mean": 192.81006006144392,
"mean_diff": -0.0270451844262295,
"min": 78.7296,
"min_diff": -6.338399999999979,
"std": 55.94349588686617,
"std_diff": 0.6776926447402297
},
"FR_wheel_speed": {
"max": 251.1591,
"max_diff": 5.837999999999994,
"mean": 192.8721937019969,
"mean_diff": -0.028946465163934426,
"min": 79.6887,
"min_diff": -4.920599999999993,
"std": 55.241319353432374,
"std_diff": 0.6034587126869849
},
"RL_wheel_speed": {
"max": 251.1591,
"max_diff": 6.2967000000000155,
"mean": 192.05162396313366,
"mean_diff": -0.027045184426229513,
"min": 71.5155,
"min_diff": -7.255799999999994,
"std": 55.90335119637656,
"std_diff": 0.6894655489091159
},
"RR_wheel_speed": {
"max": 250.9506,
"max_diff": 4.3785000000000025,
"mean": 192.31555314900152,
"mean_diff": -0.028861014344262293,
"min": 72.4329,
"min_diff": -7.005600000000001,
"std": 55.26561209982447,
"std_diff": 0.6375394829235843
},
"left_solar": {
"max": 0,
"max_diff": 0.0,
"mean": 0.0,
"mean_diff": 0.0,
"min": 0,
"min_diff": 0.0,
"std": 0.0,
"std_diff": 0.0
},
"longitudinal_accel": {
"max": 2.0500000000000007,
"max_diff": 0.9000000000000004,
"mean": 0.1587813620071691,
"mean_diff": 0.00038422131147540983,
"min": -2.1999999999999993,
"min_diff": -0.9000000000000004,
"std": 0.7468270138754766,
"std_diff": 0.08460434626407022
},
"meanEffTorque": {
"max": 85.5,
"max_diff": 2.5,
"mean": 12.642601126472094,
"mean_diff": 0.021004098360655737,
"min": -62.5,
"min_diff": -2.5,
"std": 40.44880409837064,
"std_diff": 0.42623905204873025
},
"odom": {
"max": 120,
"max_diff": 80.0,
"mean": 61.65488991295443,
"mean_diff": -0.0020491803278688526,
"min": 4,
"min_diff": -92.0,
"std": 34.358992960150985,
"std_diff": 18.147618614425156
},
"odom_speed": {
"max": 28.0,
"max_diff": 1.0,
"mean": 21.542754736303124,
"mean_diff": -0.003586065573770492,
"min": 9.0,
"min_diff": -1.0,
"std": 6.300004469293463,
"std_diff": 0.1413033910789898
},
"pedal_cc": {
"max": 348.0,
"max_diff": 31.0,
"mean": 132.1285202252944,
"mean_diff": 0.07172131147540983,
"min": 0.0,
"min_diff": -26.0,
"std": 113.73830857450977,
"std_diff": 2.3458586433951476
},
"regen": {
"max": 56.0,
"max_diff": 1.0,
"mean": 14.811059907834101,
"mean_diff": 0.0,
"min": 0.0,
"min_diff": -4.0,
"std": 21.963793708128993,
"std_diff": 0.33110594609729316
},
"requestedTorqueAfterProc": {
"max": -272.5,
"max_diff": 122.0,
"mean": -330.5599078341014,
"mean_diff": 0.0235655737704918,
"min": -398.5,
"min_diff": -126.0,
"std": 40.12005467199,
"std_diff": 5.544871725352907
},
"right_solar": {
"max": 0,
"max_diff": 0.0,
"mean": 0.0,
"mean_diff": 0.0,
"min": 0,
"min_diff": 0.0,
"std": 0.0,
"std_diff": 0.0
},
"steer_corrected": {
"max": 66.40000000000009,
"max_diff": 1.900000000000091,
"mean": 5.886789554531669,
"mean_diff": -0.014036885245901685,
"min": -25.09999999999991,
"min_diff": -0.7000000000002728,
"std": 17.126293316720847,
"std_diff": 0.23664685999268353
},
"steer_offset_can": {
"max": -13.300000000000182,
"max_diff": 0.0,
"mean": -13.300000000000182,
"mean_diff": 0.0,
"min": -13.300000000000182,
"min_diff": 0.0,
"std": 0.0,
"std_diff": 0.0
},
"steer_raw": {
"max": 53.09999999999991,
"max_diff": 1.900000000000091,
"mean": -7.413210445468514,
"mean_diff": -0.014036885245901685,
"min": -38.40000000000009,
"min_diff": -0.7000000000002728,
"std": 17.126293316720844,
"std_diff": 0.23664685999268353
},
"transversal_accel": {
"max": -0.4480000000000075,
"max_diff": 0.04800000000000182,
"mean": -0.516557091653865,
"mean_diff": -7.991803278688828e-05,
"min": -0.6359999999999957,
"min_diff": -0.05200000000002092,
"std": 0.033430900866717295,
"std_diff": 0.005996051159011187
},
"utime": {
"max": 1538984849453920,
"max_diff": 22877.0,
"mean": 1538984839671240.8,
"mean_diff": 10014.115778688525,
"min": 1538984829906366,
"min_diff": 1.0,
"std": 5644757.588811592,
"std_diff": 1850.2415346638652
}
}
},
"ZoeSensors": {
"message_count": 18790,
"message_freq": 960.8340714727598,
"timespan": 19.555926,
"var_stats": {
"brake_sensor": {
"max": 0.3010323941707611,
"max_diff": 0.0006057322025299072,
"mean": 0.1995256156982292,
"mean_diff": 7.058403035033484e-10,
"min": 0.18188190460205078,
"min_diff": -0.00124436616897583,
"std": 0.03789402763296567,
"std_diff": 5.9335076160248396e-05
},
"steering_sensor": {
"max": 0.1901295781135559,
"max_diff": 0.0005238503217697144,
"mean": 0.18851655688356883,
"mean_diff": 2.054312514791824e-08,
"min": 0.1873803585767746,
"min_diff": -0.0004371851682662964,