{
"MS_IMU": {
"message_count": 1939,
"message_freq": 99.48699293508948,
"timespan": 19.489985,
"var_stats": {
"linear_accel": {
"max": 11.501983642578125,
"max_diff": 11.741727665066719,
"mean": 3.051774536256544,
"mean_diff": 5.167342970064215,
"min": -2.356342315673828,
"min_diff": -1.0618106238543987,
"std": 4.74722529068415,
"std_diff": 4.546281346718283
},
"q": {
"max": 0.6112596392631531,
"max_diff": -0.008105199318379164,
"mean": -0.0667507938162953,
"mean_diff": -0.4576536189634734,
"min": -0.9046981334686279,
"min_diff": -0.9248932674527168,
"std": 0.49552431732220825,
"std_diff": 0.34268734047715593
},
"rotation_rate": {
"max": 0.122769795358181,
"max_diff": 0.13300354033708572,
"mean": -0.004966841911834867,
"mean_diff": -0.01099089778111554,
"min": -0.13579216599464417,
"min_diff": -0.17140575498342514,
"std": 0.026244282250476272,
"std_diff": 0.03910994581021878
},
"utime": {
"max": 1542196038447419,
"max_diff": 35010.0,
"mean": 1542196028687895.0,
"mean_diff": 10056.751805985552,
"min": 1542196018957434,
"min_diff": 1954.0,
"std": 5624679.683616632,
"std_diff": 5571.584763132035
}
}
},
"POSE": {
"message_count": 970,
"message_freq": 49.74751852197558,
"timespan": 19.49846,
"var_stats": {
"accel": {
"max": 10.608234259538854,
"max_diff": 10.637225740610573,
"mean": 3.057203560861684,
"mean_diff": 5.164196927398236,
"min": -2.1286179994781977,
"min_diff": -0.7847836582020999,
"std": 4.741377340750437,
"std_diff": 4.5391222758749015
},
"orientation": {
"max": 0.9924784484506671,
"max_diff": 0.0,
"mean": 0.18738201622167613,
"mean_diff": -0.3984990345602382,
"min": -0.3397035230667342,
"min_diff": -0.9924784484506671,
"std": 0.4635601147604262,
"std_diff": 0.4177700956122773
},
"pos": {
"max": 1686.8336182462806,
"max_diff": 1149.2351800001616,
"mean": 753.4292809525151,
"mean_diff": -298.4984012002794,
"min": 0.0,
"min_diff": -1686.8336182462806,
"std": 688.3078421107185,
"std_diff": 1365.2765071714146
},
"rotation_rate": {
"max": 0.122769795358181,
"max_diff": 0.12893456127494574,
"mean": -0.004980576222432478,
"mean_diff": -0.010987260832254514,
"min": -0.13212671875953674,
"min_diff": -0.17140575498342514,
"std": 0.026247872170228136,
"std_diff": 0.03912773892750535
},
"utime": {
"max": 1542196038466492,
"max_diff": 40789.0,
"mean": 1542196028695145.8,
"mean_diff": 20122.249742002063,
"min": 1542196018968032,
"min_diff": 16099.0,
"std": 5629796.839400354,
"std_diff": 1686.7703801460088
},
"vel": {
"max": 9.218578872101283,
"max_diff": 0.0,
"mean": 2.2515561576148873,
"mean_diff": -3.377334236422331,
"min": 0.0,
"min_diff": -9.218578872101283,
"std": 3.26635611566571,
"std_diff": 3.49306377888381
}
}
},
"SteerAngleFeedback": {
"message_count": 1904,
"message_freq": 97.66709524260193,
"timespan": 19.494795,
"var_stats": {
"utime": {
"max": 1542196038451988,
"max_diff": 30437.0,
"mean": 1542196028736856.8,
"mean_diff": 10244.243300052549,
"min": 1542196018957193,
"min_diff": 6503.0,
"std": 5633338.630802637,
"std_diff": 1768.9747255956347
},
"value": {
"max": 0.8011061266653988,
"max_diff": 0.01047197551197232,
"mean": -0.09292961602346542,
"mean_diff": -0.0004879217877356701,
"min": -0.3700098014227947,
"min_diff": -0.055850536063815404,
"std": 0.14198120447978216,
"std_diff": 0.003435951916688932
}
}
},
"VEHICLE_MONITOR": {
"message_count": 40,
"message_freq": 2.051197689202731,
"timespan": 19.500802,
"var_stats": {
"available_distance": {
"max": 140,
"max_diff": 0.0,
"mean": 140.0,
"mean_diff": 0.0,
"min": 140,
"min_diff": 0.0,
"std": 0.0,
"std_diff": 0.0
},
"battery_level": {
"max": 92,
"max_diff": 0.0,
"mean": 92.0,
"mean_diff": 0.0,
"min": 92,
"min_diff": 0.0,
"std": 0.0,
"std_diff": 0.0
},
"brake": {
"max": 2,
"max_diff": 2.0,
"mean": 0.125,
"mean_diff": 0.0,
"min": 0,
"min_diff": -2.0,
"std": 0.4575751304430782,
"std_diff": 0.5991446895152781
},
"brake_switch": {
"max": 4,
"max_diff": 3.0,
"mean": 1.625,
"mean_diff": 0.0,
"min": 1,
"min_diff": -3.0,
"std": 1.0650704202070396,
"std_diff": 0.7510676161988108
},
"gear_position": {
"max": 7,
"max_diff": 0.0,
"mean": 7.0,
"mean_diff": 0.0,
"min": 7,
"min_diff": 0.0,
"std": 0.0,
"std_diff": 0.0
},
"left_signal": {
"max": 0,
"max_diff": 0.0,
"mean": 0.0,
"mean_diff": 0.0,
"min": 0,
"min_diff": 0.0,
"std": 0.0,
"std_diff": 0.0
},
"rear_left_rpm": {
"max": 294.6522,
"max_diff": 23.602199999999982,
"mean": 215.81522249999998,
"mean_diff": 2.7137076923076924,
"min": 146.4921,
"min_diff": -18.431399999999996,
"std": 41.65985055945045,
"std_diff": 10.307234323034518
},
"rear_right_rpm": {
"max": 293.4846,
"max_diff": 23.602199999999982,
"mean": 214.88948249999999,
"mean_diff": 2.5886076923076926,
"min": 144.8658,
"min_diff": -18.93179999999998,
"std": 41.67672854218459,
"std_diff": 10.233192045680907
},
"right_signal": {
"max": 0,
"max_diff": 0.0,
"mean": 0.0,
"mean_diff": 0.0,
"min": 0,
"min_diff": 0.0,
"std": 0.0,
"std_diff": 0.0
},
"steering": {
"max": 29.200000000000273,
"max_diff": 11.200000000000273,
"mean": -5.144999999999902,
"mean_diff": -0.9358974358974359,
"min": -21.09999999999991,
"min_diff": -16.90000000000009,
"std": 8.693904473825354,
"std_diff": 4.952621019605656
},
"steering_speed": {
"max": 11.900000000000272,
"max_diff": 107.59999999999991,
"mean": -5.209999999999786,
"mean_diff": 2.7589743589743567,
"min": -107.59999999999972,
"min_diff": -23.899999999999636,
"std": 18.142006504243113,
"std_diff": 19.67648235641773
},
"throttle": {
"max": 254,
"max_diff": 99.0,
"mean": 33.325,
"mean_diff": -5.9743589743589745,
"min": 0,
"min_diff": -202.0,
"std": 65.25503333077074,
"std_diff": 45.96012049452371
},
"utime": {
"max": 1542196038607625,
"max_diff": 501820.0,
"mean": 1542196028857459.2,
"mean_diff": 500020.5641025641,
"min": 1542196019106823,
"min_diff": 498825.0,
"std": 5771862.470748151,
"std_diff": 535.2324103325101
},
"vehicle_speed": {
"max": 33.44,
"max_diff": 2.7600000000000016,
"mean": 24.526999999999997,
"mean_diff": 0.3053846153846153,
"min": 16.67,
"min_diff": -2.0700000000000003,
"std": 4.6883574949016,
"std_diff": 1.1514357729593485
},
"yaw_rate": {
"max": 4.800000000000011,
"max_diff": 1.5,
"mean": -1.2324999999999762,
"mean_diff": -0.17692307692307635,
"min": -3.4999999999999716,
"min_diff": -3.799999999999983,
"std": 1.36736745244283,
"std_diff": 0.8914009539761022
}
}
},
"ZOE_VEH_INFO": {
"message_count": 1945,
"message_freq": 99.74319077082667,
"timespan": 19.500078,
"var_stats": {
"FL_wheel_speed": {
"max": 293.4846,
"max_diff": 4.420199999999994,
"mean": 214.52295933161955,
"mean_diff": 0.05723024691358024,
"min": 145.8249,
"min_diff": -4.2117000000000075,
"std": 40.426759862605074,
"std_diff": 0.6720172848617997
},
"FR_wheel_speed": {
"max": 291.8166,
"max_diff": 3.752999999999986,
"mean": 213.4438833933162,
"mean_diff": 0.05274706790123458,
"min": 144.4071,
"min_diff": -3.085800000000006,
"std": 40.382650369484644,
"std_diff": 0.5615631916092928
},
"RL_wheel_speed": {
"max": 292.77570000000003,
"max_diff": 6.0882000000000005,
"mean": 214.24563825192806,
"mean_diff": 0.05746620370370371,
"min": 146.0334,
"min_diff": -6.75539999999998,
"std": 40.47852791581204,
"std_diff": 0.7168371555714801
},
"RR_wheel_speed": {
"max": 292.5255,
"max_diff": 3.5444999999999993,
"mean": 213.3759842159383,
"mean_diff": 0.053712345679012355,
"min": 144.4071,
"min_diff": -5.129099999999994,
"std": 40.454364917755704,
"std_diff": 0.6833961717959518
},
"left_solar": {
"max": 0,
"max_diff": 0.0,
"mean": 0.0,
"mean_diff": 0.0,
"min": 0,
"min_diff": 0.0,
"std": 0.0,
"std_diff": 0.0
},
"longitudinal_accel": {
"max": 1.25,
"max_diff": 0.5500000000000007,
"mean": -0.5101542416452437,
"mean_diff": -0.0008744855967078195,
"min": -2.1499999999999995,
"min_diff": -0.5,
"std": 0.6906470099876548,
"std_diff": 0.07745805108723906
},
"meanEffTorque": {
"max": 74.0,
"max_diff": 3.0,
"mean": -23.725449871465294,
"mean_diff": -0.047839506172839504,
"min": -113.0,
"min_diff": -2.5,
"std": 39.70208719482364,
"std_diff": 0.5372210377279858
},
"odom": {
"max": 124,
"max_diff": 120.0,