{
"MS_IMU": {
"message_count": 1956,
"message_freq": 99.60992732091005,
"timespan": 19.636597,
"var_stats": {
"linear_accel": {
"max": 14.64502239227295,
"max_diff": 14.775797873735428,
"mean": 3.3729386226627565,
"mean_diff": 4.701909446192025,
"min": -0.9485800862312317,
"min_diff": -2.837369680404663,
"std": 4.570905085604524,
"std_diff": 5.169955278674889
},
"q": {
"max": 0.9892258048057556,
"max_diff": 1.012111721560359,
"mean": 0.3189660743646079,
"mean_diff": 0.19322483277363522,
"min": -0.026423046365380287,
"min_diff": -0.5712432404980063,
"std": 0.3850463098345565,
"std_diff": 0.5524518393502971
},
"rotation_rate": {
"max": 0.16866913437843323,
"max_diff": 0.2697891667485237,
"mean": 0.015031051818889595,
"mean_diff": 0.02297263213101228,
"min": -0.22545211017131805,
"min_diff": -0.2528103142976761,
"std": 0.03338391438792964,
"std_diff": 0.04577044198786702
},
"utime": {
"max": 1542193221458072,
"max_diff": 33971.0,
"mean": 1542193211641934.0,
"mean_diff": 10044.29514066496,
"min": 1542193201821475,
"min_diff": 1953.0,
"std": 5672037.435899332,
"std_diff": 5546.369631696811
}
}
},
"POSE": {
"message_count": 976,
"message_freq": 49.64660367380798,
"timespan": 19.658948,
"var_stats": {
"accel": {
"max": 12.625809606316786,
"max_diff": 12.804308191304628,
"mean": 3.3714608323038155,
"mean_diff": 4.702178837729986,
"min": -0.8398885570288276,
"min_diff": -2.584389894866841,
"std": 4.559835847986674,
"std_diff": 5.152014799837454
},
"orientation": {
"max": 0.6024132701347629,
"max_diff": 0.0,
"mean": -0.12280642742613307,
"mean_diff": -0.4392113359636402,
"min": -0.9830969459478532,
"min_diff": -0.9830969459478532,
"std": 0.4846840015750777,
"std_diff": 0.37473555435048833
},
"pos": {
"max": 2793.528895403667,
"max_diff": 2022.385473373397,
"mean": 1174.2382111748693,
"mean_diff": -375.8004720240951,
"min": 0.0,
"min_diff": -2793.528895403667,
"std": 1170.147674085403,
"std_diff": 2395.3299287398845
},
"rotation_rate": {
"max": 0.16866913437843323,
"max_diff": 0.2697891667485237,
"mean": 0.015053418660931168,
"mean_diff": 0.023005903622326334,
"min": -0.22545211017131805,
"min_diff": -0.2523463163524866,
"std": 0.03342201810037803,
"std_diff": 0.0458197262871838
},
"utime": {
"max": 1542193221466629,
"max_diff": 43911.0,
"mean": 1542193211638137.2,
"mean_diff": 20163.02358974359,
"min": 1542193201807681,
"min_diff": 15206.0,
"std": 5688914.466748981,
"std_diff": 1905.152723794601
},
"vel": {
"max": 6.674950192364186,
"max_diff": 0.0,
"mean": 1.2296939527472899,
"mean_diff": -1.844540929120935,
"min": 0.0,
"min_diff": -6.674950192364186,
"std": 2.1273394714777156,
"std_diff": 2.3778665705403212
}
}
},
"SteerAngleFeedback": {
"message_count": 1895,
"message_freq": 96.41495613221252,
"timespan": 19.654627,
"var_stats": {
"utime": {
"max": 1542193221456051,
"max_diff": 30394.0,
"mean": 1542193211662447.8,
"mean_diff": 10377.310982048575,
"min": 1542193201801424,
"min_diff": 3119.0,
"std": 5698564.381423991,
"std_diff": 2120.4763906865646
},
"value": {
"max": 1.4346606451393435,
"max_diff": 0.019198621771936097,
"mean": 0.5785347407137124,
"mean_diff": -3.778167863346043e-05,
"min": 0.22340214425527735,
"min_diff": -0.01919862177194398,
"std": 0.2630594538753018,
"std_diff": 0.0035058561502713578
}
}
},
"VEHICLE_MONITOR": {
"message_count": 39,
"message_freq": 1.9999744618645638,
"timespan": 19.500249,
"var_stats": null
},
"ZOE_VEH_INFO": {
"message_count": 1957,
"message_freq": 99.59256108199558,
"timespan": 19.650062,
"var_stats": {
"FL_wheel_speed": {
"max": 209.5842,
"max_diff": 4.170000000000002,
"mean": 115.06873152784875,
"mean_diff": -0.00012791411042945125,
"min": 14.7201,
"min_diff": -2.8355999999999995,
"std": 66.57491056384329,
"std_diff": 0.45428507980122435
},
"FR_wheel_speed": {
"max": 212.8368,
"max_diff": 3.919799999999981,
"mean": 117.06551589167093,
"mean_diff": -0.0004903374233128868,
"min": 14.7201,
"min_diff": -4.1699999999999875,
"std": 67.58647772030633,
"std_diff": 0.4689074762050507
},
"RL_wheel_speed": {
"max": 208.6668,
"max_diff": 6.7553999999999945,
"mean": 114.51989816044967,
"mean_diff": 0.0002558282208589025,
"min": 14.4699,
"min_diff": -5.629500000000007,
"std": 66.40428178039181,
"std_diff": 0.513406065457795
},
"RR_wheel_speed": {
"max": 212.4198,
"max_diff": 3.0441000000000145,
"mean": 116.71013898824734,
"mean_diff": -1.4530526293662582e-17,
"min": 14.4699,
"min_diff": -4.670400000000001,
"std": 67.52532934563747,
"std_diff": 0.4785989702828751
},
"left_solar": {
"max": 0,
"max_diff": 0.0,
"mean": 0.0,
"mean_diff": 0.0,
"min": 0,
"min_diff": 0.0,
"std": 0.0,
"std_diff": 0.0
},
"longitudinal_accel": {
"max": 2.450000000000001,
"max_diff": 0.29999999999999893,
"mean": 0.44207971384772676,
"mean_diff": 0.00046012269938650323,
"min": -0.7999999999999989,
"min_diff": -0.34999999999999964,
"std": 0.7733429994316054,
"std_diff": 0.04825474477645671
},
"meanEffTorque": {
"max": 102.0,
"max_diff": 2.0,
"mean": 32.54292284108329,
"mean_diff": 0.025051124744376277,
"min": -46.5,
"min_diff": -2.0,
"std": 49.00819540029123,
"std_diff": 0.37103217473269623
},
"odom": {
"max": 120,
"max_diff": 68.0,
"mean": 58.22789984670414,
"mean_diff": 0.014314928425357873,
"min": 0,
"min_diff": -116.0,
"std": 34.64171206732908,
"std_diff": 16.24530133708581
},
"odom_speed": {
"max": 24.0,
"max_diff": 1.0,
"mean": 12.734798160449667,
"mean_diff": -0.0005112474437627812,
"min": 1.0,
"min_diff": -1.0,
"std": 7.6374597972065645,
"std_diff": 0.15167687231538102
},
"pedal_cc": {
"max": 375.0,
"max_diff": 19.0,
"mean": 154.8758303525805,
"mean_diff": 0.07975460122699386,
"min": 0.0,
"min_diff": -34.0,
"std": 149.31151967070358,
"std_diff": 1.9932860572011764
},
"regen": {
"max": 52.0,
"max_diff": 1.0,
"mean": 10.184466019417476,
"mean_diff": 0.0,
"min": 0.0,
"min_diff": -1.0,
"std": 18.257125750173113,
"std_diff": 0.2305856330115327
},
"requestedTorqueAfterProc": {
"max": -272.5,
"max_diff": 122.0,
"mean": -321.6637710781809,
"mean_diff": 0.02556237218813906,
"min": -398.5,
"min_diff": -126.0,
"std": 39.970353483207155,
"std_diff": 4.025527050899143
},
"right_solar": {
"max": 0,
"max_diff": 0.0,
"mean": 0.0,
"mean_diff": 0.0,
"min": 0,
"min_diff": 0.0,
"std": 0.0,
"std_diff": 0.0
},
"steer_corrected": {
"max": 82.09999999999991,
"max_diff": 1.099999999999909,
"mean": 33.08814512008184,
"mean_diff": -0.0020961145194275887,
"min": 12.800000000000182,
"min_diff": -1.400000000000091,
"std": 14.988978150709459,
"std_diff": 0.23197979375115862
},
"steer_offset_can": {
"max": -13.400000000000091,
"max_diff": 0.0,
"mean": -13.400000000000091,
"mean_diff": 0.0,
"min": -13.400000000000091,
"min_diff": 0.0,
"std": 0.0,
"std_diff": 0.0
},
"steer_raw": {
"max": 68.69999999999982,
"max_diff": 1.099999999999909,
"mean": 19.688145120081753,
"mean_diff": -0.0020961145194275887,
"min": -0.599999999999909,
"min_diff": -1.400000000000091,
"std": 14.988978150709459,
"std_diff": 0.23197979375115862
},
"transversal_accel": {
"max": -0.4439999999999884,
"max_diff": 0.03999999999999204,
"mean": -0.5064670413898815,
"mean_diff": -1.840490797546082e-05,
"min": -0.568000000000012,
"min_diff": -0.040000000000020464,
"std": 0.02445499055803468,
"std_diff": 0.0049710479479768395
},
"utime": {
"max": 1542193221458933,
"max_diff": 22244.0,
"mean": 1542193211629661.8,
"mean_diff": 10046.043967280164,
"min": 1542193201808871,
"min_diff": 2.0,
"std": 5678645.14398509,
"std_diff": 2143.6988491240068
}
}
},
"ZoeSensors": {
"message_count": 18744,
"message_freq": 953.776880629562,
"timespan": 19.652395,
"var_stats": {
"brake_sensor": {
"max": 0.29223164916038513,
"max_diff": 0.0009990781545639038,
"mean": 0.22199276120831607,
"mean_diff": -8.18955671225656e-09,
"min": 0.19002613425254822,
"min_diff": -0.0023467987775802612,
"std": 0.042893709593532364,
"std_diff": 8.070722276874828e-05
},
"steering_sensor": {
"max": 0.19039741158485413,
"max_diff": 0.000500217080116272,
"mean": 0.18860416452039067,
"mean_diff": -1.891365442040419e-09,
"min": 0.1875142753124237,