{
"MS_IMU": {
"message_count": 1931,
"message_freq": 99.79260089801973,
"timespan": 19.350132,
"var_stats": {
"linear_accel": {
"max": 14.27453899383545,
"max_diff": 14.133115082979202,
"mean": 3.336700347072445,
"mean_diff": 4.646934496389969,
"min": -2.292811155319214,
"min_diff": -2.869238257408142,
"std": 4.614958344284131,
"std_diff": 5.484868323231529
},
"q": {
"max": 0.971981406211853,
"max_diff": 0.020941931754350662,
"mean": -0.03828952531841449,
"mean_diff": -0.45340780603614017,
"min": -0.8612212538719177,
"min_diff": -0.9820300303399563,
"std": 0.4985317743295474,
"std_diff": 0.35566087421538556
},
"rotation_rate": {
"max": 0.23894686996936798,
"max_diff": 0.26013702899217606,
"mean": -0.026933985355253542,
"mean_diff": -0.041237982958953916,
"min": -0.4181424081325531,
"min_diff": -0.40800323337316513,
"std": 0.08762328487006862,
"std_diff": 0.1040458775665324
},
"utime": {
"max": 1533151599900977,
"max_diff": 31982.0,
"mean": 1533151590226891.8,
"mean_diff": 10025.97512953368,
"min": 1533151580550845,
"min_diff": 2791.0,
"std": 5589229.391246375,
"std_diff": 4542.96845063037
}
}
},
"POSE": {
"message_count": 964,
"message_freq": 49.846391415996365,
"timespan": 19.339414,
"var_stats": {
"accel": {
"max": 11.613188650506498,
"max_diff": 12.68783138372713,
"mean": 3.336905579633189,
"mean_diff": 4.646274687624177,
"min": -1.995965432612246,
"min_diff": -2.5045229751260245,
"std": 4.598339807478747,
"std_diff": 5.46494248381866
},
"orientation": {
"max": 0.9999993254986774,
"max_diff": 0.5240844173640747,
"mean": 0.2161128600328408,
"mean_diff": -0.3532943416525786,
"min": -0.24786314806688872,
"min_diff": -0.9999993254986774,
"std": 0.45088272502772353,
"std_diff": 0.45663600546781724
},
"pos": {
"max": 1719.7354137928833,
"max_diff": 1261.3345134114545,
"mean": 732.6637385886698,
"mean_diff": -248.41083806758047,
"min": 0.0,
"min_diff": -1719.7354137928833,
"std": 714.614573913291,
"std_diff": 1453.2939632665564
},
"rotation_rate": {
"max": 0.23894686996936798,
"max_diff": 0.2595803923904896,
"mean": -0.026998552956364334,
"mean_diff": -0.04117802338247151,
"min": -0.4174550473690033,
"min_diff": -0.40386241115629673,
"std": 0.08754791067852624,
"std_diff": 0.10397273172758392
},
"utime": {
"max": 1533151599898715,
"max_diff": 40821.0,
"mean": 1533151590207505.2,
"mean_diff": 20082.46521287643,
"min": 1533151580559301,
"min_diff": 9828.0,
"std": 5572868.837194393,
"std_diff": 1486.3479477534509
},
"vel": {
"max": 9.913100451044308,
"max_diff": 0.0,
"mean": 2.3044938272230353,
"mean_diff": -3.4567407408345527,
"min": 0.0,
"min_diff": -9.913100451044308,
"std": 3.6020456136577956,
"std_diff": 3.934346204202834
}
}
},
"SteerAngleFeedback": {
"message_count": 1894,
"message_freq": 97.91812824379649,
"timespan": 19.34269,
"var_stats": {
"utime": {
"max": 1533151599897649,
"max_diff": 39909.0,
"mean": 1533151590166015.8,
"mean_diff": 10218.008452192287,
"min": 1533151580554959,
"min_diff": 209.0,
"std": 5559256.689421491,
"std_diff": 1875.1418569144143
},
"value": {
"max": 0.03672388980385166,
"max_diff": 0.029670597283908418,
"mean": -0.881531242747257,
"mean_diff": 0.0004001441602564927,
"min": -4.0037133285630215,
"min_diff": -0.02617993877991509,
"std": 1.3599305896873506,
"std_diff": 0.0072783890020276815
}
}
},
"VEHICLE_MONITOR": {
"message_count": 39,
"message_freq": 2.0527143357463777,
"timespan": 18.999234,
"var_stats": {
"available_distance": {
"max": 70,
"max_diff": 0.0,
"mean": 70.0,
"mean_diff": 0.0,
"min": 70,
"min_diff": 0.0,
"std": 0.0,
"std_diff": 0.0
},
"battery_level": {
"max": 81,
"max_diff": 0.0,
"mean": 80.58974358974359,
"mean_diff": -0.02631578947368421,
"min": 80,
"min_diff": -1.0,
"std": 0.49188015623720205,
"std_diff": 0.16007269816574266
},
"brake": {
"max": 0,
"max_diff": 0.0,
"mean": 0.0,
"mean_diff": 0.0,
"min": 0,
"min_diff": 0.0,
"std": 0.0,
"std_diff": 0.0
},
"brake_switch": {
"max": 1,
"max_diff": 0.0,
"mean": 1.0,
"mean_diff": 0.0,
"min": 1,
"min_diff": 0.0,
"std": 0.0,
"std_diff": 0.0
},
"gear_position": {
"max": 7,
"max_diff": 0.0,
"mean": 7.0,
"mean_diff": 0.0,
"min": 7,
"min_diff": 0.0,
"std": 0.0,
"std_diff": 0.0
},
"left_signal": {
"max": 0,
"max_diff": 0.0,
"mean": 0.0,
"mean_diff": 0.0,
"min": 0,
"min_diff": 0.0,
"std": 0.0,
"std_diff": 0.0
},
"rear_left_rpm": {
"max": 313.0836,
"max_diff": 15.387299999999982,
"mean": 222.01186923076924,
"mean_diff": 5.761184210526316,
"min": 90.6558,
"min_diff": -2.793900000000008,
"std": 82.39105617540689,
"std_diff": 5.012611744837968
},
"rear_right_rpm": {
"max": 319.1301,
"max_diff": 16.346400000000017,
"mean": 222.5625230769231,
"mean_diff": 5.9773657894736845,
"min": 88.3206,
"min_diff": -3.210900000000038,
"std": 88.57188355180261,
"std_diff": 5.599982874281912
},
"right_signal": {
"max": 1,
"max_diff": 1.0,
"mean": 0.10256410256410256,
"mean_diff": 0.0,
"min": 0,
"min_diff": -1.0,
"std": 0.3033887068256214,
"std_diff": 0.3244428422615251
},
"steering": {
"max": 2.600000000000364,
"max_diff": 57.90000000000009,
"mean": -49.05128205128184,
"mean_diff": 1.6789473684210574,
"min": -228.39999999999964,
"min_diff": -37.59999999999991,
"std": 77.7452607898348,
"std_diff": 19.238915576928367
},
"steering_speed": {
"max": 125.50000000000018,
"max_diff": 83.69999999999982,
"mean": 2.633333333333605,
"mean_diff": 2.0447368421052583,
"min": -83.69999999999963,
"min_diff": -61.80000000000018,
"std": 41.97199514043116,
"std_diff": 24.576772274997037
},
"throttle": {
"max": 334,
"max_diff": 97.0,
"mean": 202.89743589743588,
"mean_diff": 0.0,
"min": 0,
"min_diff": -71.0,
"std": 102.43216513851418,
"std_diff": 29.694940203411935
},
"utime": {
"max": 1533151599899762,
"max_diff": 500668.0,
"mean": 1533151590399922.0,
"mean_diff": 499979.84210526315,
"min": 1533151580900528,
"min_diff": 499063.0,
"std": 5627184.983758928,
"std_diff": 368.7746085502055
},
"vehicle_speed": {
"max": 35.62,
"max_diff": 1.6899999999999977,
"mean": 25.175128205128207,
"mean_diff": 0.658157894736842,
"min": 10.21,
"min_diff": -0.17999999999999972,
"std": 9.532635407067463,
"std_diff": 0.5870974780677077
},
"yaw_rate": {
"max": 0.20000000000001705,
"max_diff": 6.100000000000023,
"mean": -4.8461538461538245,
"mean_diff": 0.10526315789473684,
"min": -24.19999999999999,
"min_diff": -5.099999999999994,
"std": 7.469831500308293,
"std_diff": 2.1467168774201584
}
}
},
"ZOE_VEH_INFO": {
"message_count": 1928,
"message_freq": 99.63782580548371,
"timespan": 19.350081,
"var_stats": {
"FL_wheel_speed": {
"max": 320.79810000000003,
"max_diff": 10.758600000000001,
"mean": 221.6496018672199,
"mean_diff": 0.11298168137000521,
"min": 90.4056,
"min_diff": -7.46429999999998,
"std": 82.0566170078475,
"std_diff": 0.7647166524390372
},
"FR_wheel_speed": {
"max": 321.7155,
"max_diff": 13.302300000000002,
"mean": 217.8464883298755,
"mean_diff": 0.11469122989102233,
"min": 85.2765,
"min_diff": -9.090599999999995,
"std": 86.49776480624351,
"std_diff": 0.7572839673695517
},
"RL_wheel_speed": {
"max": 318.7131,
"max_diff": 11.217299999999966,
"mean": 220.127984439834,
"mean_diff": 0.11276528282304099,
"min": 89.9469,
"min_diff": -7.255799999999965,
"std": 82.52470954282174,
"std_diff": 0.8558636463269172
},
"RR_wheel_speed": {
"max": 321.0066,
"max_diff": 8.840399999999988,
"mean": 220.4774165975104,
"mean_diff": 0.11689849507005709,
"min": 86.4441,
"min_diff": -7.923000000000002,
"std": 88.7462838137931,
"std_diff": 0.7929508979254823
},
"left_solar": {
"max": 0,
"max_diff": 112.0,
"mean": -52.3402489626556,
"mean_diff": -0.05812143227815257,
"min": -112,
"min_diff": -112.0,
"std": 55.88028473750521,
"std_diff": 4.418758099802386
},
"longitudinal_accel": {
"max": 1.4000000000000004,
"max_diff": 1.4000000000000004,
"mean": 0.41320020746888037,
"mean_diff": -5.1894135962636035e-05,
"min": -1.1500000000000004,
"min_diff": -2.0999999999999996,
"std": 0.5041948280647669,
"std_diff": 0.11319301867241431
},
"meanEffTorque": {
"max": 77.0,
"max_diff": 1.5,
"mean": 36.67582987551867,
"mean_diff": -0.0007784120394395433,
"min": -17.5,