{
"MS_IMU": {
"message_count": 1928,
"message_freq": 99.38509083426155,
"timespan": 19.399288,
"var_stats": {
"linear_accel": {
"max": 12.126242637634277,
"max_diff": 12.469022512435913,
"mean": 3.241264497595428,
"mean_diff": 4.892829313506168,
"min": -2.1534934043884277,
"min_diff": -3.7020328044891357,
"std": 4.678057159968424,
"std_diff": 5.090940028129257
},
"q": {
"max": 0.5442820191383362,
"max_diff": 0.012690234463661909,
"mean": -0.12486084852671686,
"mean_diff": -0.4387187362180953,
"min": -0.9658012986183167,
"min_diff": -0.9700568155385554,
"std": 0.4841588435070164,
"std_diff": 0.3746748368643034
},
"rotation_rate": {
"max": 0.2147788554430008,
"max_diff": 0.2697853446006775,
"mean": -0.0078020135596220865,
"mean_diff": -0.010557912694983228,
"min": -0.28734272718429565,
"min_diff": -0.2905060853809118,
"std": 0.06854148244532796,
"std_diff": 0.08558802252147596
},
"utime": {
"max": 1533151866950489,
"max_diff": 31954.0,
"mean": 1533151857267393.8,
"mean_diff": 10067.092890503372,
"min": 1533151847551201,
"min_diff": 2974.0,
"std": 5605330.793569781,
"std_diff": 4560.220129632681
}
}
},
"POSE": {
"message_count": 965,
"message_freq": 49.73967850127391,
"timespan": 19.40101,
"var_stats": {
"accel": {
"max": 10.470554409067136,
"max_diff": 12.053775024377693,
"mean": 3.238342710552854,
"mean_diff": 4.896104400310691,
"min": -1.9935647249239024,
"min_diff": -2.2404210725363836,
"std": 4.672930771308709,
"std_diff": 5.076944628124576
},
"orientation": {
"max": 0.9785585887561615,
"max_diff": 0.0,
"mean": 0.14506040793028063,
"mean_diff": -0.42725648264751376,
"min": -0.4991988264333873,
"min_diff": -0.9785585887561615,
"std": 0.4784950136115324,
"std_diff": 0.38831074073351113
},
"pos": {
"max": 1816.2464307372816,
"max_diff": -485.37452157477014,
"mean": 992.3638270295685,
"mean_diff": -886.0553943878672,
"min": 0.0,
"min_diff": -1241.347494252391,
"std": 739.1546905205037,
"std_diff": 320.9029486785108
},
"rotation_rate": {
"max": 0.2147788554430008,
"max_diff": 0.2697853446006775,
"mean": -0.00801667908091769,
"mean_diff": -0.010774617347254212,
"min": -0.2868529260158539,
"min_diff": -0.2905060853809118,
"std": 0.06832759818428803,
"std_diff": 0.08547052124338991
},
"utime": {
"max": 1533151866952378,
"max_diff": 40181.0,
"mean": 1533151857247285.5,
"mean_diff": 20125.529045643154,
"min": 1533151847551368,
"min_diff": 13315.0,
"std": 5617616.908633138,
"std_diff": 1710.2592564462514
},
"vel": {
"max": 8.090796534795624,
"max_diff": 0.0,
"mean": 2.057264491975557,
"mean_diff": -3.0858967379633357,
"min": 0.0,
"min_diff": -8.090796534795624,
"std": 2.9700075600258424,
"std_diff": 3.1713032758565363
}
}
},
"SteerAngleFeedback": {
"message_count": 1870,
"message_freq": 96.37892523788845,
"timespan": 19.402582,
"var_stats": {
"utime": {
"max": 1533151866968595,
"max_diff": 33304.0,
"mean": 1533151857255323.2,
"mean_diff": 10381.263777421082,
"min": 1533151847566013,
"min_diff": 5148.0,
"std": 5605881.649712417,
"std_diff": 2138.397730398843
},
"value": {
"max": 1.4085526818713932,
"max_diff": 0.054105206811822626,
"mean": -0.18071053507321494,
"mean_diff": -9.338305254116276e-05,
"min": -1.6928973989225273,
"min_diff": -0.03141592653590111,
"std": 0.7783974170666659,
"std_diff": 0.007381508502347619
}
}
},
"VEHICLE_MONITOR": {
"message_count": 40,
"message_freq": 2.0513601081641157,
"timespan": 19.499258,
"var_stats": {
"available_distance": {
"max": 69,
"max_diff": 0.0,
"mean": 69.0,
"mean_diff": 0.0,
"min": 69,
"min_diff": 0.0,
"std": 0.0,
"std_diff": 0.0
},
"battery_level": {
"max": 80,
"max_diff": 0.0,
"mean": 79.625,
"mean_diff": -0.02564102564102564,
"min": 79,
"min_diff": -1.0,
"std": 0.4841229182759271,
"std_diff": 0.15806189751202507
},
"brake": {
"max": 1,
"max_diff": 1.0,
"mean": 0.025,
"mean_diff": 0.0,
"min": 0,
"min_diff": -1.0,
"std": 0.15612494995995996,
"std_diff": 0.22645540682891915
},
"brake_switch": {
"max": 4,
"max_diff": 3.0,
"mean": 1.125,
"mean_diff": 0.0,
"min": 1,
"min_diff": -3.0,
"std": 0.5092887196865841,
"std_diff": 0.7161148740394329
},
"gear_position": {
"max": 7,
"max_diff": 0.0,
"mean": 7.0,
"mean_diff": 0.0,
"min": 7,
"min_diff": 0.0,
"std": 0.0,
"std_diff": 0.0
},
"left_signal": {
"max": 0,
"max_diff": 0.0,
"mean": 0.0,
"mean_diff": 0.0,
"min": 0,
"min_diff": 0.0,
"std": 0.0,
"std_diff": 0.0
},
"rear_left_rpm": {
"max": 251.4093,
"max_diff": 9.132300000000015,
"mean": 196.0348275,
"mean_diff": -0.048115384615384435,
"min": 132.2307,
"min_diff": -15.929400000000015,
"std": 33.33017297398101,
"std_diff": 7.132138242096735
},
"rear_right_rpm": {
"max": 255.8295,
"max_diff": 13.093799999999987,
"mean": 198.9767625,
"mean_diff": -0.08340000000000003,
"min": 127.602,
"min_diff": -16.346400000000017,
"std": 34.35149048852675,
"std_diff": 8.009451181428869
},
"right_signal": {
"max": 0,
"max_diff": 0.0,
"mean": 0.0,
"mean_diff": 0.0,
"min": 0,
"min_diff": 0.0,
"std": 0.0,
"std_diff": 0.0
},
"steering": {
"max": 81.20000000000027,
"max_diff": 47.30000000000018,
"mean": -9.527499999999828,
"mean_diff": -0.20769230769230537,
"min": -96.19999999999982,
"min_diff": -31.5,
"std": 43.588129046220836,
"std_diff": 17.850912274545838
},
"steering_speed": {
"max": 131.40000000000026,
"max_diff": 131.4000000000001,
"mean": 0.4600000000003213,
"mean_diff": 0.4076923076923104,
"min": -77.69999999999963,
"min_diff": -91.5999999999999,
"std": 42.11209921150925,
"std_diff": 41.23799209600839
},
"throttle": {
"max": 242,
"max_diff": 118.0,
"mean": 132.0,
"mean_diff": 6.205128205128205,
"min": 0,
"min_diff": -63.0,
"std": 90.89664460253745,
"std_diff": 26.460594298401332
},
"utime": {
"max": 1533151867391932,
"max_diff": 501237.0,
"mean": 1533151857642460.5,
"mean_diff": 499980.9743589744,
"min": 1533151847892674,
"min_diff": 499170.0,
"std": 5771537.812551994,
"std_diff": 489.8662029354906
},
"vehicle_speed": {
"max": 28.63,
"max_diff": 1.1499999999999986,
"mean": 22.38675,
"mean_diff": -0.007179487179487118,
"min": 14.84,
"min_diff": -1.7299999999999969,
"std": 3.78466206384401,
"std_diff": 0.8224383656057455
},
"yaw_rate": {
"max": 11.900000000000034,
"max_diff": 9.5,
"mean": -1.4099999999999788,
"mean_diff": -0.0641025641025641,
"min": -16.69999999999999,
"min_diff": -6.400000000000006,
"std": 6.396045653370527,
"std_diff": 2.850864662311058
}
}
},
"ZOE_VEH_INFO": {
"message_count": 1917,
"message_freq": 98.7963033587651,
"timespan": 19.40356,
"var_stats": {
"FL_wheel_speed": {
"max": 254.7036,
"max_diff": 3.0441000000000145,
"mean": 195.18097214397494,
"mean_diff": -0.0050057411273486474,
"min": 132.0222,
"min_diff": -5.337599999999981,
"std": 32.62303859791625,
"std_diff": 0.5628285838976346
},
"FR_wheel_speed": {
"max": 254.9121,
"max_diff": 14.928599999999989,
"mean": 194.0932046948357,
"mean_diff": -0.005723956158663892,
"min": 125.934,
"min_diff": -10.049700000000001,
"std": 32.923465162505885,
"std_diff": 0.7895684219223021
},
"RL_wheel_speed": {
"max": 255.16230000000002,
"max_diff": 7.923000000000002,
"mean": 194.43833364632238,
"mean_diff": -0.0063333507306889405,
"min": 131.0631,
"min_diff": -7.214100000000002,
"std": 32.665987331883464,
"std_diff": 0.7113390176173422
},
"RR_wheel_speed": {
"max": 259.1238,
"max_diff": 7.672799999999995,
"mean": 197.1102442879499,
"mean_diff": -0.0063333507306889405,
"min": 127.3518,
"min_diff": -8.631900000000002,
"std": 33.597526596315156,
"std_diff": 0.6973729671282486
},
"left_solar": {
"max": 0,
"max_diff": 0.0,
"mean": 0.0,
"mean_diff": 0.0,
"min": 0,
"min_diff": 0.0,
"std": 0.0,
"std_diff": 0.0
},
"longitudinal_accel": {
"max": 1.0500000000000007,
"max_diff": 1.1500000000000004,
"mean": -0.03570683359415688,
"mean_diff": 0.00039144050104384135,
"min": -1.25,
"min_diff": -1.0999999999999996,
"std": 0.5086950621644212,
"std_diff": 0.0918301691629098
},
"meanEffTorque": {
"max": 48.0,
"max_diff": 4.5,
"mean": 6.9567031820552945,
"mean_diff": 0.029227557411273485,
"min": -65.0,
"min_diff": -3.0,
"std": 30.777368796377424,
"std_diff": 0.3752961647361205
},
"odom": {
"max": 120,