{
"MS_IMU": {
"message_count": 1936,
"message_freq": 99.73916354080212,
"timespan": 19.41063,
"var_stats": {
"linear_accel": {
"max": 9.87075424194336,
"max_diff": 9.829179055988789,
"mean": 3.2605935985407823,
"mean_diff": 4.944071463912953,
"min": -0.1556914895772934,
"min_diff": 0.06300867721438408,
"std": 4.626897944980359,
"std_diff": 4.796266965764454
},
"q": {
"max": 0.00022259056277107447,
"max_diff": 0.8839724873250816,
"mean": -0.33954374553134226,
"mean_diff": 0.13845323403327425,
"min": -0.8837670683860779,
"min_diff": -0.46332743717357516,
"std": 0.36702869284275874,
"std_diff": 0.5586883100442416
},
"rotation_rate": {
"max": 0.004643596708774567,
"max_diff": 0.005851725698448718,
"mean": -1.4400984437675511e-05,
"mean_diff": -0.0001516196788361888,
"min": -0.0029840252827852964,
"min_diff": -0.005031061125919223,
"std": 0.0008669887528509521,
"std_diff": 0.0012826458356928019
},
"utime": {
"max": 1532708336459692,
"max_diff": 23013.0,
"mean": 1532708326751841.8,
"mean_diff": 10031.333333333334,
"min": 1532708317049062,
"min_diff": 2888.0,
"std": 5611590.187653291,
"std_diff": 4847.929445231557
}
}
},
"POSE": {
"message_count": 964,
"message_freq": 49.69278108226754,
"timespan": 19.399196,
"var_stats": {
"accel": {
"max": 9.815693165897688,
"max_diff": 9.757022224071887,
"mean": 3.260672474380221,
"mean_diff": 4.944033424210654,
"min": -0.10446070595349922,
"min_diff": 0.12494748783076448,
"std": 4.626836125696609,
"std_diff": 4.796220800873145
},
"orientation": {
"max": 0.9609318028927599,
"max_diff": 0.9609318028927599,
"mean": 0.30944532021100324,
"mean_diff": 0.22801011135209234,
"min": 0.0,
"min_diff": -0.27698825951651845,
"std": 0.39273858201036177,
"std_diff": 0.5304193835584629
},
"pos": {
"max": 1519.992904928201,
"max_diff": 938.0958311592535,
"mean": 700.6299852869324,
"mean_diff": -290.9485346043081,
"min": 0.0,
"min_diff": -1519.992904928201,
"std": 626.1883225189546,
"std_diff": 1229.0443520478732
},
"rotation_rate": {
"max": 0.003649680409580469,
"max_diff": 0.004133938113227487,
"mean": -1.6099423989337203e-05,
"mean_diff": -0.00016622775890738357,
"min": -0.0029840252827852964,
"min_diff": -0.005031061125919223,
"std": 0.0008764879621844194,
"std_diff": 0.0012976437954410603
},
"utime": {
"max": 1532708336449081,
"max_diff": 40539.0,
"mean": 1532708326751678.8,
"mean_diff": 20144.544132917963,
"min": 1532708317049885,
"min_diff": 11943.0,
"std": 5618565.276376477,
"std_diff": 1923.0008456071912
},
"vel": {
"max": 6.243374573361018e-187,
"max_diff": 0.0,
"mean": 6.404375568819529e-190,
"mean_diff": -9.606563353229293e-190,
"min": 0.0,
"min_diff": -6.243374573361018e-187,
"std": 0.0,
"std_diff": 0.0
}
}
},
"SteerAngleFeedback": {
"message_count": 1913,
"message_freq": 98.59079075431747,
"timespan": 19.403435,
"var_stats": {
"utime": {
"max": 1532708336452231,
"max_diff": 30791.0,
"mean": 1532708326735645.0,
"mean_diff": 10148.240062761506,
"min": 1532708317048796,
"min_diff": 102.0,
"std": 5602046.487166496,
"std_diff": 1594.955306690624
},
"value": {
"max": -0.03308928027592152,
"max_diff": 0.001745329252000688,
"mean": -0.052416543670722154,
"mean_diff": 1.5518094813755452e-05,
"min": -0.06799586531580812,
"min_diff": -0.001745329252000681,
"std": 0.014437236735547528,
"std_diff": 0.0006923211528407689
}
}
},
"VEHICLE_MONITOR": {
"message_count": 40,
"message_freq": 2.0512974097139396,
"timespan": 19.499854,
"var_stats": {
"available_distance": {
"max": 28,
"max_diff": 0.0,
"mean": 28.0,
"mean_diff": 0.0,
"min": 28,
"min_diff": 0.0,
"std": 0.0,
"std_diff": 0.0
},
"battery_level": {
"max": 36,
"max_diff": 0.0,
"mean": 36.0,
"mean_diff": 0.0,
"min": 36,
"min_diff": 0.0,
"std": 0.0,
"std_diff": 0.0
},
"brake": {
"max": 20,
"max_diff": 3.0,
"mean": 17.9,
"mean_diff": 0.05128205128205128,
"min": 16,
"min_diff": -1.0,
"std": 1.0677078252031311,
"std_diff": 0.5523245956035389
},
"brake_switch": {
"max": 4,
"max_diff": 0.0,
"mean": 4.0,
"mean_diff": 0.0,
"min": 4,
"min_diff": 0.0,
"std": 0.0,
"std_diff": 0.0
},
"gear_position": {
"max": 7,
"max_diff": 0.0,
"mean": 7.0,
"mean_diff": 0.0,
"min": 7,
"min_diff": 0.0,
"std": 0.0,
"std_diff": 0.0
},
"left_signal": {
"max": 0,
"max_diff": 0.0,
"mean": 0.0,
"mean_diff": 0.0,
"min": 0,
"min_diff": 0.0,
"std": 0.0,
"std_diff": 0.0
},
"rear_left_rpm": {
"max": 0.0,
"max_diff": 0.0,
"mean": 0.0,
"mean_diff": 0.0,
"min": 0.0,
"min_diff": 0.0,
"std": 0.0,
"std_diff": 0.0
},
"rear_right_rpm": {
"max": 0.0,
"max_diff": 0.0,
"mean": 0.0,
"mean_diff": 0.0,
"min": 0.0,
"min_diff": 0.0,
"std": 0.0,
"std_diff": 0.0
},
"right_signal": {
"max": 0,
"max_diff": 0.0,
"mean": 0.0,
"mean_diff": 0.0,
"min": 0,
"min_diff": 0.0,
"std": 0.0,
"std_diff": 0.0
},
"steering": {
"max": -1.3999999999996362,
"max_diff": 1.300000000000182,
"mean": -2.374999999999909,
"mean_diff": 0.043589743589738925,
"min": -3.199999999999818,
"min_diff": -0.1000000000003638,
"std": 0.8245453292572251,
"std_diff": 0.2121862652879964
},
"steering_speed": {
"max": 9.900000000000272,
"max_diff": 9.900000000000091,
"mean": 0.19500000000018575,
"mean_diff": 0.0,
"min": -1.9999999999998188,
"min_diff": -9.900000000000091,
"std": 1.643920618521482,
"std_diff": 2.3709783764384214
},
"throttle": {
"max": 0,
"max_diff": 0.0,
"mean": 0.0,
"mean_diff": 0.0,
"min": 0,
"min_diff": 0.0,
"std": 0.0,
"std_diff": 0.0
},
"utime": {
"max": 1532708336787570,
"max_diff": 506228.0,
"mean": 1532708327038082.5,
"mean_diff": 499996.25641025644,
"min": 1532708317287716,
"min_diff": 494286.0,
"std": 5771807.779573294,
"std_diff": 1441.6802290978846
},
"vehicle_speed": {
"max": 0.0,
"max_diff": 0.0,
"mean": 0.0,
"mean_diff": 0.0,
"min": 0.0,
"min_diff": 0.0,
"std": 0.0,
"std_diff": 0.0
},
"yaw_rate": {
"max": 2.842170943040401e-14,
"max_diff": 0.20000000000001705,
"mean": -0.10749999999997187,
"mean_diff": -0.0025641025641024184,
"min": -0.19999999999998863,
"min_diff": -0.20000000000001705,
"std": 0.06077622890572237,
"std_diff": 0.08911870357427944
}
}
},
"ZOE_VEH_INFO": {
"message_count": 1930,
"message_freq": 99.48466941244354,
"timespan": 19.399974,
"var_stats": {
"FL_wheel_speed": {
"max": 0.0,
"max_diff": 0.0,
"mean": 0.0,
"mean_diff": 0.0,
"min": 0.0,
"min_diff": 0.0,
"std": 0.0,
"std_diff": 0.0
},
"FR_wheel_speed": {
"max": 0.0,
"max_diff": 0.0,
"mean": 0.0,
"mean_diff": 0.0,
"min": 0.0,
"min_diff": 0.0,
"std": 0.0,
"std_diff": 0.0
},
"RL_wheel_speed": {
"max": 0.0,
"max_diff": 0.0,
"mean": 0.0,
"mean_diff": 0.0,
"min": 0.0,
"min_diff": 0.0,
"std": 0.0,
"std_diff": 0.0
},
"RR_wheel_speed": {
"max": 0.0,
"max_diff": 0.0,
"mean": 0.0,
"mean_diff": 0.0,
"min": 0.0,
"min_diff": 0.0,
"std": 0.0,
"std_diff": 0.0
},
"left_solar": {
"max": -112,
"max_diff": 0.0,
"mean": -112.0,
"mean_diff": 0.0,
"min": -112,
"min_diff": 0.0,
"std": 0.0,
"std_diff": 0.0
},
"longitudinal_accel": {
"max": -0.09999999999999964,
"max_diff": 0.05000000000000071,
"mean": -0.1379533678756465,
"mean_diff": 0.0,
"min": -0.1999999999999993,
"min_diff": -0.05000000000000071,
"std": 0.021623435318622194,
"std_diff": 0.01945339101494351
},
"meanEffTorque": {
"max": 0.0,
"max_diff": 0.0,
"mean": 0.0,
"mean_diff": 0.0,
"min": 0.0,
"min_diff": 0.0,
"std": 0.0,
"std_diff": 0.0
},
"odom": {
"max": 40,
"max_diff": 0.0,
"mean": 40.0,
"mean_diff": 0.0,
"min": 40,
"min_diff": 0.0,
"std": 0.0,
"std_diff": 0.0
},
"odom_speed": {
"max": 0.0,
"max_diff": 0.0,
"mean": 0.0,
"mean_diff": 0.0,
"min": 0.0,
"min_diff": 0.0,
"std": 0.0,
"std_diff": 0.0
},
"pedal_cc": {
"max": 0.0,
"max_diff": 0.0,
"mean": 0.0,
"mean_diff": 0.0,
"min": 0.0,
"min_diff": 0.0,
"std": 0.0,
"std_diff": 0.0
},
"regen": {
"max": 0.0,
"max_diff": 0.0,
"mean": 0.0,
"mean_diff": 0.0,
"min": 0.0,
"min_diff": 0.0,
"std": 0.0,
"std_diff": 0.0
},
"requestedTorqueAfterProc": {
"max": -382.5,
"max_diff": 0.0,
"mean": -382.5,
"mean_diff": 0.0,
"min": -382.5,
"min_diff": 0.0,
"std": 0.0,
"std_diff": 0.0
},
"right_solar": {
"max": 100,
"max_diff": 0.0,
"mean": 76.91709844559585,
"mean_diff": -0.02592016588906169,
"min": 50,
"min_diff": -50.0,