{
"MS_IMU": {
"message_count": 1903,
"message_freq": 99.89703728380009,
"timespan": 19.049614,
"var_stats": {
"linear_accel": {
"max": 13.066360473632812,
"max_diff": 12.74945443868637,
"mean": 3.200362144914711,
"mean_diff": 4.970381415527417,
"min": -2.779303550720215,
"min_diff": -3.655486226081848,
"std": 4.696782752005493,
"std_diff": 4.926637321382844
},
"q": {
"max": 0.9646590948104858,
"max_diff": 0.02950049564242363,
"mean": 0.047775877134368684,
"mean_diff": -0.4585192262458183,
"min": -0.6997972726821899,
"min_diff": -0.9674125052988529,
"std": 0.4977122497987125,
"std_diff": 0.3626697972135077
},
"rotation_rate": {
"max": 0.2712557017803192,
"max_diff": 0.2790342168882489,
"mean": 0.01814915253566431,
"mean_diff": 0.025633430534317582,
"min": -0.09299508482217789,
"min_diff": -0.12941662222146988,
"std": 0.05512652919323689,
"std_diff": 0.06731146564698004
},
"utime": {
"max": 1533153477450592,
"max_diff": 22637.0,
"mean": 1533153467929833.5,
"mean_diff": 10015.569926393271,
"min": 1533153458400978,
"min_diff": 2912.0,
"std": 5500672.159716578,
"std_diff": 4506.93176751019
}
}
},
"POSE": {
"message_count": 946,
"message_freq": 49.6358950002487,
"timespan": 19.058788,
"var_stats": {
"accel": {
"max": 10.404517978796644,
"max_diff": 10.637285961468729,
"mean": 3.201065419132754,
"mean_diff": 4.968060164064733,
"min": -1.8278598392824785,
"min_diff": -0.8212104596993524,
"std": 4.691356744208894,
"std_diff": 4.9230215353355975
},
"orientation": {
"max": 0.9999354455794501,
"max_diff": 0.4990122118064268,
"mean": 0.2781079196960583,
"mean_diff": -0.2771984929063214,
"min": 0.0,
"min_diff": -0.9999354455794501,
"std": 0.4155189345894249,
"std_diff": 0.5064526916344679
},
"pos": {
"max": 2130.8132948836,
"max_diff": -872.6723559180211,
"mean": 990.3818433263235,
"mean_diff": -1047.2519064021362,
"min": 0.0,
"min_diff": -1241.1969721186986,
"std": 859.0108280477798,
"std_diff": 171.56784278770309
},
"rotation_rate": {
"max": 0.27030616998672485,
"max_diff": 0.27426982298493385,
"mean": 0.018010506878427004,
"mean_diff": 0.02541883848432621,
"min": -0.09222221374511719,
"min_diff": -0.11720107309520245,
"std": 0.05488035765835422,
"std_diff": 0.06689986043674684
},
"utime": {
"max": 1533153477464108,
"max_diff": 40426.0,
"mean": 1533153467933434.0,
"mean_diff": 20168.02962962963,
"min": 1533153458405320,
"min_diff": 11083.0,
"std": 5511341.963511794,
"std_diff": 1949.8309027673745
},
"vel": {
"max": 8.714679618617781,
"max_diff": 0.0,
"mean": 1.87483581656842,
"mean_diff": -2.81225372485263,
"min": 0.0,
"min_diff": -8.714679618617781,
"std": 2.9467876040144962,
"std_diff": 3.2232093897921708
}
}
},
"SteerAngleFeedback": {
"message_count": 1857,
"message_freq": 97.46665939559438,
"timespan": 19.052669,
"var_stats": {
"utime": {
"max": 1533153477452739,
"max_diff": 30729.0,
"mean": 1533153467906701.5,
"mean_diff": 10265.446659482759,
"min": 1533153458400070,
"min_diff": 5795.0,
"std": 5503157.985839364,
"std_diff": 1839.4328083466464
},
"value": {
"max": 3.384265395128971,
"max_diff": 0.038397243543879966,
"mean": 0.6624089188717881,
"mean_diff": 8.181230868723682e-05,
"min": -0.06974119456780085,
"min_diff": -0.04188790204786552,
"std": 1.1294192724423444,
"std_diff": 0.0071454710132827
}
}
},
"VEHICLE_MONITOR": {
"message_count": 39,
"message_freq": 2.0526400055747596,
"timespan": 18.999922,
"var_stats": {
"available_distance": {
"max": 65,
"max_diff": 0.0,
"mean": 65.0,
"mean_diff": 0.0,
"min": 65,
"min_diff": 0.0,
"std": 0.0,
"std_diff": 0.0
},
"battery_level": {
"max": 74,
"max_diff": 0.0,
"mean": 74.0,
"mean_diff": 0.0,
"min": 74,
"min_diff": 0.0,
"std": 0.0,
"std_diff": 0.0
},
"brake": {
"max": 16,
"max_diff": 10.0,
"mean": 1.435897435897436,
"mean_diff": 0.0,
"min": 0,
"min_diff": -9.0,
"std": 3.8683122391068934,
"std_diff": 2.492092758263519
},
"brake_switch": {
"max": 4,
"max_diff": 3.0,
"mean": 1.4871794871794872,
"mean_diff": 0.07894736842105263,
"min": 1,
"min_diff": -3.0,
"std": 1.0830108759970705,
"std_diff": 0.7739705878869865
},
"gear_position": {
"max": 7,
"max_diff": 0.0,
"mean": 7.0,
"mean_diff": 0.0,
"min": 7,
"min_diff": 0.0,
"std": 0.0,
"std_diff": 0.0
},
"left_signal": {
"max": 1,
"max_diff": 1.0,
"mean": 0.46153846153846156,
"mean_diff": 0.0,
"min": 0,
"min_diff": -1.0,
"std": 0.49851851526214314,
"std_diff": 0.7254762501100116
},
"rear_left_rpm": {
"max": 274.803,
"max_diff": 16.09620000000001,
"mean": 173.48162307692306,
"mean_diff": -3.1779789473684215,
"min": 61.2156,
"min_diff": -28.481100000000012,
"std": 70.93628224539752,
"std_diff": 11.336944758577175
},
"rear_right_rpm": {
"max": 280.3908,
"max_diff": 14.928599999999989,
"mean": 179.09294615384619,
"mean_diff": -3.1911473684210527,
"min": 68.2212,
"min_diff": -28.731300000000005,
"std": 69.67088534409605,
"std_diff": 11.255482737776637
},
"right_signal": {
"max": 0,
"max_diff": 0.0,
"mean": 0.0,
"mean_diff": 0.0,
"min": 0,
"min_diff": 0.0,
"std": 0.0,
"std_diff": 0.0
},
"steering": {
"max": 194.5,
"max_diff": 55.79999999999973,
"mean": 37.923076923077076,
"mean_diff": 0.1605263157894713,
"min": -3.299999999999727,
"min_diff": -52.19999999999982,
"std": 63.92856775454871,
"std_diff": 18.706114107054642
},
"steering_speed": {
"max": 85.60000000000055,
"max_diff": 43.80000000000018,
"mean": -0.5435897435894643,
"mean_diff": -0.2631578947368421,
"min": -85.69999999999963,
"min_diff": -55.70000000000027,
"std": 35.82903703431129,
"std_diff": 22.219875183843804
},
"throttle": {
"max": 272,
"max_diff": 80.0,
"mean": 76.76923076923077,
"mean_diff": -4.7368421052631575,
"min": 0,
"min_diff": -166.0,
"std": 103.21808168430458,
"std_diff": 43.86323494113703
},
"utime": {
"max": 1533153477848914,
"max_diff": 500780.0,
"mean": 1533153468348877.8,
"mean_diff": 499997.94736842107,
"min": 1533153458848992,
"min_diff": 499251.0,
"std": 5627115.608824476,
"std_diff": 393.60927375737936
},
"vehicle_speed": {
"max": 31.34,
"max_diff": 1.790000000000001,
"mean": 20.026410256410255,
"mean_diff": -0.35552631578947375,
"min": 7.47,
"min_diff": -3.160000000000002,
"std": 7.885240183708206,
"std_diff": 1.2523361272530906
},
"yaw_rate": {
"max": 14.500000000000028,
"max_diff": 2.8000000000000114,
"mean": 2.728205128205154,
"mean_diff": 0.010526315789473833,
"min": -0.5999999999999659,
"min_diff": -4.400000000000006,
"std": 4.5704148225549615,
"std_diff": 1.4348646504451041
}
}
},
"ZOE_VEH_INFO": {
"message_count": 1897,
"message_freq": 99.5768953047368,
"timespan": 19.050604,
"var_stats": {
"FL_wheel_speed": {
"max": 275.9706,
"max_diff": 7.714500000000015,
"mean": 175.87927923036372,
"mean_diff": -0.05485221518987341,
"min": 61.4658,
"min_diff": -7.214100000000002,
"std": 71.90955226445857,
"std_diff": 0.5923056652897503
},
"FR_wheel_speed": {
"max": 275.7204,
"max_diff": 14.052899999999994,
"mean": 178.1112953610965,
"mean_diff": -0.05485221518987341,
"min": 67.7625,
"min_diff": -14.052899999999994,
"std": 69.29793259255463,
"std_diff": 0.8420892948878478
},
"RL_wheel_speed": {
"max": 275.7204,
"max_diff": 12.8853,
"mean": 175.18585461254614,
"mean_diff": -0.05485221518987341,
"min": 60.5067,
"min_diff": -13.552500000000009,
"std": 72.24378730426106,
"std_diff": 0.8298501313117512
},
"RR_wheel_speed": {
"max": 280.84950000000003,
"max_diff": 14.97029999999998,
"mean": 180.8998976805482,
"mean_diff": -0.055204113924050634,
"min": 67.7625,
"min_diff": -10.758600000000001,
"std": 70.92395720418682,
"std_diff": 0.79175295730074
},
"left_solar": {
"max": 0,
"max_diff": 0.0,
"mean": 0.0,
"mean_diff": 0.0,
"min": 0,
"min_diff": 0.0,
"std": 0.0,
"std_diff": 0.0
},
"longitudinal_accel": {
"max": 1.0500000000000007,
"max_diff": 2.1500000000000004,
"mean": -0.19293621507643588,
"mean_diff": -0.0005801687763713078,
"min": -2.1999999999999993,
"min_diff": -1.8000000000000007,
"std": 0.6832626407214145,
"std_diff": 0.11981737557040348
},
"meanEffTorque": {
"max": 66.0,
"max_diff": 3.5,
"mean": 2.5940959409594098,
"mean_diff": -0.04430379746835443,
"min": -56.0,
"min_diff": -2.5,