{
"MS_IMU": {
"message_count": 1932,
"message_freq": 99.85083876513455,
"timespan": 19.348861,
"var_stats": {
"linear_accel": {
"max": 12.264120101928711,
"max_diff": 14.13087797164917,
"mean": 3.365098082427036,
"mean_diff": 4.717712749371189,
"min": -2.149984836578369,
"min_diff": -2.27787184715271,
"std": 4.572871299582113,
"std_diff": 5.144527519360851
},
"q": {
"max": 0.9999943971633911,
"max_diff": 0.3899683877825737,
"mean": 0.29269822734551004,
"mean_diff": -0.25381076867278857,
"min": -0.1662048101425171,
"min_diff": -1.0028075168374926,
"std": 0.405373611126824,
"std_diff": 0.5187249958580749
},
"rotation_rate": {
"max": 0.34886205196380615,
"max_diff": 0.36561029590666294,
"mean": 0.010198308165707352,
"mean_diff": 0.014549430932652426,
"min": -0.11164136976003647,
"min_diff": -0.14641700685024261,
"std": 0.07452893126017482,
"std_diff": 0.08940947386070508
},
"utime": {
"max": 1533114286049887,
"max_diff": 22064.0,
"mean": 1533114276383960.0,
"mean_diff": 10020.124805800104,
"min": 1533114266701026,
"min_diff": 2886.0,
"std": 5590790.746947291,
"std_diff": 4721.331312398044
}
}
},
"POSE": {
"message_count": 964,
"message_freq": 49.79813159889816,
"timespan": 19.358156,
"var_stats": {
"accel": {
"max": 10.40066620185927,
"max_diff": 11.24782110290926,
"mean": 3.3694407994032805,
"mean_diff": 4.712575385936971,
"min": -0.9074040443954237,
"min_diff": -1.4364851383253603,
"std": 4.563313681823719,
"std_diff": 5.136369876178096
},
"orientation": {
"max": 0.9262898069771055,
"max_diff": 0.9262898069771055,
"mean": 0.3415089082301619,
"mean_diff": 0.09655781976055965,
"min": 0.0,
"min_diff": -0.8204885812087458,
"std": 0.3652008565152098,
"std_diff": 0.569218693277391
},
"pos": {
"max": 798.336576587999,
"max_diff": 524.2225581958337,
"mean": 346.05442177418496,
"mean_diff": -154.66249059836002,
"min": 0.0,
"min_diff": -798.336576587999,
"std": 299.64483149879624,
"std_diff": 576.1421327359826
},
"rotation_rate": {
"max": 0.34886205196380615,
"max_diff": 0.3655259869992733,
"mean": 0.010231926864820013,
"mean_diff": 0.014737654013055159,
"min": -0.11164136976003647,
"min_diff": -0.14338469505310059,
"std": 0.07459820387767505,
"std_diff": 0.08941841273355217
},
"utime": {
"max": 1533114286056828,
"max_diff": 40350.0,
"mean": 1533114276360756.8,
"mean_diff": 20101.92731048806,
"min": 1533114266698672,
"min_diff": 15956.0,
"std": 5595502.776563218,
"std_diff": 1548.0703524412963
},
"vel": {
"max": 9.07429924271296,
"max_diff": 0.0,
"mean": 2.2344564356476555,
"mean_diff": -3.3516846534714833,
"min": 0.0,
"min_diff": -9.07429924271296,
"std": 3.4824808302626855,
"std_diff": 3.8009094211274235
}
}
},
"SteerAngleFeedback": {
"message_count": 1898,
"message_freq": 98.12004475680187,
"timespan": 19.343652,
"var_stats": {
"utime": {
"max": 1533114286054715,
"max_diff": 40133.0,
"mean": 1533114276360424.5,
"mean_diff": 10196.969952556668,
"min": 1533114266711063,
"min_diff": 129.0,
"std": 5587274.221368135,
"std_diff": 1775.399478132079
},
"value": {
"max": 3.832743037379546,
"max_diff": 0.02617993877991509,
"mean": 0.6040144990371327,
"mean_diff": -0.0008768048377177603,
"min": -0.2897246558310571,
"min_diff": -0.024434609527922202,
"std": 1.312222175061538,
"std_diff": 0.006492723069445958
}
}
},
"VEHICLE_MONITOR": {
"message_count": 40,
"message_freq": 2.051322762149177,
"timespan": 19.499613,
"var_stats": {
"available_distance": {
"max": 90,
"max_diff": 0.0,
"mean": 89.175,
"mean_diff": -0.02564102564102564,
"min": 89,
"min_diff": -1.0,
"std": 0.3799671038392666,
"std_diff": 0.15806189751202507
},
"battery_level": {
"max": 58,
"max_diff": 0.0,
"mean": 58.0,
"mean_diff": 0.0,
"min": 58,
"min_diff": 0.0,
"std": 0.0,
"std_diff": 0.0
},
"brake": {
"max": 0,
"max_diff": 0.0,
"mean": 0.0,
"mean_diff": 0.0,
"min": 0,
"min_diff": 0.0,
"std": 0.0,
"std_diff": 0.0
},
"brake_switch": {
"max": 1,
"max_diff": 0.0,
"mean": 1.0,
"mean_diff": 0.0,
"min": 1,
"min_diff": 0.0,
"std": 0.0,
"std_diff": 0.0
},
"gear_position": {
"max": 7,
"max_diff": 0.0,
"mean": 7.0,
"mean_diff": 0.0,
"min": 7,
"min_diff": 0.0,
"std": 0.0,
"std_diff": 0.0
},
"left_signal": {
"max": 1,
"max_diff": 1.0,
"mean": 0.075,
"mean_diff": 0.0,
"min": 0,
"min_diff": -1.0,
"std": 0.26339134382131846,
"std_diff": 0.32025630761017426
},
"rear_left_rpm": {
"max": 287.6049,
"max_diff": 18.2229,
"mean": 212.747145,
"mean_diff": 5.182561538461537,
"min": 20.8083,
"min_diff": -12.13470000000001,
"std": 79.22890512052703,
"std_diff": 8.974037093624666
},
"rear_right_rpm": {
"max": 284.1438,
"max_diff": 20.141099999999998,
"mean": 214.0513125,
"mean_diff": 5.104507692307693,
"min": 22.1844,
"min_diff": -9.799500000000023,
"std": 74.83654353106571,
"std_diff": 8.613202912832898
},
"right_signal": {
"max": 0,
"max_diff": 0.0,
"mean": 0.0,
"mean_diff": 0.0,
"min": 0,
"min_diff": 0.0,
"std": 0.0,
"std_diff": 0.0
},
"steering": {
"max": 219.5,
"max_diff": 33.59999999999991,
"mean": 32.58000000000004,
"mean_diff": -2.782051282051282,
"min": -16.09999999999991,
"min_diff": -47.0,
"std": 74.3391020930439,
"std_diff": 16.688117556726212
},
"steering_speed": {
"max": 71.70000000000046,
"max_diff": 91.59999999999991,
"mean": -5.4149999999997345,
"mean_diff": -1.2256410256410304,
"min": -109.59999999999972,
"min_diff": -49.899999999999636,
"std": 39.0115595048442,
"std_diff": 23.503580937737542
},
"throttle": {
"max": 210,
"max_diff": 22.0,
"mean": 114.85,
"mean_diff": -3.3846153846153846,
"min": 0,
"min_diff": -66.0,
"std": 73.34423971928538,
"std_diff": 14.612280372090586
},
"utime": {
"max": 1533114286512739,
"max_diff": 501021.0,
"mean": 1533114276762808.0,
"mean_diff": 499990.07692307694,
"min": 1533114267013126,
"min_diff": 499330.0,
"std": 5771617.64815004,
"std_diff": 372.23251519029276
},
"vehicle_speed": {
"max": 32.67,
"max_diff": 2.2500000000000004,
"mean": 24.34225,
"mean_diff": 0.5992307692307691,
"min": 2.15,
"min_diff": -1.1300000000000026,
"std": 8.79921260326741,
"std_diff": 0.9782962285770739
},
"yaw_rate": {
"max": 19.400000000000034,
"max_diff": 4.699999999999989,
"mean": 1.2825000000000208,
"mean_diff": -0.09743589743589773,
"min": -4.199999999999989,
"min_diff": -4.899999999999977,
"std": 6.969895533650416,
"std_diff": 1.965273802218339
}
}
},
"ZOE_VEH_INFO": {
"message_count": 1928,
"message_freq": 99.66148694008066,
"timespan": 19.345487,
"var_stats": {
"FL_wheel_speed": {
"max": 289.7316,
"max_diff": 20.59979999999996,
"mean": 212.83052769709545,
"mean_diff": 0.11250560456668396,
"min": 10.299900000000001,
"min_diff": -17.5557,
"std": 80.93315827484487,
"std_diff": 1.189442919890644
},
"FR_wheel_speed": {
"max": 287.8551,
"max_diff": 9.340800000000002,
"mean": 213.75266436721992,
"mean_diff": 0.11228920601971978,
"min": 10.7169,
"min_diff": -9.799499999999995,
"std": 76.68726749809224,
"std_diff": 0.8674218220997469
},
"RL_wheel_speed": {
"max": 290.1903,
"max_diff": 17.513999999999953,
"mean": 211.51606929460584,
"mean_diff": 0.11371743642968346,
"min": 9.1323,
"min_diff": -13.802700000000016,
"std": 81.31956594655075,
"std_diff": 1.0644342706726055
},
"RR_wheel_speed": {
"max": 287.1462,
"max_diff": 15.42900000000003,
"mean": 212.86878874481326,
"mean_diff": 0.11311152049818371,
"min": 9.8412,
"min_diff": -19.39050000000003,
"std": 77.17083002545682,
"std_diff": 1.1587204538110332
},
"left_solar": {
"max": 0,
"max_diff": 0.0,
"mean": 0.0,
"mean_diff": 0.0,
"min": 0,
"min_diff": 0.0,
"std": 0.0,
"std_diff": 0.0
},
"longitudinal_accel": {
"max": 1.5,
"max_diff": 1.8000000000000007,
"mean": 0.3889782157676355,
"mean_diff": -0.0006746237675142713,
"min": -1.25,
"min_diff": -1.3499999999999996,
"std": 0.52591714352082,
"std_diff": 0.13533506630132774
},
"meanEffTorque": {
"max": 93.0,
"max_diff": 1.5,
"mean": 30.227178423236513,
"mean_diff": -0.05033731188375713,
"min": -29.0,
"min_diff": -1.0,
"std": 34.122916666534174,
"std_diff": 0.2045376280305688
},
"odom": {
"max": 124,
"max_diff": 88.0,
"mean": 80.24688796680498,
"mean_diff": 0.0041515308770108976,
"min": 4,
"min_diff": -108.0,