{
"MS_IMU": {
"message_count": 1950,
"message_freq": 99.99329275759348,
"timespan": 19.501308,
"var_stats": {
"linear_accel": {
"max": 11.719118118286133,
"max_diff": 13.18105673789978,
"mean": 3.2117847019095014,
"mean_diff": 4.793104815147578,
"min": -2.6698434352874756,
"min_diff": -3.1511047780513763,
"std": 4.700194129690794,
"std_diff": 5.481365432943387
},
"q": {
"max": 0.9999930262565613,
"max_diff": 1.0104011707007885,
"mean": 0.28307431267227245,
"mean_diff": 0.26580774555191733,
"min": -0.40092551708221436,
"min_diff": -0.3086869673570618,
"std": 0.412151611550827,
"std_diff": 0.510433915902901
},
"rotation_rate": {
"max": 0.06848395615816116,
"max_diff": 0.09633158519864082,
"mean": -0.024058907263076714,
"mean_diff": -0.03716043092135899,
"min": -0.3336634039878845,
"min_diff": -0.3868522197008133,
"std": 0.07008801426096326,
"std_diff": 0.08389052799949416
},
"utime": {
"max": 1537293315821730,
"max_diff": 25902.0,
"mean": 1537293306056288.0,
"mean_diff": 10005.801949717805,
"min": 1537293296320422,
"min_diff": 1907.0,
"std": 5632522.989369851,
"std_diff": 5345.259666353479
}
}
},
"POSE": {
"message_count": 972,
"message_freq": 49.85025690576071,
"timespan": 19.498395,
"var_stats": {
"accel": {
"max": 10.520136623299937,
"max_diff": 12.591594778701374,
"mean": 3.210984182828832,
"mean_diff": 4.794108464978987,
"min": -2.4250526678692657,
"min_diff": -2.890528433281845,
"std": 4.694572746132316,
"std_diff": 5.472112477484279
},
"orientation": {
"max": 0.9300077747225974,
"max_diff": 0.0,
"mean": -0.0581996505328932,
"mean_diff": -0.45349294602045864,
"min": -0.8915226659331921,
"min_diff": -0.9300077747225974,
"std": 0.4966012491706491,
"std_diff": 0.3573198584504067
},
"pos": {
"max": 1764.3157464614042,
"max_diff": -533.0971095551722,
"mean": 967.7102924348634,
"mean_diff": -870.1961158805306,
"min": 0.0,
"min_diff": -1221.787887739791,
"std": 724.1982719641753,
"std_diff": 294.03853683145707
},
"rotation_rate": {
"max": 0.06804616004228592,
"max_diff": 0.09633158519864082,
"mean": -0.024004085564849224,
"mean_diff": -0.03708207562682526,
"min": -0.3336634039878845,
"min_diff": -0.3868522197008133,
"std": 0.06998051995594017,
"std_diff": 0.08390489129969646
},
"utime": {
"max": 1537293315801148,
"max_diff": 39959.0,
"mean": 1537293306051989.0,
"mean_diff": 20080.736354273944,
"min": 1537293296302753,
"min_diff": 17697.0,
"std": 5636307.5548597835,
"std_diff": 1352.5502358816914
},
"vel": {
"max": 8.719736011928921,
"max_diff": 0.0,
"mean": 2.4710350371582672,
"mean_diff": -3.706552555737401,
"min": 0.0,
"min_diff": -8.719736011928921,
"std": 3.5542068858797236,
"std_diff": 3.7906555192083133
}
}
},
"SteerAngleFeedback": {
"message_count": 1931,
"message_freq": 99.01112954829492,
"timespan": 19.502858,
"var_stats": {
"utime": {
"max": 1537293315809401,
"max_diff": 29988.0,
"mean": 1537293306043626.5,
"mean_diff": 10105.107772020725,
"min": 1537293296306543,
"min_diff": 3642.0,
"std": 5633306.13956786,
"std_diff": 1272.3679339600035
},
"value": {
"max": 0.0803571211037099,
"max_diff": 0.015707963267950875,
"mean": -0.5032372345509759,
"mean_diff": 0.00024326091646967679,
"min": -2.261874735072685,
"min_diff": -0.019198621771935986,
"std": 0.7194328378975575,
"std_diff": 0.004387313288275141
}
}
},
"VEHICLE_MONITOR": {
"message_count": 40,
"message_freq": 2.0512665878877736,
"timespan": 19.500147,
"var_stats": null
},
"ZOE_VEH_INFO": {
"message_count": 1944,
"message_freq": 99.64251709299721,
"timespan": 19.509744,
"var_stats": {
"FL_wheel_speed": {
"max": 276.4293,
"max_diff": 5.379300000000001,
"mean": 236.42291203703704,
"mean_diff": 0.05099289758106021,
"min": 160.25310000000002,
"min_diff": -3.752999999999986,
"std": 33.44232296706475,
"std_diff": 0.5259118765389381
},
"FR_wheel_speed": {
"max": 276.6378,
"max_diff": 4.878899999999987,
"mean": 233.1067324074074,
"mean_diff": 0.05253813690169841,
"min": 157.9596,
"min_diff": -4.170000000000016,
"std": 37.22018527115044,
"std_diff": 0.5132791444483282
},
"RL_wheel_speed": {
"max": 277.0965,
"max_diff": 5.796300000000002,
"mean": 235.46881003086418,
"mean_diff": 0.05135774575398867,
"min": 157.0422,
"min_diff": -5.796300000000002,
"std": 33.73318214915262,
"std_diff": 0.6095397893005584
},
"RR_wheel_speed": {
"max": 281.7669,
"max_diff": 3.752999999999986,
"mean": 236.49380632716048,
"mean_diff": 0.05328929490478643,
"min": 159.12720000000002,
"min_diff": -4.1699999999999875,
"std": 38.28005881161638,
"std_diff": 0.5177789723308823
},
"left_solar": {
"max": 0,
"max_diff": 0.0,
"mean": 0.0,
"mean_diff": 0.0,
"min": 0,
"min_diff": 0.0,
"std": 0.0,
"std_diff": 0.0
},
"longitudinal_accel": {
"max": 0.8500000000000014,
"max_diff": 0.40000000000000036,
"mean": 0.1745627572016468,
"mean_diff": 0.00012866700977869275,
"min": -0.8499999999999996,
"min_diff": -0.40000000000000036,
"std": 0.3005393200444983,
"std_diff": 0.06257252234300781
},
"meanEffTorque": {
"max": 51.0,
"max_diff": 4.0,
"mean": 21.62525720164609,
"mean_diff": 0.004117344312918168,
"min": -27.5,
"min_diff": -2.5,
"std": 18.173365650579143,
"std_diff": 0.3499629134424452
},
"odom": {
"max": 124,
"max_diff": 88.0,
"mean": 61.87448559670782,
"mean_diff": -0.012352032938754504,
"min": 0,
"min_diff": -80.0,
"std": 36.6138886042873,
"std_diff": 17.853981184413936
},
"odom_speed": {
"max": 31.0,
"max_diff": 1.0,
"mean": 26.198559670781894,
"mean_diff": 0.005661348430262481,
"min": 18.0,
"min_diff": -1.0,
"std": 4.048659533226611,
"std_diff": 0.1038074079984726
},
"pedal_cc": {
"max": 257.0,
"max_diff": 19.0,
"mean": 159.32664609053498,
"mean_diff": 0.011837364899639732,
"min": 0.0,
"min_diff": -22.0,
"std": 64.84634251615495,
"std_diff": 1.781810037599759
},
"regen": {
"max": 55.0,
"max_diff": 1.0,
"mean": 3.7458847736625516,
"mean_diff": 0.0,
"min": 0.0,
"min_diff": -8.0,
"std": 12.367496625301595,
"std_diff": 0.43637962197204544
},
"requestedTorqueAfterProc": {
"max": -274.5,
"max_diff": 122.0,
"mean": -349.8593106995885,
"mean_diff": 0.002058672156459084,
"min": -398.5,
"min_diff": -124.0,
"std": 24.633781376715422,
"std_diff": 3.995525789323662
},
"right_solar": {
"max": 0,
"max_diff": 0.0,
"mean": 0.0,
"mean_diff": 0.0,
"min": 0,
"min_diff": 0.0,
"std": 0.0,
"std_diff": 0.0
},
"steer_corrected": {
"max": 4.604123893064217,
"max_diff": 0.900000000000091,
"mean": -28.74196664191531,
"mean_diff": 0.013793103448275956,
"min": -129.59587610693606,
"min_diff": -1.099999999999909,
"std": 41.16999243256127,
"std_diff": 0.2497660715406279
},
"steer_offset_can": {
"max": -12.300000000000182,
"max_diff": 0.0,
"mean": -12.300000000000182,
"mean_diff": 0.0,
"min": -12.300000000000182,
"min_diff": 0.0,
"std": 0.0,
"std_diff": 0.0
},
"steer_raw": {
"max": -7.099999999999909,
"max_diff": 0.900000000000091,
"mean": -40.44609053497945,
"mean_diff": 0.013793103448275956,
"min": -141.30000000000018,
"min_diff": -1.099999999999909,
"std": 41.16999243256127,
"std_diff": 0.24976607154062788
},
"transversal_accel": {
"max": -0.43600000000000705,
"max_diff": 0.03999999999999204,
"mean": -0.5364609053497924,
"mean_diff": 2.264539372104103e-05,
"min": -0.7560000000000002,
"min_diff": -0.04400000000001114,
"std": 0.07238228356211253,
"std_diff": 0.007080996132526766
},
"utime": {
"max": 1537293315809450,
"max_diff": 20459.0,
"mean": 1537293306049564.0,
"mean_diff": 10041.041688111169,
"min": 1537293296299706,
"min_diff": 6.0,
"std": 5637817.222504619,
"std_diff": 1468.0676014968542
}
}
},
"ZoeSensors": {
"message_count": 18716,
"message_freq": 959.7717880528925,
"timespan": 19.500469,
"var_stats": {
"brake_sensor": {
"max": 0.18496893346309662,
"max_diff": 2.1889805793762207e-05,
"mean": 0.18488554225378273,
"mean_diff": -1.4252246079074167e-10,
"min": 0.1848086416721344,
"min_diff": -1.837313175201416e-05,
"std": 1.9913755965597976e-05,
"std_diff": 4.405631964084224e-06
},
"steering_sensor": {
"max": 0.21908307075500488,
"max_diff": 0.0005120337009429932,
"mean": 0.21739202051268833,
"mean_diff": 1.6205361142312657e-08,
"min": 0.21560518443584442,