{
"MS_IMU": {
"message_count": 1930,
"message_freq": 99.48568478316452,
"timespan": 19.399776,
"var_stats": {
"linear_accel": {
"max": 14.077375411987305,
"max_diff": 14.297119379043579,
"mean": 3.2962602801934717,
"mean_diff": 4.745186423347196,
"min": -3.756208896636963,
"min_diff": -4.4069002866744995,
"std": 4.668750036520702,
"std_diff": 5.381224530239101
},
"q": {
"max": 0.9995673298835754,
"max_diff": 0.060053372755646706,
"mean": 0.20541777101380818,
"mean_diff": -0.37024408921178587,
"min": -0.3467816710472107,
"min_diff": -1.0269088447093964,
"std": 0.4558547530947677,
"std_diff": 0.4570341181929716
},
"rotation_rate": {
"max": 0.15879210829734802,
"max_diff": 0.19356026407331228,
"mean": 0.0026319200371052918,
"mean_diff": 0.005447139569894383,
"min": -0.3993767201900482,
"min_diff": -0.44596030563116074,
"std": 0.06975814516989846,
"std_diff": 0.08848630252374552
},
"utime": {
"max": 1532402760948661,
"max_diff": 30006.0,
"mean": 1532402751246651.8,
"mean_diff": 10056.908242612753,
"min": 1532402741548885,
"min_diff": 1957.0,
"std": 5602570.703991618,
"std_diff": 5124.078025011613
}
}
},
"POSE": {
"message_count": 955,
"message_freq": 49.22826574644691,
"timespan": 19.399424,
"var_stats": {
"accel": {
"max": 11.875263385375979,
"max_diff": 13.65897717201137,
"mean": 3.2943640965166137,
"mean_diff": 4.743452507548337,
"min": -3.405130853968225,
"min_diff": -4.077770909180208,
"std": 4.648920934963663,
"std_diff": 5.368519346950259
},
"orientation": {
"max": 0.9084619275168477,
"max_diff": 0.7300074727494009,
"mean": 0.3482384337522412,
"mean_diff": -0.0589207302663219,
"min": 0.0,
"min_diff": -0.9084619275168477,
"std": 0.35878962256144736,
"std_diff": 0.5743358606932155
},
"pos": {
"max": 1615.3554659514025,
"max_diff": 720.8138455730631,
"mean": 801.0265945432844,
"mean_diff": -440.8708965556382,
"min": 0.0,
"min_diff": -1615.3554659514025,
"std": 624.5727350273198,
"std_diff": 1081.5902849000486
},
"rotation_rate": {
"max": 0.15879210829734802,
"max_diff": 0.19239123538136482,
"mean": 0.002687957812299852,
"mean_diff": 0.00551960433659309,
"min": -0.39936262369155884,
"min_diff": -0.44369540363550186,
"std": 0.06979951511138402,
"std_diff": 0.0882885660649755
},
"utime": {
"max": 1532402760952350,
"max_diff": 40803.0,
"mean": 1532402751236166.2,
"mean_diff": 20334.82599580713,
"min": 1532402741552926,
"min_diff": 8061.0,
"std": 5606870.729312298,
"std_diff": 2719.118817508116
},
"vel": {
"max": 11.268278359071838,
"max_diff": 0.0,
"mean": 3.234869197687726,
"mean_diff": -4.852303796531589,
"min": 0.0,
"min_diff": -11.268278359071838,
"std": 4.6266962653392625,
"std_diff": 4.925565292729839
}
}
},
"SteerAngleFeedback": {
"message_count": 1866,
"message_freq": 96.16527316348807,
"timespan": 19.404094,
"var_stats": {
"utime": {
"max": 1532402760954382,
"max_diff": 49281.0,
"mean": 1532402751215982.5,
"mean_diff": 10404.339946380696,
"min": 1532402741550288,
"min_diff": 544.0,
"std": 5609441.63026425,
"std_diff": 2464.80132861257
},
"value": {
"max": 0.9581857593448885,
"max_diff": 0.04886921905583652,
"mean": 0.037405791771573965,
"mean_diff": 0.0016311575797459087,
"min": -2.0856684561332237,
"min_diff": -0.010471975511964382,
"std": 0.5644399152184356,
"std_diff": 0.005698313651761971
}
}
},
"VEHICLE_MONITOR": {
"message_count": 40,
"message_freq": 2.0513290740562105,
"timespan": 19.499553,
"var_stats": {
"available_distance": {
"max": 122,
"max_diff": 0.0,
"mean": 121.175,
"mean_diff": -0.02564102564102564,
"min": 121,
"min_diff": -1.0,
"std": 0.3799671038392666,
"std_diff": 0.15806189751202507
},
"battery_level": {
"max": 92,
"max_diff": 1.0,
"mean": 91.75,
"mean_diff": 0.0,
"min": 91,
"min_diff": -1.0,
"std": 0.4330127018922193,
"std_diff": 0.22645540682891915
},
"brake": {
"max": 3,
"max_diff": 2.0,
"mean": 0.2,
"mean_diff": 0.0,
"min": 0,
"min_diff": -3.0,
"std": 0.714142842854285,
"std_diff": 0.5991446895152781
},
"brake_switch": {
"max": 4,
"max_diff": 3.0,
"mean": 1.1,
"mean_diff": 0.0,
"min": 1,
"min_diff": -2.0,
"std": 0.48989794855663565,
"std_diff": 0.5991446895152781
},
"gear_position": {
"max": 7,
"max_diff": 0.0,
"mean": 7.0,
"mean_diff": 0.0,
"min": 7,
"min_diff": 0.0,
"std": 0.0,
"std_diff": 0.0
},
"left_signal": {
"max": 1,
"max_diff": 1.0,
"mean": 0.225,
"mean_diff": 0.02564102564102564,
"min": 0,
"min_diff": -1.0,
"std": 0.41758232721225164,
"std_diff": 0.4796996649710181
},
"rear_left_rpm": {
"max": 355.6176,
"max_diff": 14.67840000000001,
"mean": 302.73783000000003,
"mean_diff": -1.6059846153846153,
"min": 182.6877,
"min_diff": -28.314300000000003,
"std": 41.52940328429486,
"std_diff": 10.383572121225257
},
"rear_right_rpm": {
"max": 356.535,
"max_diff": 19.390499999999975,
"mean": 303.2872275,
"mean_diff": -0.8500384615384622,
"min": 189.9852,
"min_diff": -26.39609999999999,
"std": 43.44744330974487,
"std_diff": 11.146663845952947
},
"right_signal": {
"max": 1,
"max_diff": 1.0,
"mean": 0.15,
"mean_diff": 0.0,
"min": 0,
"min_diff": -1.0,
"std": 0.3570714214271425,
"std_diff": 0.3922322702763681
},
"steering": {
"max": 77.59999999999991,
"max_diff": 69.39999999999964,
"mean": 2.647499999999991,
"mean_diff": 5.051282051282051,
"min": -119.40000000000009,
"min_diff": -7.900000000000091,
"std": 35.57065495250263,
"std_diff": 15.197062330744995
},
"steering_speed": {
"max": 137.40000000000026,
"max_diff": 115.5,
"mean": 12.765000000000235,
"mean_diff": 3.523076923076925,
"min": -45.89999999999945,
"min_diff": -85.5999999999999,
"std": 37.202369212188636,
"std_diff": 30.56168593096264
},
"throttle": {
"max": 342,
"max_diff": 180.0,
"mean": 133.225,
"mean_diff": -2.6153846153846154,
"min": 0,
"min_diff": -144.0,
"std": 98.20373910905836,
"std_diff": 62.22358996336515
},
"utime": {
"max": 1532402761127525,
"max_diff": 500855.0,
"mean": 1532402751378024.5,
"mean_diff": 499988.53846153844,
"min": 1532402741627972,
"min_diff": 498994.0,
"std": 5771581.111048545,
"std_diff": 429.49116262982676
},
"vehicle_speed": {
"max": 40.5,
"max_diff": 1.8599999999999994,
"mean": 34.58125,
"mean_diff": -0.13692307692307693,
"min": 21.6,
"min_diff": -3.099999999999998,
"std": 4.71383982942781,
"std_diff": 1.169937876602207
},
"yaw_rate": {
"max": 8.600000000000023,
"max_diff": 12.900000000000006,
"mean": 0.1850000000000243,
"mean_diff": 0.8102564102564102,
"min": -22.99999999999997,
"min_diff": -1.6999999999999886,
"std": 6.948436874578338,
"std_diff": 2.6920390586371767
}
}
},
"ZOE_VEH_INFO": {
"message_count": 1915,
"message_freq": 98.7096458602025,
"timespan": 19.400333,
"var_stats": {
"FL_wheel_speed": {
"max": 358.6617,
"max_diff": 9.882900000000006,
"mean": 307.16230887728466,
"mean_diff": -0.028911128526645773,
"min": 190.6941,
"min_diff": -10.96709999999996,
"std": 37.5100670301057,
"std_diff": 1.3909977972973895
},
"FR_wheel_speed": {
"max": 357.9528,
"max_diff": 10.29989999999998,
"mean": 306.9744955613577,
"mean_diff": -0.01647084639498433,
"min": 195.3228,
"min_diff": -11.675999999999988,
"std": 39.704021864185286,
"std_diff": 1.4840585957143675
},
"RL_wheel_speed": {
"max": 357.4941,
"max_diff": 10.04970000000003,
"mean": 305.62513582245435,
"mean_diff": -0.026623510971786838,
"min": 191.82,
"min_diff": -10.04970000000003,
"std": 37.44597823636108,
"std_diff": 1.7312788680468754
},
"RR_wheel_speed": {
"max": 358.9119,
"max_diff": 9.799499999999966,
"mean": 306.031727154047,
"mean_diff": -0.01477147335423198,
"min": 196.4904,
"min_diff": -9.340800000000002,
"std": 39.88795770547456,
"std_diff": 1.7160117998827107
},
"left_solar": {
"max": 32,
"max_diff": 144.0,
"mean": -45.06736292428199,
"mean_diff": 0.0,
"min": -112,
"min_diff": -144.0,
"std": 57.134253100745404,
"std_diff": 18.183322821754153
},
"longitudinal_accel": {
"max": 1.700000000000001,
"max_diff": 1.9000000000000004,
"mean": 0.3182767624020894,
"mean_diff": -0.000444096133751306,
"min": -1.799999999999999,
"min_diff": -2.25,
"std": 0.6321872649966802,
"std_diff": 0.23812126302153472
},
"meanEffTorque": {
"max": 100.0,
"max_diff": 3.5,
"mean": 25.61148825065274,