{
"MS_IMU": {
"message_count": 1943,
"message_freq": 99.77137310262373,
"timespan": 19.474524,
"var_stats": {
"linear_accel": {
"max": 11.649385452270508,
"max_diff": 13.308589696884155,
"mean": 3.0518654681757464,
"mean_diff": 5.107816718409266,
"min": -3.429068088531494,
"min_diff": -1.6919285655021667,
"std": 4.792943002649751,
"std_diff": 4.946295098084103
},
"q": {
"max": 0.2579003870487213,
"max_diff": 0.9907374400645494,
"mean": -0.18618493050146787,
"mean_diff": 0.4009264346859553,
"min": -0.9818768501281738,
"min_diff": -0.027693163603544235,
"std": 0.4640422262524729,
"std_diff": 0.42487300366728875
},
"rotation_rate": {
"max": 0.1034354716539383,
"max_diff": 0.11415795236825943,
"mean": -0.0005924738613546984,
"mean_diff": -0.0009411933980462295,
"min": -0.10329608619213104,
"min_diff": -0.17132409662008286,
"std": 0.023906284573830757,
"std_diff": 0.03156897658761267
},
"utime": {
"max": 1535486329896663,
"max_diff": 29004.0,
"mean": 1535486320159099.8,
"mean_diff": 10028.076210092688,
"min": 1535486310422139,
"min_diff": 1912.0,
"std": 5631520.617344241,
"std_diff": 5559.237535458836
}
}
},
"POSE": {
"message_count": 972,
"message_freq": 49.84775919962961,
"timespan": 19.499372,
"var_stats": {
"accel": {
"max": 10.780704041446514,
"max_diff": 11.991269387909295,
"mean": 3.0531852205962626,
"mean_diff": 5.10507393821305,
"min": -3.033917909517669,
"min_diff": -1.4311857886147585,
"std": 4.787288143601263,
"std_diff": 4.940361619054045
},
"orientation": {
"max": 0.8654028933211432,
"max_diff": 0.5639352776034355,
"mean": 0.3442289309742992,
"mean_diff": -0.10723873079084445,
"min": 0.0,
"min_diff": -0.8654028933211432,
"std": 0.36263817101939394,
"std_diff": 0.567303435519037
},
"pos": {
"max": 1706.7439944964326,
"max_diff": 1258.2861066386322,
"mean": 709.210077954374,
"mean_diff": -219.6301194784072,
"min": 0.0,
"min_diff": -1706.7439944964326,
"std": 715.2781209174306,
"std_diff": 1468.785576197837
},
"rotation_rate": {
"max": 0.10257718712091446,
"max_diff": 0.11415795236825943,
"mean": -0.0005494730976152777,
"mean_diff": -0.0008990992448483701,
"min": -0.10329608619213104,
"min_diff": -0.17132409662008286,
"std": 0.023849486527309057,
"std_diff": 0.03141611606685703
},
"utime": {
"max": 1535486329910894,
"max_diff": 40373.0,
"mean": 1535486320188646.2,
"mean_diff": 20081.74253347065,
"min": 1535486310411522,
"min_diff": 13322.0,
"std": 5627829.576579187,
"std_diff": 1487.8601516017472
},
"vel": {
"max": 6.03241808686633,
"max_diff": 0.0,
"mean": 0.9695961830279323,
"mean_diff": -1.4543942745418987,
"min": 0.0,
"min_diff": -6.03241808686633,
"std": 1.6185093795032353,
"std_diff": 1.7956256148493677
}
}
},
"SteerAngleFeedback": {
"message_count": 1923,
"message_freq": 98.60403251010334,
"timespan": 19.502245,
"var_stats": {
"utime": {
"max": 1535486329904562,
"max_diff": 30439.0,
"mean": 1535486320169488.2,
"mean_diff": 10146.849635796047,
"min": 1535486310402317,
"min_diff": 3648.0,
"std": 5642589.053546894,
"std_diff": 1464.4857325154394
},
"value": {
"max": 0.6580611035138314,
"max_diff": 0.03665191429188728,
"mean": -0.15212291351997292,
"mean_diff": 0.00013348772114628684,
"min": -1.0942494654884771,
"min_diff": -0.045378560551850994,
"std": 0.5197394141793992,
"std_diff": 0.009086085971570138
}
}
},
"VEHICLE_MONITOR": {
"message_count": 40,
"message_freq": 2.0514086074130624,
"timespan": 19.498797,
"var_stats": {
"available_distance": {
"max": 25,
"max_diff": 0.0,
"mean": 25.0,
"mean_diff": 0.0,
"min": 25,
"min_diff": 0.0,
"std": 0.0,
"std_diff": 0.0
},
"battery_level": {
"max": 47,
"max_diff": 0.0,
"mean": 46.55,
"mean_diff": -0.02564102564102564,
"min": 46,
"min_diff": -1.0,
"std": 0.49749371855331,
"std_diff": 0.15806189751202507
},
"brake": {
"max": 22,
"max_diff": 22.0,
"mean": 1.725,
"mean_diff": 0.0,
"min": 0,
"min_diff": -18.0,
"std": 4.668980081345389,
"std_diff": 5.883484054145521
},
"brake_switch": {
"max": 2,
"max_diff": 1.0,
"mean": 1.525,
"mean_diff": 0.02564102564102564,
"min": 1,
"min_diff": -1.0,
"std": 0.4993746088859544,
"std_diff": 0.422882628268478
},
"gear_position": {
"max": 7,
"max_diff": 0.0,
"mean": 7.0,
"mean_diff": 0.0,
"min": 7,
"min_diff": 0.0,
"std": 0.0,
"std_diff": 0.0
},
"left_signal": {
"max": 1,
"max_diff": 1.0,
"mean": 0.05,
"mean_diff": 0.0,
"min": 0,
"min_diff": -1.0,
"std": 0.21794494717703364,
"std_diff": 0.22645540682891915
},
"rear_left_rpm": {
"max": 189.0261,
"max_diff": 19.4322,
"mean": 88.18507500000001,
"mean_diff": -4.073769230769232,
"min": 0.0,
"min_diff": -34.611000000000004,
"std": 46.533138883621156,
"std_diff": 10.03841418278839
},
"rear_right_rpm": {
"max": 194.1552,
"max_diff": 19.182000000000002,
"mean": 89.76029249999999,
"mean_diff": -4.168930769230769,
"min": 0.0,
"min_diff": -36.654300000000006,
"std": 47.68566025963879,
"std_diff": 10.207689174598096
},
"right_signal": {
"max": 1,
"max_diff": 1.0,
"mean": 0.125,
"mean_diff": 0.02564102564102564,
"min": 0,
"min_diff": -1.0,
"std": 0.33071891388307384,
"std_diff": 0.357138160953439
},
"steering": {
"max": 38.30000000000018,
"max_diff": 58.0,
"mean": -6.959999999999809,
"mean_diff": 0.4564102564102494,
"min": -56.5,
"min_diff": -48.09999999999991,
"std": 29.511208040336147,
"std_diff": 21.104219955597827
},
"steering_speed": {
"max": 167.30000000000035,
"max_diff": 225.19999999999982,
"mean": 0.8050000000003017,
"mean_diff": 0.10256410256410256,
"min": -225.19999999999965,
"min_diff": -225.19999999999982,
"std": 60.01550195574475,
"std_diff": 75.78737628181746
},
"throttle": {
"max": 130,
"max_diff": 97.0,
"mean": 24.3,
"mean_diff": -1.205128205128205,
"min": 0,
"min_diff": -119.0,
"std": 35.731778573141305,
"std_diff": 36.968579512031695
},
"utime": {
"max": 1535486330281446,
"max_diff": 500889.0,
"mean": 1535486320532527.2,
"mean_diff": 499969.1538461539,
"min": 1535486310782649,
"min_diff": 499046.0,
"std": 5771369.689351871,
"std_diff": 408.38603773701715
},
"vehicle_speed": {
"max": 21.72,
"max_diff": 2.3899999999999997,
"mean": 10.1805,
"mean_diff": -0.46641025641025635,
"min": 0.0,
"min_diff": -3.9700000000000006,
"std": 5.357273070322251,
"std_diff": 1.123767671900036
},
"yaw_rate": {
"max": 3.3000000000000114,
"max_diff": 2.5999999999999943,
"mean": -0.34749999999997383,
"mean_diff": -0.0025641025641024184,
"min": -4.599999999999966,
"min_diff": -3.4000000000000057,
"std": 1.8885162826939,
"std_diff": 1.4481619082676904
}
}
},
"ZOE_VEH_INFO": {
"message_count": 1941,
"message_freq": 99.59506217841339,
"timespan": 19.488918,
"var_stats": {
"FL_wheel_speed": {
"max": 190.9026,
"max_diff": 4.4202,
"mean": 90.98125765069551,
"mean_diff": -0.08213180412371135,
"min": 0.0,
"min_diff": -3.5028,
"std": 46.78722725825412,
"std_diff": 0.4537640253648386
},
"FR_wheel_speed": {
"max": 191.56980000000001,
"max_diff": 6.7971,
"mean": 90.85613616692427,
"mean_diff": -0.08202432989690722,
"min": 0.0,
"min_diff": -3.5028,
"std": 47.1605036141544,
"std_diff": 0.45151713404464666
},
"RL_wheel_speed": {
"max": 190.6941,
"max_diff": 6.5469,
"mean": 90.78951499227203,
"mean_diff": -0.08213180412371134,
"min": 0.0,
"min_diff": -3.5028,
"std": 46.818688177697496,
"std_diff": 0.4290324714164824
},
"RR_wheel_speed": {
"max": 195.3228,
"max_diff": 4.9206,
"mean": 92.43405471406491,
"mean_diff": -0.0835719587628866,
"min": 0.0,
"min_diff": -3.5028,
"std": 47.98009594040871,
"std_diff": 0.41073661693601105
},
"left_solar": {
"max": 0,
"max_diff": 0.0,
"mean": 0.0,
"mean_diff": 0.0,
"min": 0,
"min_diff": 0.0,
"std": 0.0,
"std_diff": 0.0
},
"longitudinal_accel": {
"max": 1.200000000000001,
"max_diff": 0.5,
"mean": -0.4850334878928382,
"mean_diff": -0.0001288659793814433,
"min": -3.3999999999999995,
"min_diff": -0.5500000000000007,
"std": 0.7478589473028597,
"std_diff": 0.05670264172969695
},
"meanEffTorque": {
"max": 79.0,
"max_diff": 4.0,
"mean": -7.3456980937661,
"mean_diff": -0.003092783505154639,
"min": -62.0,
"min_diff": -5.0,
"std": 28.884204823644026,
"std_diff": 0.6657998225911113
},
"odom": {
"max": 120,
"max_diff": 60.0,