{
"MS_IMU": {
"message_count": 1943,
"message_freq": 99.59404789474175,
"timespan": 19.509198,
"var_stats": {
"linear_accel": {
"max": 12.360702514648438,
"max_diff": 13.486920595169067,
"mean": 3.2025097524752244,
"mean_diff": 4.920476249602718,
"min": -2.6458773612976074,
"min_diff": -4.022664308547974,
"std": 4.728260511712336,
"std_diff": 5.1784230159784
},
"q": {
"max": 0.03297019749879837,
"max_diff": 0.8704068318475038,
"mean": -0.32418619257387193,
"mean_diff": -0.12113733408401589,
"min": -0.9619417786598206,
"min_diff": -0.956127256155014,
"std": 0.38066169997400756,
"std_diff": 0.5585296866813589
},
"rotation_rate": {
"max": 0.1775180846452713,
"max_diff": 0.30435390770435333,
"mean": -0.026687511882877813,
"mean_diff": -0.03991505789187077,
"min": -0.5748618841171265,
"min_diff": -0.6150093227624893,
"std": 0.09824600234180264,
"std_diff": 0.1151663712427516
},
"utime": {
"max": 1537296135455825,
"max_diff": 29977.0,
"mean": 1537296125694153.0,
"mean_diff": 10045.930998970134,
"min": 1537296115946627,
"min_diff": 1930.0,
"std": 5634452.82073543,
"std_diff": 5360.741586164387
}
}
},
"POSE": {
"message_count": 969,
"message_freq": 49.69467774616943,
"timespan": 19.49907,
"var_stats": {
"accel": {
"max": 11.04642928181935,
"max_diff": 12.484034336312085,
"mean": 3.2031035172387385,
"mean_diff": 4.918899525653093,
"min": -2.4683890651200726,
"min_diff": -3.7929568207289313,
"std": 4.717821067349547,
"std_diff": 5.16327427522169
},
"orientation": {
"max": 0.9999982843756234,
"max_diff": 0.9999982843756234,
"mean": 0.006769760397899591,
"mean_diff": -0.24959247894142256,
"min": -0.9999946485511757,
"min_diff": -0.9999946485511757,
"std": 0.49995416824360517,
"std_diff": 0.5206120703452897
},
"pos": {
"max": 1978.1242387089324,
"max_diff": -852.6460012505095,
"mean": 1002.508149572504,
"mean_diff": -976.8668067721891,
"min": 0.0,
"min_diff": -1081.0769053888766,
"std": 798.4985071286835,
"std_diff": 77.84621513254582
},
"rotation_rate": {
"max": 0.1775180846452713,
"max_diff": 0.30435390770435333,
"mean": -0.026919409432853487,
"mean_diff": -0.04011434571005571,
"min": -0.574284017086029,
"min_diff": -0.6009495314210653,
"std": 0.09854382483372733,
"std_diff": 0.11551049613357194
},
"utime": {
"max": 1537296135451181,
"max_diff": 40050.0,
"mean": 1537296125703768.0,
"mean_diff": 20143.6673553719,
"min": 1537296115952111,
"min_diff": 15873.0,
"std": 5632383.790451887,
"std_diff": 1751.2199327851183
},
"vel": {
"max": 8.8049536508581,
"max_diff": 0.0,
"mean": 1.508291662337403,
"mean_diff": -2.262437493506104,
"min": 0.0,
"min_diff": -8.8049536508581,
"std": 2.6013084740398096,
"std_diff": 2.9058563043721874
}
}
},
"SteerAngleFeedback": {
"message_count": 1904,
"message_freq": 97.67651477472712,
"timespan": 19.492915,
"var_stats": {
"utime": {
"max": 1537296135452306,
"max_diff": 30786.0,
"mean": 1537296125707328.0,
"mean_diff": 10243.255386232266,
"min": 1537296115959391,
"min_diff": 5298.0,
"std": 5644287.162697401,
"std_diff": 1814.3952021242455
},
"value": {
"max": 0.1449343034274969,
"max_diff": 0.08552113334772393,
"mean": -0.8672475796509629,
"mean_diff": -3.6685848701939518e-06,
"min": -5.4174300226784275,
"min_diff": -0.061086523819802174,
"std": 1.6323939887633154,
"std_diff": 0.012753782406591203
}
}
},
"VEHICLE_MONITOR": {
"message_count": 40,
"message_freq": 2.0513066669620548,
"timespan": 19.499766,
"var_stats": null
},
"ZOE_VEH_INFO": {
"message_count": 1943,
"message_freq": 99.62433473325264,
"timespan": 19.503267,
"var_stats": {
"FL_wheel_speed": {
"max": 278.973,
"max_diff": 4.4202,
"mean": 144.93140828615543,
"mean_diff": 0.025037178166838307,
"min": 0.0,
"min_diff": -3.753,
"std": 81.61092266368215,
"std_diff": 0.5736736229712537
},
"FR_wheel_speed": {
"max": 278.973,
"max_diff": 7.756200000000007,
"mean": 141.36518908903756,
"mean_diff": 0.024543305870236863,
"min": 0.0,
"min_diff": -8.631900000000002,
"std": 82.28997366441168,
"std_diff": 0.6826887631464689
},
"RL_wheel_speed": {
"max": 279.1815,
"max_diff": 3.9615,
"mean": 143.7562537828101,
"mean_diff": 0.02480097837281152,
"min": 0.0,
"min_diff": -5.129099999999994,
"std": 81.67981248710511,
"std_diff": 0.6091282953531767
},
"RR_wheel_speed": {
"max": 283.8936,
"max_diff": 4.211699999999993,
"mean": 142.74562434379826,
"mean_diff": 0.02574577754891864,
"min": 0.0,
"min_diff": -11.175600000000003,
"std": 83.99664495144981,
"std_diff": 0.680525441984838
},
"left_solar": {
"max": 0,
"max_diff": 0.0,
"mean": 0.0,
"mean_diff": 0.0,
"min": 0,
"min_diff": 0.0,
"std": 0.0,
"std_diff": 0.0
},
"longitudinal_accel": {
"max": 1.5500000000000007,
"max_diff": 0.6000000000000014,
"mean": -0.14963973237261902,
"mean_diff": -0.00015447991761071098,
"min": -2.1499999999999995,
"min_diff": -0.5500000000000007,
"std": 0.9801687093673109,
"std_diff": 0.06662356266344119
},
"meanEffTorque": {
"max": 96.0,
"max_diff": 5.0,
"mean": 17.987905301080804,
"mean_diff": -0.006951596292481977,
"min": -57.5,
"min_diff": -3.0,
"std": 47.248921789605696,
"std_diff": 0.5115333834604201
},
"odom": {
"max": 124,
"max_diff": 88.0,
"mean": 64.96963458569223,
"mean_diff": 0.061791967044284246,
"min": 0,
"min_diff": -116.0,
"std": 38.09966889843174,
"std_diff": 15.944687233050757
},
"odom_speed": {
"max": 31.0,
"max_diff": 1.0,
"mean": 15.80905815748842,
"mean_diff": 0.003089598352214212,
"min": 0.0,
"min_diff": -1.0,
"std": 9.275509693284528,
"std_diff": 0.1727905431056902
},
"pedal_cc": {
"max": 403.0,
"max_diff": 40.0,
"mean": 118.18322182192486,
"mean_diff": 0.006694129763130793,
"min": 0.0,
"min_diff": -36.0,
"std": 154.39303364598544,
"std_diff": 2.54626733293035
},
"regen": {
"max": 55.0,
"max_diff": 1.0,
"mean": 17.126608337622233,
"mean_diff": 0.013903192584963954,
"min": 0.0,
"min_diff": -3.0,
"std": 22.533955100010225,
"std_diff": 0.2981444622854082
},
"requestedTorqueAfterProc": {
"max": -272.5,
"max_diff": 126.0,
"mean": -318.97632527020073,
"mean_diff": 0.0020597322348094747,
"min": -398.5,
"min_diff": -126.0,
"std": 42.6405514671149,
"std_diff": 4.1431014070797945
},
"right_solar": {
"max": 0,
"max_diff": 0.0,
"mean": 0.0,
"mean_diff": 0.0,
"min": 0,
"min_diff": 0.0,
"std": 0.0,
"std_diff": 0.0
},
"steer_corrected": {
"max": 8.304123893064034,
"max_diff": 3.900000000000091,
"mean": -49.98208300348759,
"mean_diff": -0.00020597322348099432,
"min": -310.39587610693576,
"min_diff": -3.099999999999909,
"std": 93.88010874232259,
"std_diff": 0.7070703389827351
},
"steer_offset_can": {
"max": -12.300000000000182,
"max_diff": 0.0,
"mean": -12.300000000000182,
"mean_diff": 0.0,
"min": -12.300000000000182,
"min_diff": 0.0,
"std": 0.0,
"std_diff": 0.0
},
"steer_raw": {
"max": -3.400000000000091,
"max_diff": 3.900000000000091,
"mean": -61.68620689655172,
"mean_diff": -0.00020597322348099432,
"min": -322.0999999999999,
"min_diff": -3.099999999999909,
"std": 93.8801087423226,
"std_diff": 0.7070703389827351
},
"transversal_accel": {
"max": -0.32800000000000296,
"max_diff": 0.06800000000001205,
"mean": -0.5098363355635597,
"mean_diff": -4.119464469609349e-06,
"min": -0.7719999999999914,
"min_diff": -0.04800000000000182,
"std": 0.0750907769548954,
"std_diff": 0.007762699871281815
},
"utime": {
"max": 1537296135456529,
"max_diff": 21422.0,
"mean": 1537296125701453.0,
"mean_diff": 10042.87693099897,
"min": 1537296115953262,
"min_diff": 2.0,
"std": 5633682.218040254,
"std_diff": 1570.282414658274
}
}
},
"ZoeSensors": {
"message_count": 18598,
"message_freq": 953.8572210422811,
"timespan": 19.497677,
"var_stats": {
"brake_sensor": {
"max": 0.3605327904224396,
"max_diff": 0.0011400580406188965,
"mean": 0.23083211278380827,
"mean_diff": 1.4062234712697014e-09,
"min": 0.1848122775554657,
"min_diff": -0.003902733325958252,
"std": 0.06482617217796348,
"std_diff": 0.00014046472297500623
},
"steering_sensor": {
"max": 0.22469967603683472,
"max_diff": 0.000689283013343811,
"mean": 0.21749166239636702,
"mean_diff": -1.8002064233057766e-08,
"min": 0.21331284940242767,
"min_diff": -0.0007326006889343262,