{
"MS_IMU": {
"message_count": 1986,
"message_freq": 99.801231726098,
"timespan": 19.899554,
"var_stats": {
"linear_accel": {
"max": 11.077054023742676,
"max_diff": 11.074938368750736,
"mean": 3.285827141312234,
"mean_diff": 5.0580802788096975,
"min": -0.5614811182022095,
"min_diff": 0.06191231310367584,
"std": 4.609834415402924,
"std_diff": 4.34387855599018
},
"q": {
"max": 0.9154069423675537,
"max_diff": 0.9038392305374146,
"mean": 0.12543209795739263,
"mean_diff": 0.43911468909666335,
"min": -0.4026646614074707,
"min_diff": 0.03429287672042847,
"std": 0.48401116261084215,
"std_diff": 0.35719226733691006
},
"rotation_rate": {
"max": 0.02253248356282711,
"max_diff": 0.026541532017290592,
"mean": -0.00012901240918747212,
"mean_diff": 1.0907407855150148e-05,
"min": -0.028917500749230385,
"min_diff": -0.028051139204762876,
"std": 0.0017246441797562396,
"std_diff": 0.002418306693877455
},
"utime": {
"max": 1535657588949929,
"max_diff": 22048.0,
"mean": 1535657578991969.8,
"mean_diff": 10024.964231738035,
"min": 1535657569050375,
"min_diff": 2957.0,
"std": 5741032.379665234,
"std_diff": 4684.602423281171
}
}
},
"POSE": {
"message_count": 993,
"message_freq": 49.90082148913298,
"timespan": 19.899472,
"var_stats": {
"accel": {
"max": 9.925689281191763,
"max_diff": 9.548175641538757,
"mean": 3.285680656357409,
"mean_diff": 5.058106873509296,
"min": -0.38782677659413795,
"min_diff": 0.6260463085987504,
"std": 4.609615240558429,
"std_diff": 4.343360396837535
},
"orientation": {
"max": 0.9367743056920832,
"max_diff": 0.0,
"mean": 0.14667941637592521,
"mean_diff": -0.42892143536422067,
"min": -0.3501004231822919,
"min_diff": -0.9367743056920832,
"std": 0.47800120168428234,
"std_diff": 0.38647087292373017
},
"pos": {
"max": 1301.2033640542838,
"max_diff": -405.130218774479,
"mean": 732.4254953214213,
"mean_diff": -650.6016791825967,
"min": 0.0,
"min_diff": -896.0731331727008,
"std": 543.671442213509,
"std_diff": 245.4714484164735
},
"rotation_rate": {
"max": 0.02171986922621727,
"max_diff": 0.02623453876003623,
"mean": -9.916472174364983e-05,
"mean_diff": 2.2374110200735642e-05,
"min": -0.014128647744655609,
"min_diff": -0.022142644738778472,
"std": 0.0016992678490363184,
"std_diff": 0.00236364526913397
},
"utime": {
"max": 1535657588948247,
"max_diff": 40757.0,
"mean": 1535657578992706.5,
"mean_diff": 20059.951612903227,
"min": 1535657569048775,
"min_diff": 15336.0,
"std": 5751436.101384415,
"std_diff": 1237.3312607658331
},
"vel": {
"max": 5e-324,
"max_diff": 0.0,
"mean": 0.0,
"mean_diff": -0.0,
"min": 0.0,
"min_diff": -5e-324,
"std": 0.0,
"std_diff": 0.0
}
}
},
"SteerAngleFeedback": {
"message_count": 1968,
"message_freq": 98.87852261017191,
"timespan": 19.90321,
"var_stats": {
"utime": {
"max": 1535657588953957,
"max_diff": 20804.0,
"mean": 1535657579024903.2,
"mean_diff": 10118.561260803253,
"min": 1535657569050747,
"min_diff": 6301.0,
"std": 5746877.293116459,
"std_diff": 1212.4732038859124
},
"value": {
"max": 0.10479173063163211,
"max_diff": 0.001745329252000688,
"mean": 0.10378249044424555,
"mean_diff": 8.873051611594754e-07,
"min": 0.10304640137963142,
"min_diff": -0.001745329252000688,
"std": 0.0008619110542882923,
"std_diff": 0.0011968671153978025
}
}
},
"VEHICLE_MONITOR": {
"message_count": 39,
"message_freq": 1.9999989743595004,
"timespan": 19.50001,
"var_stats": null
},
"ZOE_VEH_INFO": {
"message_count": 1981,
"message_freq": 99.54761863603784,
"timespan": 19.900024,
"var_stats": {
"FL_wheel_speed": {
"max": 0.0,
"max_diff": 0.0,
"mean": 0.0,
"mean_diff": 0.0,
"min": 0.0,
"min_diff": 0.0,
"std": 0.0,
"std_diff": 0.0
},
"FR_wheel_speed": {
"max": 0.0,
"max_diff": 0.0,
"mean": 0.0,
"mean_diff": 0.0,
"min": 0.0,
"min_diff": 0.0,
"std": 0.0,
"std_diff": 0.0
},
"RL_wheel_speed": {
"max": 0.0,
"max_diff": 0.0,
"mean": 0.0,
"mean_diff": 0.0,
"min": 0.0,
"min_diff": 0.0,
"std": 0.0,
"std_diff": 0.0
},
"RR_wheel_speed": {
"max": 0.0,
"max_diff": 0.0,
"mean": 0.0,
"mean_diff": 0.0,
"min": 0.0,
"min_diff": 0.0,
"std": 0.0,
"std_diff": 0.0
},
"left_solar": {
"max": 0,
"max_diff": 0.0,
"mean": 0.0,
"mean_diff": 0.0,
"min": 0,
"min_diff": 0.0,
"std": 0.0,
"std_diff": 0.0
},
"longitudinal_accel": {
"max": -0.25,
"max_diff": 0.09999999999999964,
"mean": -0.37849570923775777,
"mean_diff": 2.5252525252524714e-05,
"min": -0.5,
"min_diff": -0.15000000000000036,
"std": 0.02954233791004963,
"std_diff": 0.021231037140646905
},
"meanEffTorque": {
"max": 0.0,
"max_diff": 0.0,
"mean": 0.0,
"mean_diff": 0.0,
"min": 0.0,
"min_diff": 0.0,
"std": 0.0,
"std_diff": 0.0
},
"odom": {
"max": 96,
"max_diff": 0.0,
"mean": 96.0,
"mean_diff": 0.0,
"min": 96,
"min_diff": 0.0,
"std": 0.0,
"std_diff": 0.0
},
"odom_speed": {
"max": 0.0,
"max_diff": 0.0,
"mean": 0.0,
"mean_diff": 0.0,
"min": 0.0,
"min_diff": 0.0,
"std": 0.0,
"std_diff": 0.0
},
"pedal_cc": {
"max": 0.0,
"max_diff": 0.0,
"mean": 0.0,
"mean_diff": 0.0,
"min": 0.0,
"min_diff": 0.0,
"std": 0.0,
"std_diff": 0.0
},
"regen": {
"max": 0.0,
"max_diff": 0.0,
"mean": 0.0,
"mean_diff": 0.0,
"min": 0.0,
"min_diff": 0.0,
"std": 0.0,
"std_diff": 0.0
},
"requestedTorqueAfterProc": {
"max": -382.5,
"max_diff": 0.0,
"mean": -382.5,
"mean_diff": 0.0,
"min": -382.5,
"min_diff": 0.0,
"std": 0.0,
"std_diff": 0.0
},
"right_solar": {
"max": 0,
"max_diff": 0.0,
"mean": 0.0,
"mean_diff": 0.0,
"min": 0,
"min_diff": 0.0,
"std": 0.0,
"std_diff": 0.0
},
"steer_corrected": {
"max": 6.004123893064308,
"max_diff": 0.1000000000003638,
"mean": 5.946627679030781,
"mean_diff": -5.0505050505234243e-05,
"min": 5.904123893063944,
"min_diff": -0.1000000000003638,
"std": 0.04943487407877651,
"std_diff": 0.06708202031299158
},
"steer_offset_can": {
"max": -12.300000000000182,
"max_diff": 0.0,
"mean": -12.300000000000182,
"mean_diff": 0.0,
"min": -12.300000000000182,
"min_diff": 0.0,
"std": 0.0,
"std_diff": 0.0
},
"steer_raw": {
"max": -5.699999999999818,
"max_diff": 0.1000000000003638,
"mean": -5.757496214033344,
"mean_diff": -5.0505050505234243e-05,
"min": -5.800000000000182,
"min_diff": -0.1000000000003638,
"std": 0.0494348740787765,
"std_diff": 0.06708202031299158
},
"transversal_accel": {
"max": -0.4199999999999875,
"max_diff": 0.020000000000010232,
"mean": -0.4582412922766265,
"mean_diff": 0.0,
"min": -0.4919999999999902,
"min_diff": -0.060000000000002274,
"std": 0.004964928096198086,
"std_diff": 0.002744323802200685
},
"utime": {
"max": 1535657588949831,
"max_diff": 23331.0,
"mean": 1535657579010338.5,
"mean_diff": 10050.517171717172,
"min": 1535657569049807,
"min_diff": 1.0,
"std": 5743213.384449502,
"std_diff": 1541.248661171752
}
}
},
"ZoeSensors": {
"message_count": 19292,
"message_freq": 969.3715375191304,
"timespan": 19.901554,
"var_stats": {
"brake_sensor": {
"max": 0.185187429189682,
"max_diff": 2.2664666175842285e-05,
"mean": 0.18510165396500816,
"mean_diff": 2.725944629780124e-09,
"min": 0.1849767416715622,
"min_diff": -2.5480985641479492e-05,
"std": 2.5766116236112847e-05,
"std_diff": 5.197480859532704e-06
},
"steering_sensor": {
"max": 0.1891685426235199,
"max_diff": 0.0006735175848007202,
"mean": 0.18815371231258027,
"mean_diff": 1.3066613589504274e-08,
"min": 0.18699830770492554,
"min_diff": -0.0004647672176361084,
"std": 0.00020238959105606371,
"std_diff": 0.00010017885913474932
},
"throttle_sensor": {
"max": 0.1280655860900879,
"max_diff": 0.001534976065158844,
"mean": 0.12334553190788342,
"mean_diff": 4.430567641681167e-08,
"min": 0.11890807747840881,
"min_diff": -0.0021803677082061768,
"std": 0.00041878372571208265,
"std_diff": 0.0003399338475471426
},
"utime": {
"max": 1535657588950225,
"max_diff": 12770.0,
"mean": 1535657579013190.2,
"mean_diff": 1031.6496811984864,
"min": 1535657569048671,
"min_diff": 1.0,
"std": 5737942.04999298,
"std_diff": 630.9317244667196
}
}
}
}