{
"MS_IMU": {
"message_count": 1933,
"message_freq": 99.63981213075796,
"timespan": 19.399876,
"var_stats": {
"linear_accel": {
"max": 11.171087265014648,
"max_diff": 11.679357647895813,
"mean": 3.1493706962686208,
"mean_diff": 4.998403826181046,
"min": -1.685723066329956,
"min_diff": -1.7583804726600647,
"std": 4.711147323523128,
"std_diff": 4.947033350192901
},
"q": {
"max": 0.7989439368247986,
"max_diff": 0.03673930559307337,
"mean": -0.058838001794697975,
"mean_diff": -0.46197581654027486,
"min": -0.8570041060447693,
"min_diff": -0.8803907167166471,
"std": 0.49652603929208283,
"std_diff": 0.3617319380882349
},
"rotation_rate": {
"max": 0.23643119633197784,
"max_diff": 0.2644081152975559,
"mean": 0.011679570706450638,
"mean_diff": 0.016998380914902633,
"min": -0.10653507709503174,
"min_diff": -0.11717529781162739,
"std": 0.05483666254399093,
"std_diff": 0.06811256002809683
},
"utime": {
"max": 1533281028457514,
"max_diff": 34999.0,
"mean": 1533281018763980.8,
"mean_diff": 10041.343685300208,
"min": 1533281009057638,
"min_diff": 1967.0,
"std": 5600961.645080175,
"std_diff": 5613.812948136322
}
}
},
"POSE": {
"message_count": 964,
"message_freq": 49.64250189146172,
"timespan": 19.418844,
"var_stats": {
"accel": {
"max": 10.220495686917173,
"max_diff": 10.908044314638712,
"mean": 3.143345714550051,
"mean_diff": 5.0029198698504205,
"min": -1.4348171399527654,
"min_diff": -1.3054872244459046,
"std": 4.70938353199126,
"std_diff": 4.937679423851875
},
"orientation": {
"max": 0.9999994012707959,
"max_diff": 0.16193789809420958,
"mean": 0.2081353558597756,
"mean_diff": -0.37917884627630866,
"min": -0.21444907965931567,
"min_diff": -0.9999994012707959,
"std": 0.45462036210570744,
"std_diff": 0.435381138624425
},
"pos": {
"max": 1076.0157601781646,
"max_diff": 590.8233755140755,
"mean": 533.1625577981437,
"mean_diff": -273.61713614312026,
"min": 0.0,
"min_diff": -1076.0157601781646,
"std": 430.3676703491379,
"std_diff": 779.6323735037521
},
"rotation_rate": {
"max": 0.2356249839067459,
"max_diff": 0.2644081152975559,
"mean": 0.01169222649162035,
"mean_diff": 0.01693632385242956,
"min": -0.10546708106994629,
"min_diff": -0.11711938679218292,
"std": 0.054794971903922705,
"std_diff": 0.06805499433087
},
"utime": {
"max": 1533281028468774,
"max_diff": 40165.0,
"mean": 1533281018764705.2,
"mean_diff": 20164.947040498442,
"min": 1533281009049930,
"min_diff": 8836.0,
"std": 5613234.59494246,
"std_diff": 1964.1913040798531
},
"vel": {
"max": 8.33494370194025,
"max_diff": 0.0,
"mean": 2.3066283450578786,
"mean_diff": -3.4599425175868177,
"min": 0.0,
"min_diff": -8.33494370194025,
"std": 3.319849602159741,
"std_diff": 3.5414264540961384
}
}
},
"SteerAngleFeedback": {
"message_count": 1898,
"message_freq": 97.86523338615201,
"timespan": 19.394017,
"var_stats": {
"utime": {
"max": 1533281028451161,
"max_diff": 39868.0,
"mean": 1533281018773745.8,
"mean_diff": 10223.519768054823,
"min": 1533281009057144,
"min_diff": 133.0,
"std": 5607028.624720337,
"std_diff": 1834.5522863807357
},
"value": {
"max": 1.6458454846306558,
"max_diff": 0.02617993877991498,
"mean": 0.25855057418097455,
"mean_diff": 0.0004986655005698065,
"min": -0.7661995416255123,
"min_diff": -0.045378560551850966,
"std": 0.6339306959414115,
"std_diff": 0.006611209577030626
}
}
},
"VEHICLE_MONITOR": {
"message_count": 39,
"message_freq": 2.000013128291304,
"timespan": 19.499872,
"var_stats": {
"available_distance": {
"max": 137,
"max_diff": 0.0,
"mean": 137.0,
"mean_diff": 0.0,
"min": 137,
"min_diff": 0.0,
"std": 0.0,
"std_diff": 0.0
},
"battery_level": {
"max": 96,
"max_diff": 0.0,
"mean": 96.0,
"mean_diff": 0.0,
"min": 96,
"min_diff": 0.0,
"std": 0.0,
"std_diff": 0.0
},
"brake": {
"max": 0,
"max_diff": 0.0,
"mean": 0.0,
"mean_diff": 0.0,
"min": 0,
"min_diff": 0.0,
"std": 0.0,
"std_diff": 0.0
},
"brake_switch": {
"max": 4,
"max_diff": 1.0,
"mean": 1.205128205128205,
"mean_diff": -0.07894736842105263,
"min": 1,
"min_diff": -3.0,
"std": 0.6861070851415204,
"std_diff": 0.5322039056883339
},
"gear_position": {
"max": 7,
"max_diff": 0.0,
"mean": 7.0,
"mean_diff": 0.0,
"min": 7,
"min_diff": 0.0,
"std": 0.0,
"std_diff": 0.0
},
"left_signal": {
"max": 1,
"max_diff": 1.0,
"mean": 0.3076923076923077,
"mean_diff": 0.0,
"min": 0,
"min_diff": -1.0,
"std": 0.4615384615384615,
"std_diff": 0.6488856845230502
},
"rear_left_rpm": {
"max": 264.5031,
"max_diff": 10.299900000000008,
"mean": 214.64914615384617,
"mean_diff": -0.7001210526315791,
"min": 160.7535,
"min_diff": -17.972700000000003,
"std": 34.74721455866013,
"std_diff": 7.915448573688965
},
"rear_right_rpm": {
"max": 263.7942,
"max_diff": 11.675999999999988,
"mean": 216.65288461538466,
"mean_diff": -0.559657894736842,
"min": 156.0831,
"min_diff": -19.64069999999998,
"std": 33.53785337481415,
"std_diff": 7.961341870849594
},
"right_signal": {
"max": 1,
"max_diff": 1.0,
"mean": 0.10256410256410256,
"mean_diff": 0.0,
"min": 0,
"min_diff": -1.0,
"std": 0.3033887068256214,
"std_diff": 0.3244428422615251
},
"steering": {
"max": 93.90000000000009,
"max_diff": 31.0,
"mean": 17.389743589743595,
"mean_diff": 1.1578947368421053,
"min": -43.90000000000009,
"min_diff": -85.0,
"std": 38.409038698988645,
"std_diff": 17.319757983889364
},
"steering_speed": {
"max": 75.70000000000046,
"max_diff": 109.59999999999991,
"mean": 5.479487179487426,
"mean_diff": -1.5710526315789546,
"min": -111.59999999999972,
"min_diff": -91.59999999999991,
"std": 28.76899309742318,
"std_diff": 32.534410187682674
},
"throttle": {
"max": 153,
"max_diff": 73.0,
"mean": 54.15384615384615,
"mean_diff": 2.210526315789474,
"min": 0,
"min_diff": -95.0,
"std": 60.747707970495796,
"std_diff": 30.086854879915535
},
"utime": {
"max": 1533281028734302,
"max_diff": 1000184.0,
"mean": 1533281018939543.0,
"mean_diff": 513154.5263157895,
"min": 1533281009234430,
"min_diff": 498959.0,
"std": 5838331.145799237,
"std_diff": 80068.10654677772
},
"vehicle_speed": {
"max": 30.03,
"max_diff": 1.129999999999999,
"mean": 24.62794871794872,
"mean_diff": -0.07368421052631581,
"min": 18.16,
"min_diff": -1.9600000000000009,
"std": 3.84663167971947,
"std_diff": 0.8823754453705054
},
"yaw_rate": {
"max": 13.100000000000023,
"max_diff": 4.800000000000011,
"mean": 2.100000000000024,
"mean_diff": 0.1499999999999997,
"min": -5.899999999999977,
"min_diff": -9.099999999999994,
"std": 5.157220479766506,
"std_diff": 2.234508070200121
}
}
},
"ZOE_VEH_INFO": {
"message_count": 1927,
"message_freq": 99.340527367774,
"timespan": 19.397924,
"var_stats": {
"FL_wheel_speed": {
"max": 265.8792,
"max_diff": 4.670400000000001,
"mean": 217.84292070576026,
"mean_diff": -0.017342523364485985,
"min": 160.5033,
"min_diff": -5.129099999999994,
"std": 34.70727409242966,
"std_diff": 0.7374654833774065
},
"FR_wheel_speed": {
"max": 265.212,
"max_diff": 4.670400000000001,
"mean": 219.0116026984951,
"mean_diff": -0.01431137071651091,
"min": 155.8329,
"min_diff": -4.920599999999979,
"std": 33.41287596130332,
"std_diff": 0.7117256598590913
},
"RL_wheel_speed": {
"max": 265.4622,
"max_diff": 4.461900000000014,
"mean": 217.18162838609234,
"mean_diff": -0.01831682242990654,
"min": 160.0446,
"min_diff": -5.129099999999994,
"std": 34.80194485642462,
"std_diff": 0.8100657501854698
},
"RR_wheel_speed": {
"max": 264.5031,
"max_diff": 4.670400000000001,
"mean": 218.8566613388687,
"mean_diff": -0.014787694704049843,
"min": 155.6244,
"min_diff": -4.461899999999986,
"std": 33.57362088419719,
"std_diff": 0.7908656238408587
},
"left_solar": {
"max": 0,
"max_diff": 0.0,
"mean": 0.0,
"mean_diff": 0.0,
"min": 0,
"min_diff": 0.0,
"std": 0.0,
"std_diff": 0.0
},
"longitudinal_accel": {
"max": 0.9000000000000004,
"max_diff": 0.75,
"mean": -0.19151530877010836,
"mean_diff": 0.0006230529595015582,
"min": -1.4499999999999993,
"min_diff": -0.5999999999999996,
"std": 0.5557753460124726,
"std_diff": 0.09644310903101548
},
"meanEffTorque": {
"max": 37.0,
"max_diff": 2.5,
"mean": -6.179034769071095,
"mean_diff": 0.040498442367601244,
"min": -79.5,
"min_diff": -2.0,
"std": 30.92670271534146,