{
"MS_IMU": {
"message_count": 1925,
"message_freq": 99.52611094664171,
"timespan": 19.341658,
"var_stats": {
"linear_accel": {
"max": 12.444295883178711,
"max_diff": 13.056937217712402,
"mean": 3.1381223162817387,
"mean_diff": 4.885690346256612,
"min": -1.8235158920288086,
"min_diff": -2.1694380044937134,
"std": 4.7284208399541825,
"std_diff": 5.329157575323827
},
"q": {
"max": 0.22618979215621948,
"max_diff": 1.0187857523560524,
"mean": -0.2721616436001516,
"mean_diff": 0.26278182667947186,
"min": -0.999806821346283,
"min_diff": -0.480492465547286,
"std": 0.41943778560555645,
"std_diff": 0.5185109999306617
},
"rotation_rate": {
"max": 0.10340853035449982,
"max_diff": 0.13690157141536474,
"mean": -0.024347829463974728,
"mean_diff": -0.03783234317958961,
"min": -0.29704535007476807,
"min_diff": -0.32457598112523556,
"std": 0.06825961581415205,
"std_diff": 0.08293562762273067
},
"utime": {
"max": 1532708448400486,
"max_diff": 25996.0,
"mean": 1532708438719783.5,
"mean_diff": 10052.836798336799,
"min": 1532708429058828,
"min_diff": 2917.0,
"std": 5588597.95255432,
"std_diff": 4843.568415347845
}
}
},
"POSE": {
"message_count": 963,
"message_freq": 49.79418403930421,
"timespan": 19.339608,
"var_stats": {
"accel": {
"max": 10.881439941375389,
"max_diff": 11.54432489115402,
"mean": 3.138298074776486,
"mean_diff": 4.885609740674132,
"min": -1.4902930035125213,
"min_diff": -1.9367322629518835,
"std": 4.7221936093678165,
"std_diff": 5.319400292588726
},
"orientation": {
"max": 0.9615973764039958,
"max_diff": 0.9615973764039958,
"mean": 0.3317018219368538,
"mean_diff": 0.07144401141568776,
"min": 0.0,
"min_diff": -0.8469316552891699,
"std": 0.3741308612287574,
"std_diff": 0.572912808869001
},
"pos": {
"max": 1661.9226560159036,
"max_diff": 1235.772722692406,
"mean": 686.2335574006494,
"mean_diff": -211.32757401773537,
"min": 0.0,
"min_diff": -1661.9226560159036,
"std": 693.4772155510574,
"std_diff": 1424.7917448678472
},
"rotation_rate": {
"max": 0.10340853035449982,
"max_diff": 0.13289929367601871,
"mean": -0.024337244800804448,
"mean_diff": -0.03777758468123427,
"min": -0.29704535007476807,
"min_diff": -0.32457598112523556,
"std": 0.06814584703582209,
"std_diff": 0.082782972077687
},
"utime": {
"max": 1532708448406836,
"max_diff": 39986.0,
"mean": 1532708438736744.5,
"mean_diff": 20103.54261954262,
"min": 1532708429067228,
"min_diff": 17927.0,
"std": 5587690.6651586965,
"std_diff": 1489.9727134592142
},
"vel": {
"max": 3.86872980190916,
"max_diff": 0.0,
"mean": 0.7966844517835981,
"mean_diff": -1.1950266776753973,
"min": 0.0,
"min_diff": -3.86872980190916,
"std": 1.3782265318576266,
"std_diff": 1.5405300947690543
}
}
},
"SteerAngleFeedback": {
"message_count": 1896,
"message_freq": 97.96481709333118,
"timespan": 19.353887,
"var_stats": {
"utime": {
"max": 1532708448405839,
"max_diff": 39753.0,
"mean": 1532708438749145.8,
"mean_diff": 10213.132981530343,
"min": 1532708429051952,
"min_diff": 3022.0,
"std": 5589155.358746,
"std_diff": 1687.804014008669
},
"value": {
"max": 0.24441807079117847,
"max_diff": 0.05061454830783729,
"mean": -0.9009846283961984,
"mean_diff": -0.0001326266027900713,
"min": -3.6738460999360916,
"min_diff": -0.03665191429187953,
"std": 1.240367851410723,
"std_diff": 0.007950940200782521
}
}
},
"VEHICLE_MONITOR": {
"message_count": 40,
"message_freq": 2.0512239858646053,
"timespan": 19.500552,
"var_stats": {
"available_distance": {
"max": 28,
"max_diff": 0.0,
"mean": 28.0,
"mean_diff": 0.0,
"min": 28,
"min_diff": 0.0,
"std": 0.0,
"std_diff": 0.0
},
"battery_level": {
"max": 35,
"max_diff": 0.0,
"mean": 35.0,
"mean_diff": 0.0,
"min": 35,
"min_diff": 0.0,
"std": 0.0,
"std_diff": 0.0
},
"brake": {
"max": 21,
"max_diff": 0.0,
"mean": 3.675,
"mean_diff": -0.5384615384615384,
"min": 0,
"min_diff": -21.0,
"std": 7.979309180624599,
"std_diff": 3.319299847752527
},
"brake_switch": {
"max": 4,
"max_diff": 3.0,
"mean": 1.25,
"mean_diff": -0.02564102564102564,
"min": 1,
"min_diff": -3.0,
"std": 0.5809475019311126,
"std_diff": 0.6975113081402793
},
"gear_position": {
"max": 7,
"max_diff": 0.0,
"mean": 7.0,
"mean_diff": 0.0,
"min": 7,
"min_diff": 0.0,
"std": 0.0,
"std_diff": 0.0
},
"left_signal": {
"max": 0,
"max_diff": 0.0,
"mean": 0.0,
"mean_diff": 0.0,
"min": 0,
"min_diff": 0.0,
"std": 0.0,
"std_diff": 0.0
},
"rear_left_rpm": {
"max": 123.1401,
"max_diff": 21.7257,
"mean": 76.55807250000001,
"mean_diff": 2.085,
"min": 0.0,
"min_diff": -8.882100000000008,
"std": 43.14878901049824,
"std_diff": 7.354748128511687
},
"rear_right_rpm": {
"max": 121.0134,
"max_diff": 22.6431,
"mean": 74.46786,
"mean_diff": 2.1149384615384617,
"min": 0.0,
"min_diff": -7.672800000000009,
"std": 41.73175726089066,
"std_diff": 7.387043699982004
},
"right_signal": {
"max": 1,
"max_diff": 1.0,
"mean": 0.075,
"mean_diff": 0.0,
"min": 0,
"min_diff": -1.0,
"std": 0.26339134382131846,
"std_diff": 0.32025630761017426
},
"steering": {
"max": 14.0,
"max_diff": 60.59999999999991,
"mean": -49.22249999999982,
"mean_diff": -0.3717948717948718,
"min": -209.79999999999973,
"min_diff": -39.79999999999973,
"std": 69.91447091804382,
"std_diff": 19.116149015654024
},
"steering_speed": {
"max": 203.20000000000044,
"max_diff": 133.5,
"mean": -0.48499999999969495,
"mean_diff": -0.10000000000000234,
"min": -121.59999999999972,
"min_diff": -181.30000000000018,
"std": 45.49819529387951,
"std_diff": 48.95623896229505
},
"throttle": {
"max": 232,
"max_diff": 124.0,
"mean": 46.55,
"mean_diff": 0.0,
"min": 0,
"min_diff": -96.0,
"std": 74.14443674342667,
"std_diff": 39.614164780821156
},
"utime": {
"max": 1532708448785867,
"max_diff": 500966.0,
"mean": 1532708439035279.2,
"mean_diff": 500014.1538461539,
"min": 1532708429285315,
"min_diff": 499177.0,
"std": 5771552.11605357,
"std_diff": 408.6231125698016
},
"vehicle_speed": {
"max": 13.89,
"max_diff": 2.2,
"mean": 8.63075,
"mean_diff": 0.24,
"min": 0.0,
"min_diff": -1.1400000000000006,
"std": 4.878006451153995,
"std_diff": 0.8187545263135798
},
"yaw_rate": {
"max": 0.10000000000002274,
"max_diff": 5.5,
"mean": -4.364999999999975,
"mean_diff": -0.002564102564103147,
"min": -16.899999999999977,
"min_diff": -4.699999999999989,
"std": 5.579854388781128,
"std_diff": 1.7611894552185194
}
}
},
"ZOE_VEH_INFO": {
"message_count": 1932,
"message_freq": 99.85263467016819,
"timespan": 19.348513,
"var_stats": {
"FL_wheel_speed": {
"max": 124.3077,
"max_diff": 12.426599999999993,
"mean": 77.07511149068324,
"mean_diff": 0.042844536509580526,
"min": 0.0,
"min_diff": -12.134699999999995,
"std": 44.06992775408289,
"std_diff": 0.8210337223283475
},
"FR_wheel_speed": {
"max": 119.6373,
"max_diff": 9.8412,
"mean": 73.56611692546585,
"mean_diff": 0.042952511651993784,
"min": 0.0,
"min_diff": -7.464299999999994,
"std": 41.795635363674876,
"std_diff": 0.5925302683667484
},
"RL_wheel_speed": {
"max": 123.849,
"max_diff": 10.758599999999987,
"mean": 76.5120104037267,
"mean_diff": 0.042844536509580526,
"min": 0.0,
"min_diff": -13.552499999999995,
"std": 43.723987209182184,
"std_diff": 0.7446761092934212
},
"RR_wheel_speed": {
"max": 121.2636,
"max_diff": 7.964700000000008,
"mean": 74.42882344720498,
"mean_diff": 0.04357876747799068,
"min": 0.0,
"min_diff": -14.3031,
"std": 42.33391392248013,
"std_diff": 0.6276529760113808
},
"left_solar": {
"max": 32,
"max_diff": 144.0,
"mean": -88.28985507246377,
"mean_diff": 0.0,
"min": -112,
"min_diff": -144.0,
"std": 50.93363156713526,
"std_diff": 7.479715361923272
},
"longitudinal_accel": {
"max": 1.3500000000000014,
"max_diff": 1.3000000000000007,
"mean": -0.06713250517598274,
"mean_diff": -5.178663904712658e-05,
"min": -1.5999999999999996,
"min_diff": -1.0999999999999996,
"std": 0.49858387143219574,
"std_diff": 0.09308008396390806
},
"meanEffTorque": {
"max": 76.5,
"max_diff": 6.0,
"mean": 5.350414078674948,
"mean_diff": -0.006214396685655101,
"min": -58.5,
"min_diff": -2.0,
"std": 31.444344089054518,
"std_diff": 0.5016417516942394
},
"odom": {
"max": 120,
"max_diff": 40.0,
"mean": 60.47412008281574,
"mean_diff": -0.026929052304505437,