{
"MS_IMU": {
"message_count": 1915,
"message_freq": 99.68614740473492,
"timespan": 19.210292,
"var_stats": {
"linear_accel": {
"max": 13.091769218444824,
"max_diff": 13.868804693222046,
"mean": 3.0947560614036265,
"mean_diff": 5.155448380142329,
"min": -2.9009954929351807,
"min_diff": -2.4826278686523438,
"std": 4.765146227794886,
"std_diff": 4.6492974858090435
},
"q": {
"max": 0.012015488930046558,
"max_diff": 0.9580238307826221,
"mean": -0.3392492567821201,
"mean_diff": 0.13867576904562476,
"min": -0.9538890719413757,
"min_diff": -0.4979498591274023,
"std": 0.36730090994374487,
"std_diff": 0.5589406598704371
},
"rotation_rate": {
"max": 0.12511231005191803,
"max_diff": 0.25434575602412224,
"mean": -0.005889707479046695,
"mean_diff": -0.010358030605202918,
"min": -0.22779330611228943,
"min_diff": -0.20281695574522018,
"std": 0.03549168500018821,
"std_diff": 0.045878623893722464
},
"utime": {
"max": 1533152552651344,
"max_diff": 24990.0,
"mean": 1533152543040992.2,
"mean_diff": 10036.725182863114,
"min": 1533152533441052,
"min_diff": 2693.0,
"std": 5553666.2926148055,
"std_diff": 4498.002706847544
}
}
},
"POSE": {
"message_count": 959,
"message_freq": 49.94979238543281,
"timespan": 19.199279,
"var_stats": {
"accel": {
"max": 11.440855307842265,
"max_diff": 12.061943743264182,
"mean": 3.094553112743634,
"mean_diff": 5.15776211716753,
"min": -2.2596890818258553,
"min_diff": -0.9672054981962728,
"std": 4.75014131835181,
"std_diff": 4.612368585135402
},
"orientation": {
"max": 0.9645439611102844,
"max_diff": 0.9645439611102844,
"mean": 0.3115289889973796,
"mean_diff": 0.2216389372300324,
"min": 0.0,
"min_diff": -0.46251580499289635,
"std": 0.39108782775007267,
"std_diff": 0.533113041330706
},
"pos": {
"max": 1629.3990974339247,
"max_diff": 1211.296419940201,
"mean": 686.8496677492949,
"mean_diff": -227.5230756950398,
"min": 0.0,
"min_diff": -1629.3990974339247,
"std": 675.9804690098614,
"std_diff": 1378.5425429975596
},
"rotation_rate": {
"max": 0.12511231005191803,
"max_diff": 0.24857117235660553,
"mean": -0.005811385735354339,
"mean_diff": -0.01038698008920639,
"min": -0.22779330611228943,
"min_diff": -0.2024615854024887,
"std": 0.03574449029156593,
"std_diff": 0.046340984673088
},
"utime": {
"max": 1533152552650682,
"max_diff": 40104.0,
"mean": 1533152543065959.8,
"mean_diff": 20041.001043841337,
"min": 1533152533451403,
"min_diff": 15262.0,
"std": 5544444.919222707,
"std_diff": 1074.1508599523067
},
"vel": {
"max": 9.574752598653992,
"max_diff": 0.0,
"mean": 2.100823267699846,
"mean_diff": -3.1512349015497687,
"min": 0.0,
"min_diff": -9.574752598653992,
"std": 3.4551776575595134,
"std_diff": 3.8206393661749702
}
}
},
"SteerAngleFeedback": {
"message_count": 1892,
"message_freq": 98.4758519722652,
"timespan": 19.212832,
"var_stats": {
"utime": {
"max": 1533152552655907,
"max_diff": 30194.0,
"mean": 1533152543049865.0,
"mean_diff": 10160.143839238499,
"min": 1533152533443075,
"min_diff": 5708.0,
"std": 5542755.553513126,
"std_diff": 1526.441516144071
},
"value": {
"max": 0.08559310885968813,
"max_diff": 0.0052359877559861635,
"mean": -0.5974754411157287,
"mean_diff": -0.0020563688912973886,
"min": -3.8030004645836737,
"min_diff": -0.09599310885968815,
"std": 1.0827211778204437,
"std_diff": 0.005157554615880159
}
}
},
"VEHICLE_MONITOR": {
"message_count": 39,
"message_freq": 2.052657939396695,
"timespan": 18.999756,
"var_stats": {
"available_distance": {
"max": 68,
"max_diff": 0.0,
"mean": 67.07692307692308,
"mean_diff": -0.02631578947368421,
"min": 67,
"min_diff": -1.0,
"std": 0.26646935501059654,
"std_diff": 0.16007269816574266
},
"battery_level": {
"max": 77,
"max_diff": 0.0,
"mean": 77.0,
"mean_diff": 0.0,
"min": 77,
"min_diff": 0.0,
"std": 0.0,
"std_diff": 0.0
},
"brake": {
"max": 16,
"max_diff": 7.0,
"mean": 1.5384615384615385,
"mean_diff": 0.0,
"min": 0,
"min_diff": -9.0,
"std": 3.8286782471651466,
"std_diff": 2.6556791182195503
},
"brake_switch": {
"max": 4,
"max_diff": 2.0,
"mean": 1.8205128205128205,
"mean_diff": 0.0,
"min": 1,
"min_diff": -3.0,
"std": 1.2983578360176578,
"std_diff": 0.8583950752789521
},
"gear_position": {
"max": 7,
"max_diff": 0.0,
"mean": 7.0,
"mean_diff": 0.0,
"min": 7,
"min_diff": 0.0,
"std": 0.0,
"std_diff": 0.0
},
"left_signal": {
"max": 0,
"max_diff": 0.0,
"mean": 0.0,
"mean_diff": 0.0,
"min": 0,
"min_diff": 0.0,
"std": 0.0,
"std_diff": 0.0
},
"rear_left_rpm": {
"max": 303.993,
"max_diff": 14.928600000000003,
"mean": 194.29420000000002,
"mean_diff": -6.117828947368421,
"min": 28.9815,
"min_diff": -24.060899999999997,
"std": 97.41060237018114,
"std_diff": 8.710667285361513
},
"rear_right_rpm": {
"max": 308.2047,
"max_diff": 13.802700000000002,
"mean": 196.87211538461543,
"mean_diff": -6.468986842105264,
"min": 26.6463,
"min_diff": -24.76979999999999,
"std": 101.04477741548237,
"std_diff": 8.654920248809225
},
"right_signal": {
"max": 1,
"max_diff": 1.0,
"mean": 0.358974358974359,
"mean_diff": 0.02631578947368421,
"min": 0,
"min_diff": -1.0,
"std": 0.4796996649710181,
"std_diff": 0.6277294969408717
},
"steering": {
"max": 3.700000000000273,
"max_diff": 2.400000000000091,
"mean": -38.63076923076907,
"mean_diff": -6.0394736842105265,
"min": -225.79999999999973,
"min_diff": -53.69999999999982,
"std": 68.12534508534999,
"std_diff": 12.033495783670798
},
"steering_speed": {
"max": 11.900000000000272,
"max_diff": 71.70000000000027,
"mean": -13.31025641025617,
"mean_diff": -0.9447368421052535,
"min": -111.59999999999972,
"min_diff": -101.59999999999991,
"std": 27.027173361900985,
"std_diff": 27.292294048035444
},
"throttle": {
"max": 172,
"max_diff": 81.0,
"mean": 34.256410256410255,
"mean_diff": 0.02631578947368421,
"min": 0,
"min_diff": -151.0,
"std": 60.64259227119295,
"std_diff": 40.269151600662255
},
"utime": {
"max": 1533152552873919,
"max_diff": 500866.0,
"mean": 1533152543373728.0,
"mean_diff": 499993.5789473684,
"min": 1533152533874163,
"min_diff": 499105.0,
"std": 5627175.926784529,
"std_diff": 422.8006642166612
},
"vehicle_speed": {
"max": 34.35,
"max_diff": 1.7000000000000002,
"mean": 22.17307692307692,
"mean_diff": -0.7068421052631578,
"min": 3.22,
"min_diff": -2.59,
"std": 11.129596982554347,
"std_diff": 0.939266525885065
},
"yaw_rate": {
"max": 0.6000000000000227,
"max_diff": 2.799999999999983,
"mean": -1.5769230769230507,
"mean_diff": -0.3210526315789478,
"min": -11.699999999999989,
"min_diff": -4.5,
"std": 2.749588457640624,
"std_diff": 1.3169258250975509
}
}
},
"ZOE_VEH_INFO": {
"message_count": 1914,
"message_freq": 99.69447861350295,
"timespan": 19.198656,
"var_stats": {
"FL_wheel_speed": {
"max": 305.8695,
"max_diff": 28.981499999999997,
"mean": 198.80516394984323,
"mean_diff": -0.12250601150026136,
"min": 28.2726,
"min_diff": -25.228499999999997,
"std": 96.45217731502495,
"std_diff": 1.6655807129478573
},
"FR_wheel_speed": {
"max": 305.1606,
"max_diff": 18.43140000000001,
"mean": 197.64041802507833,
"mean_diff": -0.127628593831678,
"min": 25.9374,
"min_diff": -16.596599999999995,
"std": 97.83167789483822,
"std_diff": 1.500113621277135
},
"RL_wheel_speed": {
"max": 309.0804,
"max_diff": 10.967100000000016,
"mean": 198.3949396551724,
"mean_diff": -0.12359592263460532,
"min": 28.0641,
"min_diff": -13.719299999999976,
"std": 96.44980290566897,
"std_diff": 1.2995075596989363
},
"RR_wheel_speed": {
"max": 313.5423,
"max_diff": 12.176400000000001,
"mean": 201.05546065830723,
"mean_diff": -0.13115990590695242,
"min": 26.1876,
"min_diff": -8.423399999999958,
"std": 99.78175981715735,
"std_diff": 1.1761933115941354
},
"left_solar": {
"max": 32,
"max_diff": 144.0,
"mean": -5.709508881922675,
"mean_diff": 0.0,
"min": -112,
"min_diff": -144.0,
"std": 25.065249092897552,
"std_diff": 8.45343321934563
},
"longitudinal_accel": {
"max": 0.5500000000000007,
"max_diff": 1.3499999999999996,
"mean": -0.5635318704284217,
"mean_diff": 5.2273915316257e-05,
"min": -2.5999999999999996,
"min_diff": -1.700000000000001,
"std": 0.6151006087715495,
"std_diff": 0.17153712192688486
},
"meanEffTorque": {
"max": 48.5,
"max_diff": 5.0,