{
"MS_IMU": {
"message_count": 1965,
"message_freq": 100.07381016441286,
"timespan": 19.635507,
"var_stats": {
"linear_accel": {
"max": 13.22351360321045,
"max_diff": 13.671139776706696,
"mean": 3.2021319964704738,
"mean_diff": 4.889668587661219,
"min": -1.9382213354110718,
"min_diff": -1.9341280460357666,
"std": 4.680691272663064,
"std_diff": 5.084722855416116
},
"q": {
"max": 0.6220593452453613,
"max_diff": 0.8557314611971378,
"mean": -0.0642945760253216,
"mean_diff": 0.4637327825345661,
"min": -0.8277977705001831,
"min_diff": -0.03836861252784729,
"std": 0.4958489943621018,
"std_diff": 0.3533087423376558
},
"rotation_rate": {
"max": 0.4489767551422119,
"max_diff": 0.4024534709751606,
"mean": 0.0030640014859690257,
"mean_diff": 0.003205376531738992,
"min": -0.3219943642616272,
"min_diff": -0.43782562017440796,
"std": 0.05827357642097131,
"std_diff": 0.0956068808983158
},
"utime": {
"max": 1538033872455991,
"max_diff": 33984.0,
"mean": 1538033862631421.5,
"mean_diff": 9997.71232179226,
"min": 1538033852820484,
"min_diff": 1944.0,
"std": 5675867.132495815,
"std_diff": 5346.402313689815
}
}
},
"POSE": {
"message_count": 979,
"message_freq": 49.798349746781234,
"timespan": 19.659286,
"var_stats": {
"accel": {
"max": 11.812986191471111,
"max_diff": 12.273825293026581,
"mean": 3.205445948540926,
"mean_diff": 4.88806111867631,
"min": -1.45511565471727,
"min_diff": -1.665089327992924,
"std": 4.666247927411818,
"std_diff": 5.058409728525292
},
"orientation": {
"max": 0.9929283846842804,
"max_diff": 0.18788374651275003,
"mean": 0.2907334992780485,
"mean_diff": -0.268207542664428,
"min": 0.0,
"min_diff": -0.9929283846842804,
"std": 0.4067849952954767,
"std_diff": 0.5112710116867983
},
"pos": {
"max": 2532.322919761832,
"max_diff": 879.7726989685909,
"mean": 1391.4016519099507,
"mean_diff": -833.925006513136,
"min": 0.0,
"min_diff": -2532.322919761832,
"std": 1042.0157481627011,
"std_diff": 1672.558395978485
},
"rotation_rate": {
"max": 0.4489767551422119,
"max_diff": 0.40141740068793297,
"mean": 0.00307181388302563,
"mean_diff": 0.0033763910664103432,
"min": -0.3207551836967468,
"min_diff": -0.43782562017440796,
"std": 0.058588318774932355,
"std_diff": 0.09598123723527976
},
"utime": {
"max": 1538033872459282,
"max_diff": 40318.0,
"mean": 1538033862616226.0,
"mean_diff": 20101.51942740286,
"min": 1538033852799996,
"min_diff": 7991.0,
"std": 5679819.696286704,
"std_diff": 1654.951570143467
},
"vel": {
"max": 8.821750235972592,
"max_diff": 0.0,
"mean": 2.382952457855332,
"mean_diff": -3.574428686782998,
"min": 0.0,
"min_diff": -8.821750235972592,
"std": 3.4188331502004616,
"std_diff": 3.6433203744750946
}
}
},
"SteerAngleFeedback": {
"message_count": 1947,
"message_freq": 99.1159589522481,
"timespan": 19.643658,
"var_stats": {
"utime": {
"max": 1538033872449031,
"max_diff": 29923.0,
"mean": 1538033862629241.2,
"mean_diff": 10094.377183967112,
"min": 1538033852805373,
"min_diff": 204.0,
"std": 5664647.755416687,
"std_diff": 1221.3490235730408
},
"value": {
"max": 1.9634954084936207,
"max_diff": 0.008726646259971632,
"mean": 0.06690428799311282,
"mean_diff": -0.0009982278815363268,
"min": -0.11170107212763868,
"min_diff": -0.06108652381980151,
"std": 0.20874700412124,
"std_diff": 0.005122105303590817
}
}
},
"VEHICLE_MONITOR": {
"message_count": 40,
"message_freq": 2.0512977253005675,
"timespan": 19.499851,
"var_stats": {
"available_distance": {
"max": 103,
"max_diff": 0.0,
"mean": 103.0,
"mean_diff": 0.0,
"min": 103,
"min_diff": 0.0,
"std": 0.0,
"std_diff": 0.0
},
"battery_level": {
"max": 94,
"max_diff": 0.0,
"mean": 94.0,
"mean_diff": 0.0,
"min": 94,
"min_diff": 0.0,
"std": 0.0,
"std_diff": 0.0
},
"brake": {
"max": 0,
"max_diff": 0.0,
"mean": 0.0,
"mean_diff": 0.0,
"min": 0,
"min_diff": 0.0,
"std": 0.0,
"std_diff": 0.0
},
"brake_switch": {
"max": 2,
"max_diff": 1.0,
"mean": 1.025,
"mean_diff": 0.0,
"min": 1,
"min_diff": -1.0,
"std": 0.15612494995995996,
"std_diff": 0.22645540682891915
},
"gear_position": {
"max": 7,
"max_diff": 0.0,
"mean": 7.0,
"mean_diff": 0.0,
"min": 7,
"min_diff": 0.0,
"std": 0.0,
"std_diff": 0.0
},
"left_signal": {
"max": 0,
"max_diff": 0.0,
"mean": 0.0,
"mean_diff": 0.0,
"min": 0,
"min_diff": 0.0,
"std": 0.0,
"std_diff": 0.0
},
"rear_left_rpm": {
"max": 279.1815,
"max_diff": 15.429000000000002,
"mean": 225.0642825,
"mean_diff": 1.1387307692307695,
"min": 156.792,
"min_diff": -20.34960000000001,
"std": 31.720582457332714,
"std_diff": 8.843905342219024
},
"rear_right_rpm": {
"max": 275.9706,
"max_diff": 15.178799999999995,
"mean": 225.26861250000002,
"mean_diff": 0.9462692307692304,
"min": 164.50650000000002,
"min_diff": -19.849200000000025,
"std": 31.052016631228536,
"std_diff": 8.553368328000253
},
"right_signal": {
"max": 0,
"max_diff": 0.0,
"mean": 0.0,
"mean_diff": 0.0,
"min": 0,
"min_diff": 0.0,
"std": 0.0,
"std_diff": 0.0
},
"steering": {
"max": 74.79999999999973,
"max_diff": 5.199999999999818,
"mean": 4.004999999999813,
"mean_diff": -1.8846153846153846,
"min": -6.300000000000182,
"min_diff": -55.29999999999973,
"std": 12.015551381438964,
"std_diff": 9.297629652753594
},
"steering_speed": {
"max": 37.80000000000037,
"max_diff": 117.59999999999992,
"mean": -3.569999999999767,
"mean_diff": 4.546153846153839,
"min": -175.39999999999947,
"min_diff": -37.80000000000018,
"std": 30.12772145383711,
"std_diff": 23.100458938207677
},
"throttle": {
"max": 259,
"max_diff": 93.0,
"mean": 81.975,
"mean_diff": 0.48717948717948717,
"min": 0,
"min_diff": -130.0,
"std": 89.58557012711366,
"std_diff": 47.28086933279908
},
"utime": {
"max": 1538033872520889,
"max_diff": 500912.0,
"mean": 1538033862770853.5,
"mean_diff": 499996.1794871795,
"min": 1538033853021038,
"min_diff": 499174.0,
"std": 5771593.754796668,
"std_diff": 428.27590386996377
},
"vehicle_speed": {
"max": 31.75,
"max_diff": 1.6999999999999993,
"mean": 25.697750000000003,
"mean_diff": 0.11820512820512818,
"min": 18.34,
"min_diff": -2.6899999999999977,
"std": 3.5625352542115287,
"std_diff": 0.9918769355914658
},
"yaw_rate": {
"max": 10.800000000000011,
"max_diff": 0.799999999999983,
"mean": 0.19750000000002643,
"mean_diff": -0.28205128205128205,
"min": -1.4999999999999716,
"min_diff": -8.399999999999977,
"std": 1.8004843098455465,
"std_diff": 1.4489380363796027
}
}
},
"ZOE_VEH_INFO": {
"message_count": 1962,
"message_freq": 99.84805995524853,
"timespan": 19.649856,
"var_stats": {
"FL_wheel_speed": {
"max": 281.058,
"max_diff": 6.296699999999987,
"mean": 226.19514633027526,
"mean_diff": 0.02600668026517083,
"min": 150.20340000000002,
"min_diff": -6.7971,
"std": 31.58048675866232,
"std_diff": 0.8070278188065347
},
"FR_wheel_speed": {
"max": 279.6819,
"max_diff": 6.75539999999998,
"mean": 226.2749119266055,
"mean_diff": 0.019563488016318194,
"min": 161.67090000000002,
"min_diff": -5.837999999999994,
"std": 30.9096480635099,
"std_diff": 0.7680575132795198
},
"RL_wheel_speed": {
"max": 280.5993,
"max_diff": 4.670400000000029,
"mean": 225.41746896024463,
"mean_diff": 0.026346914839367658,
"min": 148.36860000000001,
"min_diff": -7.214100000000002,
"std": 31.634138938177827,
"std_diff": 0.7320562595186072
},
"RR_wheel_speed": {
"max": 278.7228,
"max_diff": 6.338400000000007,
"mean": 225.7883694189603,
"mean_diff": 0.02062672106068333,
"min": 160.0446,
"min_diff": -5.337600000000009,
"std": 30.967610714519733,
"std_diff": 0.756105193562838
},
"left_solar": {
"max": 0,
"max_diff": 0.0,
"mean": 0.0,
"mean_diff": 0.0,
"min": 0,
"min_diff": 0.0,
"std": 0.0,
"std_diff": 0.0
},
"longitudinal_accel": {
"max": 1.3500000000000014,
"max_diff": 1.200000000000001,
"mean": 0.05904689092762552,
"mean_diff": -0.00017848036715961227,
"min": -2.05,
"min_diff": -0.6000000000000014,
"std": 0.6589023854568066,
"std_diff": 0.10164992151268333
},
"meanEffTorque": {
"max": 74.0,
"max_diff": 3.0,
"mean": 6.651630988786952,
"mean_diff": -0.008924018357980621,
"min": -52.5,
"min_diff": -3.0,
"std": 34.945159743385666,
"std_diff": 0.5291569260251587
},
"odom": {
"max": 124,
"max_diff": 92.0,
"mean": 68.4138634046891,