{
"MS_IMU": {
"message_count": 1950,
"message_freq": 99.74564859608,
"timespan": 19.549725,
"var_stats": {
"linear_accel": {
"max": 13.166872024536133,
"max_diff": 15.169432878494263,
"mean": 3.059328068220803,
"mean_diff": 5.093504087341358,
"min": -2.252507209777832,
"min_diff": -3.0678428411483765,
"std": 4.779107417551862,
"std_diff": 4.95521174484238
},
"q": {
"max": 0.25338682532310486,
"max_diff": 0.9895433662459254,
"mean": -0.18672612437053035,
"mean_diff": 0.4008403687038992,
"min": -0.9776326417922974,
"min_diff": -0.028393077664077282,
"std": 0.4638247201619793,
"std_diff": 0.42458300804663746
},
"rotation_rate": {
"max": 0.12679366767406464,
"max_diff": 0.1338714249432087,
"mean": -0.00048263113077378624,
"mean_diff": -0.0011428624244739438,
"min": -0.13176408410072327,
"min_diff": -0.202127106487751,
"std": 0.019182229530214784,
"std_diff": 0.025150025428546538
},
"utime": {
"max": 1535573609453373,
"max_diff": 28998.0,
"mean": 1535573599678084.8,
"mean_diff": 10030.643919958953,
"min": 1535573589903648,
"min_diff": 1505.0,
"std": 5644891.528746374,
"std_diff": 4039.0735140834677
}
}
},
"POSE": {
"message_count": 974,
"message_freq": 49.84294100371504,
"timespan": 19.541383,
"var_stats": {
"accel": {
"max": 11.115239842291436,
"max_diff": 12.307972939482903,
"mean": 3.0617270048622816,
"mean_diff": 5.08993728593701,
"min": -1.5359971502984469,
"min_diff": -1.306957285194236,
"std": 4.772803116028213,
"std_diff": 4.948265203733023
},
"orientation": {
"max": 0.8594653466329627,
"max_diff": 0.5480417380911341,
"mean": 0.34468359039941143,
"mean_diff": -0.10479386752068093,
"min": 0.0,
"min_diff": -0.8594653466329627,
"std": 0.36220604979675686,
"std_diff": 0.5677601418410695
},
"pos": {
"max": 1703.1392186905268,
"max_diff": 1256.8015382845351,
"mean": 708.256028118569,
"mean_diff": -219.0961466540691,
"min": 0.0,
"min_diff": -1703.1392186905268,
"std": 714.5870203341104,
"std_diff": 1467.52047992443
},
"rotation_rate": {
"max": 0.12679366767406464,
"max_diff": 0.1285502016544342,
"mean": -0.00048324976035633794,
"mean_diff": -0.0011017089687709895,
"min": -0.13176408410072327,
"min_diff": -0.20093851536512375,
"std": 0.019069850759012484,
"std_diff": 0.025155395049286596
},
"utime": {
"max": 1535573609452596,
"max_diff": 40609.0,
"mean": 1535573599701308.5,
"mean_diff": 20083.641315519013,
"min": 1535573589911213,
"min_diff": 13571.0,
"std": 5643501.607270571,
"std_diff": 1433.1061937656868
},
"vel": {
"max": 5.058017197930839,
"max_diff": 0.0,
"mean": 0.8869248543468904,
"mean_diff": -1.3303872815203355,
"min": 0.0,
"min_diff": -5.058017197930839,
"std": 1.4856079082027238,
"std_diff": 1.6494149000260727
}
}
},
"SteerAngleFeedback": {
"message_count": 1923,
"message_freq": 98.34740558725778,
"timespan": 19.553134,
"var_stats": {
"utime": {
"max": 1535573609452620,
"max_diff": 32867.0,
"mean": 1535573599705172.2,
"mean_diff": 10173.326742976067,
"min": 1535573589899486,
"min_diff": 3863.0,
"std": 5641533.948971576,
"std_diff": 1665.1338386842133
},
"value": {
"max": 0.5236707511102712,
"max_diff": 0.022689280275929535,
"mean": -0.14745418046107633,
"mean_diff": -0.00011169380748975321,
"min": -1.4590232791552935,
"min_diff": -0.06632251157578772,
"std": 0.4655059603634619,
"std_diff": 0.007668007514926133
}
}
},
"VEHICLE_MONITOR": {
"message_count": 40,
"message_freq": 2.051343381189294,
"timespan": 19.499417,
"var_stats": null
},
"ZOE_VEH_INFO": {
"message_count": 1949,
"message_freq": 99.69786788769017,
"timespan": 19.549064,
"var_stats": {
"FL_wheel_speed": {
"max": 158.41830000000002,
"max_diff": 7.672800000000009,
"mean": 83.13356074910212,
"mean_diff": -0.06959276180698151,
"min": 0.0,
"min_diff": -8.631900000000016,
"std": 43.294948367457664,
"std_diff": 0.5796780124916715
},
"FR_wheel_speed": {
"max": 159.54420000000002,
"max_diff": 5.6295,
"mean": 83.03310846587995,
"mean_diff": -0.0704276180698152,
"min": 0.0,
"min_diff": -3.5444999999999993,
"std": 43.4782530181043,
"std_diff": 0.44858526848037733
},
"RL_wheel_speed": {
"max": 158.41830000000002,
"max_diff": 8.631900000000002,
"mean": 83.00983006670089,
"mean_diff": -0.0698068275154004,
"min": 0.0,
"min_diff": -12.13470000000001,
"std": 43.180483806596094,
"std_diff": 0.5763348990758849
},
"RR_wheel_speed": {
"max": 162.63,
"max_diff": 9.132299999999987,
"mean": 84.42807937403798,
"mean_diff": -0.07186185831622176,
"min": 0.0,
"min_diff": -8.673599999999993,
"std": 44.23801066564459,
"std_diff": 0.555110448079274
},
"left_solar": {
"max": 0,
"max_diff": 0.0,
"mean": 0.0,
"mean_diff": 0.0,
"min": 0,
"min_diff": 0.0,
"std": 0.0,
"std_diff": 0.0
},
"longitudinal_accel": {
"max": 1.0,
"max_diff": 0.6500000000000004,
"mean": -0.4518727552591067,
"mean_diff": -0.0005903490759753596,
"min": -1.799999999999999,
"min_diff": -0.75,
"std": 0.5586902261779187,
"std_diff": 0.057772748786449585
},
"meanEffTorque": {
"max": 79.5,
"max_diff": 4.5,
"mean": -6.8109286813750645,
"mean_diff": 0.008213552361396304,
"min": -59.5,
"min_diff": -3.0,
"std": 25.089655320758435,
"std_diff": 0.5264408131544627
},
"odom": {
"max": 120,
"max_diff": 52.0,
"mean": 59.54232939969215,
"mean_diff": -0.002053388090349076,
"min": 0,
"min_diff": -112.0,
"std": 34.44238619887731,
"std_diff": 15.086608143325337
},
"odom_speed": {
"max": 18.0,
"max_diff": 1.0,
"mean": 9.153925089789636,
"mean_diff": -0.0077002053388090345,
"min": 0.0,
"min_diff": -1.0,
"std": 4.961308608192763,
"std_diff": 0.12176933313758016
},
"pedal_cc": {
"max": 250.0,
"max_diff": 20.0,
"mean": 24.443817342226783,
"mean_diff": 0.0,
"min": 0.0,
"min_diff": -31.0,
"std": 45.85774005816425,
"std_diff": 2.2333113691238635
},
"regen": {
"max": 45.0,
"max_diff": 1.0,
"mean": 12.989738327347357,
"mean_diff": -0.015400410677618069,
"min": 0.0,
"min_diff": -2.0,
"std": 14.2158792758198,
"std_diff": 0.3387514729274383
},
"requestedTorqueAfterProc": {
"max": -272.5,
"max_diff": 125.5,
"mean": -356.67342226782966,
"mean_diff": -0.052104722792607805,
"min": -398.5,
"min_diff": -126.0,
"std": 44.944634906883145,
"std_diff": 6.386706603367114
},
"right_solar": {
"max": 0,
"max_diff": 0.0,
"mean": 0.0,
"mean_diff": 0.0,
"min": 0,
"min_diff": 0.0,
"std": 0.0,
"std_diff": 0.0
},
"steer_corrected": {
"max": 30.004123893064307,
"max_diff": 1.300000000000182,
"mean": -8.381458456858917,
"mean_diff": -0.006314168377823502,
"min": -83.59587610693606,
"min_diff": -3.800000000000182,
"std": 26.554950963216196,
"std_diff": 0.44158358842837225
},
"steer_offset_can": {
"max": -12.300000000000182,
"max_diff": 0.0,
"mean": -12.300000000000182,
"mean_diff": 0.0,
"min": -12.300000000000182,
"min_diff": 0.0,
"std": 0.0,
"std_diff": 0.0
},
"steer_raw": {
"max": 18.300000000000182,
"max_diff": 1.300000000000182,
"mean": -20.085582349923044,
"mean_diff": -0.006314168377823502,
"min": -95.30000000000018,
"min_diff": -3.800000000000182,
"std": 26.554950963216196,
"std_diff": 0.44158358842837225
},
"transversal_accel": {
"max": -0.4159999999999968,
"max_diff": 0.0519999999999925,
"mean": -0.5176972806567466,
"mean_diff": -1.0266940451750632e-05,
"min": -0.6519999999999868,
"min_diff": -0.07999999999998408,
"std": 0.02186878866547065,
"std_diff": 0.005758298834976699
},
"utime": {
"max": 1535573609455136,
"max_diff": 25974.0,
"mean": 1535573599675988.8,
"mean_diff": 10035.453798767967,
"min": 1535573589906072,
"min_diff": 2.0,
"std": 5644001.77885882,
"std_diff": 1849.9412783901357
}
}
},
"ZoeSensors": {
"message_count": 18869,
"message_freq": 965.1498007732146,
"timespan": 19.550333,
"var_stats": {
"brake_sensor": {
"max": 0.1842205673456192,
"max_diff": 3.126263618469238e-05,
"mean": 0.18396877250687688,
"mean_diff": -4.7840403883745793e-08,
"min": 0.18310564756393433,
"min_diff": -3.30805778503418e-05,
"std": 0.00031356942098870004,
"std_diff": 5.310961405541536e-06
},
"steering_sensor": {
"max": 0.19514356553554535,
"max_diff": 0.0005671679973602295,
"mean": 0.18897712804411432,
"mean_diff": -1.2712898662794388e-07,
"min": 0.18628934025764465,
"min_diff": -0.0005947500467300415,