{
"MS_IMU": {
"message_count": 1897,
"message_freq": 99.49768094875365,
"timespan": 19.065771,
"var_stats": {
"linear_accel": {
"max": 14.650097846984863,
"max_diff": 13.607843160629272,
"mean": 3.4071228881633964,
"mean_diff": 4.831206368333872,
"min": -1.4985872507095337,
"min_diff": -2.3391391336917877,
"std": 4.559651334148489,
"std_diff": 4.738443314668861
},
"q": {
"max": 0.00796103198081255,
"max_diff": 0.750665686908178,
"mean": -0.3578818348540438,
"mean_diff": -0.010230723248071023,
"min": -0.8129864931106567,
"min_diff": -0.8100589725654572,
"std": 0.3491713207042817,
"std_diff": 0.5687685754400263
},
"rotation_rate": {
"max": 0.19139115512371063,
"max_diff": 0.2466944232583046,
"mean": 0.002196583234308331,
"mean_diff": -0.00024615613511582514,
"min": -0.17214420437812805,
"min_diff": -0.2329406887292862,
"std": 0.05094848932610096,
"std_diff": 0.06767838872481585
},
"utime": {
"max": 1532621767722057,
"max_diff": 28999.0,
"mean": 1532621758189161.5,
"mean_diff": 10055.786392405063,
"min": 1532621748656286,
"min_diff": 1958.0,
"std": 5499984.563582639,
"std_diff": 5478.358130609928
}
}
},
"POSE": {
"message_count": 949,
"message_freq": 49.78876499991475,
"timespan": 19.060525,
"var_stats": {
"accel": {
"max": 11.274283041942013,
"max_diff": 11.601533972149433,
"mean": 3.4080507088330343,
"mean_diff": 4.829191410330288,
"min": -0.8487468638210655,
"min_diff": -1.994065908748734,
"std": 4.538510298339953,
"std_diff": 4.713815448877688
},
"orientation": {
"max": 0.9999998868378945,
"max_diff": 0.9999998868378945,
"mean": -0.09251204985723181,
"mean_diff": -0.15719728630361499,
"min": -0.9999999999997119,
"min_diff": -0.9999999999997119,
"std": 0.49136699180064286,
"std_diff": 0.5555378893577941
},
"pos": {
"max": 1949.2655074671704,
"max_diff": -781.2033910121089,
"mean": 893.0588855699632,
"mean_diff": -947.1513400371445,
"min": 0.0,
"min_diff": -1165.2532820258143,
"std": 777.3022295149398,
"std_diff": 163.47558952754565
},
"rotation_rate": {
"max": 0.19139115512371063,
"max_diff": 0.23708704859018326,
"mean": 0.002263384388053062,
"mean_diff": -0.00031926320053649173,
"min": -0.17214420437812805,
"min_diff": -0.2329406887292862,
"std": 0.050875441780322626,
"std_diff": 0.0676117930151606
},
"utime": {
"max": 1532621767713720,
"max_diff": 40701.0,
"mean": 1532621758201464.2,
"mean_diff": 20106.039029535867,
"min": 1532621748653195,
"min_diff": 16709.0,
"std": 5506626.107183651,
"std_diff": 1565.1842383417643
},
"vel": {
"max": 6.994639066880214,
"max_diff": 0.0,
"mean": 1.7586251183409707,
"mean_diff": -2.637937677511456,
"min": 0.0,
"min_diff": -6.994639066880214,
"std": 2.5833800449124396,
"std_diff": 2.7733025357023084
}
}
},
"SteerAngleFeedback": {
"message_count": 1872,
"message_freq": 98.19671077737752,
"timespan": 19.063775,
"var_stats": {
"utime": {
"max": 1532621767715870,
"max_diff": 30830.0,
"mean": 1532621758194613.5,
"mean_diff": 10189.083377872796,
"min": 1532621748652095,
"min_diff": 4538.0,
"std": 5498659.698916125,
"std_diff": 1578.2181210878675
},
"value": {
"max": 1.776817154042195,
"max_diff": 0.038397243543872195,
"mean": 0.04988285190996516,
"mean_diff": 4.9440112429557954e-05,
"min": -1.113448087260413,
"min_diff": -0.04188790204786552,
"std": 0.6751036346056907,
"std_diff": 0.0075989879242785415
}
}
},
"VEHICLE_MONITOR": {
"message_count": 39,
"message_freq": 2.052700290388668,
"timespan": 18.999364,
"var_stats": {
"available_distance": {
"max": 34,
"max_diff": 0.0,
"mean": 34.0,
"mean_diff": 0.0,
"min": 34,
"min_diff": 0.0,
"std": 0.0,
"std_diff": 0.0
},
"battery_level": {
"max": 41,
"max_diff": 0.0,
"mean": 40.1025641025641,
"mean_diff": -0.02631578947368421,
"min": 40,
"min_diff": -1.0,
"std": 0.3033887068256213,
"std_diff": 0.16007269816574266
},
"brake": {
"max": 0,
"max_diff": 0.0,
"mean": 0.0,
"mean_diff": 0.0,
"min": 0,
"min_diff": 0.0,
"std": 0.0,
"std_diff": 0.0
},
"brake_switch": {
"max": 2,
"max_diff": 1.0,
"mean": 1.1794871794871795,
"mean_diff": 0.0,
"min": 1,
"min_diff": -1.0,
"std": 0.3837597319768145,
"std_diff": 0.39735970711951313
},
"gear_position": {
"max": 7,
"max_diff": 0.0,
"mean": 7.0,
"mean_diff": 0.0,
"min": 7,
"min_diff": 0.0,
"std": 0.0,
"std_diff": 0.0
},
"left_signal": {
"max": 1,
"max_diff": 1.0,
"mean": 0.05128205128205128,
"mean_diff": 0.0,
"min": 0,
"min_diff": -1.0,
"std": 0.2205724427446827,
"std_diff": 0.3244428422615251
},
"rear_left_rpm": {
"max": 218.46630000000002,
"max_diff": 21.266999999999996,
"mean": 166.0911,
"mean_diff": 1.1566263157894734,
"min": 105.1674,
"min_diff": -13.093799999999987,
"std": 38.109577825387035,
"std_diff": 8.938943573743524
},
"rear_right_rpm": {
"max": 226.6395,
"max_diff": 21.725700000000018,
"mean": 169.26778461538458,
"mean_diff": 1.1313868421052635,
"min": 111.21390000000001,
"min_diff": -12.343199999999996,
"std": 39.300753612031535,
"std_diff": 9.26536569722145
},
"right_signal": {
"max": 0,
"max_diff": 0.0,
"mean": 0.0,
"mean_diff": 0.0,
"min": 0,
"min_diff": 0.0,
"std": 0.0,
"std_diff": 0.0
},
"steering": {
"max": 102.20000000000027,
"max_diff": 68.80000000000018,
"mean": 3.1307692307693915,
"mean_diff": 0.11052631578948087,
"min": -60.0,
"min_diff": -50.5,
"std": 38.57427170887125,
"std_diff": 18.92755982094957
},
"steering_speed": {
"max": 85.60000000000055,
"max_diff": 97.69999999999982,
"mean": 1.7512820512823437,
"mean_diff": -0.47105263157894983,
"min": -97.69999999999963,
"min_diff": -65.70000000000027,
"std": 38.053739812808956,
"std_diff": 32.12779504854701
},
"throttle": {
"max": 397,
"max_diff": 117.0,
"mean": 132.4102564102564,
"mean_diff": -3.4210526315789473,
"min": 0,
"min_diff": -166.0,
"std": 118.4086184382162,
"std_diff": 64.69427355238572
},
"utime": {
"max": 1532621767777348,
"max_diff": 500893.0,
"mean": 1532621758277916.2,
"mean_diff": 499983.2631578947,
"min": 1532621748777984,
"min_diff": 499189.0,
"std": 5627195.058116845,
"std_diff": 440.5230553862871
},
"vehicle_speed": {
"max": 25.04,
"max_diff": 2.5199999999999996,
"mean": 19.009743589743586,
"mean_diff": 0.1363157894736842,
"min": 12.44,
"min_diff": -1.3800000000000026,
"std": 4.3178315350442995,
"std_diff": 1.0139044412894551
},
"yaw_rate": {
"max": 9.300000000000011,
"max_diff": 7.099999999999994,
"mean": -0.11794871794869302,
"mean_diff": -0.0026315789473682714,
"min": -7.199999999999989,
"min_diff": -5.700000000000017,
"std": 4.03598377387858,
"std_diff": 1.9725066662692061
}
}
},
"ZOE_VEH_INFO": {
"message_count": 1895,
"message_freq": 99.46014920491977,
"timespan": 19.052857,
"var_stats": {
"FL_wheel_speed": {
"max": 225.2217,
"max_diff": 9.340800000000002,
"mean": 166.66565778364117,
"mean_diff": 0.025649683210137275,
"min": 105.1674,
"min_diff": -9.799499999999995,
"std": 38.450413875847545,
"std_diff": 1.0094503032377913
},
"FR_wheel_speed": {
"max": 224.763,
"max_diff": 6.546899999999994,
"mean": 166.78092142480213,
"mean_diff": 0.025935902851108753,
"min": 109.3374,
"min_diff": -7.46429999999998,
"std": 38.52823446997332,
"std_diff": 0.9474402589761136
},
"RL_wheel_speed": {
"max": 223.13670000000002,
"max_diff": 9.841199999999986,
"mean": 166.02959525065964,
"mean_diff": 0.025671700105596617,
"min": 104.70870000000001,
"min_diff": -11.926200000000023,
"std": 38.46834046375892,
"std_diff": 1.0255842030066435
},
"RR_wheel_speed": {
"max": 228.2658,
"max_diff": 4.920600000000007,
"mean": 169.4332834828496,
"mean_diff": 0.02725691657866949,
"min": 110.7552,
"min_diff": -5.587799999999987,
"std": 39.3617588573447,
"std_diff": 0.865112332832199
},
"left_solar": {
"max": 0,
"max_diff": 0.0,
"mean": 0.0,
"mean_diff": 0.0,
"min": 0,
"min_diff": 0.0,
"std": 0.0,
"std_diff": 0.0
},
"longitudinal_accel": {
"max": 1.75,
"max_diff": 0.7999999999999989,
"mean": 0.07356200527704548,
"mean_diff": -0.0003695881731784579,
"min": -0.9499999999999993,
"min_diff": -1.3000000000000007,
"std": 0.6288513868441579,
"std_diff": 0.12060596143921445
},
"meanEffTorque": {
"max": 112.0,
"max_diff": 3.5,
"mean": 14.119788918205805,
"mean_diff": -0.02983104540654699,