{
"MS_IMU": {
"message_count": 1982,
"message_freq": 99.84548130937425,
"timespan": 19.850673,
"var_stats": {
"linear_accel": {
"max": 10.246102333068848,
"max_diff": 10.47064559161663,
"mean": 3.2493880234086117,
"mean_diff": 4.9087722931752795,
"min": -1.3791407346725464,
"min_diff": -0.8000735491514206,
"std": 4.635511785925313,
"std_diff": 4.938371208909851
},
"q": {
"max": 0.35668933391571045,
"max_diff": 0.9360704070422798,
"mean": -0.1443112434816944,
"mean_diff": 0.43020799722468617,
"min": -0.9346785545349121,
"min_diff": -0.005991430036374368,
"std": 0.4787215074301819,
"std_diff": 0.38631192691259364
},
"rotation_rate": {
"max": 0.01998823508620262,
"max_diff": 0.04384364373981953,
"mean": -7.415664399739308e-05,
"mean_diff": -0.00011492912810667491,
"min": -0.03301631659269333,
"min_diff": -0.029110927134752274,
"std": 0.0024460521460378326,
"std_diff": 0.0036098970575268096
},
"utime": {
"max": 1535657871900725,
"max_diff": 25921.0,
"mean": 1535657861977603.0,
"mean_diff": 10020.531549722362,
"min": 1535657852050052,
"min_diff": 2950.0,
"std": 5732589.336127053,
"std_diff": 4684.053088978882
}
}
},
"POSE": {
"message_count": 989,
"message_freq": 49.84853906986356,
"timespan": 19.8401,
"var_stats": {
"accel": {
"max": 10.047049475537676,
"max_diff": 10.170407382450886,
"mean": 3.2467103948742526,
"mean_diff": 4.912206983834411,
"min": -1.316307312535975,
"min_diff": -0.42191287061299904,
"std": 4.6374284970449375,
"std_diff": 4.9360409106251755
},
"orientation": {
"max": 0.9108130273952276,
"max_diff": 0.4134174142464225,
"mean": 0.33096570651812307,
"mean_diff": -0.16579344948661556,
"min": 0.0,
"min_diff": -0.9108130273952276,
"std": 0.37478220489900477,
"std_diff": 0.5530333312203365
},
"pos": {
"max": 1445.883616491765,
"max_diff": -230.4764506397064,
"mean": 887.0829722450216,
"mean_diff": -722.9404720523577,
"min": 0.0,
"min_diff": -1215.401624231604,
"std": 634.2823804718861,
"std_diff": 492.4275006396424
},
"rotation_rate": {
"max": 0.01873185858130455,
"max_diff": 0.04125630762428045,
"mean": -6.055261970887777e-05,
"mean_diff": -0.00012390692474533726,
"min": -0.03027833066880703,
"min_diff": -0.02684025769121945,
"std": 0.002378936312797734,
"std_diff": 0.0034807622487479507
},
"utime": {
"max": 1535657871900863,
"max_diff": 40200.0,
"mean": 1535657861986672.0,
"mean_diff": 20081.072874493926,
"min": 1535657852060763,
"min_diff": 16286.0,
"std": 5733668.092460092,
"std_diff": 1348.9172201266042
},
"vel": {
"max": 0.39990197082158707,
"max_diff": 0.0,
"mean": 0.0013910317995054799,
"mean_diff": -0.0020865476992582197,
"min": 0.0,
"min_diff": -0.39990197082158707,
"std": 0.019341556544196205,
"std_diff": 0.02365782084698593
}
}
},
"SteerAngleFeedback": {
"message_count": 1963,
"message_freq": 98.88151058306696,
"timespan": 19.852043,
"var_stats": {
"utime": {
"max": 1535657871904544,
"max_diff": 29455.0,
"mean": 1535657862004040.8,
"mean_diff": 10118.26860346585,
"min": 1535657852052501,
"min_diff": 1516.0,
"std": 5727257.547243827,
"std_diff": 1332.2333328409495
},
"value": {
"max": 0.15191562043547582,
"max_diff": 0.0017453292519927222,
"mean": 0.15191117486937294,
"mean_diff": 0.0,
"min": 0.1501702911834831,
"min_diff": -0.0017453292519927222,
"std": 8.797279979094487e-05,
"std_diff": 0.00012460281848506228
}
}
},
"VEHICLE_MONITOR": {
"message_count": 40,
"message_freq": 2.051342644787866,
"timespan": 19.499424,
"var_stats": null
},
"ZOE_VEH_INFO": {
"message_count": 1974,
"message_freq": 99.43716248853438,
"timespan": 19.851733,
"var_stats": {
"FL_wheel_speed": {
"max": 9.3825,
"max_diff": 0.0,
"mean": 0.08380136778115502,
"mean_diff": -0.00475544855549924,
"min": 0.0,
"min_diff": -3.5028,
"std": 0.7429626290052772,
"std_diff": 0.09220008211152819
},
"FR_wheel_speed": {
"max": 8.6736,
"max_diff": 0.0,
"mean": 0.0816677811550152,
"mean_diff": -0.00439614799797263,
"min": 0.0,
"min_diff": -3.5028,
"std": 0.7268356788630627,
"std_diff": 0.08804747369048489
},
"RL_wheel_speed": {
"max": 7.7145,
"max_diff": 0.0,
"mean": 0.07655562310030396,
"mean_diff": -0.003910035478966042,
"min": 0.0,
"min_diff": -3.5028,
"std": 0.6851127346544552,
"std_diff": 0.08598932105605003
},
"RR_wheel_speed": {
"max": 8.4234,
"max_diff": 0.0,
"mean": 0.08179452887537994,
"mean_diff": -0.004269336036492651,
"min": 0.0,
"min_diff": -3.5028,
"std": 0.7067140052369348,
"std_diff": 0.08853284955881437
},
"left_solar": {
"max": 0,
"max_diff": 0.0,
"mean": 0.0,
"mean_diff": 0.0,
"min": 0,
"min_diff": 0.0,
"std": 0.0,
"std_diff": 0.0
},
"longitudinal_accel": {
"max": 0.5500000000000007,
"max_diff": 0.25,
"mean": -0.06633738601823619,
"mean_diff": 0.0005575266092245319,
"min": -1.5,
"min_diff": -0.20000000000000107,
"std": 0.14735186833143962,
"std_diff": 0.02344382941680404
},
"meanEffTorque": {
"max": 0.0,
"max_diff": 0.0,
"mean": 0.0,
"mean_diff": 0.0,
"min": 0.0,
"min_diff": 0.0,
"std": 0.0,
"std_diff": 0.0
},
"odom": {
"max": 84,
"max_diff": 0.0,
"mean": 84.0,
"mean_diff": 0.0,
"min": 84,
"min_diff": 0.0,
"std": 0.0,
"std_diff": 0.0
},
"odom_speed": {
"max": 1.0,
"max_diff": 0.0,
"mean": 0.005572441742654508,
"mean_diff": -0.0005068423720223011,
"min": 0.0,
"min_diff": -1.0,
"std": 0.07444051071613648,
"std_diff": 0.022507453939355816
},
"pedal_cc": {
"max": 0.0,
"max_diff": 0.0,
"mean": 0.0,
"mean_diff": 0.0,
"min": 0.0,
"min_diff": 0.0,
"std": 0.0,
"std_diff": 0.0
},
"regen": {
"max": 0.0,
"max_diff": 0.0,
"mean": 0.0,
"mean_diff": 0.0,
"min": 0.0,
"min_diff": 0.0,
"std": 0.0,
"std_diff": 0.0
},
"requestedTorqueAfterProc": {
"max": -382.5,
"max_diff": 0.0,
"mean": -382.5,
"mean_diff": 0.0,
"min": -382.5,
"min_diff": 0.0,
"std": 0.0,
"std_diff": 0.0
},
"right_solar": {
"max": 0,
"max_diff": 0.0,
"mean": 0.0,
"mean_diff": 0.0,
"min": 0,
"min_diff": 0.0,
"std": 0.0,
"std_diff": 0.0
},
"steer_corrected": {
"max": 8.704123893064125,
"max_diff": 0.09999999999990905,
"mean": 8.70387060025764,
"mean_diff": 0.0,
"min": 8.604123893064216,
"min_diff": -0.09999999999990905,
"std": 0.005026442420098628,
"std_diff": 0.0071192862846031066
},
"steer_offset_can": {
"max": -12.300000000000182,
"max_diff": 0.0,
"mean": -12.300000000000184,
"mean_diff": 0.0,
"min": -12.300000000000182,
"min_diff": 0.0,
"std": 1.7763568394002505e-15,
"std_diff": 0.0
},
"steer_raw": {
"max": -3.0,
"max_diff": 0.09999999999990905,
"mean": -3.0002532928064842,
"mean_diff": 0.0,
"min": -3.099999999999909,
"min_diff": -0.09999999999990905,
"std": 0.005026442420098626,
"std_diff": 0.0071192862846031066
},
"transversal_accel": {
"max": -0.47999999999998977,
"max_diff": 0.016000000000019554,
"mean": -0.49983181357649425,
"mean_diff": 0.0,
"min": -0.5200000000000102,
"min_diff": -0.012000000000000455,
"std": 0.0024647630295826666,
"std_diff": 0.0011175238720777724
},
"utime": {
"max": 1535657871904311,
"max_diff": 32002.0,
"mean": 1535657861990716.0,
"mean_diff": 10061.699442473391,
"min": 1535657852052578,
"min_diff": 2.0,
"std": 5734829.679760255,
"std_diff": 1771.889507602332
}
}
},
"ZoeSensors": {
"message_count": 18779,
"message_freq": 946.0000654880497,
"timespan": 19.85095,
"var_stats": {
"brake_sensor": {
"max": 0.3819755017757416,
"max_diff": 7.507205009460449e-05,
"mean": 0.379129120104927,
"mean_diff": 1.1761029925332662e-06,
"min": 0.358802855014801,
"min_diff": -4.7653913497924805e-05,
"std": 0.005794931276350141,
"std_diff": 7.401876997972818e-06
},
"steering_sensor": {
"max": 0.18938516080379486,
"max_diff": 0.0004490166902542114,
"mean": 0.18861137603893277,
"mean_diff": -2.076544819046786e-08,
"min": 0.18791209161281586,
"min_diff": -0.0005041509866714478,
"std": 0.00020365751060033612,
"std_diff": 0.00010077957966435098
},
"throttle_sensor": {
"max": 0.1259898841381073,
"max_diff": 0.0018140599131584167,
"mean": 0.123861202316798,
"mean_diff": -1.4862277558822704e-08,
"min": 0.1220652386546135,
"min_diff": -0.0016221851110458374,
"std": 0.0003754030583231355,
"std_diff": 0.0003436695766337806
},
"utime": {
"max": 1535657871900331,
"max_diff": 25440.0,
"mean": 1535657862044768.2,