{
"MS_IMU": {
"message_count": 1951,
"message_freq": 99.54708880891219,
"timespan": 19.598765,
"var_stats": {
"linear_accel": {
"max": 11.421789169311523,
"max_diff": 12.974024176597595,
"mean": 3.338657286602381,
"mean_diff": 4.926865122908739,
"min": -2.3734560012817383,
"min_diff": -1.653624787926674,
"std": 4.586891559725101,
"std_diff": 4.585278347527806
},
"q": {
"max": 0.01633765548467636,
"max_diff": 0.899955116212368,
"mean": -0.34560087107831144,
"mean_diff": 0.13431599548835338,
"min": -0.9096892476081848,
"min_diff": -0.5080260396935046,
"std": 0.361330949592063,
"std_diff": 0.5509809036435277
},
"rotation_rate": {
"max": 0.15098488330841064,
"max_diff": 0.1501828891923651,
"mean": -0.00173738189134546,
"mean_diff": 0.002255365568057716,
"min": -0.09316505491733551,
"min_diff": -0.128778625279665,
"std": 0.03357091216565995,
"std_diff": 0.04258671924984494
},
"utime": {
"max": 1537852878898195,
"max_diff": 25995.0,
"mean": 1537852869120106.2,
"mean_diff": 10050.648717948718,
"min": 1537852859299430,
"min_diff": 1935.0,
"std": 5656910.0846468005,
"std_diff": 4580.3315312978075
}
}
},
"POSE": {
"message_count": 966,
"message_freq": 49.29759601242667,
"timespan": 19.595276,
"var_stats": {
"accel": {
"max": 10.468451830676118,
"max_diff": 10.767920472893225,
"mean": 3.335723668529424,
"mean_diff": 4.929428437399696,
"min": -2.250714434442354,
"min_diff": -1.0276758749599395,
"std": 4.584230533158367,
"std_diff": 4.572529089295539
},
"orientation": {
"max": 0.9722332740333516,
"max_diff": 0.9722332740333516,
"mean": 0.31147469840524283,
"mean_diff": 0.22254396636989499,
"min": 0.0,
"min_diff": -0.3551491787924427,
"std": 0.3911310678703023,
"std_diff": 0.53273587861687
},
"pos": {
"max": 850.7439302066285,
"max_diff": 300.23571006360316,
"mean": 472.18869413180937,
"mean_diff": -295.5569268068832,
"min": 0.0,
"min_diff": -850.7439302066285,
"std": 347.5119173106449,
"std_diff": 530.2987131111477
},
"rotation_rate": {
"max": 0.1506790816783905,
"max_diff": 0.1501828891923651,
"mean": -0.0017505313320607375,
"mean_diff": 0.002229594051657711,
"min": -0.09316505491733551,
"min_diff": -0.128778625279665,
"std": 0.03345284420602048,
"std_diff": 0.04246123707108269
},
"utime": {
"max": 1537852878902062,
"max_diff": 44297.0,
"mean": 1537852869101609.8,
"mean_diff": 20305.98549222798,
"min": 1537852859306786,
"min_diff": 9802.0,
"std": 5670317.980835205,
"std_diff": 2706.7089137605794
},
"vel": {
"max": 7.304408224752323,
"max_diff": 0.0,
"mean": 1.227888169686838,
"mean_diff": -1.8418322545302568,
"min": 0.0,
"min_diff": -7.304408224752323,
"std": 2.2698768873681394,
"std_diff": 2.568604603236831
}
}
},
"SteerAngleFeedback": {
"message_count": 1902,
"message_freq": 97.03893000855443,
"timespan": 19.600381,
"var_stats": {
"utime": {
"max": 1537852878900989,
"max_diff": 41254.0,
"mean": 1537852869129662.5,
"mean_diff": 10310.563387690689,
"min": 1537852859300608,
"min_diff": 2912.0,
"std": 5648538.779029331,
"std_diff": 2153.9854178306628
},
"value": {
"max": 2.4888395133439123,
"max_diff": 0.08377580409573093,
"mean": 0.0798969887707105,
"mean_diff": 0.0002947136716939392,
"min": -2.4102996970041675,
"min_diff": -0.047123889803843966,
"std": 0.9745653240774262,
"std_diff": 0.013393320593971188
}
}
},
"VEHICLE_MONITOR": {
"message_count": 38,
"message_freq": 1.9002522584873143,
"timespan": 19.997345,
"var_stats": null
},
"ZOE_VEH_INFO": {
"message_count": 1942,
"message_freq": 99.04278362650406,
"timespan": 19.607688,
"var_stats": {
"FL_wheel_speed": {
"max": 231.5601,
"max_diff": 5.838,
"mean": 116.32288007209063,
"mean_diff": 0.0422370942812983,
"min": 0.0,
"min_diff": -5.129099999999994,
"std": 80.88464883337437,
"std_diff": 0.6093753214778049
},
"FR_wheel_speed": {
"max": 232.7277,
"max_diff": 6.0464999999999804,
"mean": 116.15908625128733,
"mean_diff": 0.04356908809891808,
"min": 0.0,
"min_diff": -5.379300000000001,
"std": 80.42067352423601,
"std_diff": 0.6348966723143704
},
"RL_wheel_speed": {
"max": 231.1014,
"max_diff": 5.379300000000001,
"mean": 115.95906797116375,
"mean_diff": 0.03946568778979905,
"min": 0.0,
"min_diff": -4.4202000000000226,
"std": 80.68836561593656,
"std_diff": 0.6708105333944419
},
"RR_wheel_speed": {
"max": 231.3099,
"max_diff": 5.587799999999987,
"mean": 115.97399150360454,
"mean_diff": 0.04380540958268934,
"min": 0.0,
"min_diff": -4.920600000000007,
"std": 80.32838324872858,
"std_diff": 0.6816307834619917
},
"left_solar": {
"max": 0,
"max_diff": 112.0,
"mean": -71.83522142121524,
"mean_diff": 0.04121586810922205,
"min": -112,
"min_diff": -112.0,
"std": 27.999809390027146,
"std_diff": 6.4862515691352804
},
"longitudinal_accel": {
"max": 1.0500000000000007,
"max_diff": 0.6499999999999986,
"mean": -0.01580844490216207,
"mean_diff": 0.00012879958784131891,
"min": -2.3,
"min_diff": -0.5999999999999996,
"std": 0.8168994787385332,
"std_diff": 0.07454988682767452
},
"meanEffTorque": {
"max": 65.5,
"max_diff": 3.5,
"mean": 11.797373841400617,
"mean_diff": 0.014683153013910355,
"min": -68.0,
"min_diff": -6.5,
"std": 37.33247176794104,
"std_diff": 0.5278593682923753
},
"odom": {
"max": 120,
"max_diff": 76.0,
"mean": 60.15036045314109,
"mean_diff": 0.0020607934054611026,
"min": 0,
"min_diff": -112.0,
"std": 31.84259121389273,
"std_diff": 15.601688037919939
},
"odom_speed": {
"max": 26.0,
"max_diff": 1.0,
"mean": 12.787847579814624,
"mean_diff": 0.00463678516228748,
"min": 0.0,
"min_diff": -1.0,
"std": 9.069323164301704,
"std_diff": 0.15219206955290474
},
"pedal_cc": {
"max": 295.0,
"max_diff": 24.0,
"mean": 89.71163748712668,
"mean_diff": 0.011334363730036065,
"min": 0.0,
"min_diff": -20.0,
"std": 103.64772518309148,
"std_diff": 2.240527676218725
},
"regen": {
"max": 52.0,
"max_diff": 1.0,
"mean": 11.232234809474768,
"mean_diff": -0.004121586810922205,
"min": 0.0,
"min_diff": -4.0,
"std": 18.213549891221756,
"std_diff": 0.3545298439557484
},
"requestedTorqueAfterProc": {
"max": -272.5,
"max_diff": 125.5,
"mean": -334.2958290422245,
"mean_diff": 0.0020607934054611026,
"min": -398.5,
"min_diff": -126.0,
"std": 38.27191991355864,
"std_diff": 5.71389801077158
},
"right_solar": {
"max": 100,
"max_diff": 106.0,
"mean": -34.918640576725025,
"mean_diff": 0.028851107676455434,
"min": -56,
"min_diff": -50.0,
"std": 33.60864872943724,
"std_diff": 5.261545991678708
},
"steer_corrected": {
"max": 142.5999999999999,
"max_diff": 4.099999999999909,
"mean": 4.680998970133794,
"mean_diff": 0.01648634724368882,
"min": -138.0999999999999,
"min_diff": -2.899999999999636,
"std": 55.85538433534611,
"std_diff": 0.7526468619196153
},
"steer_offset_can": {
"max": -13.599999999999909,
"max_diff": 0.0,
"mean": -13.599999999999909,
"mean_diff": 0.0,
"min": -13.599999999999909,
"min_diff": 0.0,
"std": 0.0,
"std_diff": 0.0
},
"steer_raw": {
"max": 129.0,
"max_diff": 4.099999999999909,
"mean": -8.91900102986612,
"mean_diff": 0.01648634724368882,
"min": -151.69999999999982,
"min_diff": -2.899999999999636,
"std": 55.85538433534611,
"std_diff": 0.7526468619196153
},
"transversal_accel": {
"max": -0.30400000000000205,
"max_diff": 0.056000000000011596,
"mean": -0.47007621009268585,
"mean_diff": -1.6486347243694327e-05,
"min": -0.6399999999999864,
"min_diff": -0.06800000000001205,
"std": 0.046641503249675975,
"std_diff": 0.006539519321057777
},
"utime": {
"max": 1537852878908357,
"max_diff": 28451.0,
"mean": 1537852869112429.2,
"mean_diff": 10101.848531684698,
"min": 1537852859300669,
"min_diff": 3.0,
"std": 5657168.911760764,
"std_diff": 2151.4422812322036
}
}
},
"ZoeSensors": {
"message_count": 18720,
"message_freq": 955.0894687202587,
"timespan": 19.600258,
"var_stats": {
"brake_sensor": {
"max": 0.381546288728714,
"max_diff": 0.0012242496013641357,
"mean": 0.2213164761869444,
"mean_diff": -2.8896423491461614e-10,
"min": 0.18327367305755615,
"min_diff": -0.0026007890701293945,
"std": 0.06891088045951729,
"std_diff": 0.00013022859315019116
},
"steering_sensor": {
"max": 0.19428886473178864,
"max_diff": 0.0006026327610015869,
"mean": 0.1875589236473808,