{
"MS_IMU": {
"message_count": 1935,
"message_freq": 99.69228828887127,
"timespan": 19.409726,
"var_stats": {
"linear_accel": {
"max": 14.714035034179688,
"max_diff": 14.697295367717743,
"mean": 3.3109931120121803,
"mean_diff": 4.914575332897046,
"min": -3.3619320392608643,
"min_diff": -1.3454431742429733,
"std": 4.607703879301473,
"std_diff": 4.744910468574372
},
"q": {
"max": 0.005623802077025175,
"max_diff": 0.8733703531324863,
"mean": -0.34232290854057784,
"mean_diff": 0.12854413107794796,
"min": -0.8828883171081543,
"min_diff": -0.4953750285785645,
"std": 0.3644379824001672,
"std_diff": 0.5585678726804483
},
"rotation_rate": {
"max": 0.1564115583896637,
"max_diff": 0.19495660439133644,
"mean": 0.0013278753220310185,
"mean_diff": 0.001414737140438109,
"min": -0.17713099718093872,
"min_diff": -0.1640020115301013,
"std": 0.020075819009857825,
"std_diff": 0.030009714085407275
},
"utime": {
"max": 1532708205458743,
"max_diff": 26031.0,
"mean": 1532708195753823.8,
"mean_diff": 10036.052740434334,
"min": 1532708186049017,
"min_diff": 1997.0,
"std": 5606678.147615078,
"std_diff": 4865.396979662676
}
}
},
"POSE": {
"message_count": 966,
"message_freq": 49.793360132745185,
"timespan": 19.400177,
"var_stats": {
"accel": {
"max": 10.979289486278697,
"max_diff": 10.800730243962082,
"mean": 3.3149129785676927,
"mean_diff": 4.908128137156839,
"min": -1.0013831218869949,
"min_diff": -0.9194398669241196,
"std": 4.5926047259192915,
"std_diff": 4.730523821547332
},
"orientation": {
"max": 0.9663417707599044,
"max_diff": 0.9663417707599044,
"mean": 0.308170269928561,
"mean_diff": 0.23103187254897845,
"min": 0.0,
"min_diff": -0.2889817275560311,
"std": 0.39373986937082944,
"std_diff": 0.5291102032656769
},
"pos": {
"max": 1338.0489335810335,
"max_diff": 454.2668413213154,
"mean": 749.8296421074564,
"mean_diff": -477.8648539652728,
"min": 0.0,
"min_diff": -1338.0489335810335,
"std": 548.6287387518989,
"std_diff": 817.5439211559055
},
"rotation_rate": {
"max": 0.150639146566391,
"max_diff": 0.19495660439133644,
"mean": 0.001279011681886974,
"mean_diff": 0.0014066969709509115,
"min": -0.17713099718093872,
"min_diff": -0.1640020115301013,
"std": 0.020367786439984204,
"std_diff": 0.0306192397931576
},
"utime": {
"max": 1532708205452946,
"max_diff": 40399.0,
"mean": 1532708195741490.2,
"mean_diff": 20103.8103626943,
"min": 1532708186052769,
"min_diff": 16758.0,
"std": 5601943.369077429,
"std_diff": 1521.5408205831695
},
"vel": {
"max": 9.760822560972485,
"max_diff": 0.0,
"mean": 2.8421485886146876,
"mean_diff": -4.263222882922031,
"min": 0.0,
"min_diff": -9.760822560972485,
"std": 4.0359206431289225,
"std_diff": 4.286563507826276
}
}
},
"SteerAngleFeedback": {
"message_count": 1905,
"message_freq": 98.17411098704355,
"timespan": 19.404301,
"var_stats": {
"utime": {
"max": 1532708205455576,
"max_diff": 29020.0,
"mean": 1532708195739505.8,
"mean_diff": 10191.33455882353,
"min": 1532708186051275,
"min_diff": 3553.0,
"std": 5600418.74241992,
"std_diff": 1598.185651619042
},
"value": {
"max": 0.2531447170511501,
"max_diff": 0.013962634015949873,
"mean": 0.008702422521831241,
"mean_diff": -0.000131999691327303,
"min": -0.15351699866353183,
"min_diff": -0.013962634015949854,
"std": 0.08781588340710071,
"std_diff": 0.0021543979987576176
}
}
},
"VEHICLE_MONITOR": {
"message_count": 40,
"message_freq": 2.0514139729806216,
"timespan": 19.498746,
"var_stats": {
"available_distance": {
"max": 29,
"max_diff": 1.0,
"mean": 28.775,
"mean_diff": 0.0,
"min": 28,
"min_diff": -1.0,
"std": 0.4175823272122516,
"std_diff": 0.32025630761017426
},
"battery_level": {
"max": 36,
"max_diff": 0.0,
"mean": 36.0,
"mean_diff": 0.0,
"min": 36,
"min_diff": 0.0,
"std": 0.0,
"std_diff": 0.0
},
"brake": {
"max": 6,
"max_diff": 4.0,
"mean": 0.4,
"mean_diff": 0.0,
"min": 0,
"min_diff": -6.0,
"std": 1.2206555615733703,
"std_diff": 1.3587324409735149
},
"brake_switch": {
"max": 2,
"max_diff": 1.0,
"mean": 1.275,
"mean_diff": 0.02564102564102564,
"min": 1,
"min_diff": -1.0,
"std": 0.44651427748729383,
"std_diff": 0.42288262826847794
},
"gear_position": {
"max": 7,
"max_diff": 0.0,
"mean": 7.0,
"mean_diff": 0.0,
"min": 7,
"min_diff": 0.0,
"std": 0.0,
"std_diff": 0.0
},
"left_signal": {
"max": 1,
"max_diff": 1.0,
"mean": 0.05,
"mean_diff": 0.02564102564102564,
"min": 0,
"min_diff": 0.0,
"std": 0.21794494717703367,
"std_diff": 0.15806189751202504
},
"rear_left_rpm": {
"max": 306.5784,
"max_diff": 9.841200000000015,
"mean": 266.9206575,
"mean_diff": -1.616676923076923,
"min": 210.54330000000002,
"min_diff": -13.260599999999982,
"std": 22.187753554268255,
"std_diff": 6.876545700719428
},
"rear_right_rpm": {
"max": 314.2512,
"max_diff": 11.884500000000003,
"mean": 272.1435825,
"mean_diff": -1.702215384615385,
"min": 214.0044,
"min_diff": -15.178799999999967,
"std": 22.881522773428866,
"std_diff": 7.215047855893973
},
"right_signal": {
"max": 0,
"max_diff": 0.0,
"mean": 0.0,
"mean_diff": 0.0,
"min": 0,
"min_diff": 0.0,
"std": 0.0,
"std_diff": 0.0
},
"steering": {
"max": 14.900000000000091,
"max_diff": 9.199999999999818,
"mean": 0.7925000000002,
"mean_diff": -0.34358974358973426,
"min": -8.199999999999818,
"min_diff": -10.5,
"std": 5.237622910252289,
"std_diff": 4.173469003598463
},
"steering_speed": {
"max": 31.800000000000363,
"max_diff": 29.90000000000009,
"mean": 0.0675000000002111,
"mean_diff": 0.10000000000000234,
"min": -19.99999999999982,
"min_diff": -23.90000000000009,
"std": 9.346105806698358,
"std_diff": 10.34452660923793
},
"throttle": {
"max": 293,
"max_diff": 132.0,
"mean": 104.35,
"mean_diff": -4.333333333333333,
"min": 0,
"min_diff": -197.0,
"std": 107.98438544530408,
"std_diff": 65.25701979464458
},
"utime": {
"max": 1532708205790312,
"max_diff": 500659.0,
"mean": 1532708196041014.8,
"mean_diff": 499967.8461538461,
"min": 1532708186291566,
"min_diff": 499205.0,
"std": 5771483.582386198,
"std_diff": 351.23522240738623
},
"vehicle_speed": {
"max": 35.14,
"max_diff": 1.1600000000000037,
"mean": 30.499000000000002,
"mean_diff": -0.1851282051282051,
"min": 24.080000000000002,
"min_diff": -1.6400000000000006,
"std": 2.504619531984848,
"std_diff": 0.7889619008541175
},
"yaw_rate": {
"max": 3.200000000000017,
"max_diff": 2.1999999999999886,
"mean": -0.10499999999997627,
"mean_diff": -0.05641025641025612,
"min": -1.599999999999966,
"min_diff": -2.5,
"std": 1.015123145239037,
"std_diff": 0.8940816436633878
}
}
},
"ZOE_VEH_INFO": {
"message_count": 1930,
"message_freq": 99.48514632641303,
"timespan": 19.399881,
"var_stats": {
"FL_wheel_speed": {
"max": 308.8719,
"max_diff": 9.340800000000002,
"mean": 269.34622010362693,
"mean_diff": -0.028707931570762055,
"min": 216.84,
"min_diff": -7.506,
"std": 20.471895600335507,
"std_diff": 0.6662046889689954
},
"FR_wheel_speed": {
"max": 309.5808,
"max_diff": 6.546899999999994,
"mean": 269.3363676683938,
"mean_diff": -0.02981041990668739,
"min": 215.63070000000002,
"min_diff": -7.9646999999999935,
"std": 20.491397852103272,
"std_diff": 0.647706243704689
},
"RL_wheel_speed": {
"max": 308.4132,
"max_diff": 7.005600000000015,
"mean": 268.75278373056994,
"mean_diff": -0.026892068429237945,
"min": 217.04850000000002,
"min_diff": -6.0882000000000005,
"std": 20.39434988656469,
"std_diff": 0.729449457357473
},
"RR_wheel_speed": {
"max": 315.41880000000003,
"max_diff": 6.338399999999979,
"mean": 274.02457119170987,
"mean_diff": -0.029659097978227047,
"min": 219.88410000000002,
"min_diff": -11.425799999999981,
"std": 20.80560048616068,
"std_diff": 0.6765050261075654
},
"left_solar": {
"max": 0,
"max_diff": 112.0,
"mean": -77.41347150259067,
"mean_diff": 0.0,
"min": -112,
"min_diff": -112.0,
"std": 51.7442097070555,
"std_diff": 3.6063419744244434
},
"longitudinal_accel": {
"max": 0.9000000000000004,
"max_diff": 2.3000000000000007,
"mean": -0.09689119170984388,
"mean_diff": -0.0007776049766718507,
"min": -1.5,
"min_diff": -1.25,
"std": 0.5121408622363139,
"std_diff": 0.1244247178660125
},
"meanEffTorque": {
"max": 54.0,
"max_diff": 3.0,
"mean": 2.8603626943005183,