{
"MS_IMU": {
"message_count": 1981,
"message_freq": 99.54893928368985,
"timespan": 19.89976,
"var_stats": {
"linear_accel": {
"max": 12.622291564941406,
"max_diff": 13.201547622680664,
"mean": 3.2388415288397794,
"mean_diff": 4.825924367758179,
"min": -1.3156607151031494,
"min_diff": -2.212542176246643,
"std": 4.655810090314457,
"std_diff": 5.236969743348448
},
"q": {
"max": 0.7296854853630066,
"max_diff": 0.7382551375776529,
"mean": -0.00351535698502014,
"mean_diff": 0.47130980293858676,
"min": -0.7198030352592468,
"min_diff": -0.03268120810389519,
"std": 0.4999876606919823,
"std_diff": 0.3476053780433728
},
"rotation_rate": {
"max": 0.11693467944860458,
"max_diff": 0.15217746794223785,
"mean": 0.0015980944366921596,
"mean_diff": 0.002433619757431149,
"min": -0.12360084056854248,
"min_diff": -0.11507309600710869,
"std": 0.019411478328276426,
"std_diff": 0.028244788458393493
},
"utime": {
"max": 1537287044450428,
"max_diff": 29980.0,
"mean": 1537287034508702.2,
"mean_diff": 10050.38383838384,
"min": 1537287024550668,
"min_diff": 2740.0,
"std": 5746962.538659782,
"std_diff": 4673.034455508013
}
}
},
"POSE": {
"message_count": 987,
"message_freq": 49.59870526775939,
"timespan": 19.899713,
"var_stats": {
"accel": {
"max": 10.628567893195967,
"max_diff": 10.948130326183204,
"mean": 3.2398637618876895,
"mean_diff": 4.824111534465723,
"min": -0.6257607274462105,
"min_diff": -0.8553888064237833,
"std": 4.647638089999995,
"std_diff": 5.226533993951798
},
"orientation": {
"max": 0.9999999963221844,
"max_diff": 0.022223851591791997,
"mean": 0.25326637679510444,
"mean_diff": -0.3288911009940202,
"min": -0.02848484696377401,
"min_diff": -0.9999999963221844,
"std": 0.431110359867494,
"std_diff": 0.47451446450058243
},
"pos": {
"max": 1913.3511180456367,
"max_diff": -866.9185152186674,
"mean": 902.3778531357416,
"mean_diff": -919.4408314093093,
"min": 0.0,
"min_diff": -1043.3046613547303,
"std": 751.4793235830988,
"std_diff": 58.472652697111585
},
"rotation_rate": {
"max": 0.11693467944860458,
"max_diff": 0.15217746794223785,
"mean": 0.0016654056426984012,
"mean_diff": 0.002466258319065242,
"min": -0.11782675981521606,
"min_diff": -0.11507309600710869,
"std": 0.01956798555581117,
"std_diff": 0.028587106621842526
},
"utime": {
"max": 1537287044455967,
"max_diff": 40792.0,
"mean": 1537287034504819.2,
"mean_diff": 20182.264705882353,
"min": 1537287024556254,
"min_diff": 9255.0,
"std": 5755104.348299547,
"std_diff": 2069.85179867312
},
"vel": {
"max": 8.003388347695882,
"max_diff": 0.0,
"mean": 2.30878695336352,
"mean_diff": -3.46318043004528,
"min": 0.0,
"min_diff": -8.003388347695882,
"std": 3.294961145722691,
"std_diff": 3.5053217442507436
}
}
},
"SteerAngleFeedback": {
"message_count": 1953,
"message_freq": 98.16632048755235,
"timespan": 19.894807,
"var_stats": {
"utime": {
"max": 1537287044454343,
"max_diff": 30899.0,
"mean": 1537287034557088.0,
"mean_diff": 10192.011782786885,
"min": 1537287024559536,
"min_diff": 126.0,
"std": 5742797.376749917,
"std_diff": 1696.057264127992
},
"value": {
"max": 0.39975237421866744,
"max_diff": 0.015707963267942604,
"mean": 0.012812074752333527,
"mean_diff": -8.941235922102099e-05,
"min": -0.08893981633974482,
"min_diff": -0.006981317007978938,
"std": 0.09897939235269448,
"std_diff": 0.0017546377601817221
}
}
},
"VEHICLE_MONITOR": {
"message_count": 41,
"message_freq": 2.0500761603293562,
"timespan": 19.999257,
"var_stats": null
},
"ZOE_VEH_INFO": {
"message_count": 1976,
"message_freq": 99.29890750095706,
"timespan": 19.899514,
"var_stats": {
"FL_wheel_speed": {
"max": 254.2449,
"max_diff": 5.629500000000007,
"mean": 219.2591064777328,
"mean_diff": 0.0469573670886076,
"min": 159.12720000000002,
"min_diff": -5.337599999999981,
"std": 24.19898940695277,
"std_diff": 0.451842968986949
},
"FR_wheel_speed": {
"max": 257.9562,
"max_diff": 5.129100000000022,
"mean": 219.49968340080972,
"mean_diff": 0.046978481012658224,
"min": 160.0446,
"min_diff": -5.587800000000016,
"std": 23.832962888358683,
"std_diff": 0.5446337220440601
},
"RL_wheel_speed": {
"max": 253.74450000000002,
"max_diff": 5.129100000000022,
"mean": 218.61265096153844,
"mean_diff": 0.04754855696202532,
"min": 158.6685,
"min_diff": -6.0882000000000005,
"std": 24.16259544113091,
"std_diff": 0.5899495794089127
},
"RR_wheel_speed": {
"max": 261.459,
"max_diff": 8.9238,
"mean": 223.002441194332,
"mean_diff": 0.047316303797468345,
"min": 162.37980000000002,
"min_diff": -7.964700000000022,
"std": 24.230792692535193,
"std_diff": 0.5860174066689455
},
"left_solar": {
"max": 0,
"max_diff": 0.0,
"mean": 0.0,
"mean_diff": 0.0,
"min": 0,
"min_diff": 0.0,
"std": 0.0,
"std_diff": 0.0
},
"longitudinal_accel": {
"max": 0.9000000000000004,
"max_diff": 1.0500000000000007,
"mean": 0.12469635627530433,
"mean_diff": -0.0002784810126582273,
"min": -0.75,
"min_diff": -1.3499999999999996,
"std": 0.18176599080087696,
"std_diff": 0.0787797661982418
},
"meanEffTorque": {
"max": 40.0,
"max_diff": 1.5,
"mean": 18.126265182186234,
"mean_diff": -0.016962025316455697,
"min": 6.5,
"min_diff": -1.0,
"std": 8.77899322721715,
"std_diff": 0.255750840133145
},
"odom": {
"max": 120,
"max_diff": 84.0,
"mean": 62.34412955465587,
"mean_diff": -0.04050632911392405,
"min": 4,
"min_diff": -68.0,
"std": 34.59228980742483,
"std_diff": 18.645103331026178
},
"odom_speed": {
"max": 28.0,
"max_diff": 1.0,
"mean": 24.43168016194332,
"mean_diff": 0.005569620253164557,
"min": 17.0,
"min_diff": -1.0,
"std": 2.7126910483161453,
"std_diff": 0.08093984069201147
},
"pedal_cc": {
"max": 216.0,
"max_diff": 8.0,
"mean": 148.95698380566802,
"mean_diff": -0.05113924050632911,
"min": 112.0,
"min_diff": -6.0,
"std": 28.2595810095938,
"std_diff": 1.2096311681213257
},
"regen": {
"max": 0.0,
"max_diff": 0.0,
"mean": 0.0,
"mean_diff": 0.0,
"min": 0.0,
"min_diff": 0.0,
"std": 0.0,
"std_diff": 0.0
},
"requestedTorqueAfterProc": {
"max": -342.5,
"max_diff": 2.0,
"mean": -365.4665991902834,
"mean_diff": -0.017215189873417722,
"min": -376.5,
"min_diff": -2.0,
"std": 9.153598094198848,
"std_diff": 0.5303042754677679
},
"right_solar": {
"max": 0,
"max_diff": 0.0,
"mean": 0.0,
"mean_diff": 0.0,
"min": 0,
"min_diff": 0.0,
"std": 0.0,
"std_diff": 0.0
},
"steer_corrected": {
"max": 22.904123893063943,
"max_diff": 0.8000000000001819,
"mean": 0.7670793586511823,
"mean_diff": -0.005063291139240506,
"min": -5.095876106936056,
"min_diff": -0.7000000000002728,
"std": 5.720068564504441,
"std_diff": 0.11076115731119528
},
"steer_offset_can": {
"max": -12.300000000000182,
"max_diff": 0.0,
"mean": -12.300000000000182,
"mean_diff": 0.0,
"min": -12.300000000000182,
"min_diff": 0.0,
"std": 0.0,
"std_diff": 0.0
},
"steer_raw": {
"max": 11.199999999999818,
"max_diff": 0.8000000000001819,
"mean": -10.937044534412944,
"mean_diff": -0.005063291139240506,
"min": -16.800000000000182,
"min_diff": -0.7000000000002728,
"std": 5.72006856450444,
"std_diff": 0.11076115731119528
},
"transversal_accel": {
"max": -0.4439999999999884,
"max_diff": 0.06400000000002137,
"mean": -0.51474898785425,
"mean_diff": -1.4177215189869159e-05,
"min": -0.5800000000000125,
"min_diff": -0.10800000000000409,
"std": 0.016531828857460712,
"std_diff": 0.00766539496824805
},
"utime": {
"max": 1537287044459093,
"max_diff": 24898.0,
"mean": 1537287034517297.8,
"mean_diff": 10075.70329113924,
"min": 1537287024559579,
"min_diff": 2.0,
"std": 5753444.439448379,
"std_diff": 1837.0198794606097
}
}
},
"ZoeSensors": {
"message_count": 19037,
"message_freq": 956.6092746326888,
"timespan": 19.900497,
"var_stats": {
"brake_sensor": {
"max": 0.1850121170282364,
"max_diff": 1.9028782844543457e-05,
"mean": 0.18493396312651178,
"mean_diff": -1.299428849642105e-09,
"min": 0.18485790491104126,
"min_diff": -2.421438694000244e-05,
"std": 1.788334683864118e-05,
"std_diff": 4.1595818235500985e-06
},
"steering_sensor": {
"max": 0.21904368698596954,
"max_diff": 0.0004962831735610962,
"mean": 0.21774642692037682,
"mean_diff": -5.379322322132858e-09,
"min": 0.21618416905403137,
"min_diff": -0.0005750656127929688,