{
"MS_IMU": {
"message_count": 1929,
"message_freq": 99.68537868196397,
"timespan": 19.350882,
"var_stats": {
"linear_accel": {
"max": 10.751188278198242,
"max_diff": 11.358484983444214,
"mean": 3.1644876117821115,
"mean_diff": 4.837067165776101,
"min": -1.7201550006866455,
"min_diff": -2.456176608800888,
"std": 4.707818721509018,
"std_diff": 5.335869875553871
},
"q": {
"max": 0.9998205304145813,
"max_diff": 0.040957918390631676,
"mean": 0.2451070680821649,
"mean_diff": -0.3288494244232884,
"min": -0.026789523661136627,
"min_diff": -1.0260260477662086,
"std": 0.43580103346614246,
"std_diff": 0.4876212177617977
},
"rotation_rate": {
"max": 0.05335737019777298,
"max_diff": 0.06766099855303764,
"mean": 0.000777859681218413,
"mean_diff": -0.00016693060871396192,
"min": -0.04923044890165329,
"min_diff": -0.0608639270067215,
"std": 0.011183550447086837,
"std_diff": 0.016123759205880828
},
"utime": {
"max": 1531886063905390,
"max_diff": 24053.0,
"mean": 1531886054232205.2,
"mean_diff": 10036.764522821577,
"min": 1531886044554508,
"min_diff": 1939.0,
"std": 5592327.347244478,
"std_diff": 3944.3986546009414
}
}
},
"POSE": {
"message_count": 966,
"message_freq": 49.95084547235402,
"timespan": 19.339012,
"var_stats": {
"accel": {
"max": 10.259698812835056,
"max_diff": 10.647626275976389,
"mean": 3.1669127464655253,
"mean_diff": 4.833400089780382,
"min": -1.2716282691409009,
"min_diff": -2.3697185825303877,
"std": 4.703244241152991,
"std_diff": 5.3346615340626515
},
"orientation": {
"max": 0.7256965314948081,
"max_diff": 0.7256965314948081,
"mean": 0.3534999897666447,
"mean_diff": 0.00711018762020296,
"min": 0.0,
"min_diff": -0.7098378758238463,
"std": 0.3536067833554414,
"std_diff": 0.5773064858161034
},
"pos": {
"max": 1755.445920119692,
"max_diff": 988.0703908045895,
"mean": 826.1273135179674,
"mean_diff": -384.16064933869507,
"min": 0.0,
"min_diff": -1755.445920119692,
"std": 699.4341171236118,
"std_diff": 1326.0769719231123
},
"rotation_rate": {
"max": 0.05328819155693054,
"max_diff": 0.06609906628727913,
"mean": 0.0007926084100175118,
"mean_diff": -0.00016914057323965024,
"min": -0.04923044890165329,
"min_diff": -0.06069612316787243,
"std": 0.01117533339747911,
"std_diff": 0.016139641504930795
},
"utime": {
"max": 1531886063901201,
"max_diff": 40434.0,
"mean": 1531886054244485.2,
"mean_diff": 20040.426943005183,
"min": 1531886044562189,
"min_diff": 16081.0,
"std": 5585335.489870267,
"std_diff": 1051.0110908341824
},
"vel": {
"max": 8.510851553113632,
"max_diff": 0.0,
"mean": 1.5374291321808207,
"mean_diff": -2.306143698271231,
"min": 0.0,
"min_diff": -8.510851553113632,
"std": 2.6131169872945077,
"std_diff": 2.9102928257431384
}
}
},
"SteerAngleFeedback": {
"message_count": 1897,
"message_freq": 98.00946749756513,
"timespan": 19.355273,
"var_stats": {
"utime": {
"max": 1531886063905846,
"max_diff": 31585.0,
"mean": 1531886054245264.8,
"mean_diff": 10208.477320675105,
"min": 1531886044550573,
"min_diff": 5903.0,
"std": 5587441.98244775,
"std_diff": 1631.6625288752075
},
"value": {
"max": 0.10821041362364525,
"max_diff": 0.01221730476395716,
"mean": -0.06047009229695872,
"mean_diff": -2.5774904565318778e-05,
"min": -0.4293509959906035,
"min_diff": -0.027925268031907646,
"std": 0.11992033272601445,
"std_diff": 0.0019137545624105233
}
}
},
"VEHICLE_MONITOR": {
"message_count": 40,
"message_freq": 2.051281104536926,
"timespan": 19.500009,
"var_stats": {
"available_distance": {
"max": 84,
"max_diff": 0.0,
"mean": 84.0,
"mean_diff": 0.0,
"min": 84,
"min_diff": 0.0,
"std": 0.0,
"std_diff": 0.0
},
"battery_level": {
"max": 62,
"max_diff": 0.0,
"mean": 62.0,
"mean_diff": 0.0,
"min": 62,
"min_diff": 0.0,
"std": 0.0,
"std_diff": 0.0
},
"brake": {
"max": 8,
"max_diff": 6.0,
"mean": 0.7,
"mean_diff": 0.0,
"min": 0,
"min_diff": -4.0,
"std": 2.0024984394500787,
"std_diff": 1.3008872711759818
},
"brake_switch": {
"max": 4,
"max_diff": 2.0,
"mean": 1.8,
"mean_diff": 0.07692307692307693,
"min": 1,
"min_diff": -3.0,
"std": 1.2884098726725128,
"std_diff": 0.6937307312035222
},
"gear_position": {
"max": 7,
"max_diff": 0.0,
"mean": 7.0,
"mean_diff": 0.0,
"min": 7,
"min_diff": 0.0,
"std": 0.0,
"std_diff": 0.0
},
"left_signal": {
"max": 0,
"max_diff": 0.0,
"mean": 0.0,
"mean_diff": 0.0,
"min": 0,
"min_diff": 0.0,
"std": 0.0,
"std_diff": 0.0
},
"rear_left_rpm": {
"max": 260.0412,
"max_diff": 24.519599999999997,
"mean": 144.980475,
"mean_diff": -2.7254692307692303,
"min": 0.0,
"min_diff": -22.18440000000001,
"std": 77.3284786226677,
"std_diff": 15.619480884281588
},
"rear_right_rpm": {
"max": 260.0412,
"max_diff": 23.852399999999996,
"mean": 145.097235,
"mean_diff": -2.659176923076923,
"min": 0.0,
"min_diff": -22.184399999999997,
"std": 77.44012845471187,
"std_diff": 15.574774188665753
},
"right_signal": {
"max": 1,
"max_diff": 1.0,
"mean": 0.15,
"mean_diff": 0.0,
"min": 0,
"min_diff": -1.0,
"std": 0.3570714214271425,
"std_diff": 0.3922322702763681
},
"steering": {
"max": 6.199999999999818,
"max_diff": 10.199999999999818,
"mean": -3.375000000000102,
"mean_diff": -0.005128205128200464,
"min": -24.59999999999991,
"min_diff": -15.299999999999727,
"std": 6.655251685699057,
"std_diff": 3.6092437390925363
},
"steering_speed": {
"max": 59.70000000000046,
"max_diff": 63.70000000000027,
"mean": 2.117500000000211,
"mean_diff": 1.5307692307692378,
"min": -21.99999999999982,
"min_diff": -45.80000000000018,
"std": 13.735808813098762,
"std_diff": 16.502449761360737
},
"throttle": {
"max": 291,
"max_diff": 129.0,
"mean": 79.025,
"mean_diff": 0.0,
"min": 0,
"min_diff": -199.0,
"std": 117.71904847984459,
"std_diff": 44.38121570768772
},
"utime": {
"max": 1531886064380633,
"max_diff": 500705.0,
"mean": 1531886054630520.0,
"mean_diff": 500000.23076923075,
"min": 1531886044880624,
"min_diff": 499114.0,
"std": 5771652.834575498,
"std_diff": 393.8022060816736
},
"vehicle_speed": {
"max": 29.69,
"max_diff": 2.8899999999999997,
"mean": 16.601,
"mean_diff": -0.3017948717948718,
"min": 0.0,
"min_diff": -2.4699999999999998,
"std": 8.837204252477138,
"std_diff": 1.7778593751819687
},
"yaw_rate": {
"max": 0.700000000000017,
"max_diff": 0.9000000000000057,
"mean": -0.20249999999997498,
"mean_diff": -0.005128205128205565,
"min": -1.299999999999983,
"min_diff": -0.9000000000000057,
"std": 0.4596126086173012,
"std_diff": 0.3529717922547749
}
}
},
"ZOE_VEH_INFO": {
"message_count": 1926,
"message_freq": 99.52977092546254,
"timespan": 19.350994,
"var_stats": {
"FL_wheel_speed": {
"max": 267.7557,
"max_diff": 7.7145,
"mean": 145.20147850467293,
"mean_diff": -0.049888363636363654,
"min": 0.0,
"min_diff": -4.461900000000014,
"std": 78.996418968308,
"std_diff": 0.7643404022106953
},
"FR_wheel_speed": {
"max": 267.297,
"max_diff": 4.6704,
"mean": 144.91810903426793,
"mean_diff": -0.04915184415584417,
"min": 0.0,
"min_diff": -4.878900000000016,
"std": 78.9594254183073,
"std_diff": 0.6523756809970307
},
"RL_wheel_speed": {
"max": 270.09090000000003,
"max_diff": 7.964700000000001,
"mean": 144.83128816199377,
"mean_diff": -0.04759215584415586,
"min": 0.0,
"min_diff": -7.464300000000037,
"std": 78.90111277504236,
"std_diff": 0.8121430869807841
},
"RR_wheel_speed": {
"max": 266.5881,
"max_diff": 6.5469,
"mean": 144.8308984423676,
"mean_diff": -0.04796041558441557,
"min": 0.0,
"min_diff": -4.628700000000009,
"std": 79.12150586915999,
"std_diff": 0.7514044526081197
},
"left_solar": {
"max": 0,
"max_diff": 112.0,
"mean": -27.09865005192108,
"mean_diff": 0.05818181818181818,
"min": -112,
"min_diff": -112.0,
"std": 47.96573747143557,
"std_diff": 5.707752014396846
},
"longitudinal_accel": {
"max": 2.1000000000000014,
"max_diff": 0.45000000000000107,
"mean": 0.17570093457943983,
"mean_diff": -0.000415584415584415,
"min": -1.4000000000000004,
"min_diff": -0.5,
"std": 0.9808426675005392,
"std_diff": 0.0727374482677432
},
"meanEffTorque": {
"max": 124.5,
"max_diff": 3.5,
"mean": 14.03582554517134,
"mean_diff": -0.025714285714285714,
"min": -69.0,
"min_diff": -4.0,
"std": 58.67564682773295,
"std_diff": 0.4893553367851159
},