{
"MS_IMU": {
"message_count": 1911,
"message_freq": 99.7906068266279,
"timespan": 19.150099,
"var_stats": {
"linear_accel": {
"max": 12.88856029510498,
"max_diff": 13.712222456932068,
"mean": 3.059550298379369,
"mean_diff": 5.198039434796417,
"min": -1.8514635562896729,
"min_diff": -0.647069126367569,
"std": 4.782484546087459,
"std_diff": 4.613840735928239
},
"q": {
"max": 0.9330894947052002,
"max_diff": 0.5554951084777713,
"mean": 0.3406970999241738,
"mean_diff": -0.10754413426847706,
"min": -0.02365466021001339,
"min_diff": -0.9511185083538294,
"std": 0.36595833664442,
"std_diff": 0.5739474423784549
},
"rotation_rate": {
"max": 0.131956547498703,
"max_diff": 0.18210316076874733,
"mean": 0.0075227426742774705,
"mean_diff": 0.011612788461001777,
"min": -0.20660369098186493,
"min_diff": -0.15861252695322037,
"std": 0.03458975896461014,
"std_diff": 0.04622417165949781
},
"utime": {
"max": 1531281458950797,
"max_diff": 30987.0,
"mean": 1531281449385655.0,
"mean_diff": 10026.229842931938,
"min": 1531281439800698,
"min_diff": 2949.0,
"std": 5525263.349794847,
"std_diff": 4562.059085378129
}
}
},
"POSE": {
"message_count": 952,
"message_freq": 49.73993381558428,
"timespan": 19.139551,
"var_stats": {
"accel": {
"max": 11.385758372939751,
"max_diff": 11.955104691694451,
"mean": 3.0622184292539423,
"mean_diff": 5.1952226444461544,
"min": -1.1069673998835179,
"min_diff": -0.5385127675095351,
"std": 4.773650877336738,
"std_diff": 4.600215694074181
},
"orientation": {
"max": 0.9824419473249955,
"max_diff": 0.9824419473249955,
"mean": 0.30042322201062327,
"mean_diff": 0.2471796950156133,
"min": 0.0,
"min_diff": -0.4151032418366411,
"std": 0.3996822333764109,
"std_diff": 0.5217619492693213
},
"pos": {
"max": 999.8950953231582,
"max_diff": 356.1196454051037,
"mean": 552.9380881527308,
"mean_diff": -336.6926163053958,
"min": 0.0,
"min_diff": -999.8950953231582,
"std": 411.6094393225051,
"std_diff": 649.4973730509284
},
"rotation_rate": {
"max": 0.13194626569747925,
"max_diff": 0.1799335777759552,
"mean": 0.007503443489933762,
"mean_diff": 0.011736410921785793,
"min": -0.20660369098186493,
"min_diff": -0.15347210131585598,
"std": 0.03468946969920786,
"std_diff": 0.04624033840380932
},
"utime": {
"max": 1531281458956878,
"max_diff": 40644.0,
"mean": 1531281449370945.2,
"mean_diff": 20125.71083070452,
"min": 1531281439817327,
"min_diff": 16957.0,
"std": 5536235.097497951,
"std_diff": 1681.0247004775417
},
"vel": {
"max": 9.588694140472876,
"max_diff": 0.0,
"mean": 1.765425778808234,
"mean_diff": -2.648138668212351,
"min": 0.0,
"min_diff": -9.588694140472876,
"std": 3.1340437443903735,
"std_diff": 3.5207668415088422
}
}
},
"SteerAngleFeedback": {
"message_count": 1872,
"message_freq": 97.73104229216882,
"timespan": 19.15461,
"var_stats": {
"utime": {
"max": 1531281458954811,
"max_diff": 30134.0,
"mean": 1531281449372824.0,
"mean_diff": 10237.63228220203,
"min": 1531281439800201,
"min_diff": 7238.0,
"std": 5538488.514259862,
"std_diff": 1756.8505028818754
},
"value": {
"max": 0.5829399701661077,
"max_diff": 0.03316125578789386,
"mean": 0.059435360302024474,
"mean_diff": -0.00015485016345860881,
"min": -0.9320058205649736,
"min_diff": -0.029670597283908362,
"std": 0.3536882479759997,
"std_diff": 0.005202652919773899
}
}
},
"VEHICLE_MONITOR": {
"message_count": 38,
"message_freq": 1.999992842130881,
"timespan": 19.000068,
"var_stats": {
"available_distance": {
"max": 123,
"max_diff": 1.0,
"mean": 122.47368421052632,
"mean_diff": 0.02702702702702703,
"min": 122,
"min_diff": 0.0,
"std": 0.49930699897395453,
"std_diff": 0.16216216216216217
},
"battery_level": {
"max": 81,
"max_diff": 1.0,
"mean": 80.47368421052632,
"mean_diff": 0.02702702702702703,
"min": 80,
"min_diff": 0.0,
"std": 0.49930699897395453,
"std_diff": 0.16216216216216217
},
"brake": {
"max": 12,
"max_diff": 12.0,
"mean": 1.4210526315789473,
"mean_diff": 0.32432432432432434,
"min": 0,
"min_diff": -5.0,
"std": 3.159210252307141,
"std_diff": 2.472049746438729
},
"brake_switch": {
"max": 4,
"max_diff": 3.0,
"mean": 3.1315789473684212,
"mean_diff": 0.08108108108108109,
"min": 1,
"min_diff": -3.0,
"std": 1.3605543110221647,
"std_diff": 0.8503855525703932
},
"gear_position": {
"max": 7,
"max_diff": 0.0,
"mean": 7.0,
"mean_diff": 0.0,
"min": 7,
"min_diff": 0.0,
"std": 0.0,
"std_diff": 0.0
},
"left_signal": {
"max": 0,
"max_diff": 0.0,
"mean": 0.0,
"mean_diff": 0.0,
"min": 0,
"min_diff": 0.0,
"std": 0.0,
"std_diff": 0.0
},
"rear_left_rpm": {
"max": 302.11650000000003,
"max_diff": 7.214099999999998,
"mean": 160.52085789473685,
"mean_diff": -6.907548648648649,
"min": 15.8877,
"min_diff": -16.596599999999967,
"std": 103.63387672430396,
"std_diff": 6.681869797206654
},
"rear_right_rpm": {
"max": 306.7869,
"max_diff": 8.173199999999998,
"mean": 161.50300263157897,
"mean_diff": -7.002218918918918,
"min": 15.8877,
"min_diff": -21.01679999999999,
"std": 104.91976826725741,
"std_diff": 6.8910305211699745
},
"right_signal": {
"max": 1,
"max_diff": 1.0,
"mean": 0.3684210526315789,
"mean_diff": 0.0,
"min": 0,
"min_diff": -1.0,
"std": 0.48237638894271995,
"std_diff": 0.6151246852292456
},
"steering": {
"max": 33.40000000000009,
"max_diff": 27.0,
"mean": 3.4684210526316557,
"mean_diff": -0.5054054054054005,
"min": -53.40000000000009,
"min_diff": -49.20000000000027,
"std": 20.472884573749827,
"std_diff": 12.334919580275496
},
"steering_speed": {
"max": 63.70000000000046,
"max_diff": 147.5,
"mean": -0.8315789473681656,
"mean_diff": -0.1081081081081082,
"min": -147.49999999999983,
"min_diff": -135.5,
"std": 30.840490347517942,
"std_diff": 37.8642980839962
},
"throttle": {
"max": 73,
"max_diff": 24.0,
"mean": 7.421052631578948,
"mean_diff": -1.972972972972973,
"min": 0,
"min_diff": -42.0,
"std": 18.182744247380565,
"std_diff": 11.083190306840711
},
"utime": {
"max": 1531281459028695,
"max_diff": 1000586.0,
"mean": 1531281449660630.2,
"mean_diff": 513515.35135135136,
"min": 1531281440028627,
"min_diff": 499191.0,
"std": 5641236.7929759165,
"std_diff": 81179.72340637785
},
"vehicle_speed": {
"max": 34.46,
"max_diff": 0.8899999999999997,
"mean": 18.44236842105263,
"mean_diff": -0.7891891891891892,
"min": 1.86,
"min_diff": -2.349999999999998,
"std": 11.851614909771964,
"std_diff": 0.7703855769550877
},
"yaw_rate": {
"max": 7.100000000000023,
"max_diff": 2.5,
"mean": 1.1500000000000237,
"mean_diff": -0.12432432432432494,
"min": -1.799999999999983,
"min_diff": -3.1999999999999886,
"std": 2.4911157931209944,
"std_diff": 1.0071113106856808
}
}
},
"ZOE_VEH_INFO": {
"message_count": 1906,
"message_freq": 99.52330633759298,
"timespan": 19.151293,
"var_stats": {
"FL_wheel_speed": {
"max": 302.325,
"max_diff": 4.461899999999986,
"mean": 165.42834129066108,
"mean_diff": -0.1323455118110236,
"min": 16.137900000000002,
"min_diff": -6.838799999999992,
"std": 103.33794290041207,
"std_diff": 0.7254615388196877
},
"FR_wheel_speed": {
"max": 308.62170000000003,
"max_diff": 4.920600000000036,
"mean": 166.10061705141658,
"mean_diff": -0.13429370078740158,
"min": 15.637500000000001,
"min_diff": -4.920600000000036,
"std": 104.40462340611444,
"std_diff": 0.7601809298463441
},
"RL_wheel_speed": {
"max": 302.11650000000003,
"max_diff": 4.4202000000000226,
"mean": 165.33454910807976,
"mean_diff": -0.1301127559055118,
"min": 15.8877,
"min_diff": -5.337600000000009,
"std": 103.31277298301447,
"std_diff": 0.820473787483503
},
"RR_wheel_speed": {
"max": 307.746,
"max_diff": 4.670400000000029,
"mean": 166.45957397691498,
"mean_diff": -0.13234551181102364,
"min": 15.429,
"min_diff": -6.755400000000009,
"std": 104.63021894348692,
"std_diff": 0.8382932911057596
},
"left_solar": {
"max": 0,
"max_diff": 0.0,
"mean": 0.0,
"mean_diff": 0.0,
"min": 0,
"min_diff": 0.0,
"std": 0.0,
"std_diff": 0.0
},
"longitudinal_accel": {
"max": 0.6000000000000014,
"max_diff": 0.7999999999999989,
"mean": -0.549842602308499,
"mean_diff": -0.0004986876640419953,
"min": -1.4499999999999993,
"min_diff": -0.75,
"std": 0.4514695328916776,
"std_diff": 0.10489846671180543
},