{
"MS_IMU": {
"message_count": 1907,
"message_freq": 99.57962984053212,
"timespan": 19.150503,
"var_stats": {
"linear_accel": {
"max": 12.429128646850586,
"max_diff": 10.83060359954834,
"mean": 3.546322412906152,
"mean_diff": 4.617449695998851,
"min": -1.101365089416504,
"min_diff": -1.6804467141628265,
"std": 4.456237605642172,
"std_diff": 4.970877544663552
},
"q": {
"max": 0.9999740123748779,
"max_diff": 0.9997155915480107,
"mean": 0.1535410644397603,
"mean_diff": 0.3733974103189315,
"min": -0.7154465317726135,
"min_diff": -0.25762140698498115,
"std": 0.47584152666704416,
"std_diff": 0.4443730498827577
},
"rotation_rate": {
"max": 0.4430667757987976,
"max_diff": 0.4750030040740967,
"mean": 0.03609147403087378,
"mean_diff": 0.055398783771222815,
"min": -0.09124834090471268,
"min_diff": -0.10824564844369888,
"std": 0.09397383897506274,
"std_diff": 0.11063147558354325
},
"utime": {
"max": 1533153714451088,
"max_diff": 24954.0,
"mean": 1533153704888172.2,
"mean_diff": 10047.483210912907,
"min": 1533153695300585,
"min_diff": 1565.0,
"std": 5531706.0971496,
"std_diff": 4548.2115933382975
}
}
},
"POSE": {
"message_count": 949,
"message_freq": 49.530863390799404,
"timespan": 19.159771,
"var_stats": {
"accel": {
"max": 10.499698746565684,
"max_diff": 10.347711448806445,
"mean": 3.543892359382042,
"mean_diff": 4.620939141287082,
"min": -1.3756539969495938,
"min_diff": -1.2492772221482031,
"std": 4.454581772613927,
"std_diff": 4.960765149747482
},
"orientation": {
"max": 0.9999999995302778,
"max_diff": 0.015972663357227208,
"mean": 0.0916234989712278,
"mean_diff": -0.4071677707937381,
"min": -0.8633376761438627,
"min_diff": -0.9999999995302778,
"std": 0.4915334520012543,
"std_diff": 0.4093259578382384
},
"pos": {
"max": 2191.257291565707,
"max_diff": -874.6809050293552,
"mean": 1005.5110730231987,
"mean_diff": -1067.4150449984757,
"min": 0.0,
"min_diff": -1315.5199254506383,
"std": 876.014774326462,
"std_diff": 186.62583052387822
},
"rotation_rate": {
"max": 0.4430667757987976,
"max_diff": 0.47261757776141167,
"mean": 0.036117747285416335,
"mean_diff": 0.05531468957076389,
"min": -0.06530225276947021,
"min_diff": -0.09753114357590675,
"std": 0.09400799061708917,
"std_diff": 0.11072237338455174
},
"utime": {
"max": 1533153714457795,
"max_diff": 40324.0,
"mean": 1533153704875554.0,
"mean_diff": 20210.728902953586,
"min": 1533153695298024,
"min_diff": 12400.0,
"std": 5541813.298110104,
"std_diff": 2119.4766697752493
},
"vel": {
"max": 10.384291931976023,
"max_diff": 0.0,
"mean": 1.4517791072177628,
"mean_diff": -2.1776686608266442,
"min": 0.0,
"min_diff": -10.384291931976023,
"std": 2.8798752206419533,
"std_diff": 3.295417272150191
}
}
},
"SteerAngleFeedback": {
"message_count": 1843,
"message_freq": 96.22534545316707,
"timespan": 19.152958,
"var_stats": {
"utime": {
"max": 1533153714455109,
"max_diff": 30756.0,
"mean": 1533153704893880.5,
"mean_diff": 10397.914223669924,
"min": 1533153695302151,
"min_diff": 3888.0,
"std": 5539201.134495058,
"std_diff": 2218.4364428707863
},
"value": {
"max": 5.457716546498238,
"max_diff": 0.05759586531581595,
"mean": 1.6804064162079402,
"mean_diff": -3.8848262395095396e-05,
"min": -0.03308928027592152,
"min_diff": -0.06283185307179417,
"std": 1.8556233717755202,
"std_diff": 0.010275422752922697
}
}
},
"VEHICLE_MONITOR": {
"message_count": 40,
"message_freq": 2.0513192906168656,
"timespan": 19.499646,
"var_stats": {
"available_distance": {
"max": 65,
"max_diff": 0.0,
"mean": 64.8,
"mean_diff": -0.02564102564102564,
"min": 64,
"min_diff": -1.0,
"std": 0.4,
"std_diff": 0.15806189751202507
},
"battery_level": {
"max": 73,
"max_diff": 0.0,
"mean": 73.0,
"mean_diff": 0.0,
"min": 73,
"min_diff": 0.0,
"std": 0.0,
"std_diff": 0.0
},
"brake": {
"max": 10,
"max_diff": 3.0,
"mean": 0.65,
"mean_diff": -0.2564102564102564,
"min": 0,
"min_diff": -7.0,
"std": 2.006863224038948,
"std_diff": 1.5806189751202502
},
"brake_switch": {
"max": 4,
"max_diff": 1.0,
"mean": 1.175,
"mean_diff": -0.07692307692307693,
"min": 1,
"min_diff": -3.0,
"std": 0.6666145812986692,
"std_diff": 0.5254846546645948
},
"gear_position": {
"max": 7,
"max_diff": 0.0,
"mean": 7.0,
"mean_diff": 0.0,
"min": 7,
"min_diff": 0.0,
"std": 0.0,
"std_diff": 0.0
},
"left_signal": {
"max": 1,
"max_diff": 1.0,
"mean": 0.3,
"mean_diff": 0.0,
"min": 0,
"min_diff": -1.0,
"std": 0.45825756949558394,
"std_diff": 0.5547001962252291
},
"rear_left_rpm": {
"max": 326.6361,
"max_diff": 19.390500000000003,
"mean": 139.11536999999998,
"mean_diff": 7.272907692307692,
"min": 3.5028,
"min_diff": -12.843599999999999,
"std": 114.23937265915853,
"std_diff": 9.335589473742328
},
"rear_right_rpm": {
"max": 334.3506,
"max_diff": 17.263800000000003,
"mean": 146.69643000000002,
"mean_diff": 7.410838461538461,
"min": 3.9615,
"min_diff": -13.0521,
"std": 114.63535001677319,
"std_diff": 9.248032019303304
},
"right_signal": {
"max": 0,
"max_diff": 0.0,
"mean": 0.0,
"mean_diff": 0.0,
"min": 0,
"min_diff": 0.0,
"std": 0.0,
"std_diff": 0.0
},
"steering": {
"max": 313.3000000000002,
"max_diff": 82.19999999999982,
"mean": 93.09250000000021,
"mean_diff": -0.10000000000000234,
"min": -1.2999999999997272,
"min_diff": -73.29999999999973,
"std": 106.08255602949055,
"std_diff": 26.584919573283393
},
"steering_speed": {
"max": 151.40000000000026,
"max_diff": 137.5,
"mean": 3.1600000000002515,
"mean_diff": 0.10256410256410274,
"min": -129.49999999999983,
"min_diff": -107.5,
"std": 52.19891186605329,
"std_diff": 41.12229719700386
},
"throttle": {
"max": 347,
"max_diff": 117.0,
"mean": 170.425,
"mean_diff": 0.0,
"min": 0,
"min_diff": -206.0,
"std": 140.11689539452408,
"std_diff": 55.749439459065414
},
"utime": {
"max": 1533153714842771,
"max_diff": 500859.0,
"mean": 1533153705092599.2,
"mean_diff": 499990.92307692306,
"min": 1533153695343125,
"min_diff": 499083.0,
"std": 5771496.1062679775,
"std_diff": 448.4961986869971
},
"vehicle_speed": {
"max": 37.29,
"max_diff": 2.039999999999999,
"mean": 16.21675,
"mean_diff": 0.8230769230769232,
"min": 0.0,
"min_diff": -1.6099999999999999,
"std": 12.873548537116719,
"std_diff": 1.0606218636595153
},
"yaw_rate": {
"max": 24.400000000000034,
"max_diff": 4.300000000000011,
"mean": 5.7575000000000225,
"mean_diff": -0.010256410256410402,
"min": -0.4999999999999716,
"min_diff": -5.899999999999977,
"std": 7.647021887637043,
"std_diff": 2.1705245581035713
}
}
},
"ZOE_VEH_INFO": {
"message_count": 1897,
"message_freq": 99.05313143133917,
"timespan": 19.151338,
"var_stats": {
"FL_wheel_speed": {
"max": 329.6385,
"max_diff": 2.585399999999993,
"mean": 136.3905442804428,
"mean_diff": 0.15195427215189874,
"min": 3.753,
"min_diff": -3.0441000000000145,
"std": 111.95274095456011,
"std_diff": 0.42369900833645224
},
"FR_wheel_speed": {
"max": 329.2215,
"max_diff": 2.585399999999993,
"mean": 141.28608471270428,
"mean_diff": 0.15171234177215193,
"min": 3.753,
"min_diff": -2.1266999999999996,
"std": 110.35672167303052,
"std_diff": 0.4212536496925887
},
"RL_wheel_speed": {
"max": 328.7628,
"max_diff": 10.967099999999988,
"mean": 134.76962988929893,
"mean_diff": 0.15243813291139244,
"min": 0.0,
"min_diff": -7.214100000000002,
"std": 112.09807450704423,
"std_diff": 0.5709703286686026
},
"RR_wheel_speed": {
"max": 335.26800000000003,
"max_diff": 8.381700000000023,
"mean": 142.48835044807592,
"mean_diff": 0.15505537974683542,
"min": 0.0,
"min_diff": -12.84360000000001,
"std": 112.4720234982997,
"std_diff": 0.6001523280549639
},
"left_solar": {
"max": 0,
"max_diff": 0.0,
"mean": 0.0,
"mean_diff": 0.0,
"min": 0,
"min_diff": 0.0,
"std": 0.0,
"std_diff": 0.0
},
"longitudinal_accel": {
"max": 1.5,
"max_diff": 1.0,
"mean": 0.4704797047970487,
"mean_diff": 0.0004219409282700426,
"min": -1.4000000000000004,
"min_diff": -1.0,
"std": 0.5411588063589654,
"std_diff": 0.06272496410498128
},
"meanEffTorque": {
"max": 78.0,
"max_diff": 2.5,
"mean": 44.67264101212441,
"mean_diff": -0.0145042194092827,
"min": -27.5,
"min_diff": -2.5,
"std": 32.57158864659277,
"std_diff": 0.4320073435937235
},
"odom": {
"max": 124,