{
"MS_IMU": {
"message_count": 1917,
"message_freq": 99.58520191951645,
"timespan": 19.249848,
"var_stats": {
"linear_accel": {
"max": 14.329736709594727,
"max_diff": 14.50150242447853,
"mean": 3.1892838225224347,
"mean_diff": 4.8505132108349125,
"min": -1.5145514011383057,
"min_diff": -1.8871775269508362,
"std": 4.682065379693675,
"std_diff": 5.241160255362463
},
"q": {
"max": 0.16991297900676727,
"max_diff": 0.1345770712941885,
"mean": -0.240281898947467,
"mean_diff": -0.33964609628278714,
"min": -0.999962568283081,
"min_diff": -1.0129624139517546,
"std": 0.43847990216414495,
"std_diff": 0.47437803791836103
},
"rotation_rate": {
"max": 0.1382405012845993,
"max_diff": 0.17609471641480923,
"mean": -0.00940601534083395,
"mean_diff": -0.016337657964196464,
"min": -0.1830138862133026,
"min_diff": -0.1749934758991003,
"std": 0.02296250559516551,
"std_diff": 0.031754721345220414
},
"utime": {
"max": 1533201489704305,
"max_diff": 33931.0,
"mean": 1533201480093171.8,
"mean_diff": 10046.893528183717,
"min": 1533201470454457,
"min_diff": 1948.0,
"std": 5558555.93171749,
"std_diff": 4105.509458460323
}
}
},
"POSE": {
"message_count": 959,
"message_freq": 49.79533545959588,
"timespan": 19.258832,
"var_stats": {
"accel": {
"max": 12.401202280088855,
"max_diff": 12.612085146538831,
"mean": 3.1912335032337764,
"mean_diff": 4.8491270003499904,
"min": -1.0922845759631588,
"min_diff": -1.599830564476447,
"std": 4.67606420941849,
"std_diff": 5.237236527367284
},
"orientation": {
"max": 0.9995909658908246,
"max_diff": 0.0,
"mean": 0.2374561364692922,
"mean_diff": -0.34922984585565475,
"min": -0.06256880150988321,
"min_diff": -0.9995909658908246,
"std": 0.44001657156643187,
"std_diff": 0.45975194191756164
},
"pos": {
"max": 917.5647028894515,
"max_diff": 667.6917173569968,
"mean": 392.1399963135266,
"mean_diff": -129.78999059728906,
"min": 0.0,
"min_diff": -917.5647028894515,
"std": 385.8850782488502,
"std_diff": 787.0740630911505
},
"rotation_rate": {
"max": 0.13735052943229675,
"max_diff": 0.17316219955682755,
"mean": -0.009401379685693866,
"mean_diff": -0.016295621420769076,
"min": -0.1830138862133026,
"min_diff": -0.1749934758991003,
"std": 0.022935151996319448,
"std_diff": 0.031769767202274174
},
"utime": {
"max": 1533201489716494,
"max_diff": 40279.0,
"mean": 1533201480077944.2,
"mean_diff": 20103.164926931106,
"min": 1533201470457662,
"min_diff": 12061.0,
"std": 5565467.9791706,
"std_diff": 1608.36402765371
},
"vel": {
"max": 3.65759475575512,
"max_diff": 0.0,
"mean": 0.4866269057957849,
"mean_diff": -0.7299403586936773,
"min": 0.0,
"min_diff": -3.65759475575512,
"std": 0.9174084157891763,
"std_diff": 1.0415627647712475
}
}
},
"SteerAngleFeedback": {
"message_count": 1876,
"message_freq": 97.43900583127781,
"timespan": 19.25307,
"var_stats": {
"utime": {
"max": 1533201489708272,
"max_diff": 40169.0,
"mean": 1533201480055615.8,
"mean_diff": 10268.304,
"min": 1533201470455202,
"min_diff": 6326.0,
"std": 5549552.349212641,
"std_diff": 1934.5316198287724
},
"value": {
"max": 0.5567600313861927,
"max_diff": 0.022689280275929424,
"mean": 0.03192017411296559,
"mean_diff": -4.9334640189708116e-05,
"min": -0.4555309347705184,
"min_diff": -0.020943951023928764,
"std": 0.29992881942683475,
"std_diff": 0.005185243964625962
}
}
},
"VEHICLE_MONITOR": {
"message_count": 39,
"message_freq": 2.052712066867885,
"timespan": 18.999255,
"var_stats": {
"available_distance": {
"max": 153,
"max_diff": 0.0,
"mean": 153.0,
"mean_diff": 0.0,
"min": 153,
"min_diff": 0.0,
"std": 0.0,
"std_diff": 0.0
},
"battery_level": {
"max": 100,
"max_diff": 0.0,
"mean": 100.0,
"mean_diff": 0.0,
"min": 100,
"min_diff": 0.0,
"std": 0.0,
"std_diff": 0.0
},
"brake": {
"max": 14,
"max_diff": 7.0,
"mean": 2.1025641025641026,
"mean_diff": -0.10526315789473684,
"min": 0,
"min_diff": -11.0,
"std": 3.6076476588639097,
"std_diff": 2.7509756516572588
},
"brake_switch": {
"max": 4,
"max_diff": 2.0,
"mean": 1.8461538461538463,
"mean_diff": 0.0,
"min": 1,
"min_diff": -3.0,
"std": 1.2307692307692308,
"std_diff": 1.0
},
"gear_position": {
"max": 7,
"max_diff": 0.0,
"mean": 7.0,
"mean_diff": 0.0,
"min": 7,
"min_diff": 0.0,
"std": 0.0,
"std_diff": 0.0
},
"left_signal": {
"max": 1,
"max_diff": 1.0,
"mean": 0.20512820512820512,
"mean_diff": 0.0,
"min": 0,
"min_diff": -1.0,
"std": 0.4037952755903493,
"std_diff": 0.45883146774112354
},
"rear_left_rpm": {
"max": 115.2171,
"max_diff": 16.846799999999995,
"mean": 46.99696923076923,
"mean_diff": 1.7338421052631579,
"min": 0.0,
"min_diff": -15.429000000000002,
"std": 32.581851551778485,
"std_diff": 8.507594111134246
},
"rear_right_rpm": {
"max": 114.7167,
"max_diff": 17.055300000000003,
"mean": 46.913569230769234,
"mean_diff": 1.7272578947368422,
"min": 0.0,
"min_diff": -15.429000000000002,
"std": 32.528668152082155,
"std_diff": 8.565610557112777
},
"right_signal": {
"max": 0,
"max_diff": 0.0,
"mean": 0.0,
"mean_diff": 0.0,
"min": 0,
"min_diff": 0.0,
"std": 0.0,
"std_diff": 0.0
},
"steering": {
"max": 31.90000000000009,
"max_diff": 24.59999999999991,
"mean": 1.9410256410255897,
"mean_diff": -0.13684210526316506,
"min": -26.09999999999991,
"min_diff": -33.90000000000009,
"std": 17.42357256705245,
"std_diff": 12.291469464903232
},
"steering_speed": {
"max": 43.80000000000037,
"max_diff": 65.79999999999973,
"mean": -1.1128205128202746,
"mean_diff": 0.0500000000000024,
"min": -65.79999999999954,
"min_diff": -57.79999999999973,
"std": 18.240827403174432,
"std_diff": 23.595859917857542
},
"throttle": {
"max": 146,
"max_diff": 78.0,
"mean": 30.641025641025642,
"mean_diff": 0.0,
"min": 0,
"min_diff": -99.0,
"std": 50.48659998886081,
"std_diff": 27.765938997646966
},
"utime": {
"max": 1533201489827988,
"max_diff": 501237.0,
"mean": 1533201480328304.8,
"mean_diff": 499980.3947368421,
"min": 1533201470828733,
"min_diff": 499104.0,
"std": 5627172.870549158,
"std_diff": 428.6596330714273
},
"vehicle_speed": {
"max": 13.13,
"max_diff": 1.9699999999999989,
"mean": 5.33948717948718,
"mean_diff": 0.20657894736842106,
"min": 0.0,
"min_diff": -1.7399999999999993,
"std": 3.764603666079093,
"std_diff": 0.9708305622555454
},
"yaw_rate": {
"max": 1.0000000000000284,
"max_diff": 0.9000000000000057,
"mean": -0.1871794871794605,
"mean_diff": -0.010526315789473833,
"min": -1.4999999999999716,
"min_diff": -1.4000000000000057,
"std": 0.6030603521184043,
"std_diff": 0.5290455525528017
}
}
},
"ZOE_VEH_INFO": {
"message_count": 1920,
"message_freq": 99.75159255755446,
"timespan": 19.247813,
"var_stats": {
"FL_wheel_speed": {
"max": 116.1345,
"max_diff": 4.6704,
"mean": 46.2402178125,
"mean_diff": 0.036658624283480976,
"min": 0.0,
"min_diff": -2.585400000000007,
"std": 32.99979302049382,
"std_diff": 0.3628335100511437
},
"FR_wheel_speed": {
"max": 116.1345,
"max_diff": 5.1708,
"mean": 46.15036734375,
"mean_diff": 0.03676727462219906,
"min": 0.0,
"min_diff": -2.7938999999999936,
"std": 32.94151033698752,
"std_diff": 0.386412362084979
},
"RL_wheel_speed": {
"max": 115.4256,
"max_diff": 5.337599999999995,
"mean": 46.124456875,
"mean_diff": 0.03689765502866076,
"min": 0.0,
"min_diff": -5.6295,
"std": 32.98071204803816,
"std_diff": 0.41703427638600177
},
"RR_wheel_speed": {
"max": 114.96690000000001,
"max_diff": 6.546900000000008,
"mean": 46.11957015625,
"mean_diff": 0.03689765502866076,
"min": 0.0,
"min_diff": -7.005600000000001,
"std": 32.98502413993262,
"std_diff": 0.45266932608729654
},
"left_solar": {
"max": 0,
"max_diff": 0.0,
"mean": 0.0,
"mean_diff": 0.0,
"min": 0,
"min_diff": 0.0,
"std": 0.0,
"std_diff": 0.0
},
"longitudinal_accel": {
"max": 1.6500000000000004,
"max_diff": 0.34999999999999964,
"mean": 0.1487760416666673,
"mean_diff": -0.0004429390307451796,
"min": -1.4499999999999993,
"min_diff": -0.4499999999999993,
"std": 0.5805639426534615,
"std_diff": 0.052340347594943375
},
"meanEffTorque": {
"max": 75.5,
"max_diff": 2.5,
"mean": 16.720572916666665,
"mean_diff": -0.014590932777488274,
"min": -51.5,
"min_diff": -2.5,
"std": 28.761400252133644,
"std_diff": 0.40809388887569936
},
"odom": {
"max": 120,