{
"MS_IMU": {
"message_count": 1975,
"message_freq": 99.67117595888844,
"timespan": 19.815157,
"var_stats": {
"linear_accel": {
"max": 13.403631210327148,
"max_diff": 13.772865176200867,
"mean": 3.2758951684781907,
"mean_diff": 4.7717424715830905,
"min": -2.6339833736419678,
"min_diff": -2.7350467443466187,
"std": 4.651873620875073,
"std_diff": 5.2843350561120275
},
"q": {
"max": 0.9947466850280762,
"max_diff": 0.7910101714078337,
"mean": 0.31332513178454524,
"mean_diff": -0.15180071523798166,
"min": -0.010568798519670963,
"min_diff": -0.9890648107975721,
"std": 0.3896503286034099,
"std_diff": 0.5530644698795439
},
"rotation_rate": {
"max": 0.11902177333831787,
"max_diff": 0.13570528477430344,
"mean": -0.02629232735662491,
"mean_diff": -0.03938756308160216,
"min": -0.43140849471092224,
"min_diff": -0.4497141055762768,
"std": 0.08984668994477557,
"std_diff": 0.10851274217141457
},
"utime": {
"max": 1537845532219930,
"max_diff": 24037.0,
"mean": 1537845522305895.0,
"mean_diff": 10038.07345491388,
"min": 1537845512404773,
"min_diff": 1954.0,
"std": 5719471.236809158,
"std_diff": 3912.871026093689
}
}
},
"POSE": {
"message_count": 988,
"message_freq": 49.9022612694509,
"timespan": 19.798702,
"var_stats": {
"accel": {
"max": 11.687410089727855,
"max_diff": 12.80311680532876,
"mean": 3.276932307171738,
"mean_diff": 4.770821875876389,
"min": -2.2513428914972824,
"min_diff": -2.447784716514839,
"std": 4.641329650941963,
"std_diff": 5.270161643943991
},
"orientation": {
"max": 0.9999999428787588,
"max_diff": 0.9999999428787588,
"mean": 0.16178587226919436,
"mean_diff": -0.05014803240020516,
"min": -0.9999973376719888,
"min_diff": -0.9999973376719888,
"std": 0.4731018194153304,
"std_diff": 0.5751682433686002
},
"pos": {
"max": 992.2454869449481,
"max_diff": 861.6549585314956,
"mean": 361.6764184569351,
"mean_diff": -74.09644169451278,
"min": 0.0,
"min_diff": -992.2454869449481,
"std": 411.46488758512754,
"std_diff": 863.2590820393767
},
"rotation_rate": {
"max": 0.1175825223326683,
"max_diff": 0.13570528477430344,
"mean": -0.02626399249015592,
"mean_diff": -0.0394450743864621,
"min": -0.43140849471092224,
"min_diff": -0.4470207877457142,
"std": 0.08984749818026533,
"std_diff": 0.10845940282475502
},
"utime": {
"max": 1537845532213552,
"max_diff": 40817.0,
"mean": 1537845522321477.0,
"mean_diff": 20059.475177304965,
"min": 1537845512414850,
"min_diff": 14409.0,
"std": 5717176.884718612,
"std_diff": 1282.2013137011616
},
"vel": {
"max": 8.4569245541262,
"max_diff": 0.0,
"mean": 1.5136415499365958,
"mean_diff": -2.270462324904894,
"min": 0.0,
"min_diff": -8.4569245541262,
"std": 2.6597527625125053,
"std_diff": 2.9821291186446826
}
}
},
"SteerAngleFeedback": {
"message_count": 1934,
"message_freq": 97.65585058271104,
"timespan": 19.804241,
"var_stats": {
"utime": {
"max": 1537845532202239,
"max_diff": 30231.0,
"mean": 1537845522305513.0,
"mean_diff": 10245.3393688567,
"min": 1537845512397998,
"min_diff": 1874.0,
"std": 5719570.527185534,
"std_diff": 1854.721464255764
},
"value": {
"max": 0.5183627878423127,
"max_diff": 0.03316125578788576,
"mean": -0.7826854127606893,
"mean_diff": -0.00029164063548585824,
"min": -3.857177646907468,
"min_diff": -0.05759586531580807,
"std": 1.4067633379666356,
"std_diff": 0.00947886000917044
}
}
},
"VEHICLE_MONITOR": {
"message_count": 41,
"message_freq": 2.0499620757015995,
"timespan": 20.00037,
"var_stats": null
},
"ZOE_VEH_INFO": {
"message_count": 1973,
"message_freq": 99.6523229951498,
"timespan": 19.798836,
"var_stats": {
"FL_wheel_speed": {
"max": 267.9642,
"max_diff": 8.673600000000022,
"mean": 145.54434967055244,
"mean_diff": 0.06517210953346855,
"min": 0.0,
"min_diff": -10.258199999999988,
"std": 86.21636115413376,
"std_diff": 0.9524032982663879
},
"FR_wheel_speed": {
"max": 267.5055,
"max_diff": 14.261400000000009,
"mean": 141.75070643689813,
"mean_diff": 0.0646857505070994,
"min": 0.0,
"min_diff": -13.552500000000009,
"std": 86.99017757737106,
"std_diff": 1.2005745173578366
},
"RL_wheel_speed": {
"max": 267.5055,
"max_diff": 8.173200000000008,
"mean": 144.46651140395338,
"mean_diff": 0.06635628803245437,
"min": 0.0,
"min_diff": -7.464300000000009,
"std": 86.14304632163922,
"std_diff": 0.8395380373407765
},
"RR_wheel_speed": {
"max": 267.7557,
"max_diff": 9.340800000000002,
"mean": 140.83888616320323,
"mean_diff": 0.06481262677484788,
"min": 0.0,
"min_diff": -9.340800000000002,
"std": 87.13180364442881,
"std_diff": 0.939276757315683
},
"left_solar": {
"max": 32,
"max_diff": 144.0,
"mean": -44.594019260010135,
"mean_diff": -0.056795131845841784,
"min": -112,
"min_diff": -144.0,
"std": 55.67157972763241,
"std_diff": 11.169213858079805
},
"longitudinal_accel": {
"max": 1.8500000000000014,
"max_diff": 1.0,
"mean": 0.24381652306132848,
"mean_diff": -0.00020283975659229228,
"min": -1.4499999999999993,
"min_diff": -1.1499999999999986,
"std": 0.8178211944693897,
"std_diff": 0.1096623040292272
},
"meanEffTorque": {
"max": 123.0,
"max_diff": 7.5,
"mean": 27.67638114546376,
"mean_diff": -0.018255578093306288,
"min": -81.5,
"min_diff": -3.5,
"std": 49.238592445271784,
"std_diff": 0.7116969689787004
},
"odom": {
"max": 120,
"max_diff": 84.0,
"mean": 59.298530157121135,
"mean_diff": -0.012170385395537525,
"min": 0,
"min_diff": -108.0,
"std": 33.05770014142504,
"std_diff": 16.22508556456513
},
"odom_speed": {
"max": 30.0,
"max_diff": 1.0,
"mean": 15.834262544348707,
"mean_diff": 0.007606490872210953,
"min": 0.0,
"min_diff": -1.0,
"std": 9.834948179985057,
"std_diff": 0.15419407477657918
},
"pedal_cc": {
"max": 440.0,
"max_diff": 163.0,
"mean": 152.91890522047643,
"mean_diff": 0.0,
"min": 0.0,
"min_diff": -35.0,
"std": 144.1411515797293,
"std_diff": 4.990559038142378
},
"regen": {
"max": 55.0,
"max_diff": 1.0,
"mean": 6.311708058793715,
"mean_diff": 0.016227180527383367,
"min": 0.0,
"min_diff": -4.0,
"std": 14.666581608852287,
"std_diff": 0.364138324239681
},
"requestedTorqueAfterProc": {
"max": -272.5,
"max_diff": 125.0,
"mean": -335.0342118601115,
"mean_diff": 0.053498985801217036,
"min": -397.5,
"min_diff": -124.5,
"std": 42.27146264120012,
"std_diff": 6.530863916624161
},
"right_solar": {
"max": 100,
"max_diff": 206.0,
"mean": 9.494171312721743,
"mean_diff": -0.07910750507099391,
"min": -106,
"min_diff": -206.0,
"std": 69.07161926156901,
"std_diff": 11.138708233459864
},
"steer_corrected": {
"max": 29.699999999999818,
"max_diff": 1.8999999999996362,
"mean": -44.82818043588453,
"mean_diff": -0.01637931034482745,
"min": -221.0,
"min_diff": -4.400000000000091,
"std": 80.66324588233215,
"std_diff": 0.6360776692801968
},
"steer_offset_can": {
"max": -13.599999999999909,
"max_diff": 0.0,
"mean": -13.599999999999909,
"mean_diff": 0.0,
"min": -13.599999999999909,
"min_diff": 0.0,
"std": 0.0,
"std_diff": 0.0
},
"steer_raw": {
"max": 16.09999999999991,
"max_diff": 1.8999999999996362,
"mean": -58.42818043588445,
"mean_diff": -0.01637931034482745,
"min": -234.5999999999999,
"min_diff": -4.400000000000091,
"std": 80.66324588233216,
"std_diff": 0.6360776692801968
},
"transversal_accel": {
"max": -0.3760000000000048,
"max_diff": 0.12399999999999523,
"mean": -0.5230248352762272,
"mean_diff": 1.2170385395537986e-05,
"min": -0.7400000000000091,
"min_diff": -0.103999999999985,
"std": 0.06373537133002839,
"std_diff": 0.011759586911796299
},
"utime": {
"max": 1537845532206219,
"max_diff": 22750.0,
"mean": 1537845522299530.0,
"mean_diff": 10039.977687626775,
"min": 1537845512407383,
"min_diff": 2.0,
"std": 5720449.561089557,
"std_diff": 1919.56379201942
}
}
},
"ZoeSensors": {
"message_count": 18987,
"message_freq": 958.9726189503334,
"timespan": 19.799314,
"var_stats": {
"brake_sensor": {
"max": 0.18375372886657715,
"max_diff": 3.121793270111084e-05,
"mean": 0.18333350226746895,
"mean_diff": -1.2534838587745755e-08,
"min": 0.18268337845802307,
"min_diff": -3.0159950256347656e-05,
"std": 0.0002400505235836038,
"std_diff": 5.565314128856056e-06
},
"steering_sensor": {
"max": 0.189633309841156,
"max_diff": 0.0006026327610015869,