{
"MS_IMU": {
"message_count": 1957,
"message_freq": 99.63933310788471,
"timespan": 19.640838,
"var_stats": {
"linear_accel": {
"max": 11.338200569152832,
"max_diff": 11.2038254737854,
"mean": 3.543670390776748,
"mean_diff": 4.42254822125405,
"min": -0.7186170816421509,
"min_diff": -1.8593793213367462,
"std": 4.410062832226601,
"std_diff": 5.329815891107988
},
"q": {
"max": 0.9452155232429504,
"max_diff": 0.0021739453077316284,
"mean": 0.12426651922786475,
"mean_diff": -0.432765360184939,
"min": -0.4253833591938019,
"min_diff": -0.9729483835399151,
"std": 0.4843117268806339,
"std_diff": 0.3846327221855413
},
"rotation_rate": {
"max": 0.07529573142528534,
"max_diff": 0.10278269648551941,
"mean": 0.0044733268691439804,
"mean_diff": 0.005326515736712988,
"min": -0.08259139955043793,
"min_diff": -0.07996856793761253,
"std": 0.01676082803994345,
"std_diff": 0.02428027314736493
},
"utime": {
"max": 1542194119798112,
"max_diff": 34929.0,
"mean": 1542194109970986.5,
"mean_diff": 10041.328220858895,
"min": 1542194100157274,
"min_diff": 1944.0,
"std": 5675055.368965989,
"std_diff": 5553.1721556629755
}
}
},
"POSE": {
"message_count": 977,
"message_freq": 49.697084317334756,
"timespan": 19.659101,
"var_stats": {
"accel": {
"max": 10.713461676199364,
"max_diff": 10.541972585849146,
"mean": 3.5447077022268463,
"mean_diff": 4.42174344002774,
"min": -0.5406507557182691,
"min_diff": -1.5893412734066437,
"std": 4.4060150838123935,
"std_diff": 5.325610588713669
},
"orientation": {
"max": 0.9405609916612393,
"max_diff": 0.44085401385566836,
"mean": 0.32812270881261074,
"mean_diff": -0.17465434269732383,
"min": 0.0,
"min_diff": -0.9405609916612393,
"std": 0.37727375731883966,
"std_diff": 0.5502991858164966
},
"pos": {
"max": 2102.4370872834766,
"max_diff": 1509.3056899300104,
"mean": 875.5807619539673,
"mean_diff": -280.6137175878897,
"min": 0.0,
"min_diff": -2102.4370872834766,
"std": 872.1685470933242,
"std_diff": 1784.9475915272014
},
"rotation_rate": {
"max": 0.07428272813558578,
"max_diff": 0.10115906409919262,
"mean": 0.00448645031167901,
"mean_diff": 0.005309022427511505,
"min": -0.08259139955043793,
"min_diff": -0.07961480738595128,
"std": 0.01672479675199989,
"std_diff": 0.024201829568348734
},
"utime": {
"max": 1542194119808368,
"max_diff": 41952.0,
"mean": 1542194109982285.0,
"mean_diff": 20142.52151639344,
"min": 1542194100149267,
"min_diff": 15096.0,
"std": 5682457.817529161,
"std_diff": 1831.4881293581097
},
"vel": {
"max": 6.635557381525696,
"max_diff": 0.0,
"mean": 1.611536299254828,
"mean_diff": -2.4173044488822417,
"min": 0.0,
"min_diff": -6.635557381525696,
"std": 2.395113146654052,
"std_diff": 2.5801285907974925
}
}
},
"SteerAngleFeedback": {
"message_count": 1864,
"message_freq": 94.83645519443024,
"timespan": 19.654889,
"var_stats": {
"utime": {
"max": 1542194119807324,
"max_diff": 31264.0,
"mean": 1542194109965804.0,
"mean_diff": 10550.128287707998,
"min": 1542194100152435,
"min_diff": 4478.0,
"std": 5704937.709580489,
"std_diff": 2607.900708293015
},
"value": {
"max": 0.46600291028249075,
"max_diff": 0.012217304763965056,
"mean": 0.14257579678174864,
"mean_diff": -8.618909886392007e-05,
"min": -0.017453292519943295,
"min_diff": -0.01396263401595782,
"std": 0.12080051375057595,
"std_diff": 0.0018825484590094617
}
}
},
"VEHICLE_MONITOR": {
"message_count": 40,
"message_freq": 2.051267008657321,
"timespan": 19.500143,
"var_stats": null
},
"ZOE_VEH_INFO": {
"message_count": 1947,
"message_freq": 99.08063652413524,
"timespan": 19.650661,
"var_stats": {
"FL_wheel_speed": {
"max": 210.2931,
"max_diff": 3.2942999999999927,
"mean": 152.3462274268105,
"mean_diff": 0.015471428571428579,
"min": 71.2653,
"min_diff": -4.253399999999999,
"std": 40.720003930035205,
"std_diff": 0.49998565469217154
},
"FR_wheel_speed": {
"max": 210.54330000000002,
"max_diff": 4.0031999999999925,
"mean": 152.65239152542375,
"mean_diff": 0.015,
"min": 71.724,
"min_diff": -4.878900000000016,
"std": 40.6099274992484,
"std_diff": 0.5375547374121876
},
"RL_wheel_speed": {
"max": 209.12550000000002,
"max_diff": 4.253399999999999,
"mean": 151.4071956856703,
"mean_diff": 0.015364285714285712,
"min": 71.0568,
"min_diff": -5.587799999999987,
"std": 40.5803675555028,
"std_diff": 0.5476551816701848
},
"RR_wheel_speed": {
"max": 209.3757,
"max_diff": 5.379300000000001,
"mean": 151.93764453004624,
"mean_diff": 0.015,
"min": 71.0568,
"min_diff": -6.296699999999987,
"std": 40.46232383101572,
"std_diff": 0.6363784049492206
},
"left_solar": {
"max": 0,
"max_diff": 0.0,
"mean": 0.0,
"mean_diff": 0.0,
"min": 0,
"min_diff": 0.0,
"std": 0.0,
"std_diff": 0.0
},
"longitudinal_accel": {
"max": 1.75,
"max_diff": 0.45000000000000107,
"mean": 0.9696712891628152,
"mean_diff": -0.0003340184994861256,
"min": -0.5,
"min_diff": -0.5500000000000007,
"std": 0.526223762471399,
"std_diff": 0.06106826874128855
},
"meanEffTorque": {
"max": 111.0,
"max_diff": 4.0,
"mean": 63.430662557781204,
"mean_diff": -0.024152106885919837,
"min": -29.5,
"min_diff": -3.0,
"std": 35.40261597678399,
"std_diff": 0.47516149198103724
},
"odom": {
"max": 120,
"max_diff": 68.0,
"mean": 61.08680020544427,
"mean_diff": 0.0041109969167523125,
"min": 0,
"min_diff": -96.0,
"std": 34.54650313226107,
"std_diff": 18.345994730950125
},
"odom_speed": {
"max": 23.0,
"max_diff": 1.0,
"mean": 16.908063687724706,
"mean_diff": 0.001541623843782117,
"min": 8.0,
"min_diff": -1.0,
"std": 4.582774261094174,
"std_diff": 0.12206550380493017
},
"pedal_cc": {
"max": 423.0,
"max_diff": 37.0,
"mean": 276.7935285053929,
"mean_diff": -0.08838643371017471,
"min": 0.0,
"min_diff": -15.0,
"std": 116.86885041119858,
"std_diff": 2.4323105055432537
},
"regen": {
"max": 40.0,
"max_diff": 1.0,
"mean": 3.541345659989728,
"mean_diff": 0.0,
"min": 0.0,
"min_diff": -4.0,
"std": 10.459387098035378,
"std_diff": 0.2972985598858069
},
"requestedTorqueAfterProc": {
"max": -272.5,
"max_diff": 125.5,
"mean": -307.24858757062145,
"mean_diff": -0.02774922918807811,
"min": -398.5,
"min_diff": -126.0,
"std": 23.88149870266677,
"std_diff": 5.739931599731034
},
"right_solar": {
"max": 0,
"max_diff": 0.0,
"mean": 0.0,
"mean_diff": 0.0,
"min": 0,
"min_diff": 0.0,
"std": 0.0,
"std_diff": 0.0
},
"steer_corrected": {
"max": 26.700000000000273,
"max_diff": 0.5,
"mean": 8.221468926553763,
"mean_diff": -0.004779033915724657,
"min": -1.0,
"min_diff": -0.599999999999909,
"std": 6.929171440067727,
"std_diff": 0.10144271462128696
},
"steer_offset_can": {
"max": -13.400000000000091,
"max_diff": 0.0,
"mean": -13.400000000000091,
"mean_diff": 0.0,
"min": -13.400000000000091,
"min_diff": 0.0,
"std": 0.0,
"std_diff": 0.0
},
"steer_raw": {
"max": 13.300000000000182,
"max_diff": 0.5,
"mean": -5.178531073446328,
"mean_diff": -0.004779033915724657,
"min": -14.400000000000091,
"min_diff": -0.599999999999909,
"std": 6.929171440067727,
"std_diff": 0.10144271462128696
},
"transversal_accel": {
"max": -0.4240000000000066,
"max_diff": 0.031999999999982265,
"mean": -0.5019352850539274,
"mean_diff": -6.1664953751287024e-06,
"min": -0.5600000000000023,
"min_diff": -0.031999999999982265,
"std": 0.02349166159114275,
"std_diff": 0.005250553046878273
},
"utime": {
"max": 1542194119803190,
"max_diff": 24194.0,
"mean": 1542194109958002.2,
"mean_diff": 10097.975847893114,
"min": 1542194100152529,
"min_diff": 2.0,
"std": 5677278.488909036,
"std_diff": 2065.6104443090594
}
}
},
"ZoeSensors": {
"message_count": 18673,
"message_freq": 950.2990976458914,
"timespan": 19.649603,
"var_stats": {
"brake_sensor": {
"max": 0.27145910263061523,
"max_diff": 0.0011769682168960571,
"mean": 0.1946402367972309,
"mean_diff": -3.3645723861001348e-09,
"min": 0.1900109052658081,
"min_diff": -0.0012193173170089722,
"std": 0.01716062788146599,
"std_diff": 5.608165990631291e-05
},
"steering_sensor": {
"max": 0.19018079340457916,
"max_diff": 0.00044114887714385986,
"mean": 0.18850841252666417,
"mean_diff": 2.8266079066243044e-08,
"min": 0.18721887469291687,
"min_diff": -0.0005356520414352417,
"std": 0.0003358526955564194,