{
"MS_IMU": {
"message_count": 1981,
"message_freq": 99.5473985315025,
"timespan": 19.900068,
"var_stats": {
"linear_accel": {
"max": 10.2230806350708,
"max_diff": 10.17599525814876,
"mean": 3.3234914177059456,
"mean_diff": 4.97741579422565,
"min": -1.0784707069396973,
"min_diff": -1.47323689609766,
"std": 4.595338276162839,
"std_diff": 4.518616927227988
},
"q": {
"max": 0.42302149534225464,
"max_diff": -0.01736105978488922,
"mean": -0.12775545357485574,
"mean_diff": -0.43942760161011185,
"min": -0.9298499226570129,
"min_diff": -0.9176340689882636,
"std": 0.48340310439614254,
"std_diff": 0.3601393416396182
},
"rotation_rate": {
"max": 0.025940287858247757,
"max_diff": 0.035457830876111984,
"mean": -0.0014863660688101761,
"mean_diff": -0.0018259072234182733,
"min": -0.13930216431617737,
"min_diff": -0.13415162079036236,
"std": 0.010955682646134814,
"std_diff": 0.01290488833106427
},
"utime": {
"max": 1535656635200671,
"max_diff": 29998.0,
"mean": 1535656625239319.8,
"mean_diff": 10050.539393939394,
"min": 1535656615300603,
"min_diff": 2950.0,
"std": 5742600.073961643,
"std_diff": 4731.114263010379
}
}
},
"POSE": {
"message_count": 990,
"message_freq": 49.749243710992076,
"timespan": 19.8998,
"var_stats": {
"accel": {
"max": 9.978074441146038,
"max_diff": 9.895400182039403,
"mean": 3.321763069049146,
"mean_diff": 4.980730363699503,
"min": -0.9924100888961059,
"min_diff": -1.3093126977937568,
"std": 4.595813253410982,
"std_diff": 4.512281492946452
},
"orientation": {
"max": 0.9459541480676801,
"max_diff": 0.0,
"mean": 0.14942971999231391,
"mean_diff": -0.42721427147323054,
"min": -0.3768615233615447,
"min_diff": -0.9459541480676801,
"std": 0.47714857097451174,
"std_diff": 0.3883571804189156
},
"pos": {
"max": 1340.7655822573743,
"max_diff": -455.0891977018397,
"mean": 734.8429022585774,
"mean_diff": -668.6997367522341,
"min": 0.0,
"min_diff": -873.9521869520821,
"std": 553.9487856298725,
"std_diff": 198.45815855290192
},
"rotation_rate": {
"max": 0.02593746781349182,
"max_diff": 0.035457830876111984,
"mean": -0.001508654874505959,
"mean_diff": -0.0018472179397803637,
"min": -0.13930216431617737,
"min_diff": -0.13260289561003447,
"std": 0.011183113388741298,
"std_diff": 0.013175414185863614
},
"utime": {
"max": 1535656635212413,
"max_diff": 40502.0,
"mean": 1535656625283258.8,
"mean_diff": 20121.1324570273,
"min": 1535656615312613,
"min_diff": 15958.0,
"std": 5742966.013538816,
"std_diff": 1680.0496561008968
},
"vel": {
"max": 3.414474151806878,
"max_diff": 0.0,
"mean": 0.25571333065563745,
"mean_diff": -0.38356999598345615,
"min": 0.0,
"min_diff": -3.414474151806878,
"std": 0.6900823751940565,
"std_diff": 0.8156460912822155
}
}
},
"SteerAngleFeedback": {
"message_count": 1944,
"message_freq": 97.7262902773451,
"timespan": 19.892293,
"var_stats": {
"utime": {
"max": 1535656635199633,
"max_diff": 29947.0,
"mean": 1535656625250620.5,
"mean_diff": 10237.927431806485,
"min": 1535656615307340,
"min_diff": 4940.0,
"std": 5746618.213121652,
"std_diff": 1705.022311055808
},
"value": {
"max": 0.350883155162831,
"max_diff": 0.029670597283908362,
"mean": -0.40447272046186467,
"mean_diff": -0.0012171493239589897,
"min": -2.162390967709004,
"min_diff": -0.06283185307180217,
"std": 0.3498915615483639,
"std_diff": 0.004809790095296723
}
}
},
"VEHICLE_MONITOR": {
"message_count": 41,
"message_freq": 2.0499861625934024,
"timespan": 20.000135,
"var_stats": null
},
"ZOE_VEH_INFO": {
"message_count": 1983,
"message_freq": 99.65442578974121,
"timespan": 19.898765,
"var_stats": {
"FL_wheel_speed": {
"max": 105.1674,
"max_diff": 6.2967,
"mean": 24.076335098335854,
"mean_diff": -0.011213975782038347,
"min": 0.0,
"min_diff": -3.5028,
"std": 31.622226550907552,
"std_diff": 0.31817068246470465
},
"FR_wheel_speed": {
"max": 105.8763,
"max_diff": 6.5469,
"mean": 23.933171406959154,
"mean_diff": -0.014643390514631687,
"min": 0.0,
"min_diff": -3.5028,
"std": 31.585929612969693,
"std_diff": 0.30735397291429906
},
"RL_wheel_speed": {
"max": 104.91720000000001,
"max_diff": 7.0056,
"mean": 24.03410937972769,
"mean_diff": -0.011424369323915239,
"min": 0.0,
"min_diff": -3.5028,
"std": 31.511617699936668,
"std_diff": 0.30459649656216065
},
"RR_wheel_speed": {
"max": 107.46090000000001,
"max_diff": 6.5469,
"mean": 24.295959304084715,
"mean_diff": -0.014727547931382447,
"min": 0.0,
"min_diff": -3.5028,
"std": 32.10290060113725,
"std_diff": 0.29495690373936506
},
"left_solar": {
"max": 0,
"max_diff": 0.0,
"mean": 0.0,
"mean_diff": 0.0,
"min": 0,
"min_diff": 0.0,
"std": 0.0,
"std_diff": 0.0
},
"longitudinal_accel": {
"max": 1.4000000000000004,
"max_diff": 0.25,
"mean": -0.1939737771053951,
"mean_diff": 0.0010343087790111003,
"min": -1.049999999999999,
"min_diff": -0.15000000000000036,
"std": 0.5260968115151807,
"std_diff": 0.03026438885216187
},
"meanEffTorque": {
"max": 98.0,
"max_diff": 5.0,
"mean": 6.49899142713061,
"mean_diff": 0.0653380423814329,
"min": -39.5,
"min_diff": -2.5,
"std": 27.885020732140376,
"std_diff": 0.43572128603933524
},
"odom": {
"max": 116,
"max_diff": 32.0,
"mean": 66.30559757942511,
"mean_diff": -0.020181634712411706,
"min": 0,
"min_diff": -112.0,
"std": 23.628691925952065,
"std_diff": 8.860825265560022
},
"odom_speed": {
"max": 12.0,
"max_diff": 1.0,
"mean": 2.533535047907211,
"mean_diff": -0.0020181634712411706,
"min": 0.0,
"min_diff": -1.0,
"std": 3.4563425090324773,
"std_diff": 0.10043278534626629
},
"pedal_cc": {
"max": 368.0,
"max_diff": 100.0,
"mean": 28.347957639939487,
"mean_diff": 0.16094853683148336,
"min": 0.0,
"min_diff": -54.0,
"std": 80.44558808332395,
"std_diff": 3.7141598727598075
},
"regen": {
"max": 41.0,
"max_diff": 0.0,
"mean": 3.650025214321735,
"mean_diff": -0.020686175580221997,
"min": 0.0,
"min_diff": -1.0,
"std": 10.0783896142044,
"std_diff": 0.14233150642105288
},
"requestedTorqueAfterProc": {
"max": -272.5,
"max_diff": 54.0,
"mean": -370.6875945537065,
"mean_diff": -0.013118062563067608,
"min": -398.5,
"min_diff": -126.0,
"std": 27.925421308057047,
"std_diff": 3.1680289028591333
},
"right_solar": {
"max": 0,
"max_diff": 0.0,
"mean": 0.0,
"mean_diff": 0.0,
"min": 0,
"min_diff": 0.0,
"std": 0.0,
"std_diff": 0.0
},
"steer_corrected": {
"max": 20.104123893064216,
"max_diff": 0.900000000000091,
"mean": -23.14453974788393,
"mean_diff": -0.06831483350151367,
"min": -123.89587610693579,
"min_diff": -3.600000000000364,
"std": 19.943735456098462,
"std_diff": 0.2681270497454431
},
"steer_offset_can": {
"max": -12.300000000000182,
"max_diff": 0.0,
"mean": -12.300000000000182,
"mean_diff": 0.0,
"min": -12.300000000000182,
"min_diff": 0.0,
"std": 0.0,
"std_diff": 0.0
},
"steer_raw": {
"max": 8.400000000000091,
"max_diff": 0.900000000000091,
"mean": -34.84866364094806,
"mean_diff": -0.06831483350151367,
"min": -135.5999999999999,
"min_diff": -3.600000000000364,
"std": 19.943735456098462,
"std_diff": 0.2681270497454431
},
"transversal_accel": {
"max": -0.4519999999999982,
"max_diff": 0.020000000000010232,
"mean": -0.4675642965204227,
"mean_diff": -4.238143289606619e-05,
"min": -0.5440000000000111,
"min_diff": -0.008000000000009777,
"std": 0.010639073745547227,
"std_diff": 0.0023373896753133574
},
"utime": {
"max": 1535656635203027,
"max_diff": 36374.0,
"mean": 1535656625249828.0,
"mean_diff": 10039.740161453077,
"min": 1535656615304262,
"min_diff": 2.0,
"std": 5744830.76827365,
"std_diff": 1713.9551713967296
}
}
},
"ZoeSensors": {
"message_count": 18983,
"message_freq": 953.8953910968592,
"timespan": 19.900505,
"var_stats": {
"brake_sensor": {
"max": 0.3142305612564087,
"max_diff": 0.0008372962474822998,
"mean": 0.26903237835823257,
"mean_diff": 1.224152922014858e-08,
"min": 0.1836063712835312,
"min_diff": -0.0028231441974639893,
"std": 0.05846103791351439,
"std_diff": 9.591856085533909e-05
},
"steering_sensor": {
"max": 0.19244161248207092,
"max_diff": 0.0005514174699783325,
"mean": 0.18812173220720443,
"mean_diff": 2.519020025904218e-07,
"min": 0.18563945591449738,
"min_diff": -0.0006026327610015869,
"std": 0.0012247326985642187,