{
"MS_IMU": {
"message_count": 1953,
"message_freq": 99.97026486079997,
"timespan": 19.535809,
"var_stats": {
"linear_accel": {
"max": 9.902023315429688,
"max_diff": 9.875068988651037,
"mean": 3.3152642707561526,
"mean_diff": 4.846138253213844,
"min": -0.02053483948111534,
"min_diff": -0.1770736388862133,
"std": 4.587859494778224,
"std_diff": 4.925550263357186
},
"q": {
"max": 0.9089752435684204,
"max_diff": 0.90515515813604,
"mean": 0.12462959594814049,
"mean_diff": 0.44220516903548135,
"min": -0.4199119508266449,
"min_diff": -0.0011694165877997875,
"std": 0.48421842293003053,
"std_diff": 0.36975369298738
},
"rotation_rate": {
"max": 0.0034032054245471954,
"max_diff": 0.00394337868783623,
"mean": -9.105328136074477e-05,
"mean_diff": -9.273080066970916e-05,
"min": -0.0031986639369279146,
"min_diff": -0.004599194508045912,
"std": 0.0008199084034335235,
"std_diff": 0.0011389328369842552
},
"utime": {
"max": 1537297078456117,
"max_diff": 25040.0,
"mean": 1537297068685882.2,
"mean_diff": 10008.098872950819,
"min": 1537297058920308,
"min_diff": 1945.0,
"std": 5649084.10786127,
"std_diff": 5297.294261003693
}
}
},
"POSE": {
"message_count": 971,
"message_freq": 49.64655843001118,
"timespan": 19.558254,
"var_stats": {
"accel": {
"max": 9.819229250076043,
"max_diff": 9.789506686435852,
"mean": 3.315296343339793,
"mean_diff": 4.846178846996616,
"min": 0.02453654267602385,
"min_diff": -0.09725947957497462,
"std": 4.587823341618454,
"std_diff": 4.925459072128866
},
"orientation": {
"max": 0.9400232509001439,
"max_diff": 0.0,
"mean": 0.14970772751773834,
"mean_diff": -0.4270573133642382,
"min": -0.3412359570000476,
"min_diff": -0.9400232509001439,
"std": 0.477061417766596,
"std_diff": 0.3885297729073696
},
"pos": {
"max": 1429.6853430432939,
"max_diff": 570.9787272708223,
"mean": 762.7966152318295,
"mean_diff": -429.3528271471416,
"min": 0.0,
"min_diff": -1429.6853430432939,
"std": 587.5929030749859,
"std_diff": 1000.3313642540912
},
"rotation_rate": {
"max": 0.0034032054245471954,
"max_diff": 0.00394337868783623,
"mean": -7.828023322811673e-05,
"mean_diff": -0.00011145409451746499,
"min": -0.002842386718839407,
"min_diff": -0.004599194508045912,
"std": 0.0008159614090967522,
"std_diff": 0.0011409023203820484
},
"utime": {
"max": 1537297078459926,
"max_diff": 40723.0,
"mean": 1537297068675059.8,
"mean_diff": 20163.148453608246,
"min": 1537297058901672,
"min_diff": 16841.0,
"std": 5666526.416827551,
"std_diff": 1884.031424055211
},
"vel": {
"max": 3.3339781901272514e-67,
"max_diff": 0.0,
"mean": 3.3952984816089705e-70,
"mean_diff": -5.0929477224134574e-70,
"min": 0.0,
"min_diff": -3.3339781901272514e-67,
"std": 8.243616439047572e-69,
"std_diff": 1.0092044272735772e-68
}
}
},
"SteerAngleFeedback": {
"message_count": 1936,
"message_freq": 99.00757182907284,
"timespan": 19.55406,
"var_stats": {
"utime": {
"max": 1537297078457879,
"max_diff": 30581.0,
"mean": 1537297068709993.8,
"mean_diff": 10105.457364341086,
"min": 1537297058903819,
"min_diff": 1597.0,
"std": 5655460.887791805,
"std_diff": 1245.868042965202
},
"value": {
"max": -0.04007059728390043,
"max_diff": 0.001745329251992736,
"mean": -0.041744707005465786,
"mean_diff": 0.0,
"min": -0.041815926535893166,
"min_diff": -0.001745329251992736,
"std": 0.0003452959719629116,
"std_diff": 0.0004923764166202109
}
}
},
"VEHICLE_MONITOR": {
"message_count": 40,
"message_freq": 2.0513813591796444,
"timespan": 19.499056,
"var_stats": null
},
"ZOE_VEH_INFO": {
"message_count": 1952,
"message_freq": 99.84444828295426,
"timespan": 19.550411,
"var_stats": {
"FL_wheel_speed": {
"max": 0.0,
"max_diff": 0.0,
"mean": 0.0,
"mean_diff": 0.0,
"min": 0.0,
"min_diff": 0.0,
"std": 0.0,
"std_diff": 0.0
},
"FR_wheel_speed": {
"max": 0.0,
"max_diff": 0.0,
"mean": 0.0,
"mean_diff": 0.0,
"min": 0.0,
"min_diff": 0.0,
"std": 0.0,
"std_diff": 0.0
},
"RL_wheel_speed": {
"max": 0.0,
"max_diff": 0.0,
"mean": 0.0,
"mean_diff": 0.0,
"min": 0.0,
"min_diff": 0.0,
"std": 0.0,
"std_diff": 0.0
},
"RR_wheel_speed": {
"max": 0.0,
"max_diff": 0.0,
"mean": 0.0,
"mean_diff": 0.0,
"min": 0.0,
"min_diff": 0.0,
"std": 0.0,
"std_diff": 0.0
},
"left_solar": {
"max": 0,
"max_diff": 0.0,
"mean": 0.0,
"mean_diff": 0.0,
"min": 0,
"min_diff": 0.0,
"std": 0.0,
"std_diff": 0.0
},
"longitudinal_accel": {
"max": 0.15000000000000036,
"max_diff": 0.05000000000000071,
"mean": 0.08655225409836187,
"mean_diff": 0.0,
"min": 0.05000000000000071,
"min_diff": -0.05000000000000071,
"std": 0.022965323446113878,
"std_diff": 0.01940953070302698
},
"meanEffTorque": {
"max": 0.0,
"max_diff": 0.0,
"mean": 0.0,
"mean_diff": 0.0,
"min": 0.0,
"min_diff": 0.0,
"std": 0.0,
"std_diff": 0.0
},
"odom": {
"max": 44,
"max_diff": 0.0,
"mean": 44.0,
"mean_diff": 0.0,
"min": 44,
"min_diff": 0.0,
"std": 0.0,
"std_diff": 0.0
},
"odom_speed": {
"max": 0.0,
"max_diff": 0.0,
"mean": 0.0,
"mean_diff": 0.0,
"min": 0.0,
"min_diff": 0.0,
"std": 0.0,
"std_diff": 0.0
},
"pedal_cc": {
"max": 0.0,
"max_diff": 0.0,
"mean": 0.0,
"mean_diff": 0.0,
"min": 0.0,
"min_diff": 0.0,
"std": 0.0,
"std_diff": 0.0
},
"regen": {
"max": 0.0,
"max_diff": 0.0,
"mean": 0.0,
"mean_diff": 0.0,
"min": 0.0,
"min_diff": 0.0,
"std": 0.0,
"std_diff": 0.0
},
"requestedTorqueAfterProc": {
"max": -382.5,
"max_diff": 0.0,
"mean": -382.5,
"mean_diff": 0.0,
"min": -382.5,
"min_diff": 0.0,
"std": 0.0,
"std_diff": 0.0
},
"right_solar": {
"max": 0,
"max_diff": 0.0,
"mean": 0.0,
"mean_diff": 0.0,
"min": 0,
"min_diff": 0.0,
"std": 0.0,
"std_diff": 0.0
},
"steer_corrected": {
"max": -2.295876106935874,
"max_diff": 0.09999999999990905,
"mean": -2.391675287263656,
"mean_diff": 0.0,
"min": -2.3958761069357832,
"min_diff": -0.09999999999990905,
"std": 0.020060784662984114,
"std_diff": 0.027727901004298693
},
"steer_offset_can": {
"max": -12.300000000000182,
"max_diff": 0.0,
"mean": -12.300000000000182,
"mean_diff": 0.0,
"min": -12.300000000000182,
"min_diff": 0.0,
"std": 0.0,
"std_diff": 0.0
},
"steer_raw": {
"max": -14.0,
"max_diff": 0.09999999999990905,
"mean": -14.095799180327782,
"mean_diff": 0.0,
"min": -14.099999999999909,
"min_diff": -0.09999999999990905,
"std": 0.020060784662984114,
"std_diff": 0.027727901004298693
},
"transversal_accel": {
"max": -0.48799999999999955,
"max_diff": 0.008000000000009777,
"mean": -0.49471311475409585,
"mean_diff": 0.0,
"min": -0.5,
"min_diff": -0.008000000000009777,
"std": 0.00315443873628323,
"std_diff": 0.002637116297784522
},
"utime": {
"max": 1537297078450153,
"max_diff": 21501.0,
"mean": 1537297068668294.0,
"mean_diff": 10020.712967708867,
"min": 1537297058899742,
"min_diff": 1.0,
"std": 5648289.2705665035,
"std_diff": 1514.2644585631037
}
}
},
"ZoeSensors": {
"message_count": 18812,
"message_freq": 962.2699832277957,
"timespan": 19.549607,
"var_stats": {
"brake_sensor": {
"max": 0.3966614007949829,
"max_diff": 6.461143493652344e-05,
"mean": 0.3964923799731821,
"mean_diff": -8.101079536329698e-07,
"min": 0.3813326954841614,
"min_diff": -0.00021600723266601562,
"std": 0.0007436458901156744,
"std_diff": 1.015725685493249e-05
},
"steering_sensor": {
"max": 0.2219977229833603,
"max_diff": 0.0008665174245834351,
"mean": 0.21719262460232822,
"mean_diff": 7.956606952281326e-08,
"min": 0.21384458243846893,
"min_diff": -0.000661700963973999,
"std": 0.0006451551381511529,
"std_diff": 0.00011280462551911601
},
"throttle_sensor": {
"max": 0.1308738887310028,
"max_diff": 0.003872320055961609,
"mean": 0.12370211292076448,
"mean_diff": 1.1590879047501886e-07,
"min": 0.1180184930562973,
"min_diff": -0.0027908608317375183,
"std": 0.0011528866261347156,
"std_diff": 0.00040664261220101994
},
"utime": {
"max": 1537297078450243,
"max_diff": 15966.0,
"mean": 1537297068668840.0,
"mean_diff": 1039.2646323959386,
"min": 1537297058900636,
"min_diff": 1.0,
"std": 5644344.009511529,
"std_diff": 614.9785813364786
}
}
}
}