{
"MS_IMU": {
"message_count": 1905,
"message_freq": 99.73989093010982,
"timespan": 19.09968,
"var_stats": {
"linear_accel": {
"max": 10.234535217285156,
"max_diff": 9.879090428352356,
"mean": 3.4479694258108977,
"mean_diff": 4.808972178752994,
"min": -1.3299691677093506,
"min_diff": -0.6827502548694611,
"std": 4.491766895705656,
"std_diff": 4.625212854841921
},
"q": {
"max": 0.002671645488590002,
"max_diff": 0.8945218622684479,
"mean": -0.33442814132332693,
"mean_diff": 0.1696926506954854,
"min": -0.914141833782196,
"min_diff": -0.40791563829407096,
"std": 0.37169589139318043,
"std_diff": 0.5409381297532615
},
"rotation_rate": {
"max": 0.01994026079773903,
"max_diff": 0.02910200331825763,
"mean": -0.00014400481780047698,
"mean_diff": 1.675131752212863e-05,
"min": -0.03219500184059143,
"min_diff": -0.03150970977731049,
"std": 0.0020927872948398266,
"std_diff": 0.0033251571631038855
},
"utime": {
"max": 1532708020149232,
"max_diff": 33983.0,
"mean": 1532708010600212.0,
"mean_diff": 10031.344537815126,
"min": 1532708001049552,
"min_diff": 1999.0,
"std": 5518279.389134678,
"std_diff": 4907.5845255065315
}
}
},
"POSE": {
"message_count": 950,
"message_freq": 49.740337114873,
"timespan": 19.099187,
"var_stats": {
"accel": {
"max": 10.014745655118372,
"max_diff": 9.66696931110114,
"mean": 3.4460022964645822,
"mean_diff": 4.812027429792366,
"min": -1.0717449759567683,
"min_diff": -0.30848249808920336,
"std": 4.493113317735223,
"std_diff": 4.621831097455344
},
"orientation": {
"max": 0.9339791804624383,
"max_diff": 0.9339791804624383,
"mean": 0.3228743805908255,
"mean_diff": 0.1920746796285357,
"min": 0.0,
"min_diff": -0.35775733576508445,
"std": 0.38177497869568505,
"std_diff": 0.5444636358646266
},
"pos": {
"max": 1461.154966414441,
"max_diff": -548.6593377412374,
"mean": 791.1997136482984,
"mean_diff": -730.5747819034245,
"min": 0.0,
"min_diff": -912.4545303641995,
"std": 602.6417725668433,
"std_diff": 181.87479533228847
},
"rotation_rate": {
"max": 0.019453437998890877,
"max_diff": 0.027889910736121237,
"mean": -0.00011750351719098113,
"mean_diff": -1.9181012561854292e-05,
"min": -0.029711788520216942,
"min_diff": -0.03150970977731049,
"std": 0.002020326223434722,
"std_diff": 0.003191578582257348
},
"utime": {
"max": 1532708020157166,
"max_diff": 40981.0,
"mean": 1532708010601379.2,
"mean_diff": 20125.59220231823,
"min": 1532708001057979,
"min_diff": 16628.0,
"std": 5520850.138116748,
"std_diff": 1685.354989506881
},
"vel": {
"max": 0.3116495013197902,
"max_diff": 0.0,
"mean": 0.0011478466741179155,
"mean_diff": -0.0017217700111768733,
"min": 0.0,
"min_diff": -0.3116495013197902,
"std": 0.015931101094826223,
"std_diff": 0.019486195348243262
}
}
},
"SteerAngleFeedback": {
"message_count": 1872,
"message_freq": 97.98820582129505,
"timespan": 19.10434,
"var_stats": {
"utime": {
"max": 1532708020155946,
"max_diff": 30967.0,
"mean": 1532708010576216.0,
"mean_diff": 10210.76429716729,
"min": 1532708001051606,
"min_diff": 3661.0,
"std": 5519328.924401297,
"std_diff": 1725.5522322363554
},
"value": {
"max": -1.1937332328521506,
"max_diff": 0.0017453292520008823,
"mean": -1.2074814300476158,
"mean_diff": 1.3059652339883593e-05,
"min": -1.2286398178920372,
"min_diff": -0.003490658503993549,
"std": 0.011828717657923848,
"std_diff": 0.0007010816641922786
}
}
},
"VEHICLE_MONITOR": {
"message_count": 39,
"message_freq": 2.0525785359967803,
"timespan": 19.000491,
"var_stats": {
"available_distance": {
"max": 29,
"max_diff": 0.0,
"mean": 29.0,
"mean_diff": 0.0,
"min": 29,
"min_diff": 0.0,
"std": 0.0,
"std_diff": 0.0
},
"battery_level": {
"max": 37,
"max_diff": 0.0,
"mean": 37.0,
"mean_diff": 0.0,
"min": 37,
"min_diff": 0.0,
"std": 0.0,
"std_diff": 0.0
},
"brake": {
"max": 11,
"max_diff": 0.0,
"mean": 11.0,
"mean_diff": 0.0,
"min": 11,
"min_diff": 0.0,
"std": 0.0,
"std_diff": 0.0
},
"brake_switch": {
"max": 2,
"max_diff": 0.0,
"mean": 2.0,
"mean_diff": 0.0,
"min": 2,
"min_diff": 0.0,
"std": 0.0,
"std_diff": 0.0
},
"gear_position": {
"max": 7,
"max_diff": 0.0,
"mean": 7.0,
"mean_diff": 0.0,
"min": 7,
"min_diff": 0.0,
"std": 0.0,
"std_diff": 0.0
},
"left_signal": {
"max": 0,
"max_diff": 0.0,
"mean": 0.0,
"mean_diff": 0.0,
"min": 0,
"min_diff": 0.0,
"std": 0.0,
"std_diff": 0.0
},
"rear_left_rpm": {
"max": 0.0,
"max_diff": 0.0,
"mean": 0.0,
"mean_diff": 0.0,
"min": 0.0,
"min_diff": 0.0,
"std": 0.0,
"std_diff": 0.0
},
"rear_right_rpm": {
"max": 3.5028,
"max_diff": 0.0,
"mean": 0.08981538461538462,
"mean_diff": -0.09217894736842105,
"min": 0.0,
"min_diff": -3.5028,
"std": 0.5536592146051211,
"std_diff": 0.5607026471349633
},
"right_signal": {
"max": 0,
"max_diff": 0.0,
"mean": 0.0,
"mean_diff": 0.0,
"min": 0,
"min_diff": 0.0,
"std": 0.0,
"std_diff": 0.0
},
"steering": {
"max": -67.79999999999973,
"max_diff": 0.20000000000027285,
"mean": -68.56153846153826,
"mean_diff": 0.05263157894736842,
"min": -69.79999999999973,
"min_diff": -0.1000000000003638,
"std": 0.6765733362245349,
"std_diff": 0.07859570801616605
},
"steering_speed": {
"max": 1.9000000000002721,
"max_diff": 3.900000000000091,
"mean": 0.3358974358976381,
"mean_diff": 0.0,
"min": -1.9999999999998188,
"min_diff": -2.0,
"std": 0.9619657170412683,
"std_diff": 1.3270465822943316
},
"throttle": {
"max": 0,
"max_diff": 0.0,
"mean": 0.0,
"mean_diff": 0.0,
"min": 0,
"min_diff": 0.0,
"std": 0.0,
"std_diff": 0.0
},
"utime": {
"max": 1532708020296181,
"max_diff": 501183.0,
"mean": 1532708010795557.2,
"mean_diff": 500012.9210526316,
"min": 1532708001295690,
"min_diff": 499122.0,
"std": 5627211.3810711475,
"std_diff": 456.7126461307308
},
"vehicle_speed": {
"max": 0.0,
"max_diff": 0.0,
"mean": 0.0,
"mean_diff": 0.0,
"min": 0.0,
"min_diff": 0.0,
"std": 0.0,
"std_diff": 0.0
},
"yaw_rate": {
"max": 2.842170943040401e-14,
"max_diff": 0.4000000000000057,
"mean": -0.12564102564100027,
"mean_diff": 0.0,
"min": -0.39999999999997726,
"min_diff": -0.30000000000001137,
"std": 0.08075905511807648,
"std_diff": 0.12139539573338715
}
}
},
"ZOE_VEH_INFO": {
"message_count": 1892,
"message_freq": 99.05900749262017,
"timespan": 19.099727,
"var_stats": {
"FL_wheel_speed": {
"max": 8.1732,
"max_diff": 0.0,
"mean": 0.06828044397463003,
"mean_diff": -0.004322157588577473,
"min": 0.0,
"min_diff": -3.5028,
"std": 0.6415432032667254,
"std_diff": 0.0890195908348526
},
"FR_wheel_speed": {
"max": 7.506,
"max_diff": 0.0,
"mean": 0.07295295983086682,
"mean_diff": -0.003969328397673189,
"min": 0.0,
"min_diff": -3.5028,
"std": 0.6468490878636975,
"std_diff": 0.08700932899479408
},
"RL_wheel_speed": {
"max": 7.2558,
"max_diff": 0.0,
"mean": 0.07092526427061312,
"mean_diff": -0.0038370174510840823,
"min": 0.0,
"min_diff": -3.5028,
"std": 0.6451228888834232,
"std_diff": 0.08752104924358033
},
"RR_wheel_speed": {
"max": 7.0056,
"max_diff": 0.0,
"mean": 0.0747161733615222,
"mean_diff": -0.003704706504494977,
"min": 0.0,
"min_diff": -3.5028,
"std": 0.6505926376394716,
"std_diff": 0.0858721657858288
},
"left_solar": {
"max": 0,
"max_diff": 0.0,
"mean": -4.972515856236787,
"mean_diff": -0.059227921734531994,
"min": -112,
"min_diff": -112.0,
"std": 23.069370645034812,
"std_diff": 2.5748823832467744
},
"longitudinal_accel": {
"max": 0.8500000000000014,
"max_diff": 0.3000000000000007,
"mean": 0.10705602536997988,
"mean_diff": 0.0005552617662612378,
"min": -1.25,
"min_diff": -0.29999999999999893,
"std": 0.14433140684096724,
"std_diff": 0.028462421765328264
},
"meanEffTorque": {
"max": 0.0,
"max_diff": 0.0,
"mean": 0.0,
"mean_diff": 0.0,
"min": 0.0,
"min_diff": 0.0,
"std": 0.0,
"std_diff": 0.0
},
"odom": {
"max": 96,
"max_diff": 4.0,
"mean": 95.99788583509513,
"mean_diff": 0.0021152829190904283,
"min": 92,
"min_diff": 0.0,
"std": 0.09193579241081987,
"std_diff": 0.09196008511595628
},
"odom_speed": {
"max": 1.0,
"max_diff": 0.0,
"mean": 0.0005285412262156448,
"mean_diff": -0.0005288207297726071,
"min": 0.0,
"min_diff": -1.0,
"std": 0.022983948102704967,
"std_diff": 0.02299002127898907
},
"pedal_cc": {
"max": 0.0,
"max_diff": 0.0,
"mean": 0.0,
"mean_diff": 0.0,
"min": 0.0,