{
"MS_IMU": {
"message_count": 1923,
"message_freq": 99.76588997477319,
"timespan": 19.275125,
"var_stats": {
"linear_accel": {
"max": 10.438382148742676,
"max_diff": 10.395085386931896,
"mean": 3.215935470123096,
"mean_diff": 4.97040866918872,
"min": -0.9597568511962891,
"min_diff": -0.8062456995248795,
"std": 4.663898813660454,
"std_diff": 4.861345619171253
},
"q": {
"max": 0.9104841947555542,
"max_diff": 0.4329439327120781,
"mean": 0.3296142875047787,
"mean_diff": -0.1639800814992118,
"min": -0.014940851368010044,
"min_diff": -0.909165242803283,
"std": 0.37597132650629944,
"std_diff": 0.5543986876372157
},
"rotation_rate": {
"max": 0.018690038472414017,
"max_diff": 0.03537155268713832,
"mean": -0.000926329494197236,
"mean_diff": 0.001180519759516716,
"min": -0.03159826248884201,
"min_diff": -0.02648507058620453,
"std": 0.004708722655644182,
"std_diff": 0.0062599294214367935
},
"utime": {
"max": 1534867114222583,
"max_diff": 35003.0,
"mean": 1534867104581349.2,
"mean_diff": 10028.681061394382,
"min": 1534867094947458,
"min_diff": 1925.0,
"std": 5564056.458070466,
"std_diff": 5547.439274232378
}
}
},
"POSE": {
"message_count": 961,
"message_freq": 49.8989144571642,
"timespan": 19.258936,
"var_stats": {
"accel": {
"max": 10.013168949600786,
"max_diff": 9.992049244481231,
"mean": 3.215440854464263,
"mean_diff": 4.972046912451012,
"min": -0.89934785518659,
"min_diff": -0.6219978136311889,
"std": 4.663174654747065,
"std_diff": 4.855732710981265
},
"orientation": {
"max": 0.9395486396566007,
"max_diff": 0.9395486396566007,
"mean": 0.32066257555696376,
"mean_diff": 0.19855180026681898,
"min": 0.0,
"min_diff": -0.3462409322789738,
"std": 0.38363460823702344,
"std_diff": 0.5421351454611097
},
"pos": {
"max": 1352.3685145434708,
"max_diff": -292.7374596207453,
"mean": 785.4640039205912,
"mean_diff": -664.7714319550927,
"min": 0.0,
"min_diff": -1031.481181524787,
"std": 569.0189659713208,
"std_diff": 362.25375352411095
},
"rotation_rate": {
"max": 0.017877016216516495,
"max_diff": 0.03537155268713832,
"mean": -0.0008644999838607599,
"mean_diff": 0.0011508567575248888,
"min": -0.03159826248884201,
"min_diff": -0.021229259204119444,
"std": 0.004679110532477231,
"std_diff": 0.0062165426628617276
},
"utime": {
"max": 1534867114214865,
"max_diff": 40221.0,
"mean": 1534867104584219.2,
"mean_diff": 20061.391666666666,
"min": 1534867094955929,
"min_diff": 16984.0,
"std": 5561586.955032121,
"std_diff": 1232.383694112304
},
"vel": {
"max": 6.944581502725367,
"max_diff": 0.0,
"mean": 0.6484451221631469,
"mean_diff": -0.9726676832447203,
"min": 0.0,
"min_diff": -6.944581502725367,
"std": 1.587463102899837,
"std_diff": 1.8613698845902937
}
}
},
"SteerAngleFeedback": {
"message_count": 1906,
"message_freq": 99.04247851879842,
"timespan": 19.244268,
"var_stats": {
"utime": {
"max": 1534867114200219,
"max_diff": 29303.0,
"mean": 1534867104586078.2,
"mean_diff": 10101.977952755906,
"min": 1534867094955951,
"min_diff": 5831.0,
"std": 5560672.081964432,
"std_diff": 1227.2486332902836
},
"value": {
"max": 0.031487902047865494,
"max_diff": 0.003490658503993424,
"mean": 0.01797304662804261,
"mean_diff": 5.497100006280516e-06,
"min": -0.027853292519943295,
"min_diff": -0.003490658503985484,
"std": 0.02038365998929968,
"std_diff": 0.0010699923124253227
}
}
},
"VEHICLE_MONITOR": {
"message_count": 40,
"message_freq": 2.051366946314137,
"timespan": 19.499193,
"var_stats": {
"available_distance": {
"max": 122,
"max_diff": 0.0,
"mean": 122.0,
"mean_diff": 0.0,
"min": 122,
"min_diff": 0.0,
"std": 0.0,
"std_diff": 0.0
},
"battery_level": {
"max": 95,
"max_diff": 0.0,
"mean": 95.0,
"mean_diff": 0.0,
"min": 95,
"min_diff": 0.0,
"std": 0.0,
"std_diff": 0.0
},
"brake": {
"max": 20,
"max_diff": 11.0,
"mean": 8.625,
"mean_diff": 0.46153846153846156,
"min": 0,
"min_diff": -5.0,
"std": 8.627535859096733,
"std_diff": 2.2965543180382646
},
"brake_switch": {
"max": 4,
"max_diff": 3.0,
"mean": 2.725,
"mean_diff": 0.07692307692307693,
"min": 1,
"min_diff": 0.0,
"std": 1.483028994996389,
"std_diff": 0.4741856925360751
},
"gear_position": {
"max": 7,
"max_diff": 0.0,
"mean": 7.0,
"mean_diff": 0.0,
"min": 7,
"min_diff": 0.0,
"std": 0.0,
"std_diff": 0.0
},
"left_signal": {
"max": 0,
"max_diff": 0.0,
"mean": 0.0,
"mean_diff": 0.0,
"min": 0,
"min_diff": 0.0,
"std": 0.0,
"std_diff": 0.0
},
"rear_left_rpm": {
"max": 214.7133,
"max_diff": 0.0,
"mean": 58.564522499999995,
"mean_diff": -5.505469230769231,
"min": 0.0,
"min_diff": -14.9703,
"std": 70.01012670124403,
"std_diff": 5.168837823606537
},
"rear_right_rpm": {
"max": 218.7165,
"max_diff": 0.0,
"mean": 59.65185,
"mean_diff": -5.608115384615385,
"min": 0.0,
"min_diff": -14.9703,
"std": 71.29666082060926,
"std_diff": 5.268512203042665
},
"right_signal": {
"max": 0,
"max_diff": 0.0,
"mean": 0.0,
"mean_diff": 0.0,
"min": 0,
"min_diff": 0.0,
"std": 0.0,
"std_diff": 0.0
},
"steering": {
"max": 2.400000000000091,
"max_diff": 2.400000000000091,
"mean": 1.64750000000015,
"mean_diff": 0.015384615384613052,
"min": -1.0,
"min_diff": -2.699999999999818,
"std": 1.1534703073768127,
"std_diff": 0.7155913679727631
},
"steering_speed": {
"max": 9.900000000000272,
"max_diff": 11.900000000000091,
"mean": 0.02750000000020165,
"mean_diff": 0.04871794871795105,
"min": -5.999999999999819,
"min_diff": -9.900000000000091,
"std": 2.229684675015755,
"std_diff": 3.391004071474263
},
"throttle": {
"max": 0,
"max_diff": 0.0,
"mean": 0.0,
"mean_diff": 0.0,
"min": 0,
"min_diff": 0.0,
"std": 0.0,
"std_diff": 0.0
},
"utime": {
"max": 1534867114630888,
"max_diff": 500930.0,
"mean": 1534867104881229.8,
"mean_diff": 499979.3076923077,
"min": 1534867095131695,
"min_diff": 499293.0,
"std": 5771560.629800311,
"std_diff": 423.82344859841584
},
"vehicle_speed": {
"max": 24.57,
"max_diff": 0.0,
"mean": 6.7955,
"mean_diff": -0.63,
"min": 0.0,
"min_diff": -1.7400000000000002,
"std": 8.059074373028208,
"std_diff": 0.5873277161464852
},
"yaw_rate": {
"max": 2.842170943040401e-14,
"max_diff": 0.5,
"mean": -0.12249999999997456,
"mean_diff": 0.0,
"min": -0.4999999999999716,
"min_diff": -0.4000000000000057,
"std": 0.13320566804757522,
"std_diff": 0.1783111656483491
}
}
},
"ZOE_VEH_INFO": {
"message_count": 1922,
"message_freq": 99.83240932949967,
"timespan": 19.252265,
"var_stats": {
"FL_wheel_speed": {
"max": 218.2161,
"max_diff": 0.45870000000000744,
"mean": 60.228099739854315,
"mean_diff": -0.11359505465903176,
"min": 0.0,
"min_diff": -3.5028,
"std": 70.02515792916961,
"std_diff": 0.2435557209024028
},
"FR_wheel_speed": {
"max": 218.46630000000002,
"max_diff": 0.45870000000000033,
"mean": 60.254265296566075,
"mean_diff": -0.11372529932326914,
"min": 0.0,
"min_diff": -3.5028,
"std": 70.02843649920555,
"std_diff": 0.24526916626447212
},
"RL_wheel_speed": {
"max": 217.5072,
"max_diff": 0.25020000000000664,
"mean": 60.054639021852246,
"mean_diff": -0.11311749089016138,
"min": 0.0,
"min_diff": -3.5028,
"std": 69.91351990525841,
"std_diff": 0.24180561788632587
},
"RR_wheel_speed": {
"max": 221.5104,
"max_diff": 0.7088999999999999,
"mean": 61.22408319458897,
"mean_diff": -0.11530994273815721,
"min": 0.0,
"min_diff": -3.5028,
"std": 71.24138299213107,
"std_diff": 0.24242201356337606
},
"left_solar": {
"max": -112,
"max_diff": 0.0,
"mean": -112.0,
"mean_diff": 0.0,
"min": -112,
"min_diff": 0.0,
"std": 0.0,
"std_diff": 0.0
},
"longitudinal_accel": {
"max": 0.6500000000000004,
"max_diff": 0.14999999999999858,
"mean": -0.15044224765868827,
"mean_diff": 0.0003123373243102549,
"min": -0.9000000000000004,
"min_diff": -0.20000000000000107,
"std": 0.3608307302093577,
"std_diff": 0.026360064339567762
},
"meanEffTorque": {
"max": 2.5,
"max_diff": 0.5,
"mean": -8.58012486992716,
"mean_diff": 0.010671525247267048,
"min": -27.5,
"min_diff": -0.5,
"std": 11.551724170267725,
"std_diff": 0.1141504020154412
},
"odom": {
"max": 116,
"max_diff": 68.0,
"mean": 53.27783558792924,
"mean_diff": -0.01665799062988027,
"min": 0,
"min_diff": -108.0,
"std": 25.751207358781983,
"std_diff": 12.03360440835984
},
"odom_speed": {
"max": 25.0,