{
"MS_IMU": {
"message_count": 1944,
"message_freq": 99.69155105899709,
"timespan": 19.500148,
"var_stats": {
"linear_accel": {
"max": 12.203174591064453,
"max_diff": 12.20167403074447,
"mean": 3.41034224493355,
"mean_diff": 4.940985108315069,
"min": -1.3199630975723267,
"min_diff": -0.5969146862626076,
"std": 4.562505800188563,
"std_diff": 4.452104625126365
},
"q": {
"max": 0.9721972942352295,
"max_diff": 0.014771592803299427,
"mean": 0.0014898448460295645,
"mean_diff": -0.43587724026420316,
"min": -0.9095669388771057,
"min_diff": -0.9697443431941792,
"std": 0.49999779797833954,
"std_diff": 0.3797847125068737
},
"rotation_rate": {
"max": 0.36704811453819275,
"max_diff": 0.37087924033403397,
"mean": 0.03072303162036954,
"mean_diff": 0.04631633382459024,
"min": -0.08758261054754257,
"min_diff": -0.12147891148924828,
"std": 0.0895079123701739,
"std_diff": 0.1067294985365005
},
"utime": {
"max": 1537295405656029,
"max_diff": 33997.0,
"mean": 1537295395915666.0,
"mean_diff": 10036.102933607823,
"min": 1537295386155881,
"min_diff": 1850.0,
"std": 5635384.846197518,
"std_diff": 5305.27102204022
}
}
},
"POSE": {
"message_count": 974,
"message_freq": 49.95079282780465,
"timespan": 19.49919,
"var_stats": {
"accel": {
"max": 10.343091220602565,
"max_diff": 10.340706142721636,
"mean": 3.409278395122919,
"mean_diff": 4.939559058512075,
"min": -0.7947018038972368,
"min_diff": -0.29165615333697514,
"std": 4.55272078274271,
"std_diff": 4.437383456952227
},
"orientation": {
"max": 0.9999998978175548,
"max_diff": 0.5258145342149755,
"mean": 0.2321517345413612,
"mean_diff": -0.30670969274457205,
"min": -0.34699615029016395,
"min_diff": -0.9999998978175548,
"std": 0.44283808796154533,
"std_diff": 0.48914465928788753
},
"pos": {
"max": 1473.739142923117,
"max_diff": 666.2990380389726,
"mean": 768.1485273477756,
"mean_diff": -430.84497808511645,
"min": 0.0,
"min_diff": -1473.739142923117,
"std": 592.984463079167,
"std_diff": 1012.2974125783554
},
"rotation_rate": {
"max": 0.36586475372314453,
"max_diff": 0.37087924033403397,
"mean": 0.030554346374652916,
"mean_diff": 0.04610446233430937,
"min": -0.08758261054754257,
"min_diff": -0.11832821741700172,
"std": 0.08927663082444445,
"std_diff": 0.10644380008529188
},
"utime": {
"max": 1537295405654625,
"max_diff": 39916.0,
"mean": 1537295395899961.8,
"mean_diff": 20040.27749229188,
"min": 1537295386155435,
"min_diff": 13745.0,
"std": 5639447.44491088,
"std_diff": 1142.95725997366
},
"vel": {
"max": 8.58076576912603,
"max_diff": 0.0,
"mean": 2.287664831709906,
"mean_diff": -3.4314972475648595,
"min": 0.0,
"min_diff": -8.58076576912603,
"std": 3.290192043833326,
"std_diff": 3.5089867114702
}
}
},
"SteerAngleFeedback": {
"message_count": 1925,
"message_freq": 98.7015996837447,
"timespan": 19.50323,
"var_stats": {
"utime": {
"max": 1537295405655652,
"max_diff": 30742.0,
"mean": 1537295395891351.5,
"mean_diff": 10136.81392931393,
"min": 1537295386152422,
"min_diff": 5408.0,
"std": 5645035.519108824,
"std_diff": 1406.130960567867
},
"value": {
"max": 2.5290540616517494,
"max_diff": 0.038397243543872084,
"mean": 0.664172929221724,
"mean_diff": 3.6285431434361283e-06,
"min": -0.027853292519943295,
"min_diff": -0.029670597283908418,
"std": 0.977579247004075,
"std_diff": 0.0058563095734654935
}
}
},
"VEHICLE_MONITOR": {
"message_count": 40,
"message_freq": 2.0513084553037064,
"timespan": 19.499749,
"var_stats": {
"available_distance": {
"max": 57,
"max_diff": 0.0,
"mean": 57.0,
"mean_diff": 0.0,
"min": 57,
"min_diff": 0.0,
"std": 0.0,
"std_diff": 0.0
},
"battery_level": {
"max": 68,
"max_diff": 0.0,
"mean": 67.925,
"mean_diff": -0.02564102564102564,
"min": 67,
"min_diff": -1.0,
"std": 0.26339134382131846,
"std_diff": 0.15806189751202504
},
"brake": {
"max": 1,
"max_diff": 1.0,
"mean": 0.025,
"mean_diff": 0.0,
"min": 0,
"min_diff": -1.0,
"std": 0.15612494995995996,
"std_diff": 0.22645540682891915
},
"brake_switch": {
"max": 1,
"max_diff": 0.0,
"mean": 1.0,
"mean_diff": 0.0,
"min": 1,
"min_diff": 0.0,
"std": 0.0,
"std_diff": 0.0
},
"gear_position": {
"max": 7,
"max_diff": 0.0,
"mean": 7.0,
"mean_diff": 0.0,
"min": 7,
"min_diff": 0.0,
"std": 0.0,
"std_diff": 0.0
},
"left_signal": {
"max": 1,
"max_diff": 1.0,
"mean": 0.375,
"mean_diff": 0.0,
"min": 0,
"min_diff": -1.0,
"std": 0.4841229182759271,
"std_diff": 0.6405126152203485
},
"rear_left_rpm": {
"max": 270.3411,
"max_diff": 11.71769999999998,
"mean": 213.47689500000007,
"mean_diff": -1.1440769230769239,
"min": 155.6244,
"min_diff": -14.678399999999982,
"std": 35.186175529040874,
"std_diff": 6.157965213276946
},
"rear_right_rpm": {
"max": 275.9706,
"max_diff": 7.756200000000007,
"mean": 221.7606,
"mean_diff": -1.2103692307692306,
"min": 174.0558,
"min_diff": -11.884500000000003,
"std": 30.4776582184803,
"std_diff": 5.252438759630486
},
"right_signal": {
"max": 0,
"max_diff": 0.0,
"mean": 0.0,
"mean_diff": 0.0,
"min": 0,
"min_diff": 0.0,
"std": 0.0,
"std_diff": 0.0
},
"steering": {
"max": 145.0,
"max_diff": 41.0,
"mean": 37.81000000000015,
"mean_diff": -0.33076923076922143,
"min": -13.399999999999636,
"min_diff": -52.69999999999982,
"std": 55.96863764645339,
"std_diff": 14.83929561266567
},
"steering_speed": {
"max": 105.50000000000018,
"max_diff": 105.59999999999991,
"mean": -1.1174999999997453,
"mean_diff": -0.8179487179487086,
"min": -105.59999999999972,
"min_diff": -55.80000000000018,
"std": 32.53352799420928,
"std_diff": 28.245842642085773
},
"throttle": {
"max": 218,
"max_diff": 143.0,
"mean": 85.025,
"mean_diff": -1.0512820512820513,
"min": 0,
"min_diff": -158.0,
"std": 80.17558465642767,
"std_diff": 64.38145485406162
},
"utime": {
"max": 1537295406063441,
"max_diff": 501146.0,
"mean": 1537295396313568.5,
"mean_diff": 499993.5641025641,
"min": 1537295386563692,
"min_diff": 499098.0,
"std": 5771628.55971996,
"std_diff": 382.091329857666
},
"vehicle_speed": {
"max": 30.79,
"max_diff": 0.870000000000001,
"mean": 24.66875,
"mean_diff": -0.13307692307692312,
"min": 18.89,
"min_diff": -1.5,
"std": 3.6418616032875275,
"std_diff": 0.6254153649361557
},
"yaw_rate": {
"max": 20.50000000000003,
"max_diff": 6.300000000000011,
"mean": 4.937500000000022,
"mean_diff": -0.04102564102564088,
"min": -1.9999999999999716,
"min_diff": -6.200000000000017,
"std": 7.636415634969065,
"std_diff": 2.0896224599155624
}
}
},
"ZOE_VEH_INFO": {
"message_count": 1946,
"message_freq": 99.78878723753715,
"timespan": 19.501189,
"var_stats": {
"FL_wheel_speed": {
"max": 271.7172,
"max_diff": 6.296699999999987,
"mean": 214.38863571428573,
"mean_diff": -0.02294035989717225,
"min": 154.6653,
"min_diff": -5.837999999999994,
"std": 35.351178715943576,
"std_diff": 0.669328078139554
},
"FR_wheel_speed": {
"max": 272.2176,
"max_diff": 5.129099999999994,
"mean": 218.68435714285715,
"mean_diff": -0.022104215938303334,
"min": 168.46800000000002,
"min_diff": -4.920600000000007,
"std": 30.21303836327986,
"std_diff": 0.6030126377345443
},
"RL_wheel_speed": {
"max": 271.2585,
"max_diff": 4.2117000000000075,
"mean": 213.45897857142856,
"mean_diff": -0.022704524421593833,
"min": 153.74790000000002,
"min_diff": -4.920600000000007,
"std": 35.895306642794615,
"std_diff": 0.6220425319277508
},
"RR_wheel_speed": {
"max": 276.1791,
"max_diff": 3.5444999999999993,
"mean": 221.9166642857143,
"mean_diff": -0.022833161953727515,
"min": 172.8882,
"min_diff": -4.2117000000000075,
"std": 31.25677877799601,
"std_diff": 0.5383489898423658
},
"left_solar": {
"max": 0,
"max_diff": 0.0,
"mean": 0.0,
"mean_diff": 0.0,
"min": 0,
"min_diff": 0.0,
"std": 0.0,
"std_diff": 0.0
},
"longitudinal_accel": {
"max": 0.5500000000000007,
"max_diff": 0.6500000000000004,
"mean": -0.18134635149023573,
"mean_diff": -0.0001028277634961436,
"min": -1.049999999999999,
"min_diff": -0.5,
"std": 0.3512734669620221,
"std_diff": 0.07333404023575538
},
"meanEffTorque": {
"max": 34.0,
"max_diff": 4.5,
"mean": 1.7276464542651593,
"mean_diff": -0.006426735218508998,
"min": -40.0,
"min_diff": -1.0,
"std": 20.30959823287152,
"std_diff": 0.4898295521235495
},
"odom": {
"max": 124,