{
"MS_IMU": {
"message_count": 1949,
"message_freq": 100.0331459238777,
"timespan": 19.483542,
"var_stats": {
"linear_accel": {
"max": 10.91047191619873,
"max_diff": 11.400272965431213,
"mean": 3.2402016773529345,
"mean_diff": 4.925566625113089,
"min": -1.4599541425704956,
"min_diff": -1.9555415511131287,
"std": 4.66653045667099,
"std_diff": 4.885850028427384
},
"q": {
"max": 0.5184686779975891,
"max_diff": 0.3358379453420639,
"mean": -0.24754579666647977,
"mean_diff": -0.2990868745434028,
"min": -0.9999755024909973,
"min_diff": -1.0081329438835382,
"std": 0.4344204130107945,
"std_diff": 0.5033549447351843
},
"rotation_rate": {
"max": 0.34999147057533264,
"max_diff": 0.3781035766005516,
"mean": 0.02610227402871488,
"mean_diff": 0.041728696821731824,
"min": -0.06228270381689072,
"min_diff": -0.09764617308974266,
"std": 0.07764665166237464,
"std_diff": 0.09595558198633
},
"utime": {
"max": 1537932318903635,
"max_diff": 24065.0,
"mean": 1537932309155953.0,
"mean_diff": 10001.818275154004,
"min": 1537932299420093,
"min_diff": 1926.0,
"std": 5634217.897499078,
"std_diff": 4008.306148168869
}
}
},
"POSE": {
"message_count": 972,
"message_freq": 49.84848266501066,
"timespan": 19.499089,
"var_stats": {
"accel": {
"max": 10.315766259736016,
"max_diff": 10.788412661959237,
"mean": 3.242841755875988,
"mean_diff": 4.9226323157994045,
"min": -1.369495453668628,
"min_diff": -1.7428011838035857,
"std": 4.661160617286065,
"std_diff": 4.880863695537596
},
"orientation": {
"max": 0.9728568093581972,
"max_diff": 0.0,
"mean": -0.019928677366150865,
"mean_diff": -0.45003733698396137,
"min": -0.8929285893876646,
"min_diff": -0.9728568093581972,
"std": 0.4996026899631705,
"std_diff": 0.36166245126321556
},
"pos": {
"max": 1463.30859619162,
"max_diff": 581.7533585891254,
"mean": 769.2737325150204,
"mean_diff": -434.90195642449504,
"min": 0.0,
"min_diff": -1463.30859619162,
"std": 591.4115263286516,
"std_diff": 1003.1984490710922
},
"rotation_rate": {
"max": 0.34999147057533264,
"max_diff": 0.37801580503582954,
"mean": 0.026152354599407984,
"mean_diff": 0.041777525174497725,
"min": -0.06228270381689072,
"min_diff": -0.09667966142296791,
"std": 0.07771062292526545,
"std_diff": 0.09602720799638866
},
"utime": {
"max": 1537932318909786,
"max_diff": 40031.0,
"mean": 1537932309165932.5,
"mean_diff": 20081.451081359424,
"min": 1537932299410697,
"min_diff": 13677.0,
"std": 5644090.325505771,
"std_diff": 1466.8081429220717
},
"vel": {
"max": 7.272699615508308,
"max_diff": 0.0,
"mean": 1.1337240855760704,
"mean_diff": -1.7005861283641055,
"min": 0.0,
"min_diff": -7.272699615508308,
"std": 1.9438713931112388,
"std_diff": 2.168860590903175
}
}
},
"SteerAngleFeedback": {
"message_count": 1910,
"message_freq": 97.92720409526441,
"timespan": 19.504284,
"var_stats": {
"utime": {
"max": 1537932318904545,
"max_diff": 30369.0,
"mean": 1537932309207251.2,
"mean_diff": 10217.016238868517,
"min": 1537932299400261,
"min_diff": 4548.0,
"std": 5620955.44046806,
"std_diff": 1650.1049718972547
},
"value": {
"max": 3.8554323176554757,
"max_diff": 0.03490658503988664,
"mean": 1.5707086034398259,
"mean_diff": 3.199922672593048e-05,
"min": -0.3543018381548441,
"min_diff": -0.048869219055844626,
"std": 1.5488000396253374,
"std_diff": 0.010606751289498744
}
}
},
"VEHICLE_MONITOR": {
"message_count": 40,
"message_freq": 2.051291623976297,
"timespan": 19.499909,
"var_stats": null
},
"ZOE_VEH_INFO": {
"message_count": 1946,
"message_freq": 99.80025589072807,
"timespan": 19.498948,
"var_stats": {
"FL_wheel_speed": {
"max": 230.601,
"max_diff": 6.7971,
"mean": 105.38052857142857,
"mean_diff": 0.04851778920308486,
"min": 0.0,
"min_diff": -3.752999999999986,
"std": 60.403265534151245,
"std_diff": 0.664431233564457
},
"FR_wheel_speed": {
"max": 230.1423,
"max_diff": 9.1323,
"mean": 109.00069285714287,
"mean_diff": 0.04830339331619536,
"min": 0.0,
"min_diff": -3.752999999999986,
"std": 61.03664015458799,
"std_diff": 0.6578451983530756
},
"RL_wheel_speed": {
"max": 230.3925,
"max_diff": 6.2967,
"mean": 104.54155714285714,
"mean_diff": 0.0484105912596401,
"min": 0.0,
"min_diff": -4.712099999999992,
"std": 60.23014821609232,
"std_diff": 0.6310749125380197
},
"RR_wheel_speed": {
"max": 230.1423,
"max_diff": 10.5501,
"mean": 108.36867857142857,
"mean_diff": 0.049375372750642674,
"min": 0.0,
"min_diff": -5.629500000000007,
"std": 60.88445862503101,
"std_diff": 0.6958538397747269
},
"left_solar": {
"max": 32,
"max_diff": 144.0,
"mean": -40.85508735868448,
"mean_diff": -0.04113110539845758,
"min": -112,
"min_diff": -144.0,
"std": 49.79572420750626,
"std_diff": 11.994101153225863
},
"longitudinal_accel": {
"max": 1.6500000000000004,
"max_diff": 0.40000000000000036,
"mean": -0.05601233299074973,
"mean_diff": -0.0001542416452442154,
"min": -1.4000000000000004,
"min_diff": -0.45000000000000107,
"std": 0.8470202458426982,
"std_diff": 0.0704555639555261
},
"meanEffTorque": {
"max": 117.5,
"max_diff": 7.5,
"mean": 16.621788283658788,
"mean_diff": -0.005141388174807198,
"min": -56.0,
"min_diff": -3.5,
"std": 46.31249221692391,
"std_diff": 0.6453107842636902
},
"odom": {
"max": 120,
"max_diff": 72.0,
"mean": 56.50770811921891,
"mean_diff": -0.012339331619537276,
"min": 0,
"min_diff": -112.0,
"std": 35.24894861419372,
"std_diff": 16.0851158882786
},
"odom_speed": {
"max": 26.0,
"max_diff": 1.0,
"mean": 11.746145940390544,
"mean_diff": 0.006169665809768638,
"min": 0.0,
"min_diff": -1.0,
"std": 6.831423227763809,
"std_diff": 0.15027988286177046
},
"pedal_cc": {
"max": 421.0,
"max_diff": 171.0,
"mean": 112.80729701952724,
"mean_diff": 0.02673521850899743,
"min": 0.0,
"min_diff": -31.0,
"std": 136.55846798348713,
"std_diff": 4.90436088242997
},
"regen": {
"max": 40.0,
"max_diff": 1.0,
"mean": 10.349434737923946,
"mean_diff": 0.0,
"min": 0.0,
"min_diff": -2.0,
"std": 14.90670514785074,
"std_diff": 0.27584877195149254
},
"requestedTorqueAfterProc": {
"max": -272.5,
"max_diff": 124.0,
"mean": -333.9498972250771,
"mean_diff": 0.005141388174807198,
"min": -398.5,
"min_diff": -126.0,
"std": 45.76967598715204,
"std_diff": 7.095363944466202
},
"right_solar": {
"max": 100,
"max_diff": 206.0,
"mean": 34.36896197327852,
"mean_diff": 0.04832904884318766,
"min": -106,
"min_diff": -206.0,
"std": 69.18495953269905,
"std_diff": 9.362822533512022
},
"steer_corrected": {
"max": 220.9000000000001,
"max_diff": 2.0,
"mean": 89.73211716341231,
"mean_diff": 0.0018508997429305446,
"min": -20.299999999999727,
"min_diff": -2.800000000000182,
"std": 88.8027009911777,
"std_diff": 0.5995256637300131
},
"steer_offset_can": {
"max": -13.800000000000182,
"max_diff": 0.0,
"mean": -13.80000000000018,
"mean_diff": 0.0,
"min": -13.800000000000182,
"min_diff": 0.0,
"std": 1.7763568394002505e-15,
"std_diff": 0.0
},
"steer_raw": {
"max": 207.0999999999999,
"max_diff": 2.0,
"mean": 75.93211716341214,
"mean_diff": 0.0018508997429305446,
"min": -34.09999999999991,
"min_diff": -2.800000000000182,
"std": 88.8027009911777,
"std_diff": 0.5995256637300131
},
"transversal_accel": {
"max": -0.3199999999999932,
"max_diff": 0.04800000000000182,
"mean": -0.4994820143884888,
"mean_diff": 1.2339331619537743e-05,
"min": -0.5960000000000036,
"min_diff": -0.036000000000001364,
"std": 0.06320806061145214,
"std_diff": 0.006965493497873552
},
"utime": {
"max": 1537932318901348,
"max_diff": 21812.0,
"mean": 1537932309154991.8,
"mean_diff": 10025.166066838046,
"min": 1537932299402400,
"min_diff": 2.0,
"std": 5630040.700055391,
"std_diff": 2192.6174708439416
}
}
},
"ZoeSensors": {
"message_count": 18562,
"message_freq": 951.9029520530041,
"timespan": 19.499887,
"var_stats": {
"brake_sensor": {
"max": 0.18370065093040466,
"max_diff": 3.355741500854492e-05,
"mean": 0.18332795506888533,
"mean_diff": -7.61234903507696e-09,
"min": 0.1826154887676239,
"min_diff": -3.3035874366760254e-05,
"std": 0.00029157799377692187,
"std_diff": 6.742115519028297e-06
},
"steering_sensor": {
"max": 0.19060616195201874,
"max_diff": 0.000500217080116272,
"mean": 0.18877713383448277,
"mean_diff": 9.761500940466228e-09,