{
"MS_IMU": {
"message_count": 1932,
"message_freq": 99.83623653354118,
"timespan": 19.351691,
"var_stats": {
"linear_accel": {
"max": 10.744421005249023,
"max_diff": 11.279106736183167,
"mean": 3.0780787172192405,
"mean_diff": 4.894410145459387,
"min": -0.8922895193099976,
"min_diff": -1.5666906237602234,
"std": 4.739151854913769,
"std_diff": 5.38392595447863
},
"q": {
"max": 0.027484385296702385,
"max_diff": 0.7250235583633184,
"mean": -0.34449753930609517,
"mean_diff": -0.0044601708444913886,
"min": -0.72463059425354,
"min_diff": -0.7457196228206158,
"std": 0.3623830354539132,
"std_diff": 0.5917784342925565
},
"rotation_rate": {
"max": 0.03772806003689766,
"max_diff": 0.08728188276290894,
"mean": -0.0006086062781535658,
"mean_diff": -2.1362650443735605e-05,
"min": -0.054799407720565796,
"min_diff": -0.06637528166174889,
"std": 0.01142573362920964,
"std_diff": 0.015984694640516228
},
"utime": {
"max": 1533107726900691,
"max_diff": 33926.0,
"mean": 1533107717223544.8,
"mean_diff": 10021.590367685138,
"min": 1533107707549000,
"min_diff": 2936.0,
"std": 5589158.16767133,
"std_diff": 4863.874734289002
}
}
},
"POSE": {
"message_count": 967,
"message_freq": 49.95240832080046,
"timespan": 19.358426,
"var_stats": {
"accel": {
"max": 10.158482434321577,
"max_diff": 10.772928203709315,
"mean": 3.0772830164338005,
"mean_diff": 4.896129357392943,
"min": -0.7138868846432417,
"min_diff": -1.3267045643230622,
"std": 4.738458527513011,
"std_diff": 5.379747286756465
},
"orientation": {
"max": 0.9999999992829978,
"max_diff": 0.9999999992829978,
"mean": -0.21903075069553016,
"mean_diff": -0.29874096738335626,
"min": -0.999999999767187,
"min_diff": -0.999999999767187,
"std": 0.4494725022176023,
"std_diff": 0.49405178649630427
},
"pos": {
"max": 1463.3691828659291,
"max_diff": 918.8310570490829,
"mean": 673.2891980191903,
"mean_diff": -278.4314209666211,
"min": 0.0,
"min_diff": -1463.3691828659291,
"std": 602.9724401645716,
"std_diff": 1184.6154190953232
},
"rotation_rate": {
"max": 0.03766250237822533,
"max_diff": 0.08728188276290894,
"mean": -0.0006040750692536342,
"mean_diff": -3.276780491268633e-05,
"min": -0.053636085242033005,
"min_diff": -0.06637528166174889,
"std": 0.011415646753414596,
"std_diff": 0.01600259074159661
},
"utime": {
"max": 1533107726913016,
"max_diff": 40149.0,
"mean": 1533107717244655.2,
"mean_diff": 20039.7784679089,
"min": 1533107707554590,
"min_diff": 17105.0,
"std": 5594384.997063531,
"std_diff": 1046.0086945235066
},
"vel": {
"max": 4.128242212696223,
"max_diff": 0.0,
"mean": 0.7395439260622705,
"mean_diff": -1.1093158890934058,
"min": 0.0,
"min_diff": -4.128242212696223,
"std": 1.434679984726481,
"std_diff": 1.636235335741918
}
}
},
"SteerAngleFeedback": {
"message_count": 1917,
"message_freq": 99.04877012635357,
"timespan": 19.354102,
"var_stats": {
"utime": {
"max": 1533107726900310,
"max_diff": 40351.0,
"mean": 1533107717233628.0,
"mean_diff": 10101.305845511482,
"min": 1533107707546208,
"min_diff": 6790.0,
"std": 5593562.055777513,
"std_diff": 1281.8998456945524
},
"value": {
"max": 1.330120828799591,
"max_diff": 0.012217304763965098,
"mean": 0.4307563980846457,
"mean_diff": 0.0008189201448553778,
"min": -0.36110321638291604,
"min_diff": -0.008726646259971646,
"std": 0.6671600928773354,
"std_diff": 0.0025478804580259277
}
}
},
"VEHICLE_MONITOR": {
"message_count": 39,
"message_freq": 2.052625313038518,
"timespan": 19.000058,
"var_stats": {
"available_distance": {
"max": 100,
"max_diff": 0.0,
"mean": 99.7948717948718,
"mean_diff": -0.02631578947368421,
"min": 99,
"min_diff": -1.0,
"std": 0.40379527559034933,
"std_diff": 0.16007269816574266
},
"battery_level": {
"max": 66,
"max_diff": 0.0,
"mean": 65.17948717948718,
"mean_diff": -0.02631578947368421,
"min": 65,
"min_diff": -1.0,
"std": 0.3837597319768145,
"std_diff": 0.16007269816574266
},
"brake": {
"max": 8,
"max_diff": 4.0,
"mean": 2.8974358974358974,
"mean_diff": 0.21052631578947367,
"min": 0,
"min_diff": -3.0,
"std": 3.4551698299190976,
"std_diff": 0.9775881905793009
},
"brake_switch": {
"max": 4,
"max_diff": 3.0,
"mean": 2.769230769230769,
"mean_diff": 0.07894736842105263,
"min": 1,
"min_diff": 0.0,
"std": 1.4756404687116056,
"std_diff": 0.480218094497228
},
"gear_position": {
"max": 7,
"max_diff": 0.0,
"mean": 7.0,
"mean_diff": 0.0,
"min": 7,
"min_diff": 0.0,
"std": 0.0,
"std_diff": 0.0
},
"left_signal": {
"max": 1,
"max_diff": 1.0,
"mean": 0.48717948717948717,
"mean_diff": 0.0,
"min": 0,
"min_diff": -1.0,
"std": 0.4998356074261007,
"std_diff": 0.7254762501100116
},
"rear_left_rpm": {
"max": 128.9781,
"max_diff": 6.7971,
"mean": 68.0544,
"mean_diff": -2.8773,
"min": 0.0,
"min_diff": -12.384900000000002,
"std": 53.812358711044745,
"std_diff": 5.378474783704703
},
"rear_right_rpm": {
"max": 129.1866,
"max_diff": 7.923000000000002,
"mean": 67.92288461538462,
"mean_diff": -2.8465736842105267,
"min": 0.0,
"min_diff": -12.1347,
"std": 53.637241654539395,
"std_diff": 5.473133333392944
},
"right_signal": {
"max": 0,
"max_diff": 0.0,
"mean": 0.0,
"mean_diff": 0.0,
"min": 0,
"min_diff": 0.0,
"std": 0.0,
"std_diff": 0.0
},
"steering": {
"max": 77.69999999999982,
"max_diff": 21.399999999999636,
"mean": 26.941025641025472,
"mean_diff": 2.505263157894732,
"min": -19.200000000000273,
"min_diff": -5.599999999999909,
"std": 38.433690602218185,
"std_diff": 5.7761737184302895
},
"steering_speed": {
"max": 41.80000000000037,
"max_diff": 31.899999999999633,
"mean": 2.6230769230771562,
"mean_diff": 0.36578947368421283,
"min": -33.89999999999945,
"min_diff": -33.899999999999636,
"std": 11.966972959549803,
"std_diff": 12.032330926907953
},
"throttle": {
"max": 136,
"max_diff": 76.0,
"mean": 30.333333333333332,
"mean_diff": -0.7894736842105263,
"min": 0,
"min_diff": -56.0,
"std": 43.18139042032434,
"std_diff": 20.144423147201756
},
"utime": {
"max": 1533107726915093,
"max_diff": 500772.0,
"mean": 1533107717414861.5,
"mean_diff": 500001.5263157895,
"min": 1533107707915035,
"min_diff": 499188.0,
"std": 5627145.074765729,
"std_diff": 425.84935171972586
},
"vehicle_speed": {
"max": 14.86,
"max_diff": 0.8100000000000005,
"mean": 7.818205128205127,
"mean_diff": -0.33026315789473687,
"min": 0.0,
"min_diff": -1.58,
"std": 6.168146823801596,
"std_diff": 0.6354007721700048
},
"yaw_rate": {
"max": 1.200000000000017,
"max_diff": 1.0,
"mean": -0.2461538461538205,
"mean_diff": 0.04473684210526361,
"min": -1.799999999999983,
"min_diff": -0.6999999999999886,
"std": 0.6311756039312917,
"std_diff": 0.39047701490481546
}
}
},
"ZOE_VEH_INFO": {
"message_count": 1931,
"message_freq": 99.7885371858289,
"timespan": 19.35092,
"var_stats": {
"FL_wheel_speed": {
"max": 130.6044,
"max_diff": 5.337599999999995,
"mean": 69.44112475401346,
"mean_diff": -0.05943870466321244,
"min": 0.0,
"min_diff": -5.087400000000002,
"std": 53.701060840102556,
"std_diff": 0.4595906431870189
},
"FR_wheel_speed": {
"max": 130.3542,
"max_diff": 3.7112999999999943,
"mean": 69.23789394096323,
"mean_diff": -0.0585960621761658,
"min": 0.0,
"min_diff": -4.211699999999993,
"std": 53.469011344892934,
"std_diff": 0.41170871667169895
},
"RL_wheel_speed": {
"max": 129.8955,
"max_diff": 4.712099999999992,
"mean": 69.19446633868462,
"mean_diff": -0.05909300518134716,
"min": 0.0,
"min_diff": -3.5028,
"std": 53.5543322452081,
"std_diff": 0.3835085033378265
},
"RR_wheel_speed": {
"max": 130.1457,
"max_diff": 2.085000000000008,
"mean": 69.12300838943553,
"mean_diff": -0.05846642487046632,
"min": 0.0,
"min_diff": -3.5028,
"std": 53.4426412148593,
"std_diff": 0.34082994640280456
},
"left_solar": {
"max": 0,
"max_diff": 112.0,
"mean": -31.146556188503364,
"mean_diff": 0.0,
"min": -112,
"min_diff": -112.0,
"std": 50.18272940672697,
"std_diff": 5.0988162803870365
},
"longitudinal_accel": {
"max": 0.8500000000000014,
"max_diff": 0.3999999999999986,
"mean": 0.06457793889176656,
"mean_diff": 0.00025906735751295336,
"min": -0.75,
"min_diff": -0.25,
"std": 0.3778822472150945,
"std_diff": 0.04841995941341239
},
"meanEffTorque": {
"max": 52.5,
"max_diff": 3.0,