{
"MS_IMU": {
"message_count": 1944,
"message_freq": 99.69729255693554,
"timespan": 19.499025,
"var_stats": {
"linear_accel": {
"max": 11.435998916625977,
"max_diff": 11.651920080184937,
"mean": 3.334504074077031,
"mean_diff": 4.795896578365695,
"min": -1.370448350906372,
"min_diff": -2.8426356315612793,
"std": 4.611773503055213,
"std_diff": 5.008694992057121
},
"q": {
"max": 0.3320247530937195,
"max_diff": 1.0078046647831798,
"mean": -0.219277673528828,
"mean_diff": 0.3307996814413074,
"min": -0.9999403357505798,
"min_diff": -0.5222540963441133,
"std": 0.4493521099168329,
"std_diff": 0.4825825701294432
},
"rotation_rate": {
"max": 0.32715529203414917,
"max_diff": 0.36122214421629906,
"mean": 0.028714342787219516,
"mean_diff": 0.04079906222992341,
"min": -0.07879713177680969,
"min_diff": -0.06874329969286919,
"std": 0.07977654291994057,
"std_diff": 0.09690958890258619
},
"utime": {
"max": 1533281897721353,
"max_diff": 34951.0,
"mean": 1533281887947298.8,
"mean_diff": 10035.524961399897,
"min": 1533281878222328,
"min_diff": 1924.0,
"std": 5634411.262438801,
"std_diff": 5604.0161659413
}
}
},
"POSE": {
"message_count": 972,
"message_freq": 49.84868206905468,
"timespan": 19.499011,
"var_stats": {
"accel": {
"max": 10.323373275806265,
"max_diff": 10.710907074237737,
"mean": 3.3338747375388373,
"mean_diff": 4.797824131682021,
"min": -1.1291484003072256,
"min_diff": -1.731719904750873,
"std": 4.609624193115581,
"std_diff": 5.001751917539701
},
"orientation": {
"max": 0.9662128482257133,
"max_diff": 0.9662128482257133,
"mean": 0.33252092687807033,
"mean_diff": -0.02309978276618237,
"min": 0.0,
"min_diff": -0.9015533414761151,
"std": 0.37340304389245277,
"std_diff": 0.5768879729804466
},
"pos": {
"max": 1303.8298806613027,
"max_diff": 544.323358146964,
"mean": 686.292922634238,
"mean_diff": -393.11842804517926,
"min": 0.0,
"min_diff": -1303.8298806613027,
"std": 524.4219657370373,
"std_diff": 879.6764342202263
},
"rotation_rate": {
"max": 0.3259078562259674,
"max_diff": 0.35964636132121086,
"mean": 0.02881143556679232,
"mean_diff": 0.04088961607042264,
"min": -0.07380623370409012,
"min_diff": -0.06874329969286919,
"std": 0.07986319063931306,
"std_diff": 0.09699384953022375
},
"utime": {
"max": 1533281897714406,
"max_diff": 40958.0,
"mean": 1533281887973473.8,
"mean_diff": 20081.370751802267,
"min": 1533281878215395,
"min_diff": 9686.0,
"std": 5638940.1361238165,
"std_diff": 1526.3688400142942
},
"vel": {
"max": 9.787312403849882,
"max_diff": 0.0,
"mean": 1.410215431634312,
"mean_diff": -2.115323147451468,
"min": 0.0,
"min_diff": -9.787312403849882,
"std": 2.5451057342502312,
"std_diff": 2.8678936739452965
}
}
},
"SteerAngleFeedback": {
"message_count": 1900,
"message_freq": 97.46911691030697,
"timespan": 19.493354,
"var_stats": {
"utime": {
"max": 1533281897698776,
"max_diff": 40531.0,
"mean": 1533281887990670.0,
"mean_diff": 10265.062664560295,
"min": 1533281878205422,
"min_diff": 1179.0,
"std": 5627967.425124089,
"std_diff": 1989.5493885898352
},
"value": {
"max": 4.227187448330263,
"max_diff": 0.06283185307179417,
"mean": 1.377864875496414,
"mean_diff": -1.5624327163717736e-05,
"min": -0.15358897417550418,
"min_diff": -0.03665191429187936,
"std": 1.6585866079423046,
"std_diff": 0.01002134016884716
}
}
},
"VEHICLE_MONITOR": {
"message_count": 39,
"message_freq": 2.0000117949413547,
"timespan": 19.499885,
"var_stats": {
"available_distance": {
"max": 138,
"max_diff": 0.0,
"mean": 138.0,
"mean_diff": 0.0,
"min": 138,
"min_diff": 0.0,
"std": 0.0,
"std_diff": 0.0
},
"battery_level": {
"max": 95,
"max_diff": 0.0,
"mean": 95.0,
"mean_diff": 0.0,
"min": 95,
"min_diff": 0.0,
"std": 0.0,
"std_diff": 0.0
},
"brake": {
"max": 7,
"max_diff": 4.0,
"mean": 0.6410256410256411,
"mean_diff": 0.0,
"min": 0,
"min_diff": -6.0,
"std": 1.8603443227914929,
"std_diff": 1.2354415362426845
},
"brake_switch": {
"max": 4,
"max_diff": 2.0,
"mean": 1.7435897435897436,
"mean_diff": 0.0,
"min": 1,
"min_diff": -2.0,
"std": 1.1258717128256486,
"std_diff": 0.5619514869490163
},
"gear_position": {
"max": 7,
"max_diff": 0.0,
"mean": 7.0,
"mean_diff": 0.0,
"min": 7,
"min_diff": 0.0,
"std": 0.0,
"std_diff": 0.0
},
"left_signal": {
"max": 1,
"max_diff": 1.0,
"mean": 0.15384615384615385,
"mean_diff": 0.0,
"min": 0,
"min_diff": -1.0,
"std": 0.36080121229411,
"std_diff": 0.45883146774112354
},
"rear_left_rpm": {
"max": 313.3338,
"max_diff": 23.85239999999999,
"mean": 137.02620000000002,
"mean_diff": 2.440547368421052,
"min": 15.637500000000001,
"min_diff": -15.929400000000015,
"std": 88.71670935414417,
"std_diff": 13.919132484740427
},
"rear_right_rpm": {
"max": 308.4132,
"max_diff": 21.72569999999999,
"mean": 140.78240769230766,
"mean_diff": 2.2869157894736847,
"min": 16.3464,
"min_diff": -16.096199999999982,
"std": 87.30972515334713,
"std_diff": 13.550793151413032
},
"right_signal": {
"max": 0,
"max_diff": 0.0,
"mean": 0.0,
"mean_diff": 0.0,
"min": 0,
"min_diff": 0.0,
"std": 0.0,
"std_diff": 0.0
},
"steering": {
"max": 242.19999999999982,
"max_diff": 122.69999999999982,
"mean": 73.18205128205126,
"mean_diff": -0.036842105263160285,
"min": -8.800000000000182,
"min_diff": -45.40000000000009,
"std": 93.66321246973762,
"std_diff": 28.608559825528754
},
"steering_speed": {
"max": 181.20000000000044,
"max_diff": 107.5,
"mean": -4.279487179486931,
"mean_diff": 0.2605263157894757,
"min": -87.69999999999963,
"min_diff": -163.30000000000018,
"std": 44.358297460375624,
"std_diff": 46.78799069640839
},
"throttle": {
"max": 322,
"max_diff": 115.0,
"mean": 116.48717948717949,
"mean_diff": 4.7894736842105265,
"min": 0,
"min_diff": -42.0,
"std": 122.85677961420329,
"std_diff": 24.21413016655754
},
"utime": {
"max": 1533281897731911,
"max_diff": 1000135.0,
"mean": 1533281888014256.8,
"mean_diff": 513154.86842105264,
"min": 1533281878232026,
"min_diff": 499180.0,
"std": 5841618.221338978,
"std_diff": 80060.11112551653
},
"vehicle_speed": {
"max": 35.31,
"max_diff": 2.3599999999999994,
"mean": 15.946153846153843,
"mean_diff": 0.2613157894736843,
"min": 1.81,
"min_diff": -1.7899999999999991,
"std": 9.964567126956064,
"std_diff": 1.5558449575249957
},
"yaw_rate": {
"max": 17.80000000000001,
"max_diff": 3.0,
"mean": 4.558974358974383,
"mean_diff": -0.010526315789473833,
"min": -2.3999999999999773,
"min_diff": -6.800000000000011,
"std": 6.712816595168393,
"std_diff": 1.8519960034179066
}
}
},
"ZOE_VEH_INFO": {
"message_count": 1944,
"message_freq": 99.69097336697186,
"timespan": 19.500261,
"var_stats": {
"FL_wheel_speed": {
"max": 311.916,
"max_diff": 6.296699999999987,
"mean": 131.80910956790123,
"mean_diff": 0.045799176531137444,
"min": 15.1788,
"min_diff": -6.296699999999987,
"std": 87.79951333446742,
"std_diff": 0.6673329312583671
},
"FR_wheel_speed": {
"max": 310.9569,
"max_diff": 17.51399999999998,
"mean": 135.4083300925926,
"mean_diff": 0.045670406587750866,
"min": 15.429,
"min_diff": -11.217299999999994,
"std": 86.8415250871804,
"std_diff": 0.837187075286308
},
"RL_wheel_speed": {
"max": 311.2071,
"max_diff": 8.465100000000007,
"mean": 130.4866146604938,
"mean_diff": 0.043996397323726205,
"min": 14.7201,
"min_diff": -4.670400000000029,
"std": 87.56812073816396,
"std_diff": 0.7578530421812507
},
"RR_wheel_speed": {
"max": 310.4982,
"max_diff": 5.129099999999994,
"mean": 134.41924212962962,
"mean_diff": 0.04530555841482245,
"min": 15.1788,
"min_diff": -10.299900000000008,
"std": 86.61417663310374,
"std_diff": 0.7281218340135474
},
"left_solar": {
"max": 32,
"max_diff": 144.0,
"mean": -17.094650205761315,
"mean_diff": -0.05764282038085435,
"min": -112,
"min_diff": -144.0,
"std": 42.38161060981236,
"std_diff": 14.882098729203237
},
"longitudinal_accel": {
"max": 2.3500000000000014,
"max_diff": 1.200000000000001,
"mean": 0.22060185185185244,
"mean_diff": 0.0005404014410705099,
"min": -1.0999999999999996,
"min_diff": -0.7000000000000011,
"std": 0.9059410097147554,
"std_diff": 0.08048659458965618
},
"meanEffTorque": {
"max": 97.0,
"max_diff": 2.0,
"mean": 25.46502057613169,
"mean_diff": 0.03834276891405044,