{
"MS_IMU": {
"message_count": 1982,
"message_freq": 99.59978174481732,
"timespan": 19.899642,
"var_stats": {
"linear_accel": {
"max": 12.572751998901367,
"max_diff": 10.978401564061642,
"mean": 3.426335208075931,
"mean_diff": 4.872615809944877,
"min": -1.3331725597381592,
"min_diff": -0.9400800466537476,
"std": 4.542449736480408,
"std_diff": 4.595112005826911
},
"q": {
"max": 0.2384878545999527,
"max_diff": 1.0066267251968384,
"mean": -0.27628513124946513,
"mean_diff": 0.2504560095586491,
"min": -0.9999783635139465,
"min_diff": -0.4916830095462501,
"std": 0.41673318018403027,
"std_diff": 0.5193571574343919
},
"rotation_rate": {
"max": 0.38414207100868225,
"max_diff": 0.40012458339333534,
"mean": 0.024649758934521104,
"mean_diff": 0.03686689393671387,
"min": -0.062064774334430695,
"min_diff": -0.10872207954525948,
"std": 0.08165663643166149,
"std_diff": 0.09989180334748736
},
"utime": {
"max": 1537295087056072,
"max_diff": 29538.0,
"mean": 1537295077110285.0,
"mean_diff": 10045.250883392226,
"min": 1537295067156430,
"min_diff": 1018.0,
"std": 5745531.989397774,
"std_diff": 5303.926889715223
}
}
},
"POSE": {
"message_count": 990,
"message_freq": 49.75121127866995,
"timespan": 19.899013,
"var_stats": {
"accel": {
"max": 10.28800327247406,
"max_diff": 10.21459267762315,
"mean": 3.425933404534473,
"mean_diff": 4.872973319871681,
"min": -0.9944258780334019,
"min_diff": -0.7785780607157368,
"std": 4.537297634249893,
"std_diff": 4.585109575205394
},
"orientation": {
"max": 0.9627139650937749,
"max_diff": 0.9627139650937749,
"mean": 0.32781158730736965,
"mean_diff": 0.08484274938799886,
"min": 0.0,
"min_diff": -0.8541014461539007,
"std": 0.3775441209011508,
"std_diff": 0.5710823418821654
},
"pos": {
"max": 1706.6117245077098,
"max_diff": 576.2210764896802,
"mean": 945.8352763380678,
"mean_diff": -584.4277914604777,
"min": 0.0,
"min_diff": -1706.6117245077098,
"std": 699.4359276336725,
"std_diff": 1084.659632268802
},
"rotation_rate": {
"max": 0.38414207100868225,
"max_diff": 0.3991779135540128,
"mean": 0.02467859850806789,
"mean_diff": 0.037050258065477036,
"min": -0.061400216072797775,
"min_diff": -0.10872207954525948,
"std": 0.08185773798111871,
"std_diff": 0.10012324880576308
},
"utime": {
"max": 1537295087064284,
"max_diff": 40804.0,
"mean": 1537295077099780.2,
"mean_diff": 20120.33670374115,
"min": 1537295067165271,
"min_diff": 17720.0,
"std": 5743865.006166928,
"std_diff": 1610.8364051144727
},
"vel": {
"max": 7.427795560953975,
"max_diff": 0.0,
"mean": 1.9958528309971284,
"mean_diff": -2.9937792464956927,
"min": 0.0,
"min_diff": -7.427795560953975,
"std": 2.856013704207051,
"std_diff": 3.0409949072101847
}
}
},
"SteerAngleFeedback": {
"message_count": 1943,
"message_freq": 97.62228195676454,
"timespan": 19.903243,
"var_stats": {
"utime": {
"max": 1537295087052847,
"max_diff": 29767.0,
"mean": 1537295077106965.8,
"mean_diff": 10248.83779608651,
"min": 1537295067149604,
"min_diff": 5958.0,
"std": 5758575.47176279,
"std_diff": 1755.286520853884
},
"value": {
"max": 3.22020444544151,
"max_diff": 0.03316125578789386,
"mean": 0.6053059892731586,
"mean_diff": -8.088549571550514e-06,
"min": -0.04007059728390043,
"min_diff": -0.04188790204786552,
"std": 1.0499085458317088,
"std_diff": 0.007255543184358527
}
}
},
"VEHICLE_MONITOR": {
"message_count": 38,
"message_freq": 1.9487871056757502,
"timespan": 19.499308,
"var_stats": {
"available_distance": {
"max": 58,
"max_diff": 0.0,
"mean": 58.0,
"mean_diff": 0.0,
"min": 58,
"min_diff": 0.0,
"std": 0.0,
"std_diff": 0.0
},
"battery_level": {
"max": 69,
"max_diff": 0.0,
"mean": 69.0,
"mean_diff": 0.0,
"min": 69,
"min_diff": 0.0,
"std": 0.0,
"std_diff": 0.0
},
"brake": {
"max": 0,
"max_diff": 0.0,
"mean": 0.0,
"mean_diff": 0.0,
"min": 0,
"min_diff": 0.0,
"std": 0.0,
"std_diff": 0.0
},
"brake_switch": {
"max": 2,
"max_diff": 1.0,
"mean": 1.0263157894736843,
"mean_diff": 0.0,
"min": 1,
"min_diff": -1.0,
"std": 0.16007269816574266,
"std_diff": 0.23249527748763857
},
"gear_position": {
"max": 7,
"max_diff": 0.0,
"mean": 7.0,
"mean_diff": 0.0,
"min": 7,
"min_diff": 0.0,
"std": 0.0,
"std_diff": 0.0
},
"left_signal": {
"max": 1,
"max_diff": 1.0,
"mean": 0.2894736842105263,
"mean_diff": -0.02702702702702703,
"min": 0,
"min_diff": -1.0,
"std": 0.45351810367405493,
"std_diff": 0.5921324946001795
},
"rear_left_rpm": {
"max": 234.3123,
"max_diff": 11.676000000000016,
"mean": 186.51532105263158,
"mean_diff": 0.3583945945945941,
"min": 134.8161,
"min_diff": -25.228499999999997,
"std": 28.1411250435537,
"std_diff": 7.999408554891973
},
"rear_right_rpm": {
"max": 239.2746,
"max_diff": 10.758600000000001,
"mean": 193.87646842105266,
"mean_diff": 0.37980810810810794,
"min": 150.4536,
"min_diff": -22.226100000000002,
"std": 23.24424869855026,
"std_diff": 7.175628230727255
},
"right_signal": {
"max": 0,
"max_diff": 0.0,
"mean": 0.0,
"mean_diff": 0.0,
"min": 0,
"min_diff": 0.0,
"std": 0.0,
"std_diff": 0.0
},
"steering": {
"max": 184.5,
"max_diff": 62.20000000000027,
"mean": 36.834210526315964,
"mean_diff": -0.02702702702702703,
"min": -1.699999999999818,
"min_diff": -70.90000000000009,
"std": 61.72950448834603,
"std_diff": 19.918939088331875
},
"steering_speed": {
"max": 111.50000000000018,
"max_diff": 93.59999999999991,
"mean": 0.8631578947370896,
"mean_diff": -0.05135135135135381,
"min": -133.49999999999983,
"min_diff": -105.60000000000038,
"std": 42.39069176036693,
"std_diff": 32.98622662297859
},
"throttle": {
"max": 301,
"max_diff": 184.0,
"mean": 136.07894736842104,
"mean_diff": 4.621621621621622,
"min": 0,
"min_diff": -184.0,
"std": 95.3222737484591,
"std_diff": 72.41037380933882
},
"utime": {
"max": 1537295087072955,
"max_diff": 1000665.0,
"mean": 1537295077599307.8,
"mean_diff": 527008.3243243244,
"min": 1537295067573647,
"min_diff": 498938.0,
"std": 5789975.7634626115,
"std_diff": 113102.11970223219
},
"vehicle_speed": {
"max": 26.77,
"max_diff": 1.240000000000002,
"mean": 21.557894736842105,
"mean_diff": 0.040810810810810755,
"min": 16.44,
"min_diff": -2.59,
"std": 2.8072660964518645,
"std_diff": 0.8048547909267366
},
"yaw_rate": {
"max": 21.30000000000001,
"max_diff": 7.0,
"mean": 4.2631578947368665,
"mean_diff": -0.005405405405405866,
"min": -0.4999999999999716,
"min_diff": -9.599999999999994,
"std": 7.359684670470158,
"std_diff": 2.44163723825101
}
}
},
"ZOE_VEH_INFO": {
"message_count": 1979,
"message_freq": 99.40501152952466,
"timespan": 19.908453,
"var_stats": {
"FL_wheel_speed": {
"max": 235.0212,
"max_diff": 4.461899999999986,
"mean": 187.40850242546745,
"mean_diff": 0.005544539939332653,
"min": 133.3983,
"min_diff": -6.296699999999987,
"std": 26.620919148643225,
"std_diff": 0.4747630010029746
},
"FR_wheel_speed": {
"max": 235.0212,
"max_diff": 7.923000000000002,
"mean": 190.88471051035876,
"mean_diff": 0.005544539939332653,
"min": 144.6156,
"min_diff": -7.464300000000009,
"std": 21.632293792590154,
"std_diff": 0.5716124550333535
},
"RL_wheel_speed": {
"max": 235.0212,
"max_diff": 9.591000000000008,
"mean": 186.4943052551794,
"mean_diff": 0.005186147623862481,
"min": 134.1072,
"min_diff": -8.631900000000002,
"std": 27.271726116722437,
"std_diff": 0.5769742893198271
},
"RR_wheel_speed": {
"max": 239.2746,
"max_diff": 12.343199999999996,
"mean": 193.60953895907025,
"mean_diff": 0.00543913043478261,
"min": 147.4512,
"min_diff": -8.882100000000008,
"std": 22.61289813894154,
"std_diff": 0.5736989739536953
},
"left_solar": {
"max": 0,
"max_diff": 0.0,
"mean": 0.0,
"mean_diff": 0.0,
"min": 0,
"min_diff": 0.0,
"std": 0.0,
"std_diff": 0.0
},
"longitudinal_accel": {
"max": 0.9000000000000004,
"max_diff": 0.6500000000000004,
"mean": -0.014931783729155485,
"mean_diff": 0.00010111223458038477,
"min": -1.049999999999999,
"min_diff": -0.9000000000000004,
"std": 0.4386265634317595,
"std_diff": 0.0670970343682016
},
"meanEffTorque": {
"max": 61.5,
"max_diff": 3.0,
"mean": 10.641738251642243,
"mean_diff": 0.009858442871587462,
"min": -50.0,
"min_diff": -3.5,
"std": 27.3032535900862,
"std_diff": 0.5318746822664132
},