{
"MS_IMU": {
"message_count": 1960,
"message_freq": 99.87292189799926,
"timespan": 19.624939,
"var_stats": {
"linear_accel": {
"max": 19.351696014404297,
"max_diff": 19.590561345219612,
"mean": 3.3505056619347435,
"mean_diff": 4.734574648749204,
"min": -3.5498993396759033,
"min_diff": -7.893946409225464,
"std": 4.628046711338163,
"std_diff": 5.300559747187048
},
"q": {
"max": 0.008819423615932465,
"max_diff": 0.9054239912657067,
"mean": -0.33942151620136624,
"mean_diff": 0.09208016358569365,
"min": -0.9233701229095459,
"min_diff": -0.9105357136577368,
"std": 0.36714173234207453,
"std_diff": 0.561691929143629
},
"rotation_rate": {
"max": 0.20381903648376465,
"max_diff": 0.24172712862491608,
"mean": -0.024814640473086107,
"mean_diff": -0.03705786175498676,
"min": -0.3232806324958801,
"min_diff": -0.33116106502711773,
"std": 0.0794377177244555,
"std_diff": 0.09567967816030766
},
"utime": {
"max": 1535487654447497,
"max_diff": 25656.0,
"mean": 1535487644631933.5,
"mean_diff": 10017.835119959163,
"min": 1535487634822558,
"min_diff": 1582.0,
"std": 5677353.506364738,
"std_diff": 5557.873852468304
}
}
},
"POSE": {
"message_count": 982,
"message_freq": 50.00196800006436,
"timespan": 19.639227,
"var_stats": {
"accel": {
"max": 12.76675540206169,
"max_diff": 12.716776377929502,
"mean": 3.3504469228378237,
"mean_diff": 4.7359383449667245,
"min": -1.961134882497256,
"min_diff": -2.4731397631435277,
"std": 4.614254371443454,
"std_diff": 5.279193478465986
},
"orientation": {
"max": 0.9999978706145098,
"max_diff": 0.9999978706145098,
"mean": 0.20359829600318557,
"mean_diff": 0.06891270268501655,
"min": -0.9999994143392883,
"min_diff": -0.9999994143392883,
"std": 0.4566702682073787,
"std_diff": 0.5732227950299777
},
"pos": {
"max": 1568.4631625226348,
"max_diff": -573.7558590192241,
"mean": 795.4786320706233,
"mean_diff": -762.4666724215599,
"min": 0.0,
"min_diff": -900.7830429705721,
"std": 624.6454827983595,
"std_diff": 106.1051990864452
},
"rotation_rate": {
"max": 0.19482417404651642,
"max_diff": 0.24172712862491608,
"mean": -0.024696198014731333,
"mean_diff": -0.03719564822788567,
"min": -0.32263392210006714,
"min_diff": -0.33116106502711773,
"std": 0.07953006999619136,
"std_diff": 0.09581521293639866
},
"utime": {
"max": 1535487654447431,
"max_diff": 40023.0,
"mean": 1535487644618762.0,
"mean_diff": 20019.599388379203,
"min": 1535487634808204,
"min_diff": 14518.0,
"std": 5670308.644293935,
"std_diff": 952.2269095214393
},
"vel": {
"max": 7.664753140356267,
"max_diff": 0.0,
"mean": 1.9752837404525383,
"mean_diff": -2.9629256106788073,
"min": 0.0,
"min_diff": -7.664753140356267,
"std": 2.953905638688073,
"std_diff": 3.1877936557966953
}
}
},
"SteerAngleFeedback": {
"message_count": 1944,
"message_freq": 98.97189885377405,
"timespan": 19.641939,
"var_stats": {
"utime": {
"max": 1535487654448433,
"max_diff": 20817.0,
"mean": 1535487644586105.8,
"mean_diff": 10109.078229541945,
"min": 1535487634806494,
"min_diff": 1010.0,
"std": 5670301.257079959,
"std_diff": 1288.384350151555
},
"value": {
"max": 0.3665911184307815,
"max_diff": 0.022689280275929535,
"mean": -0.5993561488274269,
"mean_diff": -4.221846363547641e-05,
"min": -2.35437718542838,
"min_diff": -0.04014257279586482,
"std": 0.925630368442994,
"std_diff": 0.005594525514120984
}
}
},
"VEHICLE_MONITOR": {
"message_count": 40,
"message_freq": 2.051343801990347,
"timespan": 19.499413,
"var_stats": null
},
"ZOE_VEH_INFO": {
"message_count": 1959,
"message_freq": 99.70133876148341,
"timespan": 19.648683,
"var_stats": {
"FL_wheel_speed": {
"max": 258.4149,
"max_diff": 31.275000000000006,
"mean": 189.5528312404288,
"mean_diff": 0.08891598569969357,
"min": 24.0609,
"min_diff": -40.19879999999998,
"std": 50.423672568057384,
"std_diff": 1.588651032852293
},
"FR_wheel_speed": {
"max": 243.69480000000001,
"max_diff": 22.226099999999974,
"mean": 186.2536140888208,
"mean_diff": 0.08855393258426966,
"min": 24.0609,
"min_diff": -18.18119999999999,
"std": 52.437987117288166,
"std_diff": 1.1696002615773813
},
"RL_wheel_speed": {
"max": 250.2417,
"max_diff": 32.48429999999999,
"mean": 188.58261975497703,
"mean_diff": 0.08723350357507662,
"min": 24.7698,
"min_diff": -20.30789999999999,
"std": 50.50015447480377,
"std_diff": 1.2906254447247953
},
"RR_wheel_speed": {
"max": 247.65630000000002,
"max_diff": 18.93180000000001,
"mean": 188.7010996937213,
"mean_diff": 0.08866041879468846,
"min": 25.2285,
"min_diff": -24.519599999999997,
"std": 53.61733654546121,
"std_diff": 1.0510350042868164
},
"left_solar": {
"max": 32,
"max_diff": 144.0,
"mean": -83.04645227156712,
"mean_diff": -0.05720122574055159,
"min": -112,
"min_diff": -144.0,
"std": 52.83274568158339,
"std_diff": 7.913526306394673
},
"longitudinal_accel": {
"max": 1.6000000000000014,
"max_diff": 2.0999999999999996,
"mean": 0.21457376212353302,
"mean_diff": 0.00010214504596527032,
"min": -1.3499999999999996,
"min_diff": -1.9000000000000004,
"std": 0.7020721241653542,
"std_diff": 0.12526780213927402
},
"meanEffTorque": {
"max": 108.0,
"max_diff": 2.5,
"mean": 26.09775395610005,
"mean_diff": 0.004596527068437181,
"min": -41.0,
"min_diff": -4.0,
"std": 42.62966904705529,
"std_diff": 0.5678924674392603
},
"odom": {
"max": 120,
"max_diff": 80.0,
"mean": 60.142930066360385,
"mean_diff": -0.04085801838610827,
"min": 4,
"min_diff": -108.0,
"std": 34.5844431176615,
"std_diff": 18.307061037749953
},
"odom_speed": {
"max": 27.0,
"max_diff": 1.0,
"mean": 20.80653394589076,
"mean_diff": 0.009703779366700716,
"min": 2.0,
"min_diff": -1.0,
"std": 6.036627878517275,
"std_diff": 0.15128936515230773
},
"pedal_cc": {
"max": 454.0,
"max_diff": 21.0,
"mean": 166.54007146503318,
"mean_diff": 0.07967313585291114,
"min": 0.0,
"min_diff": -28.0,
"std": 130.76970589467768,
"std_diff": 3.358520257513139
},
"regen": {
"max": 55.0,
"max_diff": 1.0,
"mean": 8.5211842776927,
"mean_diff": 0.0,
"min": 0.0,
"min_diff": -4.0,
"std": 17.16259913331785,
"std_diff": 0.4092894762671573
},
"requestedTorqueAfterProc": {
"max": -272.5,
"max_diff": 125.5,
"mean": -331.5043389484431,
"mean_diff": 0.006128702757916241,
"min": -398.5,
"min_diff": -126.0,
"std": 41.83815478817261,
"std_diff": 7.964968192801692
},
"right_solar": {
"max": 100,
"max_diff": 206.0,
"mean": 31.904032669729453,
"mean_diff": 0.0030643513789581204,
"min": -106,
"min_diff": -206.0,
"std": 41.594053879032245,
"std_diff": 8.673747907623964
},
"steer_corrected": {
"max": 21.004123893064307,
"max_diff": 1.099999999999909,
"mean": -34.16096033358212,
"mean_diff": -0.002553626149131767,
"min": -134.8958761069358,
"min_diff": -1.2000000000002728,
"std": 52.98302015348441,
"std_diff": 0.31899935468381313
},
"steer_offset_can": {
"max": -12.300000000000182,
"max_diff": 0.0,
"mean": -12.300000000000182,
"mean_diff": 0.0,
"min": -12.300000000000182,
"min_diff": 0.0,
"std": 0.0,
"std_diff": 0.0
},
"steer_raw": {
"max": 9.300000000000182,
"max_diff": 1.099999999999909,
"mean": -45.86508422664625,
"mean_diff": -0.002553626149131767,
"min": -146.5999999999999,
"min_diff": -1.2000000000002728,
"std": 52.98302015348441,
"std_diff": 0.31899935468381313
},
"transversal_accel": {
"max": -0.32800000000000296,
"max_diff": 0.24399999999999977,
"mean": -0.5078897396630911,
"mean_diff": -1.0214504596532294e-05,
"min": -0.8000000000000114,
"min_diff": -0.2839999999999918,
"std": 0.07730300816162175,
"std_diff": 0.015789469663426443
},
"utime": {
"max": 1535487654448539,
"max_diff": 22398.0,
"mean": 1535487644624731.2,
"mean_diff": 10035.078140960164,
"min": 1535487634799856,
"min_diff": 2.0,
"std": 5676995.441693739,
"std_diff": 1528.5067524416338
}
}
},
"ZoeSensors": {
"message_count": 18914,
"message_freq": 962.6830282402461,
"timespan": 19.647173,
"var_stats": {
"brake_sensor": {
"max": 0.184108167886734,
"max_diff": 1.74790620803833e-05,
"mean": 0.18403574571910009,
"mean_diff": 2.7118805493165355e-09,
"min": 0.1839730441570282,
"min_diff": -1.920759677886963e-05,
"std": 1.816087758741932e-05,
"std_diff": 4.390683576766343e-06
},