{
"MS_IMU": {
"message_count": 1958,
"message_freq": 99.95036683264996,
"timespan": 19.589723,
"var_stats": {
"linear_accel": {
"max": 12.503087997436523,
"max_diff": 13.052204966545105,
"mean": 3.0583534866502404,
"mean_diff": 5.02845555493665,
"min": -2.2237651348114014,
"min_diff": -2.212671637535095,
"std": 4.7821972045423395,
"std_diff": 5.151484628887034
},
"q": {
"max": 0.023538870736956596,
"max_diff": 0.9454718790948391,
"mean": -0.3241774366292886,
"mean_diff": 0.17257136748808763,
"min": -0.9300280213356018,
"min_diff": -0.45937874959781766,
"std": 0.38066915668356494,
"std_diff": 0.5585854521986682
},
"rotation_rate": {
"max": 0.12966275215148926,
"max_diff": 0.1592852845788002,
"mean": -0.0019375698834229861,
"mean_diff": -0.001846830395073245,
"min": -0.11810009181499481,
"min_diff": -0.13994194194674492,
"std": 0.02555334129533383,
"std_diff": 0.037676763642945414
},
"utime": {
"max": 1542801267547607,
"max_diff": 34992.0,
"mean": 1542801257755509.0,
"mean_diff": 10010.078180889115,
"min": 1542801247957884,
"min_diff": 1965.0,
"std": 5660575.452597883,
"std_diff": 5533.957535768085
}
}
},
"POSE": {
"message_count": 976,
"message_freq": 49.797516461114995,
"timespan": 19.599371,
"var_stats": {
"accel": {
"max": 10.94901767926833,
"max_diff": 12.048855592762086,
"mean": 3.060372277511457,
"mean_diff": 5.024489849271353,
"min": -1.6662176893819576,
"min_diff": -1.3221606474138938,
"std": 4.77033700386454,
"std_diff": 5.1409961186371245
},
"orientation": {
"max": 0.9537873696568359,
"max_diff": 0.9537873696568359,
"mean": 0.32398339071284243,
"mean_diff": 0.18831339549655585,
"min": 0.0,
"min_diff": -0.3991908372678566,
"std": 0.3808342980118909,
"std_diff": 0.5457759599046949
},
"pos": {
"max": 1872.749587123781,
"max_diff": 1147.950633598507,
"mean": 867.8251370179154,
"mean_diff": -409.83344995185206,
"min": 0.0,
"min_diff": -1872.749587123781,
"std": 730.5705042876056,
"std_diff": 1377.0240607534781
},
"rotation_rate": {
"max": 0.12785421311855316,
"max_diff": 0.15894725173711777,
"mean": -0.002000482307469861,
"mean_diff": -0.001831734911331564,
"min": -0.11810009181499481,
"min_diff": -0.13845191150903702,
"std": 0.02545754710853139,
"std_diff": 0.03742557366491424
},
"utime": {
"max": 1542801267551718,
"max_diff": 40604.0,
"mean": 1542801257730128.2,
"mean_diff": 20101.918974358974,
"min": 1542801247952347,
"min_diff": 17010.0,
"std": 5648810.637207977,
"std_diff": 1525.1021025421333
},
"vel": {
"max": 15.92958796215303,
"max_diff": 0.0,
"mean": 4.684204793078973,
"mean_diff": -7.0263071896184615,
"min": 0.0,
"min_diff": -15.92958796215303,
"std": 6.704260561163444,
"std_diff": 7.138930844344224
}
}
},
"SteerAngleFeedback": {
"message_count": 1931,
"message_freq": 98.49656294942882,
"timespan": 19.604745,
"var_stats": {
"utime": {
"max": 1542801267554971,
"max_diff": 29467.0,
"mean": 1542801257721412.0,
"mean_diff": 10157.89896373057,
"min": 1542801247950226,
"min_diff": 5809.0,
"std": 5652025.040364477,
"std_diff": 1431.544380599452
},
"value": {
"max": 0.06981317007977318,
"max_diff": 0.003490658503993424,
"mean": -0.005395064891324459,
"mean_diff": 6.872799127024221e-05,
"min": -0.15009831567151075,
"min_diff": -0.0034906585039934206,
"std": 0.07504786467727773,
"std_diff": 0.0009172025909136495
}
}
},
"VEHICLE_MONITOR": {
"message_count": 39,
"message_freq": 2.000032103079398,
"timespan": 19.499687,
"var_stats": null
},
"ZOE_VEH_INFO": {
"message_count": 1956,
"message_freq": 99.79913128835933,
"timespan": 19.599369,
"var_stats": {
"FL_wheel_speed": {
"max": 509.8242,
"max_diff": 11.926199999999994,
"mean": 444.62409677914115,
"mean_diff": -0.10398337595907926,
"min": 289.94010000000003,
"min_diff": -11.675999999999988,
"std": 58.22000794180423,
"std_diff": 0.8723578610372075
},
"FR_wheel_speed": {
"max": 504.6951,
"max_diff": 4.670400000000029,
"mean": 443.85279601226995,
"mean_diff": -0.10206368286445015,
"min": 290.1903,
"min_diff": -6.505200000000002,
"std": 57.54972039976865,
"std_diff": 0.7155565418282386
},
"RL_wheel_speed": {
"max": 507.48900000000003,
"max_diff": 11.467499999999973,
"mean": 443.2830452453988,
"mean_diff": -0.1028955498721228,
"min": 288.7725,
"min_diff": -11.467499999999973,
"std": 57.73027517386795,
"std_diff": 0.9809360978875037
},
"RR_wheel_speed": {
"max": 503.9862,
"max_diff": 7.21410000000003,
"mean": 442.96257776073617,
"mean_diff": -0.10206368286445015,
"min": 289.0227,
"min_diff": -6.963900000000024,
"std": 57.06617576472998,
"std_diff": 0.9131763453681265
},
"left_solar": {
"max": 0,
"max_diff": 0.0,
"mean": 0.0,
"mean_diff": 0.0,
"min": 0,
"min_diff": 0.0,
"std": 0.0,
"std_diff": 0.0
},
"longitudinal_accel": {
"max": 0.5,
"max_diff": 1.450000000000001,
"mean": -0.17903885480572532,
"mean_diff": -0.0006393861892583121,
"min": -1.9499999999999993,
"min_diff": -0.9000000000000004,
"std": 0.4191361948335499,
"std_diff": 0.11472573938472831
},
"meanEffTorque": {
"max": 14.0,
"max_diff": 1.5,
"mean": -4.783742331288344,
"mean_diff": -0.04219948849104859,
"min": -82.0,
"min_diff": -2.0,
"std": 23.54085365705611,
"std_diff": 0.28272381958071047
},
"odom": {
"max": 124,
"max_diff": 0.0,
"mean": 124.0,
"mean_diff": 0.0,
"min": 124,
"min_diff": 0.0,
"std": 0.0,
"std_diff": 0.0
},
"odom_speed": {
"max": 57.0,
"max_diff": 1.0,
"mean": 50.06543967280164,
"mean_diff": -0.011253196930946292,
"min": 33.0,
"min_diff": -1.0,
"std": 6.4359207206455125,
"std_diff": 0.11914535743460392
},
"pedal_cc": {
"max": 215.0,
"max_diff": 8.0,
"mean": 131.41104294478527,
"mean_diff": -0.10792838874680306,
"min": 0.0,
"min_diff": -35.0,
"std": 80.88004423184366,
"std_diff": 1.4268573143041798
},
"regen": {
"max": 62.0,
"max_diff": 2.0,
"mean": 14.383946830265849,
"mean_diff": 0.031202046035805626,
"min": 0.0,
"min_diff": -1.0,
"std": 24.68663166970206,
"std_diff": 0.20114337520067144
},
"requestedTorqueAfterProc": {
"max": -272.5,
"max_diff": 122.0,
"mean": -354.26559304703477,
"mean_diff": 0.04271099744245524,
"min": -394.5,
"min_diff": -10.0,
"std": 38.86211450723505,
"std_diff": 2.7805668000925197
},
"right_solar": {
"max": 0,
"max_diff": 0.0,
"mean": 0.0,
"mean_diff": 0.0,
"min": 0,
"min_diff": 0.0,
"std": 0.0,
"std_diff": 0.0
},
"steer_corrected": {
"max": 4.0,
"max_diff": 0.3000000000001819,
"mean": -0.30362985685051885,
"mean_diff": 0.003938618925831109,
"min": -8.599999999999909,
"min_diff": -0.40000000000009095,
"std": 4.29684362611066,
"std_diff": 0.052554551535465586
},
"steer_offset_can": {
"max": -13.300000000000182,
"max_diff": 0.0,
"mean": -13.300000000000182,
"mean_diff": 0.0,
"min": -13.300000000000182,
"min_diff": 0.0,
"std": 0.0,
"std_diff": 0.0
},
"steer_raw": {
"max": -9.300000000000182,
"max_diff": 0.3000000000001819,
"mean": -13.603629856850699,
"mean_diff": 0.003938618925831109,
"min": -21.90000000000009,
"min_diff": -0.40000000000009095,
"std": 4.296843626110659,
"std_diff": 0.052554551535465586
},
"transversal_accel": {
"max": -0.47999999999998977,
"max_diff": 0.06800000000001205,
"mean": -0.5374233128834361,
"mean_diff": 1.0230179028123688e-05,
"min": -0.6279999999999859,
"min_diff": -0.09200000000001296,
"std": 0.030949836523719288,
"std_diff": 0.008495637375896658
},
"utime": {
"max": 1542801267548734,
"max_diff": 23025.0,
"mean": 1542801257753498.8,
"mean_diff": 10025.252685421994,
"min": 1542801247949365,
"min_diff": 2.0,
"std": 5661735.60728161,
"std_diff": 1783.5986243474506
}
}
},
"ZoeSensors": {
"message_count": 18730,
"message_freq": 955.6376473068494,
"timespan": 19.599479,
"var_stats": {
"brake_sensor": {
"max": 0.3286363482475281,
"max_diff": 0.0005953013896942139,
"mean": 0.208690097905771,
"mean_diff": 6.508066437924065e-06,
"min": 0.1896449476480484,
"min_diff": -0.0011082291603088379,
"std": 0.038414754288076294,
"std_diff": 4.82882776698743e-05
},
"steering_sensor": {
"max": 0.19006656110286713,
"max_diff": 0.0004529505968093872,
"mean": 0.18844941411658653,
"mean_diff": 4.205963934815327e-08,
"min": 0.18706132471561432,
"min_diff": -0.00039386749267578125,