{
"MS_IMU": {
"message_count": 1981,
"message_freq": 99.79734237813288,
"timespan": 19.850228,
"var_stats": {
"linear_accel": {
"max": 12.090458869934082,
"max_diff": 12.476902902126312,
"mean": 3.344533161380648,
"mean_diff": 4.582448102829777,
"min": -1.1364225149154663,
"min_diff": -2.31006783246994,
"std": 4.571469335878138,
"std_diff": 5.514438627120183
},
"q": {
"max": 0.562509298324585,
"max_diff": 0.8937351107597351,
"mean": -0.05768541378347069,
"mean_diff": 0.4612759948779733,
"min": -0.847343921661377,
"min_diff": -0.020056073553860188,
"std": 0.4966612636099493,
"std_diff": 0.36263716569867754
},
"rotation_rate": {
"max": 0.3060271441936493,
"max_diff": 0.2865150347352028,
"mean": -0.0003505540447636115,
"mean_diff": 0.001429970190975226,
"min": -0.1943230777978897,
"min_diff": -0.3147234432399273,
"std": 0.029707120274873842,
"std_diff": 0.04775105969289223
},
"utime": {
"max": 1538985560151918,
"max_diff": 25018.0,
"mean": 1538985550224853.2,
"mean_diff": 10025.367676767677,
"min": 1538985540301690,
"min_diff": 2975.0,
"std": 5738874.841938787,
"std_diff": 4306.995855484101
}
}
},
"POSE": {
"message_count": 991,
"message_freq": 49.90016191117117,
"timespan": 19.859655,
"var_stats": {
"accel": {
"max": 11.326574484261634,
"max_diff": 11.749409141385767,
"mean": 3.3429893294985003,
"mean_diff": 4.586132373131544,
"min": -0.713764341668917,
"min_diff": -1.9360099801350503,
"std": 4.566383873161361,
"std_diff": 5.500880316310502
},
"orientation": {
"max": 0.9790633248647214,
"max_diff": 0.23569374836942214,
"mean": 0.298218890874583,
"mean_diff": -0.2531962109306937,
"min": 0.0,
"min_diff": -0.9790633248647214,
"std": 0.4013296564241591,
"std_diff": 0.5188689739266291
},
"pos": {
"max": 1719.3721280570412,
"max_diff": -148.01275571488327,
"mean": 1051.4396736680283,
"mean_diff": -833.2180754777597,
"min": 0.0,
"min_diff": -1512.2542527867913,
"std": 747.322735029706,
"std_diff": 654.8631780032777
},
"rotation_rate": {
"max": 0.3055190443992615,
"max_diff": 0.2845099288970232,
"mean": -0.00037918191699349397,
"mean_diff": 0.0014924236651133853,
"min": -0.19258984923362732,
"min_diff": -0.3147234432399273,
"std": 0.029786140966457583,
"std_diff": 0.047890545711294516
},
"utime": {
"max": 1538985560166316,
"max_diff": 40462.0,
"mean": 1538985550223164.8,
"mean_diff": 20060.257575757576,
"min": 1538985540306661,
"min_diff": 15266.0,
"std": 5740548.977920066,
"std_diff": 1226.9770108563082
},
"vel": {
"max": 8.225382224321184,
"max_diff": 0.0,
"mean": 2.0063111178194433,
"mean_diff": -3.0094666767291645,
"min": 0.0,
"min_diff": -8.225382224321184,
"std": 2.890334059374897,
"std_diff": 3.0841665383145944
}
}
},
"SteerAngleFeedback": {
"message_count": 1969,
"message_freq": 99.17085309699141,
"timespan": 19.854624,
"var_stats": {
"utime": {
"max": 1538985560155962,
"max_diff": 29385.0,
"mean": 1538985550226242.8,
"mean_diff": 10088.731707317073,
"min": 1538985540301338,
"min_diff": 3147.0,
"std": 5739691.957960365,
"std_diff": 1178.306071589313
},
"value": {
"max": 0.2862339973270716,
"max_diff": 0.00872664625997166,
"mean": 0.025963656231677255,
"mean_diff": 6.562721780873069e-05,
"min": -0.1274090353955813,
"min_diff": -0.008726646259971646,
"std": 0.08033482436796312,
"std_diff": 0.0017036902650704286
}
}
},
"VEHICLE_MONITOR": {
"message_count": 41,
"message_freq": 2.0500537114072386,
"timespan": 19.999476,
"var_stats": null
},
"ZOE_VEH_INFO": {
"message_count": 1978,
"message_freq": 99.65148178932147,
"timespan": 19.849178,
"var_stats": {
"FL_wheel_speed": {
"max": 258.1647,
"max_diff": 7.214100000000002,
"mean": 189.6663362487361,
"mean_diff": -0.03769241274658572,
"min": 141.1128,
"min_diff": -4.420199999999994,
"std": 29.85785950851497,
"std_diff": 0.574586486979831
},
"FR_wheel_speed": {
"max": 258.1647,
"max_diff": 3.7112999999999943,
"mean": 189.5441455510617,
"mean_diff": -0.0373338391502276,
"min": 140.86260000000001,
"min_diff": -5.837999999999994,
"std": 29.96258441541049,
"std_diff": 0.5446771665902986
},
"RL_wheel_speed": {
"max": 256.2882,
"max_diff": 3.752999999999986,
"mean": 188.56668321536907,
"mean_diff": -0.03758694992412747,
"min": 141.57150000000001,
"min_diff": -6.546899999999994,
"std": 29.829732892328007,
"std_diff": 0.6029613396633595
},
"RR_wheel_speed": {
"max": 257.4558,
"max_diff": 6.0882000000000005,
"mean": 188.6240259858443,
"mean_diff": -0.03769241274658573,
"min": 140.6541,
"min_diff": -7.005600000000015,
"std": 29.99563118581086,
"std_diff": 0.6590972219520593
},
"left_solar": {
"max": 0,
"max_diff": 0.0,
"mean": 0.0,
"mean_diff": 0.0,
"min": 0,
"min_diff": 0.0,
"std": 0.0,
"std_diff": 0.0
},
"longitudinal_accel": {
"max": 1.6500000000000004,
"max_diff": 0.5999999999999996,
"mean": 0.6860465116279076,
"mean_diff": 0.0007081436519979761,
"min": -0.9000000000000004,
"min_diff": -0.5999999999999996,
"std": 0.6341797580187761,
"std_diff": 0.07045630809209516
},
"meanEffTorque": {
"max": 83.5,
"max_diff": 2.5,
"mean": 40.75455005055612,
"mean_diff": 0.042235710672736466,
"min": -27.0,
"min_diff": -3.0,
"std": 36.819841801368845,
"std_diff": 0.39516764794733883
},
"odom": {
"max": 120,
"max_diff": 80.0,
"mean": 62.151668351870576,
"mean_diff": 0.018209408194233688,
"min": 4,
"min_diff": -76.0,
"std": 34.78196204162926,
"std_diff": 18.768339127291426
},
"odom_speed": {
"max": 29.0,
"max_diff": 1.0,
"mean": 21.163801820020222,
"mean_diff": -0.004552352048558422,
"min": 16.0,
"min_diff": -1.0,
"std": 3.4602267214386493,
"std_diff": 0.12911713132736052
},
"pedal_cc": {
"max": 351.0,
"max_diff": 34.0,
"mean": 213.38725985844286,
"mean_diff": 0.17248356095093575,
"min": 0.0,
"min_diff": -44.0,
"std": 123.27944974527871,
"std_diff": 2.4755949000417377
},
"regen": {
"max": 54.0,
"max_diff": 1.0,
"mean": 6.665318503538928,
"mean_diff": -0.0025290844714213456,
"min": 0.0,
"min_diff": -5.0,
"std": 15.190972401136285,
"std_diff": 0.4189416021934057
},
"requestedTorqueAfterProc": {
"max": -272.5,
"max_diff": 115.5,
"mean": -320.89408493427703,
"mean_diff": -0.009104704097116844,
"min": -398.5,
"min_diff": -126.0,
"std": 29.59088723027221,
"std_diff": 4.834480151842235
},
"right_solar": {
"max": 0,
"max_diff": 0.0,
"mean": 0.0,
"mean_diff": 0.0,
"min": 0,
"min_diff": 0.0,
"std": 0.0,
"std_diff": 0.0
},
"steer_corrected": {
"max": 16.40000000000009,
"max_diff": 0.6999999999998181,
"mean": 1.4836198179981699,
"mean_diff": 0.0036418816388466453,
"min": -7.299999999999727,
"min_diff": -0.900000000000091,
"std": 4.589685389299778,
"std_diff": 0.10933601610125156
},
"steer_offset_can": {
"max": -13.300000000000182,
"max_diff": 0.0,
"mean": -13.30000000000018,
"mean_diff": 0.0,
"min": -13.300000000000182,
"min_diff": 0.0,
"std": 1.7763568394002505e-15,
"std_diff": 0.0
},
"steer_raw": {
"max": 3.099999999999909,
"max_diff": 0.6999999999998181,
"mean": -11.816380182002012,
"mean_diff": 0.0036418816388466453,
"min": -20.59999999999991,
"min_diff": -0.900000000000091,
"std": 4.589685389299778,
"std_diff": 0.10933601610125156
},
"transversal_accel": {
"max": -0.4480000000000075,
"max_diff": 0.0519999999999925,
"mean": -0.5324833164812945,
"mean_diff": -2.2255943348513477e-05,
"min": -0.5960000000000036,
"min_diff": -0.060000000000002274,
"std": 0.018460927358896234,
"std_diff": 0.006815103460238123
},
"utime": {
"max": 1538985560148634,
"max_diff": 29599.0,
"mean": 1538985550223972.5,
"mean_diff": 10040.04957005564,
"min": 1538985540299456,
"min_diff": 2.0,
"std": 5731336.30415341,
"std_diff": 1920.7263114644716
}
}
},
"ZoeSensors": {
"message_count": 19011,
"message_freq": 957.8094774822071,
"timespan": 19.848415,
"var_stats": {
"brake_sensor": {
"max": 0.205065056681633,
"max_diff": 0.00040969252586364746,
"mean": 0.1821786324438671,
"mean_diff": -9.731610532436542e-09,
"min": 0.18159176409244537,
"min_diff": -0.000850677490234375,
"std": 0.0029491146494512086,
"std_diff": 2.6538379801411762e-05
},
"steering_sensor": {
"max": 0.18983812630176544,
"max_diff": 0.00048051774501800537,
"mean": 0.18847074317917079,