{
"MS_IMU": {
"message_count": 1951,
"message_freq": 99.8666567704321,
"timespan": 19.53605,
"var_stats": {
"linear_accel": {
"max": 11.85910701751709,
"max_diff": 12.639431893825531,
"mean": 3.1101698905665147,
"mean_diff": 4.870751948853602,
"min": -2.2846405506134033,
"min_diff": -3.1870254278182983,
"std": 4.755949461929342,
"std_diff": 5.4539215998868595
},
"q": {
"max": 0.9815882444381714,
"max_diff": 0.7582173105329275,
"mean": 0.3246144546923333,
"mean_diff": -0.10101786326103367,
"min": -0.044939037412405014,
"min_diff": -0.9948704335838556,
"std": 0.3802965596491675,
"std_diff": 0.5782215513648821
},
"rotation_rate": {
"max": 0.2244540899991989,
"max_diff": 0.24295616522431374,
"mean": -0.01624553569029585,
"mean_diff": -0.022582716322172954,
"min": -0.4293294847011566,
"min_diff": -0.4336989806033671,
"std": 0.08912063733949258,
"std_diff": 0.11172687732934934
},
"utime": {
"max": 1542196419957339,
"max_diff": 34962.0,
"mean": 1542196410195356.0,
"mean_diff": 10018.48717948718,
"min": 1542196400421289,
"min_diff": 1979.0,
"std": 5646188.713143125,
"std_diff": 5521.999861030445
}
}
},
"POSE": {
"message_count": 970,
"message_freq": 49.64482200667953,
"timespan": 19.538795,
"var_stats": {
"accel": {
"max": 11.18964108425812,
"max_diff": 12.060881592248984,
"mean": 3.1094739459901124,
"mean_diff": 4.873900555385549,
"min": -2.1296555748660597,
"min_diff": -2.996469871852071,
"std": 4.750370610933031,
"std_diff": 5.438912312269245
},
"orientation": {
"max": 0.9999999842618574,
"max_diff": 0.9999999842618574,
"mean": 0.12633505094427927,
"mean_diff": 0.01346947974694678,
"min": -0.9999999999670569,
"min_diff": -0.9999999999670569,
"std": 0.4837762446657611,
"std_diff": 0.5771931275133826
},
"pos": {
"max": 1384.6898228762811,
"max_diff": -43.57416326912221,
"mean": 851.3920028075391,
"mean_diff": -665.8883051541228,
"min": 0.0,
"min_diff": -1256.3016402066926,
"std": 603.8693667861434,
"std_diff": 557.0577823135731
},
"rotation_rate": {
"max": 0.2244540899991989,
"max_diff": 0.2417630348354578,
"mean": -0.0160878256347026,
"mean_diff": -0.022348926971730198,
"min": -0.4288403391838074,
"min_diff": -0.4336989806033671,
"std": 0.08886469412712227,
"std_diff": 0.11140331605613557
},
"utime": {
"max": 1542196419950200,
"max_diff": 40311.0,
"mean": 1542196410187605.0,
"mean_diff": 20163.875128998967,
"min": 1542196400411405,
"min_diff": 12720.0,
"std": 5649178.521895485,
"std_diff": 1898.3253844135854
},
"vel": {
"max": 8.529392951461816,
"max_diff": 0.0,
"mean": 1.8910197029514144,
"mean_diff": -2.836529554427121,
"min": 0.0,
"min_diff": -8.529392951461816,
"std": 2.819129674113219,
"std_diff": 3.039617005723865
}
}
},
"SteerAngleFeedback": {
"message_count": 1922,
"message_freq": 98.33891149978915,
"timespan": 19.544654,
"var_stats": {
"utime": {
"max": 1542196419950243,
"max_diff": 30477.0,
"mean": 1542196410206631.0,
"mean_diff": 10174.208224882874,
"min": 1542196400405589,
"min_diff": 1721.0,
"std": 5649899.487578958,
"std_diff": 1522.2956999818605
},
"value": {
"max": 0.4625122517784973,
"max_diff": 0.04188790204786552,
"mean": -0.530947864899229,
"mean_diff": -0.00020260719583276322,
"min": -4.562290664713179,
"min_diff": -0.04537856055185863,
"std": 1.395887840626253,
"std_diff": 0.0103425483607375
}
}
},
"VEHICLE_MONITOR": {
"message_count": 40,
"message_freq": 2.0512455496304756,
"timespan": 19.500347,
"var_stats": {
"available_distance": {
"max": 140,
"max_diff": 0.0,
"mean": 140.0,
"mean_diff": 0.0,
"min": 140,
"min_diff": 0.0,
"std": 0.0,
"std_diff": 0.0
},
"battery_level": {
"max": 91,
"max_diff": 0.0,
"mean": 91.0,
"mean_diff": 0.0,
"min": 91,
"min_diff": 0.0,
"std": 0.0,
"std_diff": 0.0
},
"brake": {
"max": 2,
"max_diff": 2.0,
"mean": 0.05,
"mean_diff": 0.0,
"min": 0,
"min_diff": -2.0,
"std": 0.3122498999199199,
"std_diff": 0.4529108136578383
},
"brake_switch": {
"max": 2,
"max_diff": 1.0,
"mean": 1.05,
"mean_diff": 0.0,
"min": 1,
"min_diff": -1.0,
"std": 0.21794494717703372,
"std_diff": 0.32025630761017426
},
"gear_position": {
"max": 7,
"max_diff": 0.0,
"mean": 7.0,
"mean_diff": 0.0,
"min": 7,
"min_diff": 0.0,
"std": 0.0,
"std_diff": 0.0
},
"left_signal": {
"max": 0,
"max_diff": 0.0,
"mean": 0.0,
"mean_diff": 0.0,
"min": 0,
"min_diff": 0.0,
"std": 0.0,
"std_diff": 0.0
},
"rear_left_rpm": {
"max": 265.4622,
"max_diff": 15.887699999999995,
"mean": 178.94720999999998,
"mean_diff": -2.037953846153846,
"min": 100.24680000000001,
"min_diff": -16.38810000000001,
"std": 47.30835797045169,
"std_diff": 9.224016311999002
},
"rear_right_rpm": {
"max": 268.67310000000003,
"max_diff": 16.8468,
"mean": 176.8903575,
"mean_diff": -2.1202846153846164,
"min": 93.4914,
"min_diff": -17.722499999999997,
"std": 51.272092080516316,
"std_diff": 9.874333591679152
},
"right_signal": {
"max": 1,
"max_diff": 1.0,
"mean": 0.275,
"mean_diff": 0.0,
"min": 0,
"min_diff": -1.0,
"std": 0.44651427748729383,
"std_diff": 0.5547001962252291
},
"steering": {
"max": 26.5,
"max_diff": 64.59999999999991,
"mean": -29.722499999999922,
"mean_diff": -0.4717948717948741,
"min": -257.0,
"min_diff": -82.30000000000018,
"std": 79.68559621255274,
"std_diff": 27.773515780860677
},
"steering_speed": {
"max": 131.40000000000026,
"max_diff": 173.30000000000018,
"mean": -0.8349999999997408,
"mean_diff": 0.40769230769231,
"min": -139.49999999999983,
"min_diff": -57.80000000000018,
"std": 55.42510960746945,
"std_diff": 35.68611296817182
},
"throttle": {
"max": 306,
"max_diff": 120.0,
"mean": 95.65,
"mean_diff": 3.717948717948718,
"min": 0,
"min_diff": -162.0,
"std": 117.63939603721195,
"std_diff": 39.12828914196042
},
"utime": {
"max": 1542196420104512,
"max_diff": 503287.0,
"mean": 1542196410354397.2,
"mean_diff": 500008.89743589744,
"min": 1542196400604165,
"min_diff": 496528.0,
"std": 5771805.42760993,
"std_diff": 912.4865378668866
},
"vehicle_speed": {
"max": 30.55,
"max_diff": 1.7199999999999989,
"mean": 20.4435,
"mean_diff": -0.23871794871794869,
"min": 11.38,
"min_diff": -1.9500000000000028,
"std": 5.526310500686692,
"std_diff": 1.0458518292053622
},
"yaw_rate": {
"max": 3.900000000000034,
"max_diff": 5.800000000000011,
"mean": -2.9449999999999776,
"mean_diff": -0.08205128205128176,
"min": -24.69999999999999,
"min_diff": -7.5,
"std": 7.91962593813622,
"std_diff": 2.6374882957447743
}
}
},
"ZOE_VEH_INFO": {
"message_count": 1950,
"message_freq": 99.73388442356705,
"timespan": 19.552031,
"var_stats": {
"FL_wheel_speed": {
"max": 267.7557,
"max_diff": 5.379300000000001,
"mean": 179.79694907692308,
"mean_diff": -0.04146464853771163,
"min": 101.4144,
"min_diff": -7.964700000000022,
"std": 46.96789110975685,
"std_diff": 0.631702451817113
},
"FR_wheel_speed": {
"max": 271.05,
"max_diff": 4.670400000000001,
"mean": 177.47541384615386,
"mean_diff": -0.04351862493586455,
"min": 91.6149,
"min_diff": -4.420199999999994,
"std": 50.872459372439884,
"std_diff": 0.6153490784004716
},
"RL_wheel_speed": {
"max": 267.0468,
"max_diff": 4.878900000000016,
"mean": 178.5496913846154,
"mean_diff": -0.04195674704976911,
"min": 99.9966,
"min_diff": -3.9198000000000093,
"std": 47.43266559302309,
"std_diff": 0.6018226219010046
},
"RR_wheel_speed": {
"max": 271.2585,
"max_diff": 3.2942999999999927,
"mean": 176.40806492307692,
"mean_diff": -0.044117701385325815,
"min": 91.6149,
"min_diff": -4.211699999999979,
"std": 51.57287069002343,
"std_diff": 0.607872294004267
},
"left_solar": {
"max": 0,
"max_diff": 0.0,
"mean": 0.0,
"mean_diff": 0.0,
"min": 0,
"min_diff": 0.0,
"std": 0.0,
"std_diff": 0.0
},
"longitudinal_accel": {
"max": 1.6500000000000004,
"max_diff": 0.5999999999999996,
"mean": 0.07058974358974422,
"mean_diff": 0.0004874294510005127,
"min": -1.75,
"min_diff": -0.40000000000000036,
"std": 0.7711316432210893,
"std_diff": 0.06871255010423766
},
"meanEffTorque": {
"max": 93.0,
"max_diff": 3.5,
"mean": 12.082051282051282,
"mean_diff": 0.023858388917393534,
"min": -48.5,
"min_diff": -2.0,
"std": 49.48115088827401,
"std_diff": 0.4217293095411863
},
"odom": {
"max": 120,
"max_diff": 88.0,