{
"MS_IMU": {
"message_count": 1938,
"message_freq": 99.38413120551463,
"timespan": 19.500095,
"var_stats": {
"linear_accel": {
"max": 14.292277336120605,
"max_diff": 14.281933546066284,
"mean": 3.2113278175370112,
"mean_diff": 4.7402983868970745,
"min": -3.172377824783325,
"min_diff": -3.7636430263519287,
"std": 4.703327615639628,
"std_diff": 5.600707514412893
},
"q": {
"max": 0.8675951361656189,
"max_diff": 0.9845966957509518,
"mean": -0.08423616464856809,
"mean_diff": 0.43085984643234765,
"min": -0.975029468536377,
"min_diff": -0.019578856881707907,
"std": 0.49285320958418727,
"std_diff": 0.38791120123476003
},
"rotation_rate": {
"max": 0.10238764435052872,
"max_diff": 0.2057347074151039,
"mean": -0.027017521431263354,
"mean_diff": -0.04184706266823778,
"min": -0.4516068398952484,
"min_diff": -0.47161255963146687,
"std": 0.08407920484052286,
"std_diff": 0.10016277464659828
},
"utime": {
"max": 1533583277701484,
"max_diff": 39983.0,
"mean": 1533583267931386.0,
"mean_diff": 10067.163138874548,
"min": 1533583258201389,
"min_diff": 2364.0,
"std": 5636657.290925667,
"std_diff": 4204.516944480226
}
}
},
"POSE": {
"message_count": 969,
"message_freq": 49.69355895063819,
"timespan": 19.499509,
"var_stats": {
"accel": {
"max": 10.620306747916063,
"max_diff": 11.881001403858576,
"mean": 3.2036176634757765,
"mean_diff": 4.749730578191823,
"min": -3.1270878051506785,
"min_diff": -3.5010436021137203,
"std": 4.704756191646536,
"std_diff": 5.587410492930069
},
"orientation": {
"max": 0.9999989551963542,
"max_diff": 0.5462161843678172,
"mean": 0.29049619231024815,
"mean_diff": -0.21964961237071445,
"min": -0.2552061533090801,
"min_diff": -0.9999989551963542,
"std": 0.40695449653892185,
"std_diff": 0.5339357462454899
},
"pos": {
"max": 1717.50992829653,
"max_diff": -406.133790073156,
"mean": 977.3634600633359,
"mean_diff": -837.3780888559443,
"min": 0.0,
"min_diff": -1265.7698990323374,
"std": 711.8645750005859,
"std_diff": 420.1409158091335
},
"rotation_rate": {
"max": 0.10238764435052872,
"max_diff": 0.19047065451741219,
"mean": -0.027044877921724123,
"mean_diff": -0.04188133312368477,
"min": -0.4516068398952484,
"min_diff": -0.46461090445518494,
"std": 0.08415630997813145,
"std_diff": 0.1003770325877741
},
"utime": {
"max": 1533583277698253,
"max_diff": 40426.0,
"mean": 1533583267943625.5,
"mean_diff": 20144.120867768594,
"min": 1533583258198744,
"min_diff": 17050.0,
"std": 5646958.525072045,
"std_diff": 1769.254562077573
},
"vel": {
"max": 8.48547287148792,
"max_diff": 0.0,
"mean": 1.119937728106627,
"mean_diff": -1.6799065921599405,
"min": 0.0,
"min_diff": -8.48547287148792,
"std": 2.346911913249575,
"std_diff": 2.7057897011227046
}
}
},
"SteerAngleFeedback": {
"message_count": 1910,
"message_freq": 97.88856918789696,
"timespan": 19.511982,
"var_stats": {
"utime": {
"max": 1533583277707484,
"max_diff": 30701.0,
"mean": 1533583267922168.2,
"mean_diff": 10221.048716605552,
"min": 1533583258195502,
"min_diff": 4493.0,
"std": 5635665.003069689,
"std_diff": 1702.7873725999016
},
"value": {
"max": 1.6633707526625636,
"max_diff": 0.05235987755982974,
"mean": -0.9024560563932728,
"mean_diff": 5.302729000296801e-05,
"min": -4.338816544945937,
"min_diff": -0.06457718232379495,
"std": 1.3188125338042385,
"std_diff": 0.013323940505678764
}
}
},
"VEHICLE_MONITOR": {
"message_count": 40,
"message_freq": 2.0513991388328985,
"timespan": 19.498887,
"var_stats": {
"available_distance": {
"max": 26,
"max_diff": 0.0,
"mean": 26.0,
"mean_diff": 0.0,
"min": 26,
"min_diff": 0.0,
"std": 0.0,
"std_diff": 0.0
},
"battery_level": {
"max": 44,
"max_diff": 0.0,
"mean": 43.75,
"mean_diff": -0.02564102564102564,
"min": 43,
"min_diff": -1.0,
"std": 0.4330127018922193,
"std_diff": 0.15806189751202507
},
"brake": {
"max": 22,
"max_diff": 3.0,
"mean": 2.35,
"mean_diff": -0.5641025641025641,
"min": 0,
"min_diff": -9.0,
"std": 4.829855070289376,
"std_diff": 1.9844894944501896
},
"brake_switch": {
"max": 4,
"max_diff": 0.0,
"mean": 1.75,
"mean_diff": -0.07692307692307693,
"min": 1,
"min_diff": -3.0,
"std": 1.299038105676658,
"std_diff": 0.4741856925360751
},
"gear_position": {
"max": 7,
"max_diff": 0.0,
"mean": 7.0,
"mean_diff": 0.0,
"min": 7,
"min_diff": 0.0,
"std": 0.0,
"std_diff": 0.0
},
"left_signal": {
"max": 0,
"max_diff": 0.0,
"mean": 0.0,
"mean_diff": 0.0,
"min": 0,
"min_diff": 0.0,
"std": 0.0,
"std_diff": 0.0
},
"rear_left_rpm": {
"max": 268.67310000000003,
"max_diff": 22.434600000000003,
"mean": 110.10155250000003,
"mean_diff": 4.883176923076923,
"min": 0.0,
"min_diff": -37.1547,
"std": 96.69318022929019,
"std_diff": 11.716962911040481
},
"rear_right_rpm": {
"max": 271.9674,
"max_diff": 24.311100000000003,
"mean": 108.376215,
"mean_diff": 5.014692307692307,
"min": 0.0,
"min_diff": -37.57170000000001,
"std": 97.40432976751997,
"std_diff": 12.259286169108488
},
"right_signal": {
"max": 1,
"max_diff": 1.0,
"mean": 0.275,
"mean_diff": -0.02564102564102564,
"min": 0,
"min_diff": -1.0,
"std": 0.44651427748729383,
"std_diff": 0.5767806091898459
},
"steering": {
"max": 93.70000000000027,
"max_diff": 94.09999999999991,
"mean": -49.604999999999826,
"mean_diff": 0.1512820512820536,
"min": -247.79999999999973,
"min_diff": -98.09999999999991,
"std": 74.67037213647725,
"std_diff": 33.5456281059546
},
"steering_speed": {
"max": 151.40000000000026,
"max_diff": 171.29999999999973,
"mean": 3.8875000000002573,
"mean_diff": 0.1000000000000016,
"min": -195.29999999999956,
"min_diff": -151.4000000000001,
"std": 62.22915790648302,
"std_diff": 67.02465677185234
},
"throttle": {
"max": 356,
"max_diff": 241.0,
"mean": 141.525,
"mean_diff": 3.1538461538461537,
"min": 0,
"min_diff": -106.0,
"std": 137.45344439118287,
"std_diff": 65.64962884326447
},
"utime": {
"max": 1533583277796131,
"max_diff": 500781.0,
"mean": 1533583268046624.5,
"mean_diff": 499971.46153846156,
"min": 1533583258297244,
"min_diff": 499259.0,
"std": 5771522.130712504,
"std_diff": 302.06773278087275
},
"vehicle_speed": {
"max": 30.54,
"max_diff": 2.7500000000000004,
"mean": 12.418249999999999,
"mean_diff": 0.5379487179487179,
"min": 0.0,
"min_diff": -4.49,
"std": 10.93872224885064,
"std_diff": 1.382226333997364
},
"yaw_rate": {
"max": 4.000000000000028,
"max_diff": 6.399999999999977,
"mean": -4.8324999999999765,
"mean_diff": 0.01282051282051282,
"min": -24.599999999999966,
"min_diff": -10.400000000000006,
"std": 7.234064815164431,
"std_diff": 2.800108009563246
}
}
},
"ZOE_VEH_INFO": {
"message_count": 1939,
"message_freq": 99.44406714849086,
"timespan": 19.498398,
"var_stats": {
"FL_wheel_speed": {
"max": 269.382,
"max_diff": 12.134699999999981,
"mean": 108.34829922640536,
"mean_diff": 0.09437368421052632,
"min": 0.0,
"min_diff": -13.302300000000002,
"std": 96.12212192414567,
"std_diff": 0.6978656188923031
},
"FR_wheel_speed": {
"max": 268.2144,
"max_diff": 6.296699999999987,
"mean": 104.58792269210933,
"mean_diff": 0.094502786377709,
"min": 0.0,
"min_diff": -3.5028,
"std": 94.8459424499369,
"std_diff": 0.5371154333026809
},
"RL_wheel_speed": {
"max": 268.9233,
"max_diff": 12.635099999999994,
"mean": 107.21497968024757,
"mean_diff": 0.09355603715170278,
"min": 0.0,
"min_diff": -24.769800000000032,
"std": 95.59166966404892,
"std_diff": 0.9129012236974267
},
"RR_wheel_speed": {
"max": 273.3852,
"max_diff": 14.720100000000002,
"mean": 105.3524370293966,
"mean_diff": 0.09583684210526316,
"min": 0.0,
"min_diff": -14.511600000000016,
"std": 96.13234530550874,
"std_diff": 0.761614567533062
},
"left_solar": {
"max": 0,
"max_diff": 0.0,
"mean": 0.0,
"mean_diff": 0.0,
"min": 0,
"min_diff": 0.0,
"std": 0.0,
"std_diff": 0.0
},
"longitudinal_accel": {
"max": 1.75,
"max_diff": 1.3499999999999996,
"mean": 0.21289324394017609,
"mean_diff": 0.001625386996904025,
"min": -3.25,
"min_diff": -1.1999999999999993,
"std": 0.8360519183403908,
"std_diff": 0.071427216669817
},
"meanEffTorque": {
"max": 107.0,
"max_diff": 3.0,
"mean": 34.167354306343476,
"mean_diff": 0.034055727554179564,
"min": -58.0,
"min_diff": -3.0,
"std": 38.02089449932666,