{
"MS_IMU": {
"message_count": 1944,
"message_freq": 99.56555308434262,
"timespan": 19.524825,
"var_stats": {
"linear_accel": {
"max": 12.811750411987305,
"max_diff": 13.514278531074524,
"mean": 3.034707533185624,
"mean_diff": 5.114816615262135,
"min": -2.2682204246520996,
"min_diff": -2.329470157623291,
"std": 4.806023695967033,
"std_diff": 4.921574384380077
},
"q": {
"max": 0.02271950989961624,
"max_diff": 0.9292672947049141,
"mean": -0.32976038391826756,
"mean_diff": 0.15919774072180887,
"min": -0.9068005084991455,
"min_diff": -0.44243377447128296,
"std": 0.3758431937439278,
"std_diff": 0.5612145146291966
},
"rotation_rate": {
"max": 0.28964442014694214,
"max_diff": 0.36493994295597076,
"mean": -0.0004897233583448163,
"mean_diff": 0.00045002863188821953,
"min": -0.26678770780563354,
"min_diff": -0.2798156477510929,
"std": 0.035587068732724124,
"std_diff": 0.060599939367041826
},
"utime": {
"max": 1542799601947746,
"max_diff": 35003.0,
"mean": 1542799592208415.5,
"mean_diff": 10048.803396809059,
"min": 1542799582422921,
"min_diff": 1860.0,
"std": 5642886.173138399,
"std_diff": 5623.670061977249
}
}
},
"POSE": {
"message_count": 975,
"message_freq": 49.86105386323445,
"timespan": 19.55434,
"var_stats": {
"accel": {
"max": 11.678672446754634,
"max_diff": 12.117648990483104,
"mean": 3.035037990100489,
"mean_diff": 5.1163617839992686,
"min": -2.077102467620054,
"min_diff": -1.9964230152017879,
"std": 4.798737309597904,
"std_diff": 4.906671300278375
},
"orientation": {
"max": 0.9429908954640868,
"max_diff": 0.9429908954640868,
"mean": 0.3198687775307157,
"mean_diff": 0.2008117776102433,
"min": 0.0,
"min_diff": -0.34495733116109795,
"std": 0.3842967150015799,
"std_diff": 0.5413020998539979
},
"pos": {
"max": 2792.6009404607976,
"max_diff": 1575.4597258626775,
"mean": 1337.6665856421125,
"mean_diff": -618.3982222841671,
"min": 0.0,
"min_diff": -2792.6009404607976,
"std": 1135.7184413130917,
"std_diff": 2157.9866901946657
},
"rotation_rate": {
"max": 0.2889399230480194,
"max_diff": 0.36339133977890015,
"mean": -0.0004474980472937785,
"mean_diff": 0.0005232177621464401,
"min": -0.26678770780563354,
"min_diff": -0.277242386713624,
"std": 0.035235632222189665,
"std_diff": 0.06014188585260914
},
"utime": {
"max": 1542799601953384,
"max_diff": 39889.0,
"mean": 1542799592186789.8,
"mean_diff": 20076.324435318274,
"min": 1542799582399044,
"min_diff": 15077.0,
"std": 5647967.560969663,
"std_diff": 1380.2380026731037
},
"vel": {
"max": 8.489543465958187,
"max_diff": 0.0,
"mean": 1.3801642086777648,
"mean_diff": -2.070246313016647,
"min": 0.0,
"min_diff": -8.489543465958187,
"std": 2.56517885245027,
"std_diff": 2.9054386734881854
}
}
},
"SteerAngleFeedback": {
"message_count": 1921,
"message_freq": 98.23529321521916,
"timespan": 19.55509,
"var_stats": {
"utime": {
"max": 1542799601956516,
"max_diff": 29944.0,
"mean": 1542799592188849.2,
"mean_diff": 10184.942708333334,
"min": 1542799582401426,
"min_diff": 5890.0,
"std": 5651513.687966582,
"std_diff": 1496.7906440562529
},
"value": {
"max": 0.12391837689160375,
"max_diff": 0.008726646259971646,
"mean": -0.004544579343295341,
"mean_diff": -1.9089538693691295e-05,
"min": -0.07155849933176592,
"min_diff": -0.0052359877559861635,
"std": 0.049574800510731695,
"std_diff": 0.0013143011517024112
}
}
},
"VEHICLE_MONITOR": {
"message_count": 40,
"message_freq": 2.051332335223397,
"timespan": 19.499522,
"var_stats": null
},
"ZOE_VEH_INFO": {
"message_count": 1948,
"message_freq": 99.59854322303238,
"timespan": 19.558519,
"var_stats": {
"FL_wheel_speed": {
"max": 269.382,
"max_diff": 7.214100000000002,
"mean": 129.52431006160162,
"mean_diff": -0.12201587057010786,
"min": 0.0,
"min_diff": -6.046500000000009,
"std": 91.10321682897572,
"std_diff": 0.6908316460277163
},
"FR_wheel_speed": {
"max": 268.67310000000003,
"max_diff": 3.753,
"mean": 129.37386468172485,
"mean_diff": -0.12214437596302004,
"min": 0.0,
"min_diff": -3.5028,
"std": 90.98944369035755,
"std_diff": 0.5906563616331475
},
"RL_wheel_speed": {
"max": 268.67310000000003,
"max_diff": 5.129099999999994,
"mean": 129.15622407597536,
"mean_diff": -0.12180169491525425,
"min": 0.0,
"min_diff": -6.338399999999979,
"std": 90.92913100739707,
"std_diff": 0.7067441426617196
},
"RR_wheel_speed": {
"max": 268.4646,
"max_diff": 5.837999999999994,
"mean": 129.12253013347024,
"mean_diff": -0.12180169491525426,
"min": 0.0,
"min_diff": -5.629499999999979,
"std": 90.93891265620564,
"std_diff": 0.6861581551508545
},
"left_solar": {
"max": 0,
"max_diff": 0.0,
"mean": 0.0,
"mean_diff": 0.0,
"min": 0,
"min_diff": 0.0,
"std": 0.0,
"std_diff": 0.0
},
"longitudinal_accel": {
"max": 1.8500000000000014,
"max_diff": 0.75,
"mean": -0.35308008213552305,
"mean_diff": 7.704160246533055e-05,
"min": -2.1499999999999995,
"min_diff": -0.45000000000000107,
"std": 0.9328525173085315,
"std_diff": 0.0754118581739019
},
"meanEffTorque": {
"max": 103.5,
"max_diff": 5.5,
"mean": -10.773870636550308,
"mean_diff": 0.005906522855675398,
"min": -93.5,
"min_diff": -4.0,
"std": 50.28809781994909,
"std_diff": 0.666608398193378
},
"odom": {
"max": 120,
"max_diff": 84.0,
"mean": 54.98151950718686,
"mean_diff": -0.008217770929635337,
"min": 0,
"min_diff": -112.0,
"std": 31.528574233124534,
"std_diff": 15.564169876097838
},
"odom_speed": {
"max": 30.0,
"max_diff": 1.0,
"mean": 14.507700205338809,
"mean_diff": -0.01386748844375963,
"min": 0.0,
"min_diff": -1.0,
"std": 10.279734366872018,
"std_diff": 0.16750009055186704
},
"pedal_cc": {
"max": 421.0,
"max_diff": 26.0,
"mean": 51.974845995893226,
"mean_diff": -0.05290190035952748,
"min": 0.0,
"min_diff": -32.0,
"std": 121.38535495716482,
"std_diff": 2.536791536887596
},
"regen": {
"max": 57.0,
"max_diff": 1.0,
"mean": 24.269507186858316,
"mean_diff": 0.0,
"min": 0.0,
"min_diff": -5.0,
"std": 24.600561636204233,
"std_diff": 0.44525691873058243
},
"requestedTorqueAfterProc": {
"max": -272.5,
"max_diff": 121.5,
"mean": -318.6452772073922,
"mean_diff": 0.008217770929635337,
"min": -398.5,
"min_diff": -126.0,
"std": 44.58172816198114,
"std_diff": 5.6310948155403215
},
"right_solar": {
"max": 0,
"max_diff": 0.0,
"mean": 0.0,
"mean_diff": 0.0,
"min": 0,
"min_diff": 0.0,
"std": 0.0,
"std_diff": 0.0
},
"steer_corrected": {
"max": 7.100000000000364,
"max_diff": 0.5,
"mean": -0.266581108829409,
"mean_diff": -0.001027221366204417,
"min": -4.099999999999909,
"min_diff": -0.3000000000001819,
"std": 2.8322354626161803,
"std_diff": 0.07467768632435032
},
"steer_offset_can": {
"max": -13.300000000000182,
"max_diff": 0.0,
"mean": -13.300000000000182,
"mean_diff": 0.0,
"min": -13.300000000000182,
"min_diff": 0.0,
"std": 0.0,
"std_diff": 0.0
},
"steer_raw": {
"max": -6.199999999999818,
"max_diff": 0.5,
"mean": -13.56658110882959,
"mean_diff": -0.001027221366204417,
"min": -17.40000000000009,
"min_diff": -0.3000000000001819,
"std": 2.83223546261618,
"std_diff": 0.07467768632435032
},
"transversal_accel": {
"max": -0.41200000000000614,
"max_diff": 0.04800000000000182,
"mean": -0.5221498973305948,
"mean_diff": -2.0544427324084255e-05,
"min": -0.5999999999999943,
"min_diff": -0.04400000000001114,
"std": 0.023997649503948403,
"std_diff": 0.0060553506764301004
},
"utime": {
"max": 1542799601957664,
"max_diff": 22952.0,
"mean": 1542799592189637.2,
"mean_diff": 10045.464304057525,
"min": 1542799582399145,
"min_diff": 212.0,
"std": 5651951.932811528,
"std_diff": 1710.164924792133
}
}
},
"ZoeSensors": {
"message_count": 18828,
"message_freq": 963.102552927672,
"timespan": 19.54932,
"var_stats": {
"brake_sensor": {
"max": 0.375649631023407,
"max_diff": 0.0009021610021591187,
"mean": 0.27944951278513874,
"mean_diff": 2.1134669841390094e-06,
"min": 0.1897682398557663,
"min_diff": -0.0030063092708587646,
"std": 0.06809079542852771,
"std_diff": 0.00014741403458955473
},
"steering_sensor": {
"max": 0.190775528550148,
"max_diff": 0.0003584176301956177,
"mean": 0.18878828946026946,
"mean_diff": -3.76585355926739e-09,
"min": 0.18761274218559265,
"min_diff": -0.0004923343658447266,
"std": 0.000506409121355756,