{
"MS_IMU": {
"message_count": 1968,
"message_freq": 99.44230451477158,
"timespan": 19.79037,
"var_stats": {
"linear_accel": {
"max": 10.795019149780273,
"max_diff": 12.479289770126343,
"mean": 2.876480712149372,
"mean_diff": 4.981317758953352,
"min": -2.4386279582977295,
"min_diff": -3.0238895416259766,
"std": 4.903769777614115,
"std_diff": 5.728258035833512
},
"q": {
"max": 0.5009396076202393,
"max_diff": 0.5076113138347864,
"mean": -0.24904607493966177,
"mean_diff": -0.2675493203229614,
"min": -0.9999759197235107,
"min_diff": -0.9964949386194348,
"std": 0.4335620716308572,
"std_diff": 0.5229655311643053
},
"rotation_rate": {
"max": 0.07412649691104889,
"max_diff": 0.06789092300459743,
"mean": -0.03307502241227559,
"mean_diff": -0.05149336478584687,
"min": -0.4000207483768463,
"min_diff": -0.424307007342577,
"std": 0.09265880180235628,
"std_diff": 0.11388235173967994
},
"utime": {
"max": 1537932339193809,
"max_diff": 24056.0,
"mean": 1537932329307862.2,
"mean_diff": 10061.194712760549,
"min": 1537932319403439,
"min_diff": 1978.0,
"std": 5710087.4611583175,
"std_diff": 4099.734832921138
}
}
},
"POSE": {
"message_count": 983,
"message_freq": 49.64650476485234,
"timespan": 19.799984,
"var_stats": {
"accel": {
"max": 10.139395985671648,
"max_diff": 12.082733837527638,
"mean": 2.8733968742396634,
"mean_diff": 4.986635369376432,
"min": -2.1935998579995433,
"min_diff": -2.9125750017078347,
"std": 4.903295013960241,
"std_diff": 5.7195717050447366
},
"orientation": {
"max": 0.970442562247126,
"max_diff": 0.0,
"mean": -0.035265929541503045,
"mean_diff": -0.4277543069307486,
"min": -0.9612728456009996,
"min_diff": -0.970442562247126,
"std": 0.4987547635998815,
"std_diff": 0.38776228057345674
},
"pos": {
"max": 1410.855056345683,
"max_diff": 522.3369899032828,
"mean": 762.3321641479727,
"mean_diff": -455.0656680201813,
"min": 0.0,
"min_diff": -1410.855056345683,
"std": 571.8394149204709,
"std_diff": 921.987679665138
},
"rotation_rate": {
"max": 0.07343585044145584,
"max_diff": 0.06703497748821974,
"mean": -0.03279703212458194,
"mean_diff": -0.05114324853315522,
"min": -0.39973539113998413,
"min_diff": -0.424307007342577,
"std": 0.09224178478350283,
"std_diff": 0.11333142805416373
},
"utime": {
"max": 1537932339209705,
"max_diff": 41077.0,
"mean": 1537932329318161.0,
"mean_diff": 20162.91649694501,
"min": 1537932319409721,
"min_diff": 16914.0,
"std": 5722695.452221714,
"std_diff": 1896.5612716119563
},
"vel": {
"max": 7.1488948180271406,
"max_diff": 0.0,
"mean": 1.282244523989204,
"mean_diff": -1.923366785983806,
"min": 0.0,
"min_diff": -7.1488948180271406,
"std": 2.3122078104995474,
"std_diff": 2.6050612610699666
}
}
},
"SteerAngleFeedback": {
"message_count": 1939,
"message_freq": 97.95678019549325,
"timespan": 19.794444,
"var_stats": {
"utime": {
"max": 1537932339199145,
"max_diff": 30340.0,
"mean": 1537932329262777.2,
"mean_diff": 10213.851393188854,
"min": 1537932319404701,
"min_diff": 4213.0,
"std": 5723292.869802294,
"std_diff": 1706.2199684094646
},
"value": {
"max": 1.4014993893514498,
"max_diff": 0.045378560551850855,
"mean": -0.4344753690858074,
"mean_diff": 0.00024766023957607846,
"min": -2.9984756549262532,
"min_diff": -0.03316125578789375,
"std": 1.4131061899376038,
"std_diff": 0.006896140129118633
}
}
},
"VEHICLE_MONITOR": {
"message_count": 38,
"message_freq": 1.9000242253088726,
"timespan": 19.999745,
"var_stats": null
},
"ZOE_VEH_INFO": {
"message_count": 1972,
"message_freq": 99.5634053794734,
"timespan": 19.806474,
"var_stats": {
"FL_wheel_speed": {
"max": 226.848,
"max_diff": 8.8821,
"mean": 123.55191921906693,
"mean_diff": -0.06353378995433788,
"min": 0.0,
"min_diff": -3.5028,
"std": 79.75302434382337,
"std_diff": 0.5976606271546862
},
"FR_wheel_speed": {
"max": 224.9715,
"max_diff": 5.6295,
"mean": 118.64893387423936,
"mean_diff": -0.06188356164383561,
"min": 0.0,
"min_diff": -3.5028,
"std": 76.73992091897381,
"std_diff": 0.5466162610162691
},
"RL_wheel_speed": {
"max": 225.4719,
"max_diff": 6.546900000000001,
"mean": 122.62441140973633,
"mean_diff": -0.06294140030441402,
"min": 0.0,
"min_diff": -3.7112999999999943,
"std": 79.29091064984173,
"std_diff": 0.5588351125371701
},
"RR_wheel_speed": {
"max": 223.8039,
"max_diff": 5.1291,
"mean": 117.92447038539554,
"mean_diff": -0.06162968036529683,
"min": 0.0,
"min_diff": -3.5028,
"std": 76.41570370618153,
"std_diff": 0.5525186948099675
},
"left_solar": {
"max": 32,
"max_diff": 144.0,
"mean": -70.83975659229209,
"mean_diff": 0.056823947234906136,
"min": -112,
"min_diff": -144.0,
"std": 53.757028707302176,
"std_diff": 11.870979748175289
},
"longitudinal_accel": {
"max": 2.700000000000001,
"max_diff": 0.3000000000000007,
"mean": -0.21146044624746393,
"mean_diff": 0.001116184677828513,
"min": -1.4000000000000004,
"min_diff": -0.34999999999999964,
"std": 0.8670571084816523,
"std_diff": 0.05283703823734793
},
"meanEffTorque": {
"max": 171.0,
"max_diff": 7.0,
"mean": 3.160496957403651,
"mean_diff": 0.06798579401319127,
"min": -62.0,
"min_diff": -3.5,
"std": 50.50622264351713,
"std_diff": 0.6826062150694663
},
"odom": {
"max": 120,
"max_diff": 72.0,
"mean": 50.95943204868154,
"mean_diff": 0.0060882800608828,
"min": 0,
"min_diff": -116.0,
"std": 39.34138793364547,
"std_diff": 15.916319845140247
},
"odom_speed": {
"max": 25.0,
"max_diff": 1.0,
"mean": 13.425456389452332,
"mean_diff": -0.0076103500761035,
"min": 0.0,
"min_diff": -1.0,
"std": 8.819696117157942,
"std_diff": 0.14402675485155084
},
"pedal_cc": {
"max": 582.0,
"max_diff": 113.0,
"mean": 83.37474645030426,
"mean_diff": 0.18822932521562658,
"min": 0.0,
"min_diff": -137.0,
"std": 146.0002918638425,
"std_diff": 5.7479251730692305
},
"regen": {
"max": 51.0,
"max_diff": 1.0,
"mean": 13.705882352941176,
"mean_diff": 0.0,
"min": 0.0,
"min_diff": -2.0,
"std": 18.089049108492276,
"std_diff": 0.3701166050988026
},
"requestedTorqueAfterProc": {
"max": -272.5,
"max_diff": 126.0,
"mean": -345.2084178498986,
"mean_diff": -0.0010147133434804667,
"min": -398.5,
"min_diff": -126.0,
"std": 45.565326241660685,
"std_diff": 8.5532918580282
},
"right_solar": {
"max": 100,
"max_diff": 206.0,
"mean": 63.29918864097363,
"mean_diff": 0.0030441400304414,
"min": -106,
"min_diff": -206.0,
"std": 61.80868982006277,
"std_diff": 10.378625679589613
},
"steer_corrected": {
"max": 80.30000000000018,
"max_diff": 1.900000000000091,
"mean": -24.67631845841767,
"mean_diff": 0.01390157280568244,
"min": -171.79999999999973,
"min_diff": -1.1000000000003638,
"std": 80.8212300651595,
"std_diff": 0.40427641539321546
},
"steer_offset_can": {
"max": -13.800000000000182,
"max_diff": 0.0,
"mean": -13.800000000000182,
"mean_diff": 0.0,
"min": -13.800000000000182,
"min_diff": 0.0,
"std": 0.0,
"std_diff": 0.0
},
"steer_raw": {
"max": 66.5,
"max_diff": 1.900000000000091,
"mean": -38.47631845841784,
"mean_diff": 0.01390157280568244,
"min": -185.5999999999999,
"min_diff": -1.1000000000003638,
"std": 80.8212300651595,
"std_diff": 0.40427641539321546
},
"transversal_accel": {
"max": -0.4919999999999902,
"max_diff": 0.02800000000002001,
"mean": -0.5920243407707919,
"mean_diff": 2.0294266869605298e-05,
"min": -0.7560000000000002,
"min_diff": -0.040000000000020464,
"std": 0.06148559269741304,
"std_diff": 0.005444763831963536
},
"utime": {
"max": 1537932339207744,
"max_diff": 29717.0,
"mean": 1537932329287438.0,
"mean_diff": 10048.946727549468,
"min": 1537932319401270,
"min_diff": 1.0,
"std": 5724721.171825791,
"std_diff": 1949.0551949394724
}
}
},
"ZoeSensors": {
"message_count": 18928,
"message_freq": 955.4877394385742,
"timespan": 19.809778,
"var_stats": {
"brake_sensor": {
"max": 0.18434342741966248,
"max_diff": 4.239380359649658e-05,
"mean": 0.18332702371300477,
"mean_diff": 4.0881158987252784e-08,
"min": 0.1825035661458969,
"min_diff": -3.941357135772705e-05,
"std": 0.0003851582889708246,
"std_diff": 6.729029831580679e-06
},
"steering_sensor": {
"max": 0.19118909537792206,
"max_diff": 0.0006735175848007202,
"mean": 0.18884218248931514,
"mean_diff": 1.6856018447734894e-08,