{
"MS_IMU": {
"message_count": 1989,
"message_freq": 100.06827181742396,
"timespan": 19.87643,
"var_stats": {
"linear_accel": {
"max": 10.64250659942627,
"max_diff": 11.17738163471222,
"mean": 3.0152853718836106,
"mean_diff": 5.277757243566248,
"min": -2.8245468139648438,
"min_diff": -1.4362678974866867,
"std": 4.836368614547587,
"std_diff": 4.535561835332248
},
"q": {
"max": 0.9992840886116028,
"max_diff": 1.0024107489734888,
"mean": 0.1920994350553287,
"mean_diff": 0.38241349480020537,
"min": -0.24748440086841583,
"min_diff": -0.20900950580835342,
"std": 0.46162519835436694,
"std_diff": 0.4398575700150779
},
"rotation_rate": {
"max": 0.3692341148853302,
"max_diff": 0.42636970430612564,
"mean": 0.011952506425747337,
"mean_diff": 0.022160725450890716,
"min": -0.08242158591747284,
"min_diff": -0.08519637305289507,
"std": 0.06301976410784126,
"std_diff": 0.08047552951717647
},
"utime": {
"max": 1538034063696763,
"max_diff": 25024.0,
"mean": 1538034053748857.5,
"mean_diff": 9998.204225352112,
"min": 1538034043820333,
"min_diff": 1601.0,
"std": 5741991.344059498,
"std_diff": 5299.884514472245
}
}
},
"POSE": {
"message_count": 996,
"message_freq": 50.052215617105375,
"timespan": 19.899219,
"var_stats": {
"accel": {
"max": 10.326231928298263,
"max_diff": 10.659405022731216,
"mean": 3.0134815768656518,
"mean_diff": 5.279902790042051,
"min": -2.687278822645993,
"min_diff": -1.2843256761640776,
"std": 4.834661020266381,
"std_diff": 4.527536208808587
},
"orientation": {
"max": 0.8581779028908176,
"max_diff": 0.0,
"mean": 0.05880838048602937,
"mean_diff": -0.46047384596808666,
"min": -0.8185556088415711,
"min_diff": -0.8581779028908176,
"std": 0.49652953022414525,
"std_diff": 0.34827743325213034
},
"pos": {
"max": 2489.169618594984,
"max_diff": -379.3629054231319,
"mean": 1493.23508202323,
"mean_diff": -1234.2382877575587,
"min": 0.0,
"min_diff": -2074.2911140980373,
"std": 1072.4863988063973,
"std_diff": 778.2375047028612
},
"rotation_rate": {
"max": 0.36867815256118774,
"max_diff": 0.42636970430612564,
"mean": 0.011935320504748066,
"mean_diff": 0.022110300365741305,
"min": -0.08048554509878159,
"min_diff": -0.08321513235569,
"std": 0.06297394899323656,
"std_diff": 0.0804229192169773
},
"utime": {
"max": 1538034063711531,
"max_diff": 25506.0,
"mean": 1538034053761966.2,
"mean_diff": 19999.215075376884,
"min": 1538034043812312,
"min_diff": 14035.0,
"std": 5750181.445202228,
"std_diff": 534.9055765769647
},
"vel": {
"max": 8.721970953658465,
"max_diff": 0.0,
"mean": 1.9755344779815622,
"mean_diff": -2.9633017169723432,
"min": 0.0,
"min_diff": -8.721970953658465,
"std": 3.1711716822329983,
"std_diff": 3.486752414787188
}
}
},
"SteerAngleFeedback": {
"message_count": 1971,
"message_freq": 99.02505786133105,
"timespan": 19.904053,
"var_stats": {
"utime": {
"max": 1538034063702975,
"max_diff": 20831.0,
"mean": 1538034053757777.8,
"mean_diff": 10103.580203045685,
"min": 1538034043798922,
"min_diff": 4255.0,
"std": 5746067.186998018,
"std_diff": 1179.5317030463102
},
"value": {
"max": 2.705260340591211,
"max_diff": 0.04363323129985819,
"mean": 0.31443111522217354,
"mean_diff": -9.391111711238435e-05,
"min": -0.18849555921539077,
"min_diff": -0.029670597283908418,
"std": 0.7114224117172618,
"std_diff": 0.007083592815956668
}
}
},
"VEHICLE_MONITOR": {
"message_count": 0,
"message_freq": NaN,
"timespan": NaN,
"var_stats": null
},
"ZOE_VEH_INFO": {
"message_count": 1989,
"message_freq": 99.94919123817954,
"timespan": 19.900111,
"var_stats": {
"FL_wheel_speed": {
"max": 276.6378,
"max_diff": 2.5854000000000212,
"mean": 185.58252699849172,
"mean_diff": -0.09671966800804828,
"min": 3.5028,
"min_diff": -2.793900000000008,
"std": 82.82073754883504,
"std_diff": 0.5985281785880039
},
"FR_wheel_speed": {
"max": 276.4293,
"max_diff": 2.335199999999986,
"mean": 187.25568446455506,
"mean_diff": -0.09720211267605634,
"min": 3.5028,
"min_diff": -2.585400000000007,
"std": 82.66482321809482,
"std_diff": 0.5585631014265213
},
"RL_wheel_speed": {
"max": 276.1791,
"max_diff": 3.9615,
"mean": 185.06524992458523,
"mean_diff": -0.09661478873239436,
"min": 0.0,
"min_diff": -3.5028,
"std": 82.91724213107298,
"std_diff": 0.6173164714619517
},
"RR_wheel_speed": {
"max": 276.6378,
"max_diff": 4.2117,
"mean": 186.98814615384615,
"mean_diff": -0.09661478873239436,
"min": 0.0,
"min_diff": -3.5028,
"std": 82.8300514126848,
"std_diff": 0.607040393664083
},
"left_solar": {
"max": 32,
"max_diff": 144.0,
"mean": -14.994469582704877,
"mean_diff": -0.01609657947686117,
"min": -112,
"min_diff": -144.0,
"std": 45.30194181500235,
"std_diff": 10.034936078888226
},
"longitudinal_accel": {
"max": 1.450000000000001,
"max_diff": 0.3000000000000007,
"mean": -0.7300904977375562,
"mean_diff": 0.0005533199195171025,
"min": -2.6999999999999993,
"min_diff": -0.3000000000000007,
"std": 0.9666566764216715,
"std_diff": 0.06086396476806282
},
"meanEffTorque": {
"max": 86.0,
"max_diff": 4.0,
"mean": -26.4017094017094,
"mean_diff": 0.03219315895372234,
"min": -117.0,
"min_diff": -3.5,
"std": 47.036067770234474,
"std_diff": 0.580943015827987
},
"odom": {
"max": 124,
"max_diff": 84.0,
"mean": 67.12116641528407,
"mean_diff": -0.018108651911468814,
"min": 0,
"min_diff": -112.0,
"std": 37.20263563224897,
"std_diff": 16.522884381790902
},
"odom_speed": {
"max": 31.0,
"max_diff": 1.0,
"mean": 20.868778280542987,
"mean_diff": -0.011066398390342052,
"min": 0.0,
"min_diff": -1.0,
"std": 9.367711710466336,
"std_diff": 0.16135202656479292
},
"pedal_cc": {
"max": 256.0,
"max_diff": 32.0,
"mean": 43.00201106083459,
"mean_diff": 0.0,
"min": 0.0,
"min_diff": -105.0,
"std": 73.7868330258304,
"std_diff": 4.7979287952559355
},
"regen": {
"max": 58.0,
"max_diff": 1.0,
"mean": 29.727501256913023,
"mean_diff": -0.02716297786720322,
"min": 0.0,
"min_diff": -8.0,
"std": 25.91710793086051,
"std_diff": 0.5136630196775812
},
"requestedTorqueAfterProc": {
"max": -272.5,
"max_diff": 123.5,
"mean": -317.570638511815,
"mean_diff": -0.04904426559356137,
"min": -398.5,
"min_diff": -126.0,
"std": 42.18529611476185,
"std_diff": 9.2365233869524
},
"right_solar": {
"max": 100,
"max_diff": 156.0,
"mean": 44.43539467068879,
"mean_diff": -0.022132796780684104,
"min": -106,
"min_diff": -100.0,
"std": 27.483885751026122,
"std_diff": 5.905656078776989
},
"steer_corrected": {
"max": 155.0,
"max_diff": 1.400000000000091,
"mean": 18.039517345399513,
"mean_diff": -0.005331991951710216,
"min": -10.800000000000182,
"min_diff": -1.7000000000002728,
"std": 40.79973243645356,
"std_diff": 0.40103204441358054
},
"steer_offset_can": {
"max": -13.699999999999818,
"max_diff": 0.0,
"mean": -13.699999999999818,
"mean_diff": 0.0,
"min": -13.699999999999818,
"min_diff": 0.0,
"std": 0.0,
"std_diff": 0.0
},
"steer_raw": {
"max": 141.30000000000018,
"max_diff": 1.400000000000091,
"mean": 4.339517345399689,
"mean_diff": -0.005331991951710216,
"min": -24.5,
"min_diff": -1.7000000000002728,
"std": 40.79973243645356,
"std_diff": 0.40103204441358054
},
"transversal_accel": {
"max": -0.24799999999999045,
"max_diff": 0.02800000000002001,
"mean": -0.4960623428858717,
"mean_diff": 0.0,
"min": -0.5960000000000036,
"min_diff": -0.027999999999991587,
"std": 0.06598874117248678,
"std_diff": 0.00548346701118806
},
"utime": {
"max": 1538034063706263,
"max_diff": 20890.0,
"mean": 1538034053756852.0,
"mean_diff": 10010.116197183099,
"min": 1538034043806152,
"min_diff": 1.0,
"std": 5744742.227437939,
"std_diff": 1504.4401166101698
}
}
},
"ZoeSensors": {
"message_count": 19203,
"message_freq": 965.1553923804241,
"timespan": 19.896278,
"var_stats": {
"brake_sensor": {
"max": 0.39331701397895813,
"max_diff": 0.0013932287693023682,
"mean": 0.25744570863887567,
"mean_diff": 6.600231965896102e-07,
"min": 0.1838623732328415,
"min_diff": -0.007248878479003906,
"std": 0.0765887078793179,
"std_diff": 0.00016086858438658225
},
"steering_sensor": {
"max": 0.19142542779445648,
"max_diff": 0.0005789846181869507,
"mean": 0.18836554240380848,
"mean_diff": -2.8716668575061582e-08,
"min": 0.18689195811748505,