{
"MS_IMU": {
"message_count": 1960,
"message_freq": 99.74878066021783,
"timespan": 19.649363,
"var_stats": {
"linear_accel": {
"max": 10.980302810668945,
"max_diff": 10.918740343302488,
"mean": 3.3157007304073014,
"mean_diff": 4.9314955322487455,
"min": -1.433975100517273,
"min_diff": -1.6593916825950146,
"std": 4.5977402650640435,
"std_diff": 4.673983250778576
},
"q": {
"max": -0.0009200231288559735,
"max_diff": 0.8769292831420898,
"mean": -0.343934102555513,
"mean_diff": 0.12991559237343114,
"min": -0.8837015628814697,
"min_diff": -0.49811968579888344,
"std": 0.3629178282682667,
"std_diff": 0.5558788615270531
},
"rotation_rate": {
"max": 0.063485287129879,
"max_diff": 0.07192381285130978,
"mean": -0.0013998240970037306,
"mean_diff": -0.0016202936579164818,
"min": -0.0668766126036644,
"min_diff": -0.08690772578120232,
"std": 0.013731369878435344,
"std_diff": 0.01872403830282522
},
"utime": {
"max": 1535487982446813,
"max_diff": 25671.0,
"mean": 1535487972626349.0,
"mean_diff": 10030.30270546197,
"min": 1535487962797450,
"min_diff": 1971.0,
"std": 5675928.424970701,
"std_diff": 5566.123732597289
}
}
},
"POSE": {
"message_count": 978,
"message_freq": 49.74714917806825,
"timespan": 19.659418,
"var_stats": {
"accel": {
"max": 10.562577717313632,
"max_diff": 10.32752730654872,
"mean": 3.3160369639027745,
"mean_diff": 4.933700656607865,
"min": -1.1924614412018777,
"min_diff": -1.5822538840679992,
"std": 4.596751688272724,
"std_diff": 4.668522260289272
},
"orientation": {
"max": 0.968722208817363,
"max_diff": 0.968722208817363,
"mean": 0.3082904785479607,
"mean_diff": 0.2307065493669037,
"min": 0.0,
"min_diff": -0.2883642355531955,
"std": 0.393645755517152,
"std_diff": 0.5292521340651823
},
"pos": {
"max": 1393.0732838001272,
"max_diff": 599.2805671886947,
"mean": 730.3688074790992,
"mean_diff": -402.80581654780997,
"min": 0.0,
"min_diff": -1393.0732838001272,
"std": 568.1433655009329,
"std_diff": 982.7280567026771
},
"rotation_rate": {
"max": 0.063485287129879,
"max_diff": 0.07020623236894608,
"mean": -0.0014313251562517936,
"mean_diff": -0.0016704673408870652,
"min": -0.0668766126036644,
"min_diff": -0.08690772578120232,
"std": 0.013783265247447364,
"std_diff": 0.01885369329818368
},
"utime": {
"max": 1535487982461945,
"max_diff": 41075.0,
"mean": 1535487972627936.8,
"mean_diff": 20122.229273285568,
"min": 1535487962802527,
"min_diff": 8731.0,
"std": 5696609.082197508,
"std_diff": 1711.7853622909372
},
"vel": {
"max": 2.0333118266388372,
"max_diff": 0.0,
"mean": 0.5100833010861225,
"mean_diff": -0.7651249516291838,
"min": 0.0,
"min_diff": -2.0333118266388372,
"std": 0.7860646224769692,
"std_diff": 0.8553991206037116
}
}
},
"SteerAngleFeedback": {
"message_count": 1924,
"message_freq": 97.95415317972723,
"timespan": 19.641842,
"var_stats": {
"utime": {
"max": 1535487982449411,
"max_diff": 30303.0,
"mean": 1535487972602648.0,
"mean_diff": 10214.166406656266,
"min": 1535487962807569,
"min_diff": 6366.0,
"std": 5691826.080352126,
"std_diff": 1673.1777425187843
},
"value": {
"max": 0.5341427266222356,
"max_diff": 0.026179938779914945,
"mean": -0.009394893549264125,
"mean_diff": 3.26738705521552e-05,
"min": -0.6160292504420292,
"min_diff": -0.043633231299858244,
"std": 0.32887249651233286,
"std_diff": 0.00454027210081714
}
}
},
"VEHICLE_MONITOR": {
"message_count": 40,
"message_freq": 2.0513333872150237,
"timespan": 19.499512,
"var_stats": null
},
"ZOE_VEH_INFO": {
"message_count": 1960,
"message_freq": 99.74573996631648,
"timespan": 19.649962,
"var_stats": {
"FL_wheel_speed": {
"max": 64.7184,
"max_diff": 7.2558,
"mean": 47.928937499999996,
"mean_diff": -0.0007237366003062785,
"min": 0.0,
"min_diff": -3.5028,
"std": 17.06235798731622,
"std_diff": 0.3432177152990111
},
"FR_wheel_speed": {
"max": 63.0921,
"max_diff": 3.5445,
"mean": 47.77234974489796,
"mean_diff": -0.0004895865237366,
"min": 0.0,
"min_diff": -3.5028,
"std": 16.964783125779253,
"std_diff": 0.318321367970432
},
"RL_wheel_speed": {
"max": 64.4682,
"max_diff": 4.6704,
"mean": 47.78141311224489,
"mean_diff": -0.0005960183767228179,
"min": 0.0,
"min_diff": -3.5028,
"std": 17.117090778660806,
"std_diff": 0.30461476112413405
},
"RR_wheel_speed": {
"max": 64.7184,
"max_diff": 8.6736,
"mean": 48.54279979591836,
"mean_diff": -0.0011920367534456358,
"min": 0.0,
"min_diff": -3.5028,
"std": 17.305966208521255,
"std_diff": 0.33816187443436985
},
"left_solar": {
"max": 0,
"max_diff": 0.0,
"mean": 0.0,
"mean_diff": 0.0,
"min": 0,
"min_diff": 0.0,
"std": 0.0,
"std_diff": 0.0
},
"longitudinal_accel": {
"max": 1.700000000000001,
"max_diff": 0.3000000000000007,
"mean": -0.1414030612244891,
"mean_diff": 2.5523226135783018e-05,
"min": -1.3499999999999996,
"min_diff": -0.25,
"std": 0.5133511556139918,
"std_diff": 0.0365183229921586
},
"meanEffTorque": {
"max": 111.5,
"max_diff": 6.0,
"mean": 9.379081632653062,
"mean_diff": 0.003318019397651863,
"min": -7.0,
"min_diff": -2.0,
"std": 20.499201606490438,
"std_diff": 0.5248925765173865
},
"odom": {
"max": 120,
"max_diff": 20.0,
"mean": 62.30204081632653,
"mean_diff": -0.00408371618172537,
"min": 0,
"min_diff": -112.0,
"std": 35.93086609994548,
"std_diff": 12.54211826779366
},
"odom_speed": {
"max": 7.0,
"max_diff": 1.0,
"mean": 5.205102040816326,
"mean_diff": 0.0,
"min": 0.0,
"min_diff": -1.0,
"std": 1.9771073721516097,
"std_diff": 0.08453699378390148
},
"pedal_cc": {
"max": 449.0,
"max_diff": 122.0,
"mean": 24.885204081632654,
"mean_diff": 0.008677896886166412,
"min": 0.0,
"min_diff": -86.0,
"std": 65.60722323238862,
"std_diff": 4.260940785030217
},
"regen": {
"max": 0.0,
"max_diff": 0.0,
"mean": 0.0,
"mean_diff": 0.0,
"min": 0.0,
"min_diff": 0.0,
"std": 0.0,
"std_diff": 0.0
},
"requestedTorqueAfterProc": {
"max": -272.5,
"max_diff": 120.5,
"mean": -373.5831632653061,
"mean_diff": 0.0030627871362940277,
"min": -398.0,
"min_diff": -122.5,
"std": 19.51139050353684,
"std_diff": 4.146191547773767
},
"right_solar": {
"max": 50,
"max_diff": 50.0,
"mean": 2.5510204081632653,
"mean_diff": 0.0,
"min": 0,
"min_diff": -50.0,
"std": 11.001968700432561,
"std_diff": 2.259346194622841
},
"steer_corrected": {
"max": 30.604123893064216,
"max_diff": 0.900000000000091,
"mean": -0.48271284162975026,
"mean_diff": 0.0019397651863196437,
"min": -35.29587610693587,
"min_diff": -1.300000000000182,
"std": 18.851373581575444,
"std_diff": 0.2508918536985987
},
"steer_offset_can": {
"max": -12.300000000000182,
"max_diff": 0.0,
"mean": -12.300000000000182,
"mean_diff": 0.0,
"min": -12.300000000000182,
"min_diff": 0.0,
"std": 0.0,
"std_diff": 0.0
},
"steer_raw": {
"max": 18.90000000000009,
"max_diff": 0.900000000000091,
"mean": -12.186836734693879,
"mean_diff": 0.0019397651863196437,
"min": -47.0,
"min_diff": -1.300000000000182,
"std": 18.851373581575444,
"std_diff": 0.25089185369859873
},
"transversal_accel": {
"max": -0.4199999999999875,
"max_diff": 0.02400000000000091,
"mean": -0.47583469387754834,
"mean_diff": -2.450229709035315e-05,
"min": -0.5159999999999911,
"min_diff": -0.02400000000000091,
"std": 0.016004502568255075,
"std_diff": 0.003953715364196349
},
"utime": {
"max": 1535487982451574,
"max_diff": 25989.0,
"mean": 1535487972638101.2,
"mean_diff": 10030.608473711078,
"min": 1535487962801612,
"min_diff": 2.0,
"std": 5677826.780305261,
"std_diff": 1751.5985486404861
}
}
},
"ZoeSensors": {
"message_count": 18971,
"message_freq": 965.6126654828821,
"timespan": 19.646594,
"var_stats": {
"brake_sensor": {
"max": 0.18414753675460815,
"max_diff": 2.728402614593506e-05,
"mean": 0.1839214365203394,
"mean_diff": -8.813443784658445e-10,
"min": 0.18308593332767487,
"min_diff": -5.6236982345581055e-05,
"std": 0.00030498458184799405,
"std_diff": 4.726818189436766e-06
},
"steering_sensor": {
"max": 0.19116152822971344,
"max_diff": 0.0003544837236404419,
"mean": 0.1883366793782111,
"mean_diff": 1.166870107635675e-07,
"min": 0.18530072271823883,
"min_diff": -0.00034661591053009033,
"std": 0.0013019924621548672,
"std_diff": 6.681691218552059e-05
},
"throttle_sensor": {
"max": 0.12665271759033203,