{
"MS_IMU": {
"message_count": 1946,
"message_freq": 99.79460567592332,
"timespan": 19.500052,
"var_stats": {
"linear_accel": {
"max": 10.914812088012695,
"max_diff": 11.543205916881561,
"mean": 3.0396031507702106,
"mean_diff": 5.034781514045295,
"min": -2.2930874824523926,
"min_diff": -2.1940174102783203,
"std": 4.796144468583773,
"std_diff": 5.133961197376129
},
"q": {
"max": 0.8392486572265625,
"max_diff": 0.5814482586283702,
"mean": 0.34063913176499755,
"mean_diff": -0.09348069281968485,
"min": -0.027244538068771362,
"min_diff": -0.8630395885556936,
"std": 0.3660122945674305,
"std_diff": 0.5806223909543907
},
"rotation_rate": {
"max": 0.09050073474645615,
"max_diff": 0.09498423337936401,
"mean": 0.001487153858213433,
"mean_diff": 0.002271617776606451,
"min": -0.06725962460041046,
"min_diff": -0.08797410875558853,
"std": 0.01850628332762113,
"std_diff": 0.026864423976598863
},
"utime": {
"max": 1532506700452956,
"max_diff": 29947.0,
"mean": 1532506690699315.5,
"mean_diff": 10025.733676092545,
"min": 1532506680952904,
"min_diff": 2965.0,
"std": 5636930.25035889,
"std_diff": 3681.2118616296293
}
}
},
"POSE": {
"message_count": 969,
"message_freq": 49.6961279228593,
"timespan": 19.498501,
"var_stats": {
"accel": {
"max": 10.26694766326364,
"max_diff": 10.82791115594843,
"mean": 3.0389241741015365,
"mean_diff": 5.032320527552688,
"min": -1.9210574689489124,
"min_diff": -2.058677312282197,
"std": 4.790605852004274,
"std_diff": 5.129289771072573
},
"orientation": {
"max": 0.9856051070960763,
"max_diff": 0.9856051070960763,
"mean": 0.29417231284898493,
"mean_diff": 0.2614524018926917,
"min": 0.0,
"min_diff": -0.20649510727541867,
"std": 0.4043051450984503,
"std_diff": 0.5147581712589668
},
"pos": {
"max": 940.2691981854496,
"max_diff": 106.75518650334129,
"mean": 594.3051897843106,
"mean_diff": -442.70574390499627,
"min": 0.0,
"min_diff": -925.7805317433837,
"std": 420.83123644168,
"std_diff": 456.26291140706405
},
"rotation_rate": {
"max": 0.09418322145938873,
"max_diff": 0.09458050242392346,
"mean": 0.00151673804524417,
"mean_diff": 0.0023452580199890454,
"min": -0.06725962460041046,
"min_diff": -0.08389995247125626,
"std": 0.018592332945617702,
"std_diff": 0.02699651607228605
},
"utime": {
"max": 1532506700463179,
"max_diff": 40152.0,
"mean": 1532506690706572.2,
"mean_diff": 20143.079545454544,
"min": 1532506680964678,
"min_diff": 11953.0,
"std": 5639272.041463825,
"std_diff": 1805.5870199027008
},
"vel": {
"max": 8.969362963543949,
"max_diff": 0.0,
"mean": 2.223119621332101,
"mean_diff": -3.3346794319981514,
"min": 0.0,
"min_diff": -8.969362963543949,
"std": 3.38209749836975,
"std_diff": 3.6675849812450894
}
}
},
"SteerAngleFeedback": {
"message_count": 1897,
"message_freq": 97.30751091901071,
"timespan": 19.494898,
"var_stats": {
"utime": {
"max": 1532506700451814,
"max_diff": 30604.0,
"mean": 1532506690709174.8,
"mean_diff": 10282.119198312237,
"min": 1532506680956916,
"min_diff": 117.0,
"std": 5641500.30567148,
"std_diff": 2121.374542336155
},
"value": {
"max": 0.6736970912698176,
"max_diff": 0.020943951023928792,
"mean": 0.039757073082332804,
"mean_diff": 0.000312980984007422,
"min": -0.22689280275926285,
"min_diff": -0.020943951023928778,
"std": 0.19839296075371898,
"std_diff": 0.0031862760103598337
}
}
},
"VEHICLE_MONITOR": {
"message_count": 39,
"message_freq": 1.9999744618645638,
"timespan": 19.500249,
"var_stats": {
"available_distance": {
"max": 98,
"max_diff": 0.0,
"mean": 98.0,
"mean_diff": 0.0,
"min": 98,
"min_diff": 0.0,
"std": 0.0,
"std_diff": 0.0
},
"battery_level": {
"max": 88,
"max_diff": 0.0,
"mean": 88.0,
"mean_diff": 0.0,
"min": 88,
"min_diff": 0.0,
"std": 0.0,
"std_diff": 0.0
},
"brake": {
"max": 4,
"max_diff": 4.0,
"mean": 0.15384615384615385,
"mean_diff": 0.0,
"min": 0,
"min_diff": -4.0,
"std": 0.6617173282340483,
"std_diff": 0.9733285267845752
},
"brake_switch": {
"max": 4,
"max_diff": 3.0,
"mean": 2.3846153846153846,
"mean_diff": 0.0,
"min": 1,
"min_diff": -3.0,
"std": 1.4955555457864291,
"std_diff": 0.6882472016116853
},
"gear_position": {
"max": 7,
"max_diff": 0.0,
"mean": 7.0,
"mean_diff": 0.0,
"min": 7,
"min_diff": 0.0,
"std": 0.0,
"std_diff": 0.0
},
"left_signal": {
"max": 0,
"max_diff": 0.0,
"mean": 0.0,
"mean_diff": 0.0,
"min": 0,
"min_diff": 0.0,
"std": 0.0,
"std_diff": 0.0
},
"rear_left_rpm": {
"max": 284.3523,
"max_diff": 25.937399999999997,
"mean": 210.64487692307694,
"mean_diff": -1.9928210526315784,
"min": 67.971,
"min_diff": -46.287000000000006,
"std": 67.94142099909025,
"std_diff": 16.24955352914039
},
"rear_right_rpm": {
"max": 282.9345,
"max_diff": 25.895700000000005,
"mean": 211.18911538461538,
"mean_diff": -1.8512605263157897,
"min": 69.8475,
"min_diff": -43.95179999999999,
"std": 67.54608582406587,
"std_diff": 15.966121066438731
},
"right_signal": {
"max": 1,
"max_diff": 1.0,
"mean": 0.05128205128205128,
"mean_diff": 0.02631578947368421,
"min": 0,
"min_diff": 0.0,
"std": 0.22057244274468274,
"std_diff": 0.16007269816574263
},
"steering": {
"max": 49.40000000000009,
"max_diff": 19.800000000000182,
"mean": 4.00256410256431,
"mean_diff": 1.2842105263157824,
"min": -13.0,
"min_diff": -18.09999999999991,
"std": 13.6478510974887,
"std_diff": 7.888249966540475
},
"steering_speed": {
"max": 77.60000000000055,
"max_diff": 63.70000000000027,
"mean": 1.8102564102566485,
"mean_diff": -0.0500000000000024,
"min": -41.89999999999945,
"min_diff": -77.60000000000036,
"std": 17.802993048156704,
"std_diff": 21.00722620032405
},
"throttle": {
"max": 291,
"max_diff": 212.0,
"mean": 79.46153846153847,
"mean_diff": 0.0,
"min": 0,
"min_diff": -119.0,
"std": 107.53743442523327,
"std_diff": 48.12866527395739
},
"utime": {
"max": 1532506700786645,
"max_diff": 999371.0,
"mean": 1532506691209941.8,
"mean_diff": 513164.44736842107,
"min": 1532506681286396,
"min_diff": 498826.0,
"std": 5741709.12106341,
"std_diff": 79933.50837141467
},
"vehicle_speed": {
"max": 32.27,
"max_diff": 2.9299999999999997,
"mean": 24.06923076923077,
"mean_diff": -0.21684210526315795,
"min": 7.94,
"min_diff": -5.3199999999999985,
"std": 7.687591862153795,
"std_diff": 1.822753996831166
},
"yaw_rate": {
"max": 6.800000000000011,
"max_diff": 2.5,
"mean": 0.26923076923079253,
"mean_diff": 0.18157894736842045,
"min": -1.9999999999999716,
"min_diff": -1.1999999999999886,
"std": 1.5314069023586483,
"std_diff": 0.7870181109257944
}
}
},
"ZOE_VEH_INFO": {
"message_count": 1949,
"message_freq": 99.9520035504757,
"timespan": 19.499359,
"var_stats": {
"FL_wheel_speed": {
"max": 286.2288,
"max_diff": 4.2117000000000075,
"mean": 210.6424043612109,
"mean_diff": -0.03885292607802876,
"min": 67.971,
"min_diff": -4.4202000000000226,
"std": 68.51977331797731,
"std_diff": 0.7123769161215531
},
"FR_wheel_speed": {
"max": 284.1438,
"max_diff": 3.7530000000000427,
"mean": 210.3845233453053,
"mean_diff": -0.03692633470225873,
"min": 69.639,
"min_diff": -4.0031999999999925,
"std": 68.19106980338053,
"std_diff": 0.6668155555109454
},
"RL_wheel_speed": {
"max": 286.479,
"max_diff": 3.5445000000000277,
"mean": 210.2221736275013,
"mean_diff": -0.03861745379876798,
"min": 67.7625,
"min_diff": -5.62949999999995,
"std": 68.53526936249811,
"std_diff": 0.7615653125170845
},
"RR_wheel_speed": {
"max": 285.7701,
"max_diff": 5.170799999999986,
"mean": 210.39798116983067,
"mean_diff": -0.03660523613963041,
"min": 69.3888,
"min_diff": -4.920599999999979,
"std": 68.34921982702612,
"std_diff": 0.7702989268376024
},
"left_solar": {
"max": 0,
"max_diff": 112.0,
"mean": -16.20523345305285,
"mean_diff": 0.0,
"min": -112,
"min_diff": -112.0,
"std": 39.40021009428726,
"std_diff": 3.5887114822272084
},
"longitudinal_accel": {
"max": 1.8000000000000007,
"max_diff": 0.5,
"mean": -0.22491021036428885,
"mean_diff": -0.0002823408624229983,
"min": -2.0,
"min_diff": -0.4499999999999993,
"std": 1.0084807417642623,
"std_diff": 0.07474235249805404
},
"meanEffTorque": {
"max": 110.0,
"max_diff": 3.5,
"mean": -7.545151359671626,
"mean_diff": -0.006673511293634497,
"min": -98.5,
"min_diff": -3.5,