{
"MS_IMU": {
"message_count": 1946,
"message_freq": 99.60693649192766,
"timespan": 19.536792,
"var_stats": {
"linear_accel": {
"max": 12.608960151672363,
"max_diff": 12.561514377593994,
"mean": 3.1729243196524477,
"mean_diff": 4.852328632450038,
"min": -2.54256010055542,
"min_diff": -3.3883960247039795,
"std": 4.740683302243401,
"std_diff": 5.420944805581095
},
"q": {
"max": 0.9364987015724182,
"max_diff": 0.9442238574847579,
"mean": 0.32843749198494343,
"mean_diff": 0.043835576566248244,
"min": -0.016806956380605698,
"min_diff": -0.9155322769656777,
"std": 0.37699977537143403,
"std_diff": 0.5781565912551181
},
"rotation_rate": {
"max": 0.1322609782218933,
"max_diff": 0.12364273145794868,
"mean": -0.025687634134005356,
"mean_diff": -0.04010475601798955,
"min": -0.4530840814113617,
"min_diff": -0.4782104231417179,
"std": 0.08438074618120985,
"std_diff": 0.10088259996328613
},
"utime": {
"max": 1537290795956603,
"max_diff": 34003.0,
"mean": 1537290786190625.5,
"mean_diff": 10044.623136246786,
"min": 1537290776419811,
"min_diff": 1923.0,
"std": 5653355.599618971,
"std_diff": 5327.294541944996
}
}
},
"POSE": {
"message_count": 975,
"message_freq": 49.84922781501018,
"timespan": 19.558979,
"var_stats": {
"accel": {
"max": 10.19986295708692,
"max_diff": 11.801563895539436,
"mean": 3.168640507910934,
"mean_diff": 4.855310095143855,
"min": -2.483598444659087,
"min_diff": -3.130709454356081,
"std": 4.736473294776976,
"std_diff": 5.412306069834789
},
"orientation": {
"max": 0.9999994624352365,
"max_diff": 0.9999994624352365,
"mean": 0.04417410744016708,
"mean_diff": -0.168419738789749,
"min": -0.999993432764074,
"min_diff": -0.999993432764074,
"std": 0.49804482552463547,
"std_diff": 0.5522391917632486
},
"pos": {
"max": 904.152051677198,
"max_diff": -328.74788349022344,
"mean": 406.6036853295001,
"mean_diff": -441.1289951839934,
"min": 0.0,
"min_diff": -559.3732024656495,
"std": 363.6232193634609,
"std_diff": 104.9041293188583
},
"rotation_rate": {
"max": 0.1322609782218933,
"max_diff": 0.12311318889260292,
"mean": -0.025917160102774214,
"mean_diff": -0.040283655266312286,
"min": -0.4530840814113617,
"min_diff": -0.4782104231417179,
"std": 0.08463708545465212,
"std_diff": 0.10138350532632118
},
"utime": {
"max": 1537290795966518,
"max_diff": 40248.0,
"mean": 1537290786207221.5,
"mean_diff": 20081.08726899384,
"min": 1537290776407539,
"min_diff": 15344.0,
"std": 5649920.426198401,
"std_diff": 1400.2888773473587
},
"vel": {
"max": 7.938430439243005,
"max_diff": 0.0,
"mean": 1.3471863775804218,
"mean_diff": -2.020779566370633,
"min": 0.0,
"min_diff": -7.938430439243005,
"std": 2.4050612593404006,
"std_diff": 2.7046804136193905
}
}
},
"SteerAngleFeedback": {
"message_count": 1923,
"message_freq": 98.39309191465128,
"timespan": 19.544055,
"var_stats": {
"utime": {
"max": 1537290795950559,
"max_diff": 30046.0,
"mean": 1537290786186585.5,
"mean_diff": 10168.603017689906,
"min": 1537290776406504,
"min_diff": 3548.0,
"std": 5644982.113433864,
"std_diff": 1583.1866214395413
},
"value": {
"max": 0.13271699866353978,
"max_diff": 0.0820304748437306,
"mean": -1.0248056916674446,
"mean_diff": 7.718677753356844e-05,
"min": -5.305728950550789,
"min_diff": -0.04537856055185063,
"std": 1.5983627745637456,
"std_diff": 0.010606658543597677
}
}
},
"VEHICLE_MONITOR": {
"message_count": 40,
"message_freq": 2.051458371499007,
"timespan": 19.498324,
"var_stats": null
},
"ZOE_VEH_INFO": {
"message_count": 1948,
"message_freq": 99.64968123867624,
"timespan": 19.548482,
"var_stats": {
"FL_wheel_speed": {
"max": 254.9121,
"max_diff": 5.838000000000022,
"mean": 129.2964157084189,
"mean_diff": 0.04450570107858244,
"min": 0.0,
"min_diff": -3.961500000000001,
"std": 80.51145472500723,
"std_diff": 0.6546505440588339
},
"FR_wheel_speed": {
"max": 263.0853,
"max_diff": 11.926199999999966,
"mean": 125.72207494866531,
"mean_diff": 0.04210693374422189,
"min": 0.0,
"min_diff": -16.346400000000017,
"std": 81.41055589081131,
"std_diff": 0.953994531596256
},
"RL_wheel_speed": {
"max": 251.1591,
"max_diff": 7.255799999999994,
"mean": 128.14356483572897,
"mean_diff": 0.04187134052388289,
"min": 0.0,
"min_diff": -8.882100000000008,
"std": 80.47543007639614,
"std_diff": 0.7519587660060859
},
"RR_wheel_speed": {
"max": 256.9971,
"max_diff": 11.217300000000023,
"mean": 126.87162920944559,
"mean_diff": 0.04452711864406779,
"min": 0.0,
"min_diff": -7.506,
"std": 82.91168635083473,
"std_diff": 0.7426663236982598
},
"left_solar": {
"max": 0,
"max_diff": 0.0,
"mean": 0.0,
"mean_diff": 0.0,
"min": 0,
"min_diff": 0.0,
"std": 0.0,
"std_diff": 0.0
},
"longitudinal_accel": {
"max": 1.6500000000000004,
"max_diff": 1.25,
"mean": 0.026540041067762414,
"mean_diff": 0.0009758602978941963,
"min": -2.55,
"min_diff": -1.0999999999999996,
"std": 0.9916276520687752,
"std_diff": 0.09305118921207958
},
"meanEffTorque": {
"max": 104.0,
"max_diff": 3.5,
"mean": 23.552874743326488,
"mean_diff": 0.05007704160246533,
"min": -68.5,
"min_diff": -3.5,
"std": 48.53900955535353,
"std_diff": 0.5752860383395845
},
"odom": {
"max": 120,
"max_diff": 80.0,
"mean": 59.332648870636554,
"mean_diff": 0.02670775552131484,
"min": 0,
"min_diff": -108.0,
"std": 33.03072774128672,
"std_diff": 15.911649545755152
},
"odom_speed": {
"max": 28.0,
"max_diff": 1.0,
"mean": 14.063141683778234,
"mean_diff": 0.004622496147919877,
"min": 0.0,
"min_diff": -1.0,
"std": 9.128144125787987,
"std_diff": 0.16492422118591168
},
"pedal_cc": {
"max": 352.0,
"max_diff": 29.0,
"mean": 147.74845995893224,
"mean_diff": 0.09553158705701079,
"min": 0.0,
"min_diff": -41.0,
"std": 141.4675225304139,
"std_diff": 2.7837881914427918
},
"regen": {
"max": 55.0,
"max_diff": 1.0,
"mean": 9.744866529774127,
"mean_diff": -0.02824858757062147,
"min": 0.0,
"min_diff": -3.0,
"std": 18.56931349921931,
"std_diff": 0.2045280029671933
},
"requestedTorqueAfterProc": {
"max": -272.5,
"max_diff": 8.0,
"mean": -333.4332648870637,
"mean_diff": -0.03697996918335902,
"min": -398.5,
"min_diff": -126.0,
"std": 42.02751203902766,
"std_diff": 2.993644821624201
},
"right_solar": {
"max": 0,
"max_diff": 0.0,
"mean": 0.0,
"mean_diff": 0.0,
"min": 0,
"min_diff": 0.0,
"std": 0.0,
"std_diff": 0.0
},
"steer_corrected": {
"max": 7.604123893064217,
"max_diff": 2.0,
"mean": -58.93263175375312,
"mean_diff": 0.004365690806368772,
"min": -303.99587610693567,
"min_diff": -2.700000000000273,
"std": 91.6370467155466,
"std_diff": 0.654725971223871
},
"steer_offset_can": {
"max": -12.300000000000182,
"max_diff": 0.0,
"mean": -12.300000000000182,
"mean_diff": 0.0,
"min": -12.300000000000182,
"min_diff": 0.0,
"std": 0.0,
"std_diff": 0.0
},
"steer_raw": {
"max": -4.099999999999909,
"max_diff": 2.0,
"mean": -70.63675564681725,
"mean_diff": 0.004365690806368772,
"min": -315.6999999999998,
"min_diff": -2.700000000000273,
"std": 91.63704671554662,
"std_diff": 0.6547259712238711
},
"transversal_accel": {
"max": -0.30000000000001137,
"max_diff": 0.1279999999999859,
"mean": -0.52988706365503,
"mean_diff": 0.00010272213662043587,
"min": -0.6999999999999886,
"min_diff": -0.10800000000000409,
"std": 0.05173248572277938,
"std_diff": 0.008906391453184196
},
"utime": {
"max": 1537290795952948,
"max_diff": 21368.0,
"mean": 1537290786187424.0,
"mean_diff": 10040.309193631227,
"min": 1537290776404466,
"min_diff": 1.0,
"std": 5647299.4641048,
"std_diff": 1643.597672992192
}
}
},
"ZoeSensors": {
"message_count": 18558,
"message_freq": 949.1766002957393,
"timespan": 19.551683,
"var_stats": {
"brake_sensor": {
"max": 0.38661980628967285,
"max_diff": 0.0007857084274291992,
"mean": 0.23325459965585904,
"mean_diff": -6.592161453585433e-06,
"min": 0.18480612337589264,
"min_diff": -0.004320740699768066,
"std": 0.06953007635805702,
"std_diff": 0.0001339884281426806
},
"steering_sensor": {
"max": 0.22026468813419342,
"max_diff": 0.0006026327610015869,
"mean": 0.2178778839269991,
"mean_diff": -3.374823531039658e-08,
"min": 0.21618811786174774,
"min_diff": -0.000543549656867981,
"std": 0.0005784431262410215,
"std_diff": 8.835151026721459e-05
},