{
"MS_IMU": {
"message_count": 1979,
"message_freq": 99.6928010916538,
"timespan": 19.850982,
"var_stats": {
"linear_accel": {
"max": 14.119547843933105,
"max_diff": 14.817752659320831,
"mean": 3.1202949009797223,
"mean_diff": 4.978117366746901,
"min": -1.608968734741211,
"min_diff": -1.801880955696106,
"std": 4.745985728001127,
"std_diff": 5.146771100543157
},
"q": {
"max": 0.02261715568602085,
"max_diff": 0.720995718613267,
"mean": -0.34818335782316073,
"mean_diff": -0.0061415692401370035,
"min": -0.7202834486961365,
"min_diff": -0.7378830853849649,
"std": 0.3588430964481409,
"std_diff": 0.585904803688434
},
"rotation_rate": {
"max": 0.14175726473331451,
"max_diff": 0.2638591357972473,
"mean": 0.0006839810893179824,
"mean_diff": -2.3397721743664033e-06,
"min": -0.265408992767334,
"min_diff": -0.26249096845276654,
"std": 0.019980364971861755,
"std_diff": 0.03189598615830425
},
"utime": {
"max": 1537286927401016,
"max_diff": 31997.0,
"mean": 1537286917474735.0,
"mean_diff": 10035.885743174924,
"min": 1537286907550034,
"min_diff": 2226.0,
"std": 5737083.647992023,
"std_diff": 4654.900431631315
}
}
},
"POSE": {
"message_count": 986,
"message_freq": 49.699051075755115,
"timespan": 19.839413,
"var_stats": {
"accel": {
"max": 11.736460616871968,
"max_diff": 12.29619180153938,
"mean": 3.121315408612487,
"mean_diff": 4.975178868513186,
"min": -1.3552454015141444,
"min_diff": -0.8145388797572444,
"std": 4.733837229491729,
"std_diff": 5.132548197940154
},
"orientation": {
"max": 0.01853219727045696,
"max_diff": 0.0,
"mean": -0.2464671736800634,
"mean_diff": -0.3379754590462514,
"min": -0.9999746209175225,
"min_diff": -0.9999746209175225,
"std": 0.43503325424404216,
"std_diff": 0.46808751576581165
},
"pos": {
"max": 2081.2354896740826,
"max_diff": -783.6982367323335,
"mean": 934.4785014716537,
"mean_diff": -1009.3548609583497,
"min": 0.0,
"min_diff": -1295.22440641388,
"std": 831.1828718278755,
"std_diff": 226.08460018010408
},
"rotation_rate": {
"max": 0.12305816262960434,
"max_diff": 0.24446100974455476,
"mean": 0.000637423700323089,
"mean_diff": -2.6097638058567215e-05,
"min": -0.24772405624389648,
"min_diff": -0.23050926625728607,
"std": 0.019796349320793504,
"std_diff": 0.031590681574846576
},
"utime": {
"max": 1537286927399849,
"max_diff": 40795.0,
"mean": 1537286917492042.8,
"mean_diff": 20141.53604060914,
"min": 1537286907560436,
"min_diff": 15299.0,
"std": 5736252.0684438925,
"std_diff": 1814.5724584807047
},
"vel": {
"max": 6.893387847944046,
"max_diff": 0.0,
"mean": 1.995700167814496,
"mean_diff": -2.9935502517217443,
"min": 0.0,
"min_diff": -6.893387847944046,
"std": 2.8769154582833374,
"std_diff": 3.070480330714289
}
}
},
"SteerAngleFeedback": {
"message_count": 1954,
"message_freq": 98.41811268007581,
"timespan": 19.854069,
"var_stats": {
"utime": {
"max": 1537286927409190,
"max_diff": 30202.0,
"mean": 1537286917494471.2,
"mean_diff": 10165.933947772657,
"min": 1537286907555121,
"min_diff": 2018.0,
"std": 5742708.034956197,
"std_diff": 1472.8962371417094
},
"value": {
"max": 0.03323323129985824,
"max_diff": 0.006981317007970972,
"mean": -0.03267929761130454,
"mean_diff": -7.149326173041409e-06,
"min": -0.13082771838760238,
"min_diff": -0.00872664625997166,
"std": 0.025612350350903416,
"std_diff": 0.001201777460650023
}
}
},
"VEHICLE_MONITOR": {
"message_count": 41,
"message_freq": 2.0499848301122574,
"timespan": 20.000148,
"var_stats": null
},
"ZOE_VEH_INFO": {
"message_count": 1976,
"message_freq": 99.54690039365359,
"timespan": 19.84994,
"var_stats": {
"FL_wheel_speed": {
"max": 219.3837,
"max_diff": 9.591000000000008,
"mean": 188.64579853238865,
"mean_diff": -0.05025113924050634,
"min": 81.5652,
"min_diff": -9.591000000000008,
"std": 31.56769378088407,
"std_diff": 0.769213360684579
},
"FR_wheel_speed": {
"max": 219.88410000000002,
"max_diff": 7.964700000000022,
"mean": 188.61422808704455,
"mean_diff": -0.05004,
"min": 81.5652,
"min_diff": -4.670400000000001,
"std": 31.61983922270338,
"std_diff": 0.64055120251866
},
"RL_wheel_speed": {
"max": 218.7165,
"max_diff": 5.170800000000014,
"mean": 188.16456027327936,
"mean_diff": -0.048857620253164556,
"min": 82.0239,
"min_diff": -7.005600000000015,
"std": 31.446313462155423,
"std_diff": 0.6749074670612975
},
"RR_wheel_speed": {
"max": 222.4695,
"max_diff": 5.337599999999981,
"mean": 191.70319357287448,
"mean_diff": -0.04965994936708862,
"min": 83.4417,
"min_diff": -7.214100000000002,
"std": 32.06462450864345,
"std_diff": 0.6109191227095035
},
"left_solar": {
"max": 0,
"max_diff": 0.0,
"mean": 0.0,
"mean_diff": 0.0,
"min": 0,
"min_diff": 0.0,
"std": 0.0,
"std_diff": 0.0
},
"longitudinal_accel": {
"max": 0.9000000000000004,
"max_diff": 1.049999999999999,
"mean": -0.18987854251012082,
"mean_diff": -0.00040506329113924,
"min": -1.4499999999999993,
"min_diff": -0.6500000000000004,
"std": 0.463485830207067,
"std_diff": 0.08055087534388987
},
"meanEffTorque": {
"max": 28.5,
"max_diff": 2.5,
"mean": -1.4883603238866396,
"mean_diff": -0.021772151898734177,
"min": -73.0,
"min_diff": -4.0,
"std": 27.846162597394475,
"std_diff": 0.3642671140299708
},
"odom": {
"max": 120,
"max_diff": 72.0,
"mean": 62.2085020242915,
"mean_diff": -0.044556962025316456,
"min": 0,
"min_diff": -96.0,
"std": 33.960042139675544,
"std_diff": 18.903138564495777
},
"odom_speed": {
"max": 24.0,
"max_diff": 1.0,
"mean": 21.041497975708502,
"mean_diff": -0.005569620253164557,
"min": 9.0,
"min_diff": -1.0,
"std": 3.4620993875139177,
"std_diff": 0.09792462660021993
},
"pedal_cc": {
"max": 183.0,
"max_diff": 22.0,
"mean": 97.1002024291498,
"mean_diff": -0.045063291139240506,
"min": 0.0,
"min_diff": -26.0,
"std": 63.769559831416636,
"std_diff": 1.5976231343901277
},
"regen": {
"max": 50.0,
"max_diff": 1.0,
"mean": 10.54504048582996,
"mean_diff": 0.01569620253164557,
"min": 0.0,
"min_diff": -5.0,
"std": 18.016467829600813,
"std_diff": 0.3687223357374153
},
"requestedTorqueAfterProc": {
"max": -272.5,
"max_diff": 125.5,
"mean": -348.73582995951415,
"mean_diff": -0.007088607594936709,
"min": -398.5,
"min_diff": -126.0,
"std": 39.83728991323337,
"std_diff": 5.6137895664111035
},
"right_solar": {
"max": 0,
"max_diff": 0.0,
"mean": 0.0,
"mean_diff": 0.0,
"min": 0,
"min_diff": 0.0,
"std": 0.0,
"std_diff": 0.0
},
"steer_corrected": {
"max": 1.904123893063944,
"max_diff": 0.3999999999996362,
"mean": -1.8671311676646387,
"mean_diff": -0.00040506329113910235,
"min": -7.495876106935692,
"min_diff": -0.5,
"std": 1.4694540434991852,
"std_diff": 0.0676539068613631
},
"steer_offset_can": {
"max": -12.300000000000182,
"max_diff": 0.0,
"mean": -12.300000000000182,
"mean_diff": 0.0,
"min": -12.300000000000182,
"min_diff": 0.0,
"std": 0.0,
"std_diff": 0.0
},
"steer_raw": {
"max": -9.800000000000182,
"max_diff": 0.3999999999996362,
"mean": -13.571255060728765,
"mean_diff": -0.00040506329113910235,
"min": -19.199999999999818,
"min_diff": -0.5,
"std": 1.4694540434991852,
"std_diff": 0.0676539068613631
},
"transversal_accel": {
"max": -0.46399999999999864,
"max_diff": 0.060000000000002274,
"mean": -0.5217408906882585,
"mean_diff": -6.075949367088838e-06,
"min": -0.6200000000000045,
"min_diff": -0.09199999999998454,
"std": 0.018428043341412428,
"std_diff": 0.008427559584553804
},
"utime": {
"max": 1537286927402017,
"max_diff": 25601.0,
"mean": 1537286917479428.8,
"mean_diff": 10050.602531645569,
"min": 1537286907552077,
"min_diff": 2.0,
"std": 5735008.492042197,
"std_diff": 1771.865001999319
}
}
},
"ZoeSensors": {
"message_count": 18982,
"message_freq": 956.2564800582842,
"timespan": 19.850323,
"var_stats": {
"brake_sensor": {
"max": 0.3422137200832367,
"max_diff": 0.0012835860252380371,
"mean": 0.20982899986574088,
"mean_diff": 8.286960377066889e-06,
"min": 0.1848340630531311,
"min_diff": -0.00033611059188842773,
"std": 0.051253926427449324,
"std_diff": 5.7285707480864546e-05
},
"steering_sensor": {
"max": 0.21958328783512115,
"max_diff": 0.0006183832883834839,
"mean": 0.21803822068350545,
"mean_diff": -2.2618268539905422e-08,
"min": 0.21668045222759247,