{
"MS_IMU": {
"message_count": 1961,
"message_freq": 99.87298661839489,
"timespan": 19.634939,
"var_stats": {
"linear_accel": {
"max": 11.98486614227295,
"max_diff": 13.167259573936462,
"mean": 3.130842816073651,
"mean_diff": 5.029505045196181,
"min": -2.311791181564331,
"min_diff": -2.8347820043563843,
"std": 4.750356841497983,
"std_diff": 5.009881380684256
},
"q": {
"max": 0.250594824552536,
"max_diff": 1.0007531872252002,
"mean": -0.20908981088883216,
"mean_diff": 0.3743654176337561,
"min": -0.9999538660049438,
"min_diff": -0.4379879366606474,
"std": 0.45418219658701725,
"std_diff": 0.43235909085101054
},
"rotation_rate": {
"max": 0.10159797966480255,
"max_diff": 0.16022799164056778,
"mean": -0.02317004422257132,
"mean_diff": -0.03597662691072778,
"min": -0.37850362062454224,
"min_diff": -0.4251330979168415,
"std": 0.08096829167064593,
"std_diff": 0.10094973872647148
},
"utime": {
"max": 1537292963056744,
"max_diff": 27926.0,
"mean": 1537292953234355.2,
"mean_diff": 10017.826020408163,
"min": 1537292943421805,
"min_diff": 1923.0,
"std": 5674898.043550634,
"std_diff": 5273.270286175139
}
}
},
"POSE": {
"message_count": 981,
"message_freq": 49.950469603153444,
"timespan": 19.639455,
"var_stats": {
"accel": {
"max": 10.400910733716639,
"max_diff": 12.101585178222637,
"mean": 3.130862716402604,
"mean_diff": 5.027168955823521,
"min": -1.9411636892420434,
"min_diff": -2.252644673348309,
"std": 4.740732261273753,
"std_diff": 5.003874118724919
},
"orientation": {
"max": 0.9440602892446808,
"max_diff": 0.9440602892446808,
"mean": 0.34308484764356834,
"mean_diff": -0.07498686083461506,
"min": 0.0,
"min_diff": -0.8608905156309996,
"std": 0.3637207545870726,
"std_diff": 0.5724598711136907
},
"pos": {
"max": 1476.7634325566014,
"max_diff": 252.9592887407523,
"mean": 881.8202168446215,
"mean_diff": -602.5173191544665,
"min": 0.0,
"min_diff": -1476.7634325566014,
"std": 631.1526397839857,
"std_diff": 838.2036867359419
},
"rotation_rate": {
"max": 0.09997840225696564,
"max_diff": 0.16022799164056778,
"mean": -0.023208178700821695,
"mean_diff": -0.03612627110361429,
"min": -0.37850362062454224,
"min_diff": -0.4251330979168415,
"std": 0.08114964488465833,
"std_diff": 0.10123229913022887
},
"utime": {
"max": 1537292963053124,
"max_diff": 41058.0,
"mean": 1537292953230546.2,
"mean_diff": 20040.26020408163,
"min": 1537292943413669,
"min_diff": 16314.0,
"std": 5678350.992596858,
"std_diff": 1049.2379521600521
},
"vel": {
"max": 6.918641989542472,
"max_diff": 0.0,
"mean": 1.5910129355139302,
"mean_diff": -2.386519403270895,
"min": 0.0,
"min_diff": -6.918641989542472,
"std": 2.470369834945621,
"std_diff": 2.6936219225021896
}
}
},
"SteerAngleFeedback": {
"message_count": 1936,
"message_freq": 98.50864225070266,
"timespan": 19.653098,
"var_stats": {
"utime": {
"max": 1537292963054149,
"max_diff": 30782.0,
"mean": 1537292953216760.8,
"mean_diff": 10156.639793281654,
"min": 1537292943401051,
"min_diff": 5304.0,
"std": 5675502.973981299,
"std_diff": 1533.5179191113536
},
"value": {
"max": 0.07861179185171716,
"max_diff": 0.0418879020478653,
"mean": -0.598743639348156,
"mean_diff": 0.0012203775079836336,
"min": -3.085670142014006,
"min_diff": -0.010471975511972431,
"std": 1.0575154312318815,
"std_diff": 0.005101666250709138
}
}
},
"VEHICLE_MONITOR": {
"message_count": 40,
"message_freq": 2.0513605289720314,
"timespan": 19.499254,
"var_stats": null
},
"ZOE_VEH_INFO": {
"message_count": 1955,
"message_freq": 99.4859958067289,
"timespan": 19.651007,
"var_stats": {
"FL_wheel_speed": {
"max": 219.3837,
"max_diff": 15.178799999999995,
"mean": 151.75809544757035,
"mean_diff": -0.051068628454452404,
"min": 24.5196,
"min_diff": -13.552500000000009,
"std": 56.59577042750626,
"std_diff": 1.0799631042986275
},
"FR_wheel_speed": {
"max": 219.6339,
"max_diff": 5.379300000000001,
"mean": 148.45089084398978,
"mean_diff": -0.046885823950870015,
"min": 24.5196,
"min_diff": -6.588599999999985,
"std": 56.57857997649524,
"std_diff": 0.6829013561038947
},
"RL_wheel_speed": {
"max": 218.925,
"max_diff": 8.882100000000008,
"mean": 150.99597728900255,
"mean_diff": -0.049745496417604916,
"min": 24.5196,
"min_diff": -11.676000000000016,
"std": 56.522178792125565,
"std_diff": 0.9910182230598634
},
"RR_wheel_speed": {
"max": 223.5954,
"max_diff": 8.131500000000017,
"mean": 150.49105534526853,
"mean_diff": -0.04556269191402252,
"min": 25.2285,
"min_diff": -5.879700000000014,
"std": 57.6610938382376,
"std_diff": 0.7420075080421438
},
"left_solar": {
"max": 0,
"max_diff": 0.0,
"mean": 0.0,
"mean_diff": 0.0,
"min": 0,
"min_diff": 0.0,
"std": 0.0,
"std_diff": 0.0
},
"longitudinal_accel": {
"max": 0.75,
"max_diff": 1.0500000000000007,
"mean": -0.31718670076726285,
"mean_diff": -0.0005629477993858749,
"min": -1.3499999999999996,
"min_diff": -0.6999999999999993,
"std": 0.42962692842004446,
"std_diff": 0.0970374384519744
},
"meanEffTorque": {
"max": 51.5,
"max_diff": 1.5,
"mean": -5.621994884910486,
"mean_diff": -0.026356192425793245,
"min": -66.0,
"min_diff": -2.5,
"std": 26.2190034186267,
"std_diff": 0.31214962432831295
},
"odom": {
"max": 120,
"max_diff": 72.0,
"mean": 59.639897698209715,
"mean_diff": 0.008188331627430911,
"min": 0,
"min_diff": -108.0,
"std": 33.729255160735086,
"std_diff": 17.66931354755784
},
"odom_speed": {
"max": 24.0,
"max_diff": 1.0,
"mean": 16.678260869565218,
"mean_diff": -0.005629477993858751,
"min": 2.0,
"min_diff": -1.0,
"std": 6.316406845738998,
"std_diff": 0.1298335201675319
},
"pedal_cc": {
"max": 237.0,
"max_diff": 16.0,
"mean": 61.46496163682865,
"mean_diff": -0.12128966223132037,
"min": 0.0,
"min_diff": -30.0,
"std": 73.17883482908336,
"std_diff": 1.6962621243484355
},
"regen": {
"max": 52.0,
"max_diff": 1.0,
"mean": 17.163682864450127,
"mean_diff": 0.0,
"min": 0.0,
"min_diff": -3.0,
"std": 20.001529627994138,
"std_diff": 0.37718995483259105
},
"requestedTorqueAfterProc": {
"max": -272.5,
"max_diff": 125.5,
"mean": -340.5470588235294,
"mean_diff": -0.02661207778915046,
"min": -398.5,
"min_diff": -126.0,
"std": 45.43330273866674,
"std_diff": 6.915120578569032
},
"right_solar": {
"max": 0,
"max_diff": 0.0,
"mean": 0.0,
"mean_diff": 0.0,
"min": 0,
"min_diff": 0.0,
"std": 0.0,
"std_diff": 0.0
},
"steer_corrected": {
"max": 4.504123893064308,
"max_diff": 3.300000000000182,
"mean": -34.294495032767095,
"mean_diff": 0.06924257932446273,
"min": -176.79587610693588,
"min_diff": -1.1000000000003638,
"std": 60.61317417033297,
"std_diff": 0.3452569978785868
},
"steer_offset_can": {
"max": -12.300000000000182,
"max_diff": 0.0,
"mean": -12.300000000000182,
"mean_diff": 0.0,
"min": -12.300000000000182,
"min_diff": 0.0,
"std": 0.0,
"std_diff": 0.0
},
"steer_raw": {
"max": -7.199999999999818,
"max_diff": 3.300000000000182,
"mean": -45.998618925831224,
"mean_diff": 0.06924257932446273,
"min": -188.5,
"min_diff": -1.1000000000003638,
"std": 60.61317417033296,
"std_diff": 0.3452569978785868
},
"transversal_accel": {
"max": -0.3400000000000034,
"max_diff": 0.09600000000000364,
"mean": -0.5133299232736551,
"mean_diff": 6.141248720573416e-05,
"min": -0.7119999999999891,
"min_diff": -0.09200000000001296,
"std": 0.06462203388292136,
"std_diff": 0.010676038814104017
},
"utime": {
"max": 1537292963051095,
"max_diff": 20655.0,
"mean": 1537292953227828.8,
"mean_diff": 10056.81013306039,
"min": 1537292943400088,
"min_diff": 520.0,
"std": 5677474.73687729,
"std_diff": 1636.8353832729085
}
}
},
"ZoeSensors": {
"message_count": 18703,
"message_freq": 951.8340324713679,
"timespan": 19.649434,
"var_stats": {
"brake_sensor": {
"max": 0.3179720640182495,
"max_diff": 0.0005760639905929565,
"mean": 0.22411592618218146,
"mean_diff": 6.399645567985668e-06,
"min": 0.18481969833374023,
"min_diff": -0.00011816620826721191,
"std": 0.05490869164464885,
"std_diff": 3.5024551010851586e-05
},
"steering_sensor": {
"max": 0.21939422190189362,
"max_diff": 0.0005396008491516113,
"mean": 0.2175710805595823,
"mean_diff": -2.1034683751340932e-10,
"min": 0.21607783436775208,
"min_diff": -0.0006853342056274414,