{
"MS_IMU": {
"message_count": 1982,
"message_freq": 99.5503858556883,
"timespan": 19.909516,
"var_stats": {
"linear_accel": {
"max": 12.51629638671875,
"max_diff": 12.884933710098267,
"mean": 3.2052644648825863,
"mean_diff": 4.757906091976663,
"min": -2.9931912422180176,
"min_diff": -2.7536563873291016,
"std": 4.705558048793319,
"std_diff": 5.532315366868034
},
"q": {
"max": 0.6649070382118225,
"max_diff": 0.07463489146903157,
"mean": -0.18471881595196377,
"mean_diff": -0.39061195876380694,
"min": -0.9999162554740906,
"min_diff": -1.0011444396805018,
"std": 0.46462778150274353,
"std_diff": 0.41331701903265466
},
"rotation_rate": {
"max": 0.29388269782066345,
"max_diff": 0.2931764500681311,
"mean": -0.027686709412816004,
"mean_diff": -0.03888981926406836,
"min": -0.22311186790466309,
"min_diff": -0.32868679240345955,
"std": 0.057212450609012915,
"std_diff": 0.07765079407211077
},
"utime": {
"max": 1542799151557539,
"max_diff": 34984.0,
"mean": 1542799141619919.2,
"mean_diff": 10050.235234729935,
"min": 1542799131648023,
"min_diff": 1964.0,
"std": 5748497.445600361,
"std_diff": 5562.699114173002
}
}
},
"POSE": {
"message_count": 991,
"message_freq": 49.80181040385449,
"timespan": 19.898875,
"var_stats": {
"accel": {
"max": 11.407325955109222,
"max_diff": 12.043105028749624,
"mean": 3.2032944227664872,
"mean_diff": 4.7558726288144175,
"min": -2.553271051692931,
"min_diff": -2.3469077219818555,
"std": 4.696307430085322,
"std_diff": 5.52113215429074
},
"orientation": {
"max": 0.9985265766388416,
"max_diff": 0.0,
"mean": 0.08076911614538317,
"mean_diff": -0.44593770086499135,
"min": -0.7557040590628917,
"min_diff": -0.9985265766388416,
"std": 0.49343322737437695,
"std_diff": 0.3667054680265605
},
"pos": {
"max": 2449.7690925111474,
"max_diff": 22.031345052270353,
"mean": 1590.8897784561934,
"mean_diff": -1215.216359356413,
"min": 0.0,
"min_diff": -2401.106869546905,
"std": 1125.8684115177134,
"std_diff": 1128.3503158260544
},
"rotation_rate": {
"max": 0.29388269782066345,
"max_diff": 0.2918333654815797,
"mean": -0.027716708571087618,
"mean_diff": -0.038931343647881,
"min": -0.22311186790466309,
"min_diff": -0.3275304473936558,
"std": 0.05696079387198634,
"std_diff": 0.0769940533455931
},
"utime": {
"max": 1542799151555806,
"max_diff": 40252.0,
"mean": 1542799141620431.2,
"mean_diff": 20099.87373737374,
"min": 1542799131656931,
"min_diff": 14982.0,
"std": 5751953.224673443,
"std_diff": 1547.9797930248653
},
"vel": {
"max": 11.999652940343946,
"max_diff": 0.0,
"mean": 3.0824185163203697,
"mean_diff": -4.623627774480554,
"min": 0.0,
"min_diff": -11.999652940343946,
"std": 4.504994054822175,
"std_diff": 4.828714033638637
}
}
},
"SteerAngleFeedback": {
"message_count": 1950,
"message_freq": 97.96451835669193,
"timespan": 19.905166,
"var_stats": {
"utime": {
"max": 1542799151556795,
"max_diff": 30725.0,
"mean": 1542799141625514.2,
"mean_diff": 10213.014879425345,
"min": 1542799131651629,
"min_diff": 2357.0,
"std": 5753212.760211153,
"std_diff": 1657.9528198603116
},
"value": {
"max": 0.05061454830783715,
"max_diff": 0.012217304763965098,
"mean": -0.35256098410606185,
"mean_diff": 0.00021939746882432572,
"min": -0.8482300164692426,
"min_diff": -0.015707963267950653,
"std": 0.23968167869750584,
"std_diff": 0.0028332996136282637
}
}
},
"VEHICLE_MONITOR": {
"message_count": 40,
"message_freq": 2.0512149397368438,
"timespan": 19.500638,
"var_stats": null
},
"ZOE_VEH_INFO": {
"message_count": 1986,
"message_freq": 99.80479769602685,
"timespan": 19.898843,
"var_stats": {
"FL_wheel_speed": {
"max": 381.3465,
"max_diff": 3.2525999999999726,
"mean": 294.91357039274925,
"mean_diff": 0.052266801007556665,
"min": 161.4207,
"min_diff": -5.379300000000001,
"std": 62.739431256731656,
"std_diff": 0.7172980979207301
},
"FR_wheel_speed": {
"max": 381.0963,
"max_diff": 3.7112999999999943,
"mean": 290.9390732628398,
"mean_diff": 0.054745692695214114,
"min": 160.7535,
"min_diff": -4.920599999999979,
"std": 63.19566288512136,
"std_diff": 0.7514973746418125
},
"RL_wheel_speed": {
"max": 380.6376,
"max_diff": 5.337600000000009,
"mean": 293.68245453172204,
"mean_diff": 0.052728967254408045,
"min": 161.9211,
"min_diff": -4.4202000000000226,
"std": 62.65419774209274,
"std_diff": 0.8234484575607244
},
"RR_wheel_speed": {
"max": 380.3874,
"max_diff": 3.9198000000000093,
"mean": 289.91397975830813,
"mean_diff": 0.05403143576826198,
"min": 160.5033,
"min_diff": -4.461899999999957,
"std": 63.19771526879125,
"std_diff": 0.7960737074713358
},
"left_solar": {
"max": 0,
"max_diff": 0.0,
"mean": 0.0,
"mean_diff": 0.0,
"min": 0,
"min_diff": 0.0,
"std": 0.0,
"std_diff": 0.0
},
"longitudinal_accel": {
"max": 1.8500000000000014,
"max_diff": 0.40000000000000036,
"mean": 0.3471047331319241,
"mean_diff": -0.00010075566750629687,
"min": -2.6499999999999995,
"min_diff": -0.5500000000000007,
"std": 0.9205130832655206,
"std_diff": 0.08694356677152956
},
"meanEffTorque": {
"max": 105.5,
"max_diff": 4.0,
"mean": 27.4972306143001,
"mean_diff": -0.01234256926952141,
"min": -136.5,
"min_diff": -3.5,
"std": 53.275749698391564,
"std_diff": 0.6738915171248594
},
"odom": {
"max": 124,
"max_diff": 96.0,
"mean": 100.53776435045317,
"mean_diff": 0.0,
"min": 4,
"min_diff": -68.0,
"std": 36.548700199056896,
"std_diff": 11.414428096306143
},
"odom_speed": {
"max": 43.0,
"max_diff": 1.0,
"mean": 32.790030211480364,
"mean_diff": 0.006045340050377834,
"min": 18.0,
"min_diff": -1.0,
"std": 7.1635140000488535,
"std_diff": 0.15210935996881872
},
"pedal_cc": {
"max": 425.0,
"max_diff": 17.0,
"mean": 207.65508559919436,
"mean_diff": -0.061460957178841306,
"min": 0.0,
"min_diff": -41.0,
"std": 119.13019935180554,
"std_diff": 2.5556281312430995
},
"regen": {
"max": 56.0,
"max_diff": 2.0,
"mean": 6.497482376636455,
"mean_diff": 0.01964735516372796,
"min": 0.0,
"min_diff": -5.0,
"std": 16.325714267077363,
"std_diff": 0.39913871577754945
},
"requestedTorqueAfterProc": {
"max": -272.5,
"max_diff": 126.0,
"mean": -329.06445115810675,
"mean_diff": 0.04408060453400504,
"min": -398.5,
"min_diff": -123.5,
"std": 33.14976202299421,
"std_diff": 4.80146875865649
},
"right_solar": {
"max": 0,
"max_diff": 0.0,
"mean": 0.0,
"mean_diff": 0.0,
"min": 0,
"min_diff": 0.0,
"std": 0.0,
"std_diff": 0.0
},
"steer_corrected": {
"max": 2.900000000000091,
"max_diff": 0.7000000000002728,
"mean": -20.275629405840714,
"mean_diff": 0.01234256926952141,
"min": -48.59999999999991,
"min_diff": -1.6000000000003638,
"std": 13.713830767214679,
"std_diff": 0.1773973709801794
},
"steer_offset_can": {
"max": -13.300000000000182,
"max_diff": 0.0,
"mean": -13.30000000000018,
"mean_diff": 0.0,
"min": -13.300000000000182,
"min_diff": 0.0,
"std": 1.7763568394002505e-15,
"std_diff": 0.0
},
"steer_raw": {
"max": -10.400000000000091,
"max_diff": 0.7000000000002728,
"mean": -33.5756294058409,
"mean_diff": 0.01234256926952141,
"min": -61.90000000000009,
"min_diff": -1.6000000000003638,
"std": 13.713830767214679,
"std_diff": 0.1773973709801794
},
"transversal_accel": {
"max": -0.4399999999999977,
"max_diff": 0.04800000000000182,
"mean": -0.5467653575025179,
"mean_diff": 3.0226700251890315e-05,
"min": -0.6920000000000073,
"min_diff": -0.0519999999999925,
"std": 0.048886888048429146,
"std_diff": 0.008043652515644888
},
"utime": {
"max": 1542799151550610,
"max_diff": 25400.0,
"mean": 1542799141619039.2,
"mean_diff": 10024.60604534005,
"min": 1542799131651767,
"min_diff": 2.0,
"std": 5743579.6659610225,
"std_diff": 1717.956982704134
}
}
},
"ZoeSensors": {
"message_count": 19070,
"message_freq": 958.2848600489534,
"timespan": 19.900137,
"var_stats": {
"brake_sensor": {
"max": 0.395534873008728,
"max_diff": 0.0008053779602050781,
"mean": 0.20616106635841575,
"mean_diff": 1.2656883310962844e-08,
"min": 0.18951892852783203,
"min_diff": -0.0016266703605651855,
"std": 0.05164319999948999,
"std_diff": 9.85892203255315e-05
},
"steering_sensor": {
"max": 0.1906101107597351,
"max_diff": 0.0005553662776947021,
"mean": 0.18862118677641,
"mean_diff": -5.784173011529726e-09,