{
"MS_IMU": {
"message_count": 1989,
"message_freq": 99.94842781726051,
"timespan": 19.900263,
"var_stats": {
"linear_accel": {
"max": 12.507740020751953,
"max_diff": 12.384016692638397,
"mean": 3.603364452562173,
"mean_diff": 4.265352116919241,
"min": -1.8965284824371338,
"min_diff": -3.3853801488876343,
"std": 4.393857036634552,
"std_diff": 5.651680428394474
},
"q": {
"max": 0.7181363701820374,
"max_diff": 0.9889442333951592,
"mean": -0.05775031388979047,
"mean_diff": 0.4482328154737274,
"min": -0.9786884784698486,
"min_diff": 0.0001437254250049591,
"std": 0.4966537216339917,
"std_diff": 0.35719489449082065
},
"rotation_rate": {
"max": 0.08217803388834,
"max_diff": 0.1857975348830223,
"mean": -0.02153742287286856,
"mean_diff": -0.028791906879924466,
"min": -0.277289479970932,
"min_diff": -0.27486111444886774,
"std": 0.056344035166721394,
"std_diff": 0.06472818911133991
},
"utime": {
"max": 1538985440201866,
"max_diff": 24959.0,
"mean": 1538985430243524.2,
"mean_diff": 10010.192655935614,
"min": 1538985420301603,
"min_diff": 2562.0,
"std": 5742570.614142882,
"std_diff": 4285.183222583729
}
}
},
"POSE": {
"message_count": 992,
"message_freq": 49.850729227723754,
"timespan": 19.899408,
"var_stats": {
"accel": {
"max": 10.723870910799583,
"max_diff": 11.512123518227103,
"mean": 3.5998293778209502,
"mean_diff": 4.264676804765913,
"min": -1.6577032792995452,
"min_diff": -3.072252234609658,
"std": 4.387033224441327,
"std_diff": 5.642844746693446
},
"orientation": {
"max": 0.9999999798453131,
"max_diff": 0.5478723525555402,
"mean": 0.290114412598356,
"mean_diff": -0.24806174158982508,
"min": -0.01379745382814284,
"min_diff": -0.9999999798453131,
"std": 0.40722675207150977,
"std_diff": 0.5213431745911288
},
"pos": {
"max": 1725.910144551992,
"max_diff": 836.9358899352818,
"mean": 873.7527818220551,
"mean_diff": -451.3791444212619,
"min": 0.0,
"min_diff": -1725.910144551992,
"std": 702.0898011575913,
"std_diff": 1267.2388695041257
},
"rotation_rate": {
"max": 0.08117539435625076,
"max_diff": 0.1780208721756935,
"mean": -0.021515681301756344,
"mean_diff": -0.028839430823535944,
"min": -0.277289479970932,
"min_diff": -0.27477271656971425,
"std": 0.0563627504591233,
"std_diff": 0.06475362800299674
},
"utime": {
"max": 1538985440212084,
"max_diff": 40315.0,
"mean": 1538985430239072.8,
"mean_diff": 20080.12916246216,
"min": 1538985420312676,
"min_diff": 15316.0,
"std": 5745247.184599643,
"std_diff": 1351.2531543913144
},
"vel": {
"max": 7.687840461180946,
"max_diff": 0.0,
"mean": 1.7105778006937418,
"mean_diff": -2.565866701040613,
"min": 0.0,
"min_diff": -7.687840461180946,
"std": 2.671550875601995,
"std_diff": 2.917399323408607
}
}
},
"SteerAngleFeedback": {
"message_count": 1972,
"message_freq": 99.12276852506275,
"timespan": 19.894521,
"var_stats": {
"utime": {
"max": 1538985440197634,
"max_diff": 20839.0,
"mean": 1538985430268821.8,
"mean_diff": 10093.61796042618,
"min": 1538985420303113,
"min_diff": 4199.0,
"std": 5739204.299292995,
"std_diff": 1124.044932063174
},
"value": {
"max": 0.12391837689160375,
"max_diff": 0.020943951023928764,
"mean": -0.5260415285067661,
"mean_diff": 0.00045692029123747964,
"min": -2.1258110289290886,
"min_diff": -0.02094395102393687,
"std": 0.6207367853307145,
"std_diff": 0.005365141551132082
}
}
},
"VEHICLE_MONITOR": {
"message_count": 41,
"message_freq": 2.0499586933323295,
"timespan": 20.000403,
"var_stats": null
},
"ZOE_VEH_INFO": {
"message_count": 1987,
"message_freq": 99.85187549662112,
"timespan": 19.899476,
"var_stats": {
"FL_wheel_speed": {
"max": 244.40370000000001,
"max_diff": 6.338400000000007,
"mean": 164.2407490689482,
"mean_diff": 0.09719501510574019,
"min": 51.1659,
"min_diff": -8.2149,
"std": 61.72651168523809,
"std_diff": 0.6112785095552049
},
"FR_wheel_speed": {
"max": 243.4863,
"max_diff": 5.796300000000002,
"mean": 161.36712169099144,
"mean_diff": 0.0975309667673716,
"min": 49.5396,
"min_diff": -5.587799999999987,
"std": 62.426722663390755,
"std_diff": 0.5245457141915361
},
"RL_wheel_speed": {
"max": 245.3211,
"max_diff": 5.629500000000007,
"mean": 162.7938619023654,
"mean_diff": 0.09387749244712991,
"min": 50.9574,
"min_diff": -9.591000000000008,
"std": 61.22963714300789,
"std_diff": 0.690667177242408
},
"RR_wheel_speed": {
"max": 243.0276,
"max_diff": 7.756200000000007,
"mean": 160.04386547559136,
"mean_diff": 0.0973,
"min": 49.0809,
"min_diff": -7.255799999999994,
"std": 62.05162190051786,
"std_diff": 0.7085042405747384
},
"left_solar": {
"max": 0,
"max_diff": 0.0,
"mean": 0.0,
"mean_diff": 0.0,
"min": 0,
"min_diff": 0.0,
"std": 0.0,
"std_diff": 0.0
},
"longitudinal_accel": {
"max": 2.450000000000001,
"max_diff": 0.9500000000000011,
"mean": 1.2474081529944647,
"mean_diff": 0.0003021148036253775,
"min": 0.3500000000000014,
"min_diff": -1.1500000000000004,
"std": 0.31943359534634747,
"std_diff": 0.0807343521362682
},
"meanEffTorque": {
"max": 102.0,
"max_diff": 1.5,
"mean": 75.87795671867137,
"mean_diff": 0.015357502517623363,
"min": 24.0,
"min_diff": -1.5,
"std": 18.031366375821413,
"std_diff": 0.30831184120398686
},
"odom": {
"max": 120,
"max_diff": 76.0,
"mean": 62.45596376446905,
"mean_diff": 0.002014098690835851,
"min": 0,
"min_diff": -104.0,
"std": 34.88307377293041,
"std_diff": 17.641158387605923
},
"odom_speed": {
"max": 27.0,
"max_diff": 1.0,
"mean": 17.96527428283845,
"mean_diff": 0.011077542799597181,
"min": 5.0,
"min_diff": -1.0,
"std": 7.0241012916936025,
"std_diff": 0.10937038077349003
},
"pedal_cc": {
"max": 411.0,
"max_diff": 15.0,
"mean": 312.62757926522397,
"mean_diff": 0.10574018126888217,
"min": 69.0,
"min_diff": -12.0,
"std": 78.38387854033378,
"std_diff": 1.7415881215900655
},
"regen": {
"max": 0.0,
"max_diff": 0.0,
"mean": 0.0,
"mean_diff": 0.0,
"min": 0.0,
"min_diff": 0.0,
"std": 0.0,
"std_diff": 0.0
},
"requestedTorqueAfterProc": {
"max": -280.5,
"max_diff": 4.0,
"mean": -307.19652742828384,
"mean_diff": 0.017119838872104734,
"min": -362.5,
"min_diff": -4.0,
"std": 18.182821577605257,
"std_diff": 0.6167427046061987
},
"right_solar": {
"max": 0,
"max_diff": 0.0,
"mean": 0.0,
"mean_diff": 0.0,
"min": 0,
"min_diff": 0.0,
"std": 0.0,
"std_diff": 0.0
},
"steer_corrected": {
"max": 7.100000000000364,
"max_diff": 2.300000000000182,
"mean": -30.323351786612786,
"mean_diff": 0.026082578046324363,
"min": -121.79999999999973,
"min_diff": -1.2000000000002728,
"std": 35.558782230239345,
"std_diff": 0.3171729051970519
},
"steer_offset_can": {
"max": -13.300000000000182,
"max_diff": 0.0,
"mean": -13.300000000000182,
"mean_diff": 0.0,
"min": -13.300000000000182,
"min_diff": 0.0,
"std": 0.0,
"std_diff": 0.0
},
"steer_raw": {
"max": -6.199999999999818,
"max_diff": 2.300000000000182,
"mean": -43.62335178661297,
"mean_diff": 0.026082578046324363,
"min": -135.0999999999999,
"min_diff": -1.2000000000002728,
"std": 35.558782230239345,
"std_diff": 0.3171729051970519
},
"transversal_accel": {
"max": -0.3760000000000048,
"max_diff": 0.04400000000001114,
"mean": -0.5171313537996964,
"mean_diff": 3.4239677744215535e-05,
"min": -0.6879999999999882,
"min_diff": -0.07200000000000273,
"std": 0.05213578684631801,
"std_diff": 0.007582698534852398
},
"utime": {
"max": 1538985440199849,
"max_diff": 20458.0,
"mean": 1538985430236247.2,
"mean_diff": 10019.877139979859,
"min": 1538985420300373,
"min_diff": 2.0,
"std": 5743243.175742492,
"std_diff": 1556.0669395154077
}
}
},
"ZoeSensors": {
"message_count": 19008,
"message_freq": 955.2925787064742,
"timespan": 19.897569,
"var_stats": {
"brake_sensor": {
"max": 0.1820773184299469,
"max_diff": 2.7164816856384277e-05,
"mean": 0.18197009096828348,
"mean_diff": 5.2644445423626566e-09,
"min": 0.18184839189052582,
"min_diff": -2.658367156982422e-05,
"std": 2.9385598868087513e-05,
"std_diff": 4.85272355470034e-06
},
"steering_sensor": {
"max": 0.1897396445274353,
"max_diff": 0.00061836838722229,
"mean": 0.18844013702303095,
"mean_diff": 4.351888556166062e-09,
"min": 0.18739217519760132,
"min_diff": -0.0005829334259033203,
"std": 0.00030696397522506915,