{
"MS_IMU": {
"message_count": 1976,
"message_freq": 99.62088104082042,
"timespan": 19.835199,
"var_stats": {
"linear_accel": {
"max": 13.33183765411377,
"max_diff": 13.12114703655243,
"mean": 3.282953949475507,
"mean_diff": 4.950469501204153,
"min": -2.2984368801116943,
"min_diff": -2.652637481689453,
"std": 4.646604279683233,
"std_diff": 4.744068027155887
},
"q": {
"max": 0.011623107828199863,
"max_diff": 0.8854128317907453,
"mean": -0.3444149020942894,
"mean_diff": 0.12695856890094426,
"min": -0.8852730393409729,
"min_diff": -0.4985950430855155,
"std": 0.3624615729936193,
"std_diff": 0.5582521342823168
},
"rotation_rate": {
"max": 0.11380475759506226,
"max_diff": 0.15879469644278288,
"mean": -0.000583795620811473,
"mean_diff": -0.0012234321958430883,
"min": -0.16970333456993103,
"min_diff": -0.15149154886603355,
"std": 0.02604661716603716,
"std_diff": 0.03664345911865551
},
"utime": {
"max": 1535488042657283,
"max_diff": 34940.0,
"mean": 1535488032730616.5,
"mean_diff": 10043.138734177215,
"min": 1535488022822084,
"min_diff": 1946.0,
"std": 5728413.119712198,
"std_diff": 5582.750569024439
}
}
},
"POSE": {
"message_count": 982,
"message_freq": 49.44740510642648,
"timespan": 19.859485,
"var_stats": {
"accel": {
"max": 11.469031868222046,
"max_diff": 11.408135393326726,
"mean": 3.2807142174667367,
"mean_diff": 4.951975937144948,
"min": -1.7449522647228863,
"min_diff": -2.157189343839402,
"std": 4.636103167420429,
"std_diff": 4.723616837709929
},
"orientation": {
"max": 0.9694807100561984,
"max_diff": 0.9694807100561984,
"mean": 0.30794985461901464,
"mean_diff": 0.23145750869557974,
"min": 0.0,
"min_diff": -0.2997018629577772,
"std": 0.3939122834339236,
"std_diff": 0.528924148627919
},
"pos": {
"max": 1479.496759454737,
"max_diff": 824.9001630722613,
"mean": 716.2888362341961,
"mean_diff": -347.40997074817807,
"min": 0.0,
"min_diff": -1479.496759454737,
"std": 593.9769490826018,
"std_diff": 1106.9376112056657
},
"rotation_rate": {
"max": 0.10927700996398926,
"max_diff": 0.15879469644278288,
"mean": -0.0005015728044898705,
"mean_diff": -0.0012304133025279919,
"min": -0.16970333456993103,
"min_diff": -0.1274290643632412,
"std": 0.026057711415405305,
"std_diff": 0.03644762139736669
},
"utime": {
"max": 1535488042661112,
"max_diff": 40334.0,
"mean": 1535488032753655.0,
"mean_diff": 20244.12334352701,
"min": 1535488022801627,
"min_diff": 11002.0,
"std": 5747608.283624089,
"std_diff": 2336.588893136855
},
"vel": {
"max": 7.1062067940297755,
"max_diff": 0.0,
"mean": 1.337065115202746,
"mean_diff": -2.0055976728041194,
"min": 0.0,
"min_diff": -7.1062067940297755,
"std": 2.1612457431399834,
"std_diff": 2.3802662459569413
}
}
},
"SteerAngleFeedback": {
"message_count": 1939,
"message_freq": 97.66786368145185,
"timespan": 19.852999,
"var_stats": {
"utime": {
"max": 1535488042656635,
"max_diff": 39419.0,
"mean": 1535488032748612.5,
"mean_diff": 10244.065531475748,
"min": 1535488022803636,
"min_diff": 2146.0,
"std": 5748139.382521572,
"std_diff": 1834.4345552797708
},
"value": {
"max": 0.49050949532237736,
"max_diff": 0.059341194567808786,
"mean": -0.05239231576278148,
"mean_diff": 0.0007853081051285099,
"min": -1.3752474750595625,
"min_diff": -0.012217304763957132,
"std": 0.2800404806934765,
"std_diff": 0.0056467022975483575
}
}
},
"VEHICLE_MONITOR": {
"message_count": 40,
"message_freq": 2.0512625905856794,
"timespan": 19.500185,
"var_stats": null
},
"ZOE_VEH_INFO": {
"message_count": 1978,
"message_freq": 99.64127127351216,
"timespan": 19.851212,
"var_stats": {
"FL_wheel_speed": {
"max": 225.2217,
"max_diff": 7.714500000000001,
"mean": 127.01434201213345,
"mean_diff": 0.039717298937784515,
"min": 45.3279,
"min_diff": -7.255800000000008,
"std": 57.190821832573064,
"std_diff": 0.7738526809477393
},
"FR_wheel_speed": {
"max": 226.1808,
"max_diff": 7.214099999999988,
"mean": 126.92524989888776,
"mean_diff": 0.04172109256449166,
"min": 46.2453,
"min_diff": -7.756199999999993,
"std": 57.63842739013452,
"std_diff": 0.8102941081638562
},
"RL_wheel_speed": {
"max": 224.5128,
"max_diff": 6.338400000000007,
"mean": 126.70787441860466,
"mean_diff": 0.039590743550834605,
"min": 45.5364,
"min_diff": -10.049700000000001,
"std": 57.21065395414258,
"std_diff": 0.7535395521482592
},
"RR_wheel_speed": {
"max": 229.22490000000002,
"max_diff": 5.587800000000016,
"mean": 129.01096668351872,
"mean_diff": 0.04243823975720789,
"min": 47.2044,
"min_diff": -5.337600000000009,
"std": 58.730703152546326,
"std_diff": 0.6671857494306487
},
"left_solar": {
"max": 0,
"max_diff": 0.0,
"mean": 0.0,
"mean_diff": 0.0,
"min": 0,
"min_diff": 0.0,
"std": 0.0,
"std_diff": 0.0
},
"longitudinal_accel": {
"max": 2.0,
"max_diff": 0.5999999999999996,
"mean": -0.1491405460060661,
"mean_diff": -2.5290844714213813e-05,
"min": -2.0999999999999996,
"min_diff": -0.75,
"std": 0.8977456146025017,
"std_diff": 0.09551791240927368
},
"meanEffTorque": {
"max": 95.5,
"max_diff": 2.0,
"mean": 6.721688574317493,
"mean_diff": -0.0025290844714213456,
"min": -91.5,
"min_diff": -4.5,
"std": 48.09759016580158,
"std_diff": 0.780706706352828
},
"odom": {
"max": 120,
"max_diff": 72.0,
"mean": 61.74721941354904,
"mean_diff": -0.02832574607991907,
"min": 0,
"min_diff": -108.0,
"std": 34.69498474541701,
"std_diff": 17.059958736413265
},
"odom_speed": {
"max": 25.0,
"max_diff": 1.0,
"mean": 13.981799797775532,
"mean_diff": 0.004552352048558422,
"min": 5.0,
"min_diff": -1.0,
"std": 6.545220502168127,
"std_diff": 0.15411901285106466
},
"pedal_cc": {
"max": 379.0,
"max_diff": 32.0,
"mean": 106.5535894843276,
"mean_diff": 0.014162873039959535,
"min": 0.0,
"min_diff": -78.0,
"std": 124.16230290163574,
"std_diff": 4.9352716379538775
},
"regen": {
"max": 52.0,
"max_diff": 1.0,
"mean": 9.725480283114257,
"mean_diff": 0.0070814365199797676,
"min": 0.0,
"min_diff": -3.0,
"std": 16.58117172306203,
"std_diff": 0.35410795393398353
},
"requestedTorqueAfterProc": {
"max": -272.5,
"max_diff": 126.0,
"mean": -338.9651162790698,
"mean_diff": -0.008093070308548306,
"min": -398.5,
"min_diff": -126.0,
"std": 45.54216755706053,
"std_diff": 6.9117703816194735
},
"right_solar": {
"max": 50,
"max_diff": 50.0,
"mean": 2.5025278058645095,
"mean_diff": 0.0,
"min": 0,
"min_diff": -50.0,
"std": 10.902465082452702,
"std_diff": 4.770928656225339
},
"steer_corrected": {
"max": 28.104123893064216,
"max_diff": 2.200000000000273,
"mean": -3.06619966608653,
"mean_diff": 0.04436014162873031,
"min": -79.39587610693579,
"min_diff": -0.8000000000001819,
"std": 16.131374324904037,
"std_diff": 0.32342346744080047
},
"steer_offset_can": {
"max": -12.300000000000182,
"max_diff": 0.0,
"mean": -12.30000000000018,
"mean_diff": 0.0,
"min": -12.300000000000182,
"min_diff": 0.0,
"std": 1.7763568394002505e-15,
"std_diff": 0.0
},
"steer_raw": {
"max": 16.40000000000009,
"max_diff": 2.200000000000273,
"mean": -14.770323559150656,
"mean_diff": 0.04436014162873031,
"min": -91.09999999999991,
"min_diff": -0.8000000000001819,
"std": 16.131374324904037,
"std_diff": 0.3234234674408005
},
"transversal_accel": {
"max": -0.3640000000000043,
"max_diff": 0.09600000000000364,
"mean": -0.47811122345803597,
"mean_diff": 1.2139605462822919e-05,
"min": -0.6239999999999952,
"min_diff": -0.09600000000000364,
"std": 0.02974688919881724,
"std_diff": 0.009601037623316652
},
"utime": {
"max": 1535488042651355,
"max_diff": 21828.0,
"mean": 1535488032737053.8,
"mean_diff": 10041.078401618613,
"min": 1535488022800143,
"min_diff": 2.0,
"std": 5734848.718115141,
"std_diff": 2093.4108448958223
}
}
},
"ZoeSensors": {
"message_count": 19089,
"message_freq": 961.6864501155067,
"timespan": 19.849505,
"var_stats": {
"brake_sensor": {
"max": 0.18416069447994232,
"max_diff": 2.790987491607666e-05,
"mean": 0.18399540069101492,
"mean_diff": -1.6136158941577486e-09,
"min": 0.18321678042411804,
"min_diff": -2.962350845336914e-05,
"std": 0.00016968048558809823,
"std_diff": 5.018735624655388e-06
},
"steering_sensor": {
"max": 0.19107092916965485,
"max_diff": 0.000941351056098938,
"mean": 0.18809188332451016,