{
"MS_IMU": {
"message_count": 1949,
"message_freq": 99.94649349855496,
"timespan": 19.500434,
"var_stats": {
"linear_accel": {
"max": 11.477145195007324,
"max_diff": 11.600613117218018,
"mean": 3.2921790188939792,
"mean_diff": 4.86931497367044,
"min": -4.507687091827393,
"min_diff": -2.2594223022460938,
"std": 4.661051840437869,
"std_diff": 4.931170788001329
},
"q": {
"max": 0.777819812297821,
"max_diff": 0.04588000476360321,
"mean": -0.04668697462699925,
"mean_diff": -0.4652419113309562,
"min": -0.8570181131362915,
"min_diff": -0.8709485167637467,
"std": 0.4978155726576103,
"std_diff": 0.34853475286166424
},
"rotation_rate": {
"max": 0.16809427738189697,
"max_diff": 0.14357934147119522,
"mean": 0.012833508884303044,
"mean_diff": 0.01577671662149469,
"min": -0.09375570714473724,
"min_diff": -0.17016298323869705,
"std": 0.03637345665822843,
"std_diff": 0.05004198470647714
},
"utime": {
"max": 1532662968456970,
"max_diff": 25066.0,
"mean": 1532662958705945.0,
"mean_diff": 10010.489733059549,
"min": 1532662948956536,
"min_diff": 1949.0,
"std": 5634061.312945061,
"std_diff": 5444.631474075935
}
}
},
"POSE": {
"message_count": 975,
"message_freq": 50.002320620521104,
"timespan": 19.499095,
"var_stats": {
"accel": {
"max": 10.722596286894932,
"max_diff": 11.102917695863558,
"mean": 3.293453695710918,
"mean_diff": 4.864925943165007,
"min": -4.395419807780571,
"min_diff": -2.0330642352111,
"std": 4.654830054531235,
"std_diff": 4.931161711449321
},
"orientation": {
"max": 0.9999999460545818,
"max_diff": 0.10931099140273981,
"mean": 0.21354116943626109,
"mean_diff": -0.37335740096324743,
"min": -0.24336928935058738,
"min_diff": -0.9999999460545818,
"std": 0.4521063690723611,
"std_diff": 0.4403834516410695
},
"pos": {
"max": 1358.475949712069,
"max_diff": 264.8967391838364,
"mean": 827.5610007929979,
"mean_diff": -571.8382156931896,
"min": 0.0,
"min_diff": -1358.475949712069,
"std": 590.8253877334587,
"std_diff": 767.6195045166974
},
"rotation_rate": {
"max": 0.1635482758283615,
"max_diff": 0.14357934147119522,
"mean": 0.01287005864385999,
"mean_diff": 0.015767973325793997,
"min": -0.09312577545642853,
"min_diff": -0.17016298323869705,
"std": 0.0363642117729114,
"std_diff": 0.050043169235440166
},
"utime": {
"max": 1532662968463559,
"max_diff": 39822.0,
"mean": 1532662958719430.8,
"mean_diff": 20019.604722792606,
"min": 1532662948964464,
"min_diff": 16715.0,
"std": 5635331.794269118,
"std_diff": 799.603132321242
},
"vel": {
"max": 8.680949915244492,
"max_diff": 0.0,
"mean": 1.8265805026883828,
"mean_diff": -2.739870754032574,
"min": 0.0,
"min_diff": -8.680949915244492,
"std": 2.784008163110833,
"std_diff": 3.020555400716998
}
}
},
"SteerAngleFeedback": {
"message_count": 1934,
"message_freq": 99.15215169397402,
"timespan": 19.505376,
"var_stats": {
"utime": {
"max": 1532662968459101,
"max_diff": 30325.0,
"mean": 1532662958716951.8,
"mean_diff": 10090.727366787378,
"min": 1532662948953725,
"min_diff": 5333.0,
"std": 5644650.913809778,
"std_diff": 1235.5486130587499
},
"value": {
"max": 1.0367255756846334,
"max_diff": 0.019198621771936042,
"mean": 0.263923744086222,
"mean_diff": 0.00019954359270085115,
"min": -0.24609142453119887,
"min_diff": -0.020943951023928764,
"std": 0.29051944847746863,
"std_diff": 0.003884610287395491
}
}
},
"VEHICLE_MONITOR": {
"message_count": 40,
"message_freq": 2.051238817479283,
"timespan": 19.500411,
"var_stats": {
"available_distance": {
"max": 114,
"max_diff": 0.0,
"mean": 114.0,
"mean_diff": 0.0,
"min": 114,
"min_diff": 0.0,
"std": 0.0,
"std_diff": 0.0
},
"battery_level": {
"max": 95,
"max_diff": 0.0,
"mean": 95.0,
"mean_diff": 0.0,
"min": 95,
"min_diff": 0.0,
"std": 0.0,
"std_diff": 0.0
},
"brake": {
"max": 20,
"max_diff": 9.0,
"mean": 1.8,
"mean_diff": 0.0,
"min": 0,
"min_diff": -14.0,
"std": 4.9,
"std_diff": 3.0382181012509997
},
"brake_switch": {
"max": 4,
"max_diff": 3.0,
"mean": 1.975,
"mean_diff": 0.0,
"min": 1,
"min_diff": -3.0,
"std": 1.4051245496396398,
"std_diff": 1.1766968108291043
},
"gear_position": {
"max": 7,
"max_diff": 0.0,
"mean": 7.0,
"mean_diff": 0.0,
"min": 7,
"min_diff": 0.0,
"std": 0.0,
"std_diff": 0.0
},
"left_signal": {
"max": 0,
"max_diff": 0.0,
"mean": 0.0,
"mean_diff": 0.0,
"min": 0,
"min_diff": 0.0,
"std": 0.0,
"std_diff": 0.0
},
"rear_left_rpm": {
"max": 271.7172,
"max_diff": 24.811499999999995,
"mean": 171.2087325,
"mean_diff": -0.25126923076923063,
"min": 57.4626,
"min_diff": -58.42169999999999,
"std": 56.305398546628666,
"std_diff": 19.76596576882693
},
"rear_right_rpm": {
"max": 273.3852,
"max_diff": 25.019999999999982,
"mean": 172.96013250000001,
"mean_diff": -0.19780769230769196,
"min": 57.4626,
"min_diff": -57.75449999999999,
"std": 57.05036267543085,
"std_diff": 19.939378213377037
},
"right_signal": {
"max": 1,
"max_diff": 1.0,
"mean": 0.05,
"mean_diff": 0.0,
"min": 0,
"min_diff": -1.0,
"std": 0.21794494717703367,
"std_diff": 0.22645540682891915
},
"steering": {
"max": 59.20000000000027,
"max_diff": 24.09999999999991,
"mean": 15.335000000000127,
"mean_diff": 0.3307692307692331,
"min": -13.699999999999818,
"min_diff": -22.200000000000273,
"std": 16.341137506306,
"std_diff": 8.482656630493112
},
"steering_speed": {
"max": 45.80000000000037,
"max_diff": 53.79999999999973,
"mean": 1.8600000000002421,
"mean_diff": -0.9205128205128111,
"min": -49.89999999999945,
"min_diff": -87.69999999999982,
"std": 17.949008329152893,
"std_diff": 22.51225511818497
},
"throttle": {
"max": 342,
"max_diff": 222.0,
"mean": 130.575,
"mean_diff": -8.76923076923077,
"min": 0,
"min_diff": -148.0,
"std": 121.15958226652981,
"std_diff": 70.55365717263652
},
"utime": {
"max": 1532662968806213,
"max_diff": 501278.0,
"mean": 1532662959055975.2,
"mean_diff": 500010.53846153844,
"min": 1532662949305802,
"min_diff": 499093.0,
"std": 5771707.893395795,
"std_diff": 519.7195913653007
},
"vehicle_speed": {
"max": 31.01,
"max_diff": 2.7900000000000027,
"mean": 19.682,
"mean_diff": -0.020256410256410236,
"min": 6.69,
"min_diff": -6.429999999999998,
"std": 6.405886823851948,
"std_diff": 2.206260889772776
},
"yaw_rate": {
"max": 6.800000000000011,
"max_diff": 3.5999999999999943,
"mean": 1.782500000000023,
"mean_diff": 0.048717948717948864,
"min": -1.099999999999966,
"min_diff": -2.799999999999983,
"std": 2.118004662412243,
"std_diff": 1.2581777206966156
}
}
},
"ZOE_VEH_INFO": {
"message_count": 1946,
"message_freq": 99.79618705743968,
"timespan": 19.499743,
"var_stats": {
"FL_wheel_speed": {
"max": 274.803,
"max_diff": 3.252600000000001,
"mean": 172.4291357142857,
"mean_diff": 0.0032159383033419,
"min": 57.7128,
"min_diff": -3.5027999999999935,
"std": 56.76387675251888,
"std_diff": 0.6921762359451189
},
"FR_wheel_speed": {
"max": 276.1791,
"max_diff": 3.7112999999999943,
"mean": 173.65270714285714,
"mean_diff": 0.004202159383033431,
"min": 57.4626,
"min_diff": -4.628700000000009,
"std": 57.49809814185738,
"std_diff": 0.7223878740548286
},
"RL_wheel_speed": {
"max": 274.5528,
"max_diff": 4.670400000000001,
"mean": 171.77582142857142,
"mean_diff": 0.004437994858611833,
"min": 57.4626,
"min_diff": -3.252600000000001,
"std": 56.775860628819295,
"std_diff": 0.7260116019037212
},
"RR_wheel_speed": {
"max": 276.8463,
"max_diff": 3.5028000000000077,
"mean": 173.43261428571427,
"mean_diff": 0.006496195372750647,
"min": 57.4626,
"min_diff": -4.920600000000007,
"std": 57.63797192301589,
"std_diff": 0.7383750475358516
},
"left_solar": {
"max": 32,
"max_diff": 144.0,
"mean": -13.977389516957862,
"mean_diff": -0.04113110539845758,
"min": -112,
"min_diff": -144.0,
"std": 36.18820710640309,
"std_diff": 12.852269352623075
},
"longitudinal_accel": {
"max": 1.700000000000001,
"max_diff": 0.4500000000000002,
"mean": 0.07281603288797592,
"mean_diff": -0.00043701799485861166,
"min": -4.3999999999999995,
"min_diff": -0.4499999999999993,
"std": 1.4471739423419399,
"std_diff": 0.06420215716332156
},
"meanEffTorque": {
"max": 112.5,
"max_diff": 2.5,
"mean": 20.39234326824255,
"mean_diff": -0.04498714652956298,
"min": -150.0,
"min_diff": -5.5,