{
"MS_IMU": {
"message_count": 1987,
"message_freq": 99.85251778098458,
"timespan": 19.899348,
"var_stats": {
"linear_accel": {
"max": 12.314153671264648,
"max_diff": 12.971530437469482,
"mean": 3.37209418845455,
"mean_diff": 4.4925825307413465,
"min": -2.4444196224212646,
"min_diff": -3.3205920457839966,
"std": 4.583248423945439,
"std_diff": 5.774391870714751
},
"q": {
"max": 0.050914913415908813,
"max_diff": 0.9820607261208352,
"mean": -0.3136696099993337,
"mean_diff": 0.14529410642808444,
"min": -0.9851628541946411,
"min_diff": -0.9220253089442849,
"std": 0.38937307659270176,
"std_diff": 0.5664655483674983
},
"rotation_rate": {
"max": 0.21205838024616241,
"max_diff": 0.24099009484052658,
"mean": -0.025240544962355824,
"mean_diff": -0.03652225351854481,
"min": -0.5612819194793701,
"min_diff": -0.5793545283377171,
"std": 0.11956791066831628,
"std_diff": 0.14596506263959863
},
"utime": {
"max": 1538984969801000,
"max_diff": 30001.0,
"mean": 1538984959840539.5,
"mean_diff": 10019.812688821752,
"min": 1538984949901652,
"min_diff": 2947.0,
"std": 5745924.27207117,
"std_diff": 4297.498915141177
}
}
},
"POSE": {
"message_count": 995,
"message_freq": 50.00372640835496,
"timespan": 19.898517,
"var_stats": {
"accel": {
"max": 10.833981874720566,
"max_diff": 12.382203296601585,
"mean": 3.3698405607077118,
"mean_diff": 4.496402530190485,
"min": -2.2725731284316923,
"min_diff": -3.1160181963970075,
"std": 4.5808294550765405,
"std_diff": 5.764247800323135
},
"orientation": {
"max": 0.999997336672156,
"max_diff": 0.999997336672156,
"mean": 0.2508326564393078,
"mean_diff": 0.07354986482014571,
"min": -0.9999967699118701,
"min_diff": -0.9999967699118701,
"std": 0.4325308988541745,
"std_diff": 0.5726462701513664
},
"pos": {
"max": 1601.4245957651613,
"max_diff": 923.2208711384709,
"mean": 758.3188231615418,
"mean_diff": -354.43031860940386,
"min": 0.0,
"min_diff": -1601.4245957651613,
"std": 640.4903692569478,
"std_diff": 1212.0308036550944
},
"rotation_rate": {
"max": 0.2120555192232132,
"max_diff": 0.24099009484052658,
"mean": -0.025153346854923278,
"mean_diff": -0.03640337801981839,
"min": -0.5612819194793701,
"min_diff": -0.5793545283377171,
"std": 0.11946040490602547,
"std_diff": 0.1458118065312038
},
"utime": {
"max": 1538984969814141,
"max_diff": 39390.0,
"mean": 1538984959873832.5,
"mean_diff": 20018.628772635813,
"min": 1538984949915624,
"min_diff": 13441.0,
"std": 5746441.719130911,
"std_diff": 825.3237703913176
},
"vel": {
"max": 6.052110303860014,
"max_diff": 0.0,
"mean": 1.4452053908184077,
"mean_diff": -2.1678080862276117,
"min": 0.0,
"min_diff": -6.052110303860014,
"std": 2.183705514397967,
"std_diff": 2.3635546734061803
}
}
},
"SteerAngleFeedback": {
"message_count": 1964,
"message_freq": 98.66984111593379,
"timespan": 19.904765,
"var_stats": {
"utime": {
"max": 1538984969802328,
"max_diff": 30696.0,
"mean": 1538984959866520.2,
"mean_diff": 10139.971981660723,
"min": 1538984949897563,
"min_diff": 5967.0,
"std": 5746723.615355591,
"std_diff": 1395.2736181171233
},
"value": {
"max": 1.4468779499033009,
"max_diff": 0.05585053606381507,
"mean": -1.0447137450564092,
"mean_diff": -0.0002694013058350915,
"min": -6.796312107265913,
"min_diff": -0.07679448708775238,
"std": 2.366778953752247,
"std_diff": 0.015611307270347407
}
}
},
"VEHICLE_MONITOR": {
"message_count": 41,
"message_freq": 2.0499258951788892,
"timespan": 20.000723,
"var_stats": null
},
"ZOE_VEH_INFO": {
"message_count": 1987,
"message_freq": 99.85247763796978,
"timespan": 19.899356,
"var_stats": {
"FL_wheel_speed": {
"max": 188.8176,
"max_diff": 7.923000000000002,
"mean": 138.780643029693,
"mean_diff": 0.0679882175226586,
"min": 38.3223,
"min_diff": -7.672799999999995,
"std": 39.742726599555816,
"std_diff": 0.6401513802607106
},
"FR_wheel_speed": {
"max": 195.0726,
"max_diff": 3.752999999999986,
"mean": 135.4258601912431,
"mean_diff": 0.06740030211480362,
"min": 38.781,
"min_diff": -4.253399999999999,
"std": 44.29528194521387,
"std_diff": 0.48873998845409417
},
"RL_wheel_speed": {
"max": 188.3172,
"max_diff": 6.046499999999995,
"mean": 136.55411066935076,
"mean_diff": 0.06752628398791541,
"min": 37.8636,
"min_diff": -7.464299999999994,
"std": 40.40029985300866,
"std_diff": 0.5947066983339698
},
"RR_wheel_speed": {
"max": 194.1552,
"max_diff": 3.2942999999999927,
"mean": 133.18514101660796,
"mean_diff": 0.06658141993957704,
"min": 38.3223,
"min_diff": -3.252600000000001,
"std": 45.70498516195942,
"std_diff": 0.5238216134537088
},
"left_solar": {
"max": 0,
"max_diff": 0.0,
"mean": 0.0,
"mean_diff": 0.0,
"min": 0,
"min_diff": 0.0,
"std": 0.0,
"std_diff": 0.0
},
"longitudinal_accel": {
"max": 1.5500000000000007,
"max_diff": 0.6999999999999993,
"mean": 0.7448917966784104,
"mean_diff": 0.0009063444108761324,
"min": -0.6999999999999993,
"min_diff": -0.7000000000000011,
"std": 0.49622665352030276,
"std_diff": 0.06875518319767635
},
"meanEffTorque": {
"max": 83.0,
"max_diff": 1.5,
"mean": 53.95420231504781,
"mean_diff": 0.04179254783484391,
"min": -13.0,
"min_diff": -1.5,
"std": 26.579162011836814,
"std_diff": 0.3189478063683212
},
"odom": {
"max": 120,
"max_diff": 60.0,
"mean": 58.127830900855564,
"mean_diff": 0.022155085599194362,
"min": 0,
"min_diff": -108.0,
"std": 35.248399799856436,
"std_diff": 17.665332159636534
},
"odom_speed": {
"max": 21.0,
"max_diff": 1.0,
"mean": 15.085052843482638,
"mean_diff": 0.0075528700906344415,
"min": 4.0,
"min_diff": -1.0,
"std": 4.797700446774064,
"std_diff": 0.12060335676072173
},
"pedal_cc": {
"max": 350.0,
"max_diff": 16.0,
"mean": 240.17362858580776,
"mean_diff": 0.175730110775428,
"min": 0.0,
"min_diff": -14.0,
"std": 98.3003447328842,
"std_diff": 1.927391752718899
},
"regen": {
"max": 26.0,
"max_diff": 1.0,
"mean": 0.6436839456467036,
"mean_diff": 0.0,
"min": 0.0,
"min_diff": -3.0,
"std": 3.5178549700200192,
"std_diff": 0.19817902126940454
},
"requestedTorqueAfterProc": {
"max": -273.0,
"max_diff": 125.5,
"mean": -325.4685455460493,
"mean_diff": 0.041289023162134945,
"min": -398.5,
"min_diff": -123.5,
"std": 25.248680463975372,
"std_diff": 4.0143946869946845
},
"right_solar": {
"max": 0,
"max_diff": 0.0,
"mean": 0.0,
"mean_diff": 0.0,
"min": 0,
"min_diff": 0.0,
"std": 0.0,
"std_diff": 0.0
},
"steer_corrected": {
"max": 82.90000000000009,
"max_diff": 3.700000000000273,
"mean": -60.103673880221265,
"mean_diff": -0.015256797583081662,
"min": -389.39999999999964,
"min_diff": -3.100000000000364,
"std": 136.06613145980958,
"std_diff": 0.8971443223150064
},
"steer_offset_can": {
"max": -13.300000000000182,
"max_diff": 0.0,
"mean": -13.300000000000182,
"mean_diff": 0.0,
"min": -13.300000000000182,
"min_diff": 0.0,
"std": 0.0,
"std_diff": 0.0
},
"steer_raw": {
"max": 69.59999999999991,
"max_diff": 3.700000000000273,
"mean": -73.40367388022146,
"mean_diff": -0.015256797583081662,
"min": -402.6999999999998,
"min_diff": -3.100000000000364,
"std": 136.06613145980958,
"std_diff": 0.8971443223150064
},
"transversal_accel": {
"max": -0.3120000000000118,
"max_diff": 0.03999999999999204,
"mean": -0.5469109209864113,
"mean_diff": 6.042296072507782e-06,
"min": -0.7680000000000007,
"min_diff": -0.0759999999999934,
"std": 0.09050529526813611,
"std_diff": 0.006579283589731321
},
"utime": {
"max": 1538984969804471,
"max_diff": 22974.0,
"mean": 1538984959858231.5,
"mean_diff": 10019.816717019134,
"min": 1538984949905115,
"min_diff": 1.0,
"std": 5745144.454021013,
"std_diff": 1724.018255781058
}
}
},
"ZoeSensors": {
"message_count": 18968,
"message_freq": 953.183455854862,
"timespan": 19.899632,
"var_stats": {
"brake_sensor": {
"max": 0.30531251430511475,
"max_diff": 1.792609691619873e-05,
"mean": 0.18423184978715582,
"mean_diff": -6.49726295933774e-06,
"min": 0.18191255629062653,
"min_diff": -0.0015888810157775879,
"std": 0.015715595054679628,
"std_diff": 6.993522899089805e-05
},
"steering_sensor": {
"max": 0.19188624620437622,
"max_diff": 0.000500217080116272,
"mean": 0.18861750309139125,
"mean_diff": -1.0382967593076956e-08,
"min": 0.18727795779705048,