{
"MS_IMU": {
"message_count": 1940,
"message_freq": 99.48789375923724,
"timespan": 19.49986,
"var_stats": {
"linear_accel": {
"max": 11.289977073669434,
"max_diff": 11.846335887908936,
"mean": 2.916364729272323,
"mean_diff": 5.182689647229523,
"min": -2.3942317962646484,
"min_diff": -1.6561186909675598,
"std": 4.864332626991552,
"std_diff": 5.019410880974057
},
"q": {
"max": 0.030485881492495537,
"max_diff": 0.30469621531665325,
"mean": -0.28006489839225135,
"mean_diff": -0.27011881022781287,
"min": -0.9995366930961609,
"min_diff": -1.0117379501461983,
"std": 0.41420244990875843,
"std_diff": 0.520422198238816
},
"rotation_rate": {
"max": 0.16767197847366333,
"max_diff": 0.18153764866292477,
"mean": 0.0011196035571526433,
"mean_diff": 0.00239874027240269,
"min": -0.07412987947463989,
"min_diff": -0.1264408379793167,
"std": 0.03949366241502247,
"std_diff": 0.05226943926504984
},
"utime": {
"max": 1531886217054747,
"max_diff": 34986.0,
"mean": 1531886207302342.2,
"mean_diff": 10056.658071170707,
"min": 1531886197554887,
"min_diff": 1962.0,
"std": 5626313.518346802,
"std_diff": 4091.9580249216983
}
}
},
"POSE": {
"message_count": 966,
"message_freq": 49.536614711851506,
"timespan": 19.500727,
"var_stats": {
"accel": {
"max": 10.411472880462735,
"max_diff": 11.22856533097289,
"mean": 2.913813720252703,
"mean_diff": 5.1876512362529885,
"min": -2.0828040091098083,
"min_diff": -1.4830971322523687,
"std": 4.861859043642773,
"std_diff": 5.008056303643476
},
"orientation": {
"max": 0.6713194514539652,
"max_diff": 0.0,
"mean": -0.06748656433114744,
"mean_diff": -0.4614273828038942,
"min": -0.888608829874157,
"min_diff": -0.888608829874157,
"std": 0.49542462962066985,
"std_diff": 0.3470131175216318
},
"pos": {
"max": 1529.9782159893787,
"max_diff": 622.615575126928,
"mean": 784.3230386434226,
"mean_diff": -441.5006558563818,
"min": 0.0,
"min_diff": -1529.9782159893787,
"std": 604.4626955776504,
"std_diff": 1028.7391165462495
},
"rotation_rate": {
"max": 0.166599303483963,
"max_diff": 0.17907676473259926,
"mean": 0.0012060852987382201,
"mean_diff": 0.0024400456144258315,
"min": -0.07412987947463989,
"min_diff": -0.1264408379793167,
"std": 0.03957912729825837,
"std_diff": 0.0523756026188417
},
"utime": {
"max": 1531886217056639,
"max_diff": 40108.0,
"mean": 1531886207316829.2,
"mean_diff": 20208.00725388601,
"min": 1531886197555912,
"min_diff": 17480.0,
"std": 5630164.78345197,
"std_diff": 2062.99583883135
},
"vel": {
"max": 7.584911115120148,
"max_diff": 0.0,
"mean": 1.7907651724384508,
"mean_diff": -2.686147758657676,
"min": 0.0,
"min_diff": -7.584911115120148,
"std": 2.907169377783862,
"std_diff": 3.2050461400067904
}
}
},
"SteerAngleFeedback": {
"message_count": 1893,
"message_freq": 97.10384325008256,
"timespan": 19.494594,
"var_stats": {
"utime": {
"max": 1531886217051634,
"max_diff": 40570.0,
"mean": 1531886207385746.5,
"mean_diff": 10303.696617336152,
"min": 1531886197557040,
"min_diff": 6775.0,
"std": 5615939.012868657,
"std_diff": 2018.1133544855797
},
"value": {
"max": 2.2619467105846494,
"max_diff": 0.027925268031907757,
"mean": 0.4827296737741275,
"mean_diff": 0.0011752375618608762,
"min": -0.3996803987067031,
"min_diff": -0.008726646259971646,
"std": 1.0151849052554522,
"std_diff": 0.003985973397818711
}
}
},
"VEHICLE_MONITOR": {
"message_count": 40,
"message_freq": 2.051298987648052,
"timespan": 19.499839,
"var_stats": {
"available_distance": {
"max": 84,
"max_diff": 0.0,
"mean": 84.0,
"mean_diff": 0.0,
"min": 84,
"min_diff": 0.0,
"std": 0.0,
"std_diff": 0.0
},
"battery_level": {
"max": 62,
"max_diff": 0.0,
"mean": 62.0,
"mean_diff": 0.0,
"min": 62,
"min_diff": 0.0,
"std": 0.0,
"std_diff": 0.0
},
"brake": {
"max": 18,
"max_diff": 9.0,
"mean": 1.8,
"mean_diff": 0.0,
"min": 0,
"min_diff": -11.0,
"std": 4.578209256903839,
"std_diff": 2.640901167094099
},
"brake_switch": {
"max": 4,
"max_diff": 2.0,
"mean": 1.85,
"mean_diff": 0.0,
"min": 1,
"min_diff": -3.0,
"std": 1.3332291625973383,
"std_diff": 0.5991446895152781
},
"gear_position": {
"max": 7,
"max_diff": 0.0,
"mean": 7.0,
"mean_diff": 0.0,
"min": 7,
"min_diff": 0.0,
"std": 0.0,
"std_diff": 0.0
},
"left_signal": {
"max": 1,
"max_diff": 1.0,
"mean": 0.25,
"mean_diff": 0.0,
"min": 0,
"min_diff": -1.0,
"std": 0.4330127018922193,
"std_diff": 0.5547001962252291
},
"rear_left_rpm": {
"max": 239.4831,
"max_diff": 23.143500000000003,
"mean": 165.82839,
"mean_diff": -3.923007692307692,
"min": 4.4202,
"min_diff": -24.31110000000001,
"std": 79.79270821154901,
"std_diff": 11.929816086045244
},
"rear_right_rpm": {
"max": 239.7333,
"max_diff": 26.145899999999997,
"mean": 166.222455,
"mean_diff": -3.7562076923076937,
"min": 4.9206,
"min_diff": -25.728900000000003,
"std": 77.88537052257615,
"std_diff": 12.069499751245925
},
"right_signal": {
"max": 0,
"max_diff": 0.0,
"mean": 0.0,
"mean_diff": 0.0,
"min": 0,
"min_diff": 0.0,
"std": 0.0,
"std_diff": 0.0
},
"steering": {
"max": 129.5999999999999,
"max_diff": 32.70000000000027,
"mean": 29.677499999999885,
"mean_diff": 3.1102564102564147,
"min": -22.90000000000009,
"min_diff": -8.599999999999909,
"std": 58.89214500890588,
"std_diff": 9.881471780541537
},
"steering_speed": {
"max": 77.60000000000055,
"max_diff": 35.80000000000018,
"mean": 7.150000000000228,
"mean_diff": -0.6128205128205152,
"min": -19.99999999999982,
"min_diff": -71.70000000000027,
"std": 21.02471165081708,
"std_diff": 19.82438513273146
},
"throttle": {
"max": 180,
"max_diff": 107.0,
"mean": 28.025,
"mean_diff": 4.615384615384615,
"min": 0,
"min_diff": -94.0,
"std": 52.342854096810576,
"std_diff": 28.763951250110573
},
"utime": {
"max": 1531886217379784,
"max_diff": 500829.0,
"mean": 1531886207629889.5,
"mean_diff": 499995.8717948718,
"min": 1531886197879945,
"min_diff": 499108.0,
"std": 5771653.0178705,
"std_diff": 390.0820544506896
},
"vehicle_speed": {
"max": 27.240000000000002,
"max_diff": 2.8200000000000003,
"mean": 18.982999999999997,
"mean_diff": -0.43897435897435894,
"min": 0.0,
"min_diff": -2.8600000000000003,
"std": 8.972536765040308,
"std_diff": 1.3725155547608512
},
"yaw_rate": {
"max": 8.600000000000023,
"max_diff": 3.0999999999999943,
"mean": 0.23000000000002174,
"mean_diff": 0.246153846153846,
"min": -3.6999999999999886,
"min_diff": -3.3999999999999773,
"std": 3.5564870307650502,
"std_diff": 1.3448565177201752
}
}
},
"ZOE_VEH_INFO": {
"message_count": 1938,
"message_freq": 99.37532506576436,
"timespan": 19.501823,
"var_stats": {
"FL_wheel_speed": {
"max": 241.6098,
"max_diff": 7.255799999999994,
"mean": 169.14959489164085,
"mean_diff": -0.08574656685596284,
"min": 4.6704,
"min_diff": -9.591000000000008,
"std": 79.41213533470331,
"std_diff": 0.9749816356370324
},
"FR_wheel_speed": {
"max": 239.4831,
"max_diff": 4.628699999999981,
"mean": 168.86229953560374,
"mean_diff": -0.0807089829633454,
"min": 5.3793,
"min_diff": -4.878899999999987,
"std": 77.34318191834612,
"std_diff": 0.8201516537752902
},
"RL_wheel_speed": {
"max": 242.0685,
"max_diff": 6.505200000000002,
"mean": 168.79445634674923,
"mean_diff": -0.08622018585441406,
"min": 3.9615,
"min_diff": -5.838000000000022,
"std": 79.57151357112951,
"std_diff": 0.9592381166477424
},
"RR_wheel_speed": {
"max": 239.9418,
"max_diff": 5.796300000000002,
"mean": 168.9622030959752,
"mean_diff": -0.0811826019617966,
"min": 4.2117,
"min_diff": -5.587799999999987,
"std": 77.64753342214476,
"std_diff": 0.9526943573114706
},
"left_solar": {
"max": 0,
"max_diff": 0.0,
"mean": -36.06191950464396,
"mean_diff": -0.05782137325761487,
"min": -112,
"min_diff": -112.0,
"std": 52.3304208483049,
"std_diff": 2.544140423335054
},
"longitudinal_accel": {
"max": 1.3500000000000014,
"max_diff": 0.5500000000000007,
"mean": -0.5634674922600614,
"mean_diff": 0.0007485802787816216,
"min": -2.3,
"min_diff": -0.8000000000000007,
"std": 0.7877327979826348,
"std_diff": 0.10396480520850415
},
"meanEffTorque": {
"max": 92.0,
"max_diff": 2.0,
"mean": -18.50077399380805,
"mean_diff": 0.04930304594734125,
"min": -110.0,
"min_diff": -1.5,
"std": 40.295296409303496,