{
"MS_IMU": {
"message_count": 1951,
"message_freq": 99.7951820256959,
"timespan": 19.550042,
"var_stats": {
"linear_accel": {
"max": 9.873223304748535,
"max_diff": 9.993574768304825,
"mean": 3.2392366128075754,
"mean_diff": 4.855458459633568,
"min": -0.18686547875404358,
"min_diff": -0.28607918322086334,
"std": 4.625477424634538,
"std_diff": 5.054755713348518
},
"q": {
"max": 0.9221768379211426,
"max_diff": 0.3940825676545501,
"mean": 0.32470169495924855,
"mean_diff": -0.17809508697367032,
"min": -0.005862345453351736,
"min_diff": -0.9271282213740051,
"std": 0.3802220745656177,
"std_diff": 0.5532469675398011
},
"rotation_rate": {
"max": 0.003474585013464093,
"max_diff": 0.004404097388032824,
"mean": -5.70151089134242e-05,
"mean_diff": -0.00011449845720367644,
"min": -0.004061585757881403,
"min_diff": -0.005166064947843552,
"std": 0.000798138280848782,
"std_diff": 0.0011727707883319265
},
"utime": {
"max": 1542798751197550,
"max_diff": 25051.0,
"mean": 1542798741440948.0,
"mean_diff": 10025.662564102564,
"min": 1542798731647508,
"min_diff": 1903.0,
"std": 5643163.618301301,
"std_diff": 5521.888200094433
}
}
},
"POSE": {
"message_count": 973,
"message_freq": 49.748763630739425,
"timespan": 19.558275,
"var_stats": {
"accel": {
"max": 9.802870451651838,
"max_diff": 9.942770745967602,
"mean": 3.2392074258276993,
"mean_diff": 4.855419593259003,
"min": -0.14350689228193622,
"min_diff": -0.22026223969241648,
"std": 4.625439986043217,
"std_diff": 5.054775863950989
},
"orientation": {
"max": 0.9320816922765978,
"max_diff": 0.9320816922765978,
"mean": 0.3235898721359985,
"mean_diff": 0.18992206402609194,
"min": 0.0,
"min_diff": -0.36234521469090725,
"std": 0.38116872202609714,
"std_diff": 0.5452182525644225
},
"pos": {
"max": 1972.1418454272723,
"max_diff": 1346.2302380431393,
"mean": 866.0178147044037,
"mean_diff": -312.9558025892241,
"min": 0.0,
"min_diff": -1972.1418454272723,
"std": 822.8301169779573,
"std_diff": 1659.1860363455387
},
"rotation_rate": {
"max": 0.002801439957693219,
"max_diff": 0.00401570915710181,
"mean": -4.457337179023122e-05,
"mean_diff": -0.00010140506888931711,
"min": -0.002782630268484354,
"min_diff": -0.0036581058520823717,
"std": 0.0007820755558268148,
"std_diff": 0.001160766288532997
},
"utime": {
"max": 1542798751213932,
"max_diff": 40683.0,
"mean": 1542798741455816.8,
"mean_diff": 20121.682098765432,
"min": 1542798731655657,
"min_diff": 14654.0,
"std": 5656268.522009214,
"std_diff": 1671.0038267031289
},
"vel": {
"max": 1.562081532847229e-175,
"max_diff": 0.0,
"mean": 1.5875422512293194e-178,
"mean_diff": -2.381313376843979e-178,
"min": 0.0,
"min_diff": -1.562081532847229e-175,
"std": 0.0,
"std_diff": 0.0
}
}
},
"SteerAngleFeedback": {
"message_count": 1926,
"message_freq": 98.53853941531344,
"timespan": 19.545652,
"var_stats": {
"utime": {
"max": 1542798751199158,
"max_diff": 30910.0,
"mean": 1542798741425352.0,
"mean_diff": 10153.585454545455,
"min": 1542798731653506,
"min_diff": 2758.0,
"std": 5649663.586737151,
"std_diff": 1499.8734102761357
},
"value": {
"max": 0.05235987755982989,
"max_diff": 0.001745329251992743,
"mean": 0.051701074669799396,
"mean_diff": 1.8133290929794733e-06,
"min": 0.048869219055844404,
"min_diff": -0.001745329251992743,
"std": 0.0009631936377706092,
"std_diff": 0.0010296715862394632
}
}
},
"VEHICLE_MONITOR": {
"message_count": 40,
"message_freq": 2.0512580673415717,
"timespan": 19.500228,
"var_stats": null
},
"ZOE_VEH_INFO": {
"message_count": 1952,
"message_freq": 99.84243615544219,
"timespan": 19.550805,
"var_stats": {
"FL_wheel_speed": {
"max": 0.0,
"max_diff": 0.0,
"mean": 0.0,
"mean_diff": 0.0,
"min": 0.0,
"min_diff": 0.0,
"std": 0.0,
"std_diff": 0.0
},
"FR_wheel_speed": {
"max": 0.0,
"max_diff": 0.0,
"mean": 0.0,
"mean_diff": 0.0,
"min": 0.0,
"min_diff": 0.0,
"std": 0.0,
"std_diff": 0.0
},
"RL_wheel_speed": {
"max": 0.0,
"max_diff": 0.0,
"mean": 0.0,
"mean_diff": 0.0,
"min": 0.0,
"min_diff": 0.0,
"std": 0.0,
"std_diff": 0.0
},
"RR_wheel_speed": {
"max": 0.0,
"max_diff": 0.0,
"mean": 0.0,
"mean_diff": 0.0,
"min": 0.0,
"min_diff": 0.0,
"std": 0.0,
"std_diff": 0.0
},
"left_solar": {
"max": 0,
"max_diff": 0.0,
"mean": 0.0,
"mean_diff": 0.0,
"min": 0,
"min_diff": 0.0,
"std": 0.0,
"std_diff": 0.0
},
"longitudinal_accel": {
"max": 0.20000000000000107,
"max_diff": 0.09999999999999964,
"mean": 0.15253586065573826,
"mean_diff": 2.562788313685235e-05,
"min": 0.05000000000000071,
"min_diff": -0.05000000000000071,
"std": 0.02389941663833479,
"std_diff": 0.019042948553154106
},
"meanEffTorque": {
"max": 0.0,
"max_diff": 0.0,
"mean": 0.0,
"mean_diff": 0.0,
"min": 0.0,
"min_diff": 0.0,
"std": 0.0,
"std_diff": 0.0
},
"odom": {
"max": 44,
"max_diff": 0.0,
"mean": 44.0,
"mean_diff": 0.0,
"min": 44,
"min_diff": 0.0,
"std": 0.0,
"std_diff": 0.0
},
"odom_speed": {
"max": 0.0,
"max_diff": 0.0,
"mean": 0.0,
"mean_diff": 0.0,
"min": 0.0,
"min_diff": 0.0,
"std": 0.0,
"std_diff": 0.0
},
"pedal_cc": {
"max": 0.0,
"max_diff": 0.0,
"mean": 0.0,
"mean_diff": 0.0,
"min": 0.0,
"min_diff": 0.0,
"std": 0.0,
"std_diff": 0.0
},
"regen": {
"max": 0.0,
"max_diff": 0.0,
"mean": 0.0,
"mean_diff": 0.0,
"min": 0.0,
"min_diff": 0.0,
"std": 0.0,
"std_diff": 0.0
},
"requestedTorqueAfterProc": {
"max": -382.5,
"max_diff": 0.0,
"mean": -382.5,
"mean_diff": 0.0,
"min": -382.5,
"min_diff": 0.0,
"std": 0.0,
"std_diff": 0.0
},
"right_solar": {
"max": 0,
"max_diff": 0.0,
"mean": 0.0,
"mean_diff": 0.0,
"min": 0,
"min_diff": 0.0,
"std": 0.0,
"std_diff": 0.0
},
"steer_corrected": {
"max": 3.0,
"max_diff": 0.09999999999990905,
"mean": 2.9622438524590504,
"mean_diff": 0.00010251153254731835,
"min": 2.800000000000182,
"min_diff": -0.09999999999990905,
"std": 0.05510502233728229,
"std_diff": 0.05903712050897595
},
"steer_offset_can": {
"max": -13.300000000000182,
"max_diff": 0.0,
"mean": -13.300000000000182,
"mean_diff": 0.0,
"min": -13.300000000000182,
"min_diff": 0.0,
"std": 0.0,
"std_diff": 0.0
},
"steer_raw": {
"max": -10.300000000000182,
"max_diff": 0.09999999999990905,
"mean": -10.33775614754113,
"mean_diff": 0.00010251153254731835,
"min": -10.5,
"min_diff": -0.09999999999990905,
"std": 0.055105022337282296,
"std_diff": 0.05903712050897595
},
"transversal_accel": {
"max": -0.5039999999999907,
"max_diff": 0.008000000000009777,
"mean": -0.5130491803278671,
"mean_diff": 0.0,
"min": -0.5200000000000102,
"min_diff": -0.008000000000009777,
"std": 0.0018811073605446232,
"std_diff": 0.001594454767990113
},
"utime": {
"max": 1542798751205489,
"max_diff": 20492.0,
"mean": 1542798741433692.2,
"mean_diff": 10020.914915427986,
"min": 1542798731654684,
"min_diff": 1.0,
"std": 5645833.160140136,
"std_diff": 1980.7425272973687
}
}
},
"ZoeSensors": {
"message_count": 19006,
"message_freq": 972.1056916107984,
"timespan": 19.551372,
"var_stats": {
"brake_sensor": {
"max": 0.4109900891780853,
"max_diff": 3.123283386230469e-05,
"mean": 0.40338432249597134,
"mean_diff": -2.4361865704262205e-06,
"min": 0.3621774911880493,
"min_diff": -0.0002621114253997803,
"std": 0.01625381806630302,
"std_diff": 1.5063736502456156e-05
},
"steering_sensor": {
"max": 0.1894836276769638,
"max_diff": 0.00029540061950683594,
"mean": 0.18861100217185373,
"mean_diff": 1.1605734700938332e-08,
"min": 0.18784907460212708,
"min_diff": -0.00025995075702667236,
"std": 0.0002405278294251482,
"std_diff": 5.81181126484959e-05
},
"throttle_sensor": {
"max": 0.12288504838943481,
"max_diff": 0.0008372589945793152,
"mean": 0.12132413102243118,
"mean_diff": -2.4780776117450783e-08,
"min": 0.12012907862663269,
"min_diff": -0.001064017415046692,
"std": 0.0003157566044953559,
"std_diff": 0.00017076939787903886
},
"utime": {
"max": 1542798751199896,
"max_diff": 17148.0,
"mean": 1542798741415368.5,
"mean_diff": 1028.7488555643251,
"min": 1542798731648524,
"min_diff": 1.0,
"std": 5645531.578190636,
"std_diff": 651.8213543964558
}
}
}
}