{
"MS_IMU": {
"message_count": 1985,
"message_freq": 99.75716041569538,
"timespan": 19.898321,
"var_stats": {
"linear_accel": {
"max": 10.684615135192871,
"max_diff": 10.799531795084476,
"mean": 3.2067924593905386,
"mean_diff": 5.082307227547857,
"min": -2.413295269012451,
"min_diff": -1.4904522001743317,
"std": 4.697235185730927,
"std_diff": 4.5852132911917
},
"q": {
"max": 0.006945528090000153,
"max_diff": 0.8968459153547883,
"mean": -0.3465822934930937,
"mean_diff": 0.11173260006756466,
"min": -0.8931334018707275,
"min_diff": -0.5597020629793406,
"std": 0.36038969342057714,
"std_diff": 0.5615592233532741
},
"rotation_rate": {
"max": 0.1293625682592392,
"max_diff": 0.14422043040394783,
"mean": 0.00033009666400633195,
"mean_diff": 0.0007288688631949644,
"min": -0.10662402212619781,
"min_diff": -0.12736696749925613,
"std": 0.026681668468165637,
"std_diff": 0.03195730945596138
},
"utime": {
"max": 1537296544220070,
"max_diff": 33999.0,
"mean": 1537296534253920.5,
"mean_diff": 10029.395665322581,
"min": 1537296524321749,
"min_diff": 1885.0,
"std": 5746313.023335645,
"std_diff": 5317.540431641161
}
}
},
"POSE": {
"message_count": 994,
"message_freq": 49.898864439393535,
"timespan": 19.920293,
"var_stats": {
"accel": {
"max": 10.126857696027983,
"max_diff": 10.245463907085437,
"mean": 3.202072704385443,
"mean_diff": 5.085973107493649,
"min": -2.326364501467233,
"min_diff": -1.2765429997204745,
"std": 4.6975495309089625,
"std_diff": 4.580879103794198
},
"orientation": {
"max": 0.9846156515892084,
"max_diff": 0.9846156515892084,
"mean": 0.30109243746102105,
"mean_diff": 0.2463874127998547,
"min": 0.0,
"min_diff": -0.30921577826129065,
"std": 0.399178336215508,
"std_diff": 0.5221365493308502
},
"pos": {
"max": 840.6090391125497,
"max_diff": 437.43735840424813,
"mean": 415.56417787609007,
"mean_diff": -204.53591589214864,
"min": 0.0,
"min_diff": -840.6090391125497,
"std": 342.01796400017315,
"std_diff": 633.1334538030588
},
"rotation_rate": {
"max": 0.1293625682592392,
"max_diff": 0.14272057823836803,
"mean": 0.00020865127743915582,
"mean_diff": 0.0007174679859173822,
"min": -0.10646931827068329,
"min_diff": -0.11401160433888435,
"std": 0.026753804748892093,
"std_diff": 0.03201798184299372
},
"utime": {
"max": 1537296544218395,
"max_diff": 40169.0,
"mean": 1537296534261457.2,
"mean_diff": 20060.718026183284,
"min": 1537296524298102,
"min_diff": 17131.0,
"std": 5763751.3824860975,
"std_diff": 1187.3590466183498
},
"vel": {
"max": 5.538638437095047,
"max_diff": 0.0,
"mean": 0.5078502605233394,
"mean_diff": -0.7617753907850091,
"min": 0.0,
"min_diff": -5.538638437095047,
"std": 1.26010169589467,
"std_diff": 1.4793074429136484
}
}
},
"SteerAngleFeedback": {
"message_count": 1971,
"message_freq": 99.02948591638425,
"timespan": 19.903163,
"var_stats": {
"utime": {
"max": 1537296544208203,
"max_diff": 29333.0,
"mean": 1537296534277913.0,
"mean_diff": 10103.128426395939,
"min": 1537296524305040,
"min_diff": 6131.0,
"std": 5742635.0609368915,
"std_diff": 1198.6085923346018
},
"value": {
"max": 1.0717041362364843,
"max_diff": 0.02617993877991498,
"mean": -0.4675868280740329,
"mean_diff": -0.00012846332057826285,
"min": -1.1064667702524342,
"min_diff": -0.012217304763965098,
"std": 0.7405177004432489,
"std_diff": 0.004494566210153591
}
}
},
"VEHICLE_MONITOR": {
"message_count": 41,
"message_freq": 2.0500892813882046,
"timespan": 19.999129,
"var_stats": null
},
"ZOE_VEH_INFO": {
"message_count": 1982,
"message_freq": 99.5981601174595,
"timespan": 19.899966,
"var_stats": {
"FL_wheel_speed": {
"max": 176.1825,
"max_diff": 6.2967,
"mean": 47.02678577194753,
"mean_diff": -0.06948596668349319,
"min": 0.0,
"min_diff": -3.5028,
"std": 55.4954949896367,
"std_diff": 0.4836048322398269
},
"FR_wheel_speed": {
"max": 171.0117,
"max_diff": 4.6704,
"mean": 47.1446061553986,
"mean_diff": -0.06780196870267541,
"min": 0.0,
"min_diff": -3.5028,
"std": 56.03909268158154,
"std_diff": 0.4641509639936505
},
"RL_wheel_speed": {
"max": 175.4736,
"max_diff": 5.1291,
"mean": 46.87528138244198,
"mean_diff": -0.06935966683493185,
"min": 0.0,
"min_diff": -3.5028,
"std": 55.39179496109218,
"std_diff": 0.4739853895682542
},
"RR_wheel_speed": {
"max": 174.5145,
"max_diff": 6.2967,
"mean": 47.86652951564077,
"mean_diff": -0.06946491670873295,
"min": 0.0,
"min_diff": -3.5028,
"std": 57.03138265104805,
"std_diff": 0.46941910588198527
},
"left_solar": {
"max": 0,
"max_diff": 0.0,
"mean": 0.0,
"mean_diff": 0.0,
"min": 0,
"min_diff": 0.0,
"std": 0.0,
"std_diff": 0.0
},
"longitudinal_accel": {
"max": 1.3500000000000014,
"max_diff": 0.3000000000000007,
"mean": -0.3748738647830468,
"mean_diff": 0.0010095911155981836,
"min": -2.3999999999999995,
"min_diff": -0.2500000000000018,
"std": 0.8460043555201889,
"std_diff": 0.03870689257022074
},
"meanEffTorque": {
"max": 93.0,
"max_diff": 3.0,
"mean": -0.23486377396569122,
"mean_diff": 0.05754669358909641,
"min": -79.5,
"min_diff": -2.5,
"std": 37.95099089411522,
"std_diff": 0.49756584517339114
},
"odom": {
"max": 116,
"max_diff": 56.0,
"mean": 53.687184661957616,
"mean_diff": 0.04442200908632004,
"min": 0,
"min_diff": -108.0,
"std": 25.802068676309656,
"std_diff": 11.087921102632045
},
"odom_speed": {
"max": 19.0,
"max_diff": 1.0,
"mean": 5.157416750756811,
"mean_diff": -0.00757193336698637,
"min": 0.0,
"min_diff": -1.0,
"std": 6.283934554741673,
"std_diff": 0.14366378699884205
},
"pedal_cc": {
"max": 302.0,
"max_diff": 28.0,
"mean": 32.90010090817356,
"mean_diff": 0.1287228672387683,
"min": 0.0,
"min_diff": -49.0,
"std": 79.54964122331877,
"std_diff": 2.6336248102219715
},
"regen": {
"max": 56.0,
"max_diff": 1.0,
"mean": 12.203834510595359,
"mean_diff": -0.028268551236749116,
"min": 0.0,
"min_diff": -2.0,
"std": 20.177462560672634,
"std_diff": 0.20147983708178044
},
"requestedTorqueAfterProc": {
"max": -272.5,
"max_diff": 8.0,
"mean": -351.1470736629667,
"mean_diff": -0.009086320040383645,
"min": -398.5,
"min_diff": -126.0,
"std": 44.42385052506006,
"std_diff": 2.927987840594456
},
"right_solar": {
"max": 0,
"max_diff": 0.0,
"mean": 0.0,
"mean_diff": 0.0,
"min": 0,
"min_diff": 0.0,
"std": 0.0,
"std_diff": 0.0
},
"steer_corrected": {
"max": 61.40412389306395,
"max_diff": 1.5,
"mean": -26.656521919246703,
"mean_diff": -0.007319535588086825,
"min": -63.39587610693578,
"min_diff": -0.7000000000002728,
"std": 42.522485239519916,
"std_diff": 0.2547715932594099
},
"steer_offset_can": {
"max": -12.300000000000182,
"max_diff": 0.0,
"mean": -12.300000000000184,
"mean_diff": 0.0,
"min": -12.300000000000182,
"min_diff": 0.0,
"std": 1.7763568394002505e-15,
"std_diff": 0.0
},
"steer_raw": {
"max": 49.69999999999982,
"max_diff": 1.5,
"mean": -38.36064581231082,
"mean_diff": -0.007319535588086825,
"min": -75.09999999999991,
"min_diff": -0.7000000000002728,
"std": 42.52248523951992,
"std_diff": 0.2547715932594099
},
"transversal_accel": {
"max": -0.35599999999999454,
"max_diff": 0.02400000000000091,
"mean": -0.4782038345105944,
"mean_diff": 3.8364462392727617e-05,
"min": -0.5600000000000023,
"min_diff": -0.02400000000000091,
"std": 0.022937523741400963,
"std_diff": 0.003738896352779912
},
"utime": {
"max": 1537296544205065,
"max_diff": 30587.0,
"mean": 1537296534260490.0,
"mean_diff": 10045.414437152953,
"min": 1537296524305099,
"min_diff": 3.0,
"std": 5755086.4811640475,
"std_diff": 1344.5157612989033
}
}
},
"ZoeSensors": {
"message_count": 19024,
"message_freq": 956.0167950200289,
"timespan": 19.899232,
"var_stats": {
"brake_sensor": {
"max": 0.38148003816604614,
"max_diff": 0.0007409453392028809,
"mean": 0.29441628242702644,
"mean_diff": -3.25046941471145e-06,
"min": 0.18483173847198486,
"min_diff": -0.0029534995555877686,
"std": 0.07220979762038035,
"std_diff": 0.0001409248923043174
},
"steering_sensor": {
"max": 0.22296664118766785,
"max_diff": 0.001000434160232544,
"mean": 0.21728750784655043,
"mean_diff": -1.842768317748337e-08,
"min": 0.21324589848518372,
"min_diff": -0.000941351056098938,
"std": 0.0009742377217524503,
"std_diff": 0.00012837794109129319
},