{
"MS_IMU": {
"message_count": 1939,
"message_freq": 99.43184877497809,
"timespan": 19.500794,
"var_stats": {
"linear_accel": {
"max": 14.00927448272705,
"max_diff": 13.957599878311157,
"mean": 3.357207412671702,
"mean_diff": 4.70243524908673,
"min": -2.1467111110687256,
"min_diff": -3.0633327960968018,
"std": 4.608570028278265,
"std_diff": 5.312197969458241
},
"q": {
"max": 0.9797741770744324,
"max_diff": 0.03243264742195606,
"mean": 0.17697792824825237,
"mean_diff": -0.4067047982537011,
"min": -0.3093603551387787,
"min_diff": -0.9949108399450779,
"std": 0.46763108346051796,
"std_diff": 0.41629025105336903
},
"rotation_rate": {
"max": 0.18004684150218964,
"max_diff": 0.1829576324671507,
"mean": 0.0023253525105727587,
"mean_diff": 0.0013331045596699116,
"min": -0.16670545935630798,
"min_diff": -0.18699450232088566,
"std": 0.035806580336849046,
"std_diff": 0.04930608688894713
},
"utime": {
"max": 1535489991422104,
"max_diff": 34973.0,
"mean": 1535489981657608.8,
"mean_diff": 10062.329205366357,
"min": 1535489971921310,
"min_diff": 1869.0,
"std": 5630525.79862877,
"std_diff": 5613.042381641593
}
}
},
"POSE": {
"message_count": 969,
"message_freq": 49.69083225682684,
"timespan": 19.500579,
"var_stats": {
"accel": {
"max": 11.045450969991615,
"max_diff": 11.455848269742702,
"mean": 3.357143810716855,
"mean_diff": 4.6995966883379925,
"min": -1.1897492319773744,
"min_diff": -1.802581624049141,
"std": 4.579214710210503,
"std_diff": 5.275415340720347
},
"orientation": {
"max": 0.8920401381448106,
"max_diff": 0.5552556124823187,
"mean": 0.3411448338202538,
"mean_diff": -0.12305546732780351,
"min": 0.0,
"min_diff": -0.8920401381448106,
"std": 0.3655409722011356,
"std_diff": 0.5640839346179514
},
"pos": {
"max": 1606.6071391792473,
"max_diff": 446.9680941071399,
"mean": 891.215972916262,
"mean_diff": -562.3698966141227,
"min": 0.0,
"min_diff": -1606.6071391792473,
"std": 653.8598103133223,
"std_diff": 986.7955013875828
},
"rotation_rate": {
"max": 0.15720471739768982,
"max_diff": 0.16318710148334503,
"mean": 0.0022717823932975356,
"mean_diff": 0.0012955061196608627,
"min": -0.1472601592540741,
"min_diff": -0.17377524077892303,
"std": 0.035620442923757566,
"std_diff": 0.04878059903564464
},
"utime": {
"max": 1535489991405851,
"max_diff": 40152.0,
"mean": 1535489981642682.8,
"mean_diff": 20145.22623966942,
"min": 1535489971905272,
"min_diff": 15538.0,
"std": 5635426.400332718,
"std_diff": 1787.7430966446875
},
"vel": {
"max": 8.017902124697187,
"max_diff": 0.0,
"mean": 1.9049892536323194,
"mean_diff": -2.8574838804484792,
"min": 0.0,
"min_diff": -8.017902124697187,
"std": 2.934558544629121,
"std_diff": 3.193072616687993
}
}
},
"SteerAngleFeedback": {
"message_count": 1908,
"message_freq": 97.83298402138175,
"timespan": 19.502625,
"var_stats": {
"utime": {
"max": 1535489991402728,
"max_diff": 30047.0,
"mean": 1535489981662881.5,
"mean_diff": 10226.86156266387,
"min": 1535489971900103,
"min_diff": 5338.0,
"std": 5642209.8352355,
"std_diff": 1658.3581283716464
},
"value": {
"max": 2.3091425759004656,
"max_diff": 0.04712388980385168,
"mean": 0.09374987035866063,
"mean_diff": 6.040468307898481e-05,
"min": -0.6561718232379019,
"min_diff": -0.04188790204785753,
"std": 0.5437955810199956,
"std_diff": 0.009634604027356638
}
}
},
"VEHICLE_MONITOR": {
"message_count": 38,
"message_freq": 1.9487087548099775,
"timespan": 19.500092,
"var_stats": null
},
"ZOE_VEH_INFO": {
"message_count": 1934,
"message_freq": 99.18194383994229,
"timespan": 19.499517,
"var_stats": {
"FL_wheel_speed": {
"max": 253.536,
"max_diff": 20.057699999999983,
"mean": 181.79755377456053,
"mean_diff": 0.12764557682359026,
"min": 0.0,
"min_diff": -30.399299999999982,
"std": 62.67619827915454,
"std_diff": 1.597263318299406
},
"FR_wheel_speed": {
"max": 254.2449,
"max_diff": 19.849199999999996,
"mean": 181.9608392450879,
"mean_diff": 0.12788287635799275,
"min": 0.0,
"min_diff": -24.060900000000004,
"std": 62.61279485691154,
"std_diff": 1.6804758530107173
},
"RL_wheel_speed": {
"max": 253.2858,
"max_diff": 19.849200000000025,
"mean": 181.04391359875905,
"mean_diff": 0.1277534402483187,
"min": 0.0,
"min_diff": -30.35760000000002,
"std": 62.56806709545535,
"std_diff": 1.7796529844420317
},
"RR_wheel_speed": {
"max": 259.1238,
"max_diff": 24.019199999999984,
"mean": 184.63209725956565,
"mean_diff": 0.13042845318158303,
"min": 0.0,
"min_diff": -14.678399999999982,
"std": 63.59477009666934,
"std_diff": 1.5027576500427684
},
"left_solar": {
"max": 0,
"max_diff": 0.0,
"mean": 0.0,
"mean_diff": 0.0,
"min": 0,
"min_diff": 0.0,
"std": 0.0,
"std_diff": 0.0
},
"longitudinal_accel": {
"max": 1.3500000000000014,
"max_diff": 1.3000000000000007,
"mean": 0.326628748707343,
"mean_diff": -0.00038799793067770304,
"min": -1.3499999999999996,
"min_diff": -1.25,
"std": 0.46559700222472145,
"std_diff": 0.16659334152054786
},
"meanEffTorque": {
"max": 81.5,
"max_diff": 2.5,
"mean": 29.59100310237849,
"mean_diff": -0.0387997930677703,
"min": -22.5,
"min_diff": -3.5,
"std": 26.441487600402215,
"std_diff": 0.5063436257276391
},
"odom": {
"max": 120,
"max_diff": 84.0,
"mean": 58.351602895553256,
"mean_diff": 0.03517847904811174,
"min": 0,
"min_diff": -104.0,
"std": 35.01615013732996,
"std_diff": 17.938182172393805
},
"odom_speed": {
"max": 28.0,
"max_diff": 1.0,
"mean": 20.105997931747673,
"mean_diff": 0.014485256078634247,
"min": 0.0,
"min_diff": -1.0,
"std": 7.2835633411941325,
"std_diff": 0.13183101638230763
},
"pedal_cc": {
"max": 271.0,
"max_diff": 31.0,
"mean": 162.8485005170631,
"mean_diff": -0.07553026383859286,
"min": 0.0,
"min_diff": -39.0,
"std": 86.0349926724147,
"std_diff": 3.227129933164276
},
"regen": {
"max": 45.0,
"max_diff": 1.0,
"mean": 4.054291623578076,
"mean_diff": 0.02224521469218831,
"min": 0.0,
"min_diff": -5.0,
"std": 10.19837617555665,
"std_diff": 0.46169543812252856
},
"requestedTorqueAfterProc": {
"max": -272.5,
"max_diff": 123.5,
"mean": -333.1998448810755,
"mean_diff": 0.016295913088463527,
"min": -398.5,
"min_diff": -124.0,
"std": 29.44032849791036,
"std_diff": 7.366653402192057
},
"right_solar": {
"max": 0,
"max_diff": 0.0,
"mean": 0.0,
"mean_diff": 0.0,
"min": 0,
"min_diff": 0.0,
"std": 0.0,
"std_diff": 0.0
},
"steer_corrected": {
"max": 132.30412389306403,
"max_diff": 2.400000000000091,
"mean": 5.317774358420904,
"mean_diff": 0.0034143817899637417,
"min": -37.59587610693605,
"min_diff": -4.300000000000182,
"std": 31.099172186182543,
"std_diff": 0.5586906692258916
},
"steer_offset_can": {
"max": -12.300000000000182,
"max_diff": 0.0,
"mean": -12.300000000000184,
"mean_diff": 0.0,
"min": -12.300000000000182,
"min_diff": 0.0,
"std": 1.7763568394002505e-15,
"std_diff": 0.0
},
"steer_raw": {
"max": 120.59999999999991,
"max_diff": 2.400000000000091,
"mean": -6.386349534643223,
"mean_diff": 0.00341438178996374,
"min": -49.30000000000018,
"min_diff": -4.300000000000182,
"std": 31.099172186182543,
"std_diff": 0.5586906692258916
},
"transversal_accel": {
"max": -0.2880000000000109,
"max_diff": 0.27199999999999136,
"mean": -0.5079296794208885,
"mean_diff": 2.276254526643101e-05,
"min": -0.7199999999999989,
"min_diff": -0.29599999999999227,
"std": 0.04296261353236382,
"std_diff": 0.023183371210792156
},
"utime": {
"max": 1535489991408055,
"max_diff": 21777.0,
"mean": 1535489981652083.5,
"mean_diff": 10087.696326952922,
"min": 1535489971908538,
"min_diff": 2.0,
"std": 5634234.840745788,
"std_diff": 1875.8661600335422
}
}
},
"ZoeSensors": {
"message_count": 18602,
"message_freq": 953.9735212602707,
"timespan": 19.499493,
"var_stats": {
"brake_sensor": {
"max": 0.2511177361011505,
"max_diff": 0.0011404305696487427,
"mean": 0.1854641507101846,
"mean_diff": 2.4201068741795477e-09,
"min": 0.18462307751178741,
"min_diff": -0.0020731687545776367,
"std": 0.006028544644296454,
"std_diff": 7.941366338521817e-05
},
"steering_sensor": {
"max": 0.1906849443912506,
"max_diff": 0.0004490166902542114,
"mean": 0.18803246011049335,
"mean_diff": 1.5034142902260038e-08,
"min": 0.18691952526569366,
"min_diff": -0.0004923492670059204,