{
"MS_IMU": {
"message_count": 1916,
"message_freq": 99.53136105396024,
"timespan": 19.250214,
"var_stats": {
"linear_accel": {
"max": 11.950316429138184,
"max_diff": 12.520149946212769,
"mean": 3.3023967604221016,
"mean_diff": 4.783304095213771,
"min": -2.332683563232422,
"min_diff": -4.246721029281616,
"std": 4.633726970062602,
"std_diff": 5.210664803177274
},
"q": {
"max": 0.9657813310623169,
"max_diff": 0.9718333478085697,
"mean": 0.1348768352054592,
"mean_diff": 0.4331465438993423,
"min": -0.5705274343490601,
"min_diff": -0.01766037568449974,
"std": 0.4814646997836399,
"std_diff": 0.3827068683717643
},
"rotation_rate": {
"max": 0.25162869691848755,
"max_diff": 0.3152369558811188,
"mean": -0.0055866424273335975,
"mean_diff": -0.0093790162819999,
"min": -0.3057250380516052,
"min_diff": -0.302353598177433,
"std": 0.07407959123287457,
"std_diff": 0.09222803449194282
},
"utime": {
"max": 1533152944700668,
"max_diff": 30999.0,
"mean": 1533152935070334.2,
"mean_diff": 10052.331070496084,
"min": 1533152925450454,
"min_diff": 2187.0,
"std": 5563024.673203474,
"std_diff": 4560.311853205471
}
}
},
"POSE": {
"message_count": 954,
"message_freq": 49.58757071426685,
"timespan": 19.238692,
"var_stats": {
"accel": {
"max": 10.510425010698556,
"max_diff": 12.142501514093269,
"mean": 3.299215331516125,
"mean_diff": 4.786875348419161,
"min": -2.137262729571212,
"min_diff": -2.485460945652708,
"std": 4.627796533644535,
"std_diff": 5.1961568193950605
},
"orientation": {
"max": 0.9843138815830071,
"max_diff": 0.0,
"mean": 0.13489631650595418,
"mean_diff": -0.43279709233273633,
"min": -0.5004167500886386,
"min_diff": -0.9843138815830071,
"std": 0.48145922339604774,
"std_diff": 0.3821256471393436
},
"pos": {
"max": 1827.7779789967572,
"max_diff": -521.5654219760297,
"mean": 992.59967697214,
"mean_diff": -891.988416890688,
"min": 0.0,
"min_diff": -1227.1367456358018,
"std": 742.3063600431594,
"std_diff": 303.93056412323136
},
"rotation_rate": {
"max": 0.25162869691848755,
"max_diff": 0.31077180057764053,
"mean": -0.005592496828834509,
"mean_diff": -0.00935550924532245,
"min": -0.3057250380516052,
"min_diff": -0.302353598177433,
"std": 0.07418219076326697,
"std_diff": 0.09228811281796605
},
"utime": {
"max": 1533152944699401,
"max_diff": 42116.0,
"mean": 1533152935077760.2,
"mean_diff": 20187.504721930745,
"min": 1533152925460709,
"min_diff": 17218.0,
"std": 5561639.553775813,
"std_diff": 2059.263864699784
},
"vel": {
"max": 9.123551820489212,
"max_diff": 0.0,
"mean": 1.9824111552897132,
"mean_diff": -2.97361673293457,
"min": 0.0,
"min_diff": -9.123551820489212,
"std": 2.9637892880953434,
"std_diff": 3.1982190239069355
}
}
},
"SteerAngleFeedback": {
"message_count": 1862,
"message_freq": 96.71411960700618,
"timespan": 19.252618,
"var_stats": {
"utime": {
"max": 1533152944700493,
"max_diff": 40611.0,
"mean": 1533152935022222.0,
"mean_diff": 10345.307898979043,
"min": 1533152925447875,
"min_diff": 301.0,
"std": 5562796.400205976,
"std_diff": 2200.59046330687
},
"value": {
"max": 1.6720973989225354,
"max_diff": 0.04188790204786552,
"mean": -0.18773932465188453,
"mean_diff": 0.00019788526177904445,
"min": -1.8342690683340743,
"min_diff": -0.0314159265358932,
"std": 0.844188397203716,
"std_diff": 0.007753703460087939
}
}
},
"VEHICLE_MONITOR": {
"message_count": 39,
"message_freq": 2.052626393364901,
"timespan": 19.000048,
"var_stats": {
"available_distance": {
"max": 67,
"max_diff": 0.0,
"mean": 67.0,
"mean_diff": 0.0,
"min": 67,
"min_diff": 0.0,
"std": 0.0,
"std_diff": 0.0
},
"battery_level": {
"max": 76,
"max_diff": 0.0,
"mean": 76.0,
"mean_diff": 0.0,
"min": 76,
"min_diff": 0.0,
"std": 0.0,
"std_diff": 0.0
},
"brake": {
"max": 0,
"max_diff": 0.0,
"mean": 0.0,
"mean_diff": 0.0,
"min": 0,
"min_diff": 0.0,
"std": 0.0,
"std_diff": 0.0
},
"brake_switch": {
"max": 4,
"max_diff": 0.0,
"mean": 1.3076923076923077,
"mean_diff": -0.07894736842105263,
"min": 1,
"min_diff": -3.0,
"std": 0.9101661204768638,
"std_diff": 0.480218094497228
},
"gear_position": {
"max": 7,
"max_diff": 0.0,
"mean": 7.0,
"mean_diff": 0.0,
"min": 7,
"min_diff": 0.0,
"std": 0.0,
"std_diff": 0.0
},
"left_signal": {
"max": 0,
"max_diff": 0.0,
"mean": 0.0,
"mean_diff": 0.0,
"min": 0,
"min_diff": 0.0,
"std": 0.0,
"std_diff": 0.0
},
"rear_left_rpm": {
"max": 289.7316,
"max_diff": 13.343999999999994,
"mean": 189.85796153846152,
"mean_diff": 3.172492105263158,
"min": 95.1177,
"min_diff": -18.264600000000016,
"std": 54.76479366811856,
"std_diff": 7.906779200500289
},
"rear_right_rpm": {
"max": 296.0283,
"max_diff": 16.554900000000004,
"mean": 192.70104615384616,
"mean_diff": 3.3019815789473683,
"min": 93.4914,
"min_diff": -18.222899999999996,
"std": 56.18933780770725,
"std_diff": 8.516906221338928
},
"right_signal": {
"max": 0,
"max_diff": 0.0,
"mean": 0.0,
"mean_diff": 0.0,
"min": 0,
"min_diff": 0.0,
"std": 0.0,
"std_diff": 0.0
},
"steering": {
"max": 94.0,
"max_diff": 55.69999999999982,
"mean": -9.28205128205112,
"mean_diff": 0.7131578947368397,
"min": -104.39999999999964,
"min_diff": -28.299999999999727,
"std": 48.44901561168148,
"std_diff": 19.84246073254111
},
"steering_speed": {
"max": 81.60000000000055,
"max_diff": 81.60000000000036,
"mean": 0.5205128205131481,
"mean_diff": 0.2631578947368421,
"min": -67.79999999999954,
"min_diff": -79.69999999999982,
"std": 35.30406513592492,
"std_diff": 30.476051176142526
},
"throttle": {
"max": 276,
"max_diff": 99.0,
"mean": 176.07692307692307,
"mean_diff": 4.184210526315789,
"min": 0,
"min_diff": -56.0,
"std": 78.4740311824219,
"std_diff": 28.235713912812706
},
"utime": {
"max": 1533152944863140,
"max_diff": 502619.0,
"mean": 1533152935363392.0,
"mean_diff": 500001.2631578947,
"min": 1533152925863092,
"min_diff": 497300.0,
"std": 5627128.523576014,
"std_diff": 777.5895170742157
},
"vehicle_speed": {
"max": 33.09,
"max_diff": 1.4699999999999989,
"mean": 21.684102564102567,
"mean_diff": 0.3594736842105264,
"min": 10.89,
"min_diff": -2.0,
"std": 6.225051835001453,
"std_diff": 0.900537697181146
},
"yaw_rate": {
"max": 12.800000000000011,
"max_diff": 7.599999999999994,
"mean": -1.2435897435897196,
"mean_diff": 0.08684210526315819,
"min": -17.799999999999983,
"min_diff": -4.900000000000006,
"std": 6.870703127971351,
"std_diff": 3.0775221622727225
}
}
},
"ZOE_VEH_INFO": {
"message_count": 1913,
"message_freq": 99.37721705869932,
"timespan": 19.249885,
"var_stats": {
"FL_wheel_speed": {
"max": 289.94010000000003,
"max_diff": 6.546900000000022,
"mean": 188.58451160480922,
"mean_diff": 0.05620339958158998,
"min": 95.3679,
"min_diff": -6.0882000000000005,
"std": 53.432391529221825,
"std_diff": 0.7438472386235621
},
"FR_wheel_speed": {
"max": 289.94010000000003,
"max_diff": 6.755400000000009,
"mean": 187.70355823314165,
"mean_diff": 0.057293880753138085,
"min": 92.2821,
"min_diff": -7.923000000000002,
"std": 53.75685526903281,
"std_diff": 0.7463189350071536
},
"RL_wheel_speed": {
"max": 288.7725,
"max_diff": 11.467500000000001,
"mean": 187.68788531102982,
"mean_diff": 0.05535282426778241,
"min": 95.1177,
"min_diff": -8.631900000000002,
"std": 53.21438356466527,
"std_diff": 0.9123166880367071
},
"RR_wheel_speed": {
"max": 294.402,
"max_diff": 8.631900000000002,
"mean": 190.37357893361215,
"mean_diff": 0.057686453974895385,
"min": 92.7825,
"min_diff": -9.549300000000017,
"std": 54.58311932497304,
"std_diff": 0.7858213015769634
},
"left_solar": {
"max": 0,
"max_diff": 0.0,
"mean": 0.0,
"mean_diff": 0.0,
"min": 0,
"min_diff": 0.0,
"std": 0.0,
"std_diff": 0.0
},
"longitudinal_accel": {
"max": 1.5500000000000007,
"max_diff": 1.3499999999999996,
"mean": 0.15899111343439687,
"mean_diff": 0.0005753138075313815,
"min": -1.3499999999999996,
"min_diff": -1.0500000000000007,
"std": 0.5775940838444152,
"std_diff": 0.11021177587363123
},
"meanEffTorque": {
"max": 58.0,
"max_diff": 4.5,
"mean": 19.575013068478828,
"mean_diff": 0.0397489539748954,
"min": -67.0,
"min_diff": -1.0,
"std": 34.895317917431804,
"std_diff": 0.3736755407826963
},
"odom": {
"max": 124,
"max_diff": 84.0,