{
"MS_IMU": {
"message_count": 1982,
"message_freq": 99.59884079411734,
"timespan": 19.89983,
"var_stats": {
"linear_accel": {
"max": 13.356002807617188,
"max_diff": 13.939306735992432,
"mean": 3.2105539758126094,
"mean_diff": 4.728196359753465,
"min": -3.431122303009033,
"min_diff": -3.385499134659767,
"std": 4.702251011851447,
"std_diff": 5.5843257613834805
},
"q": {
"max": 0.8650366067886353,
"max_diff": 0.9874058458954096,
"mean": -0.033063892469865436,
"mean_diff": 0.4368300763918341,
"min": -0.9724687337875366,
"min_diff": -0.032567040994763374,
"std": 0.49890559859483474,
"std_diff": 0.3823778430738856
},
"rotation_rate": {
"max": 0.10036252439022064,
"max_diff": 0.099801916629076,
"mean": -0.02592096688428746,
"mean_diff": -0.040999535634297334,
"min": -0.4516769051551819,
"min_diff": -0.46346884220838547,
"std": 0.09745890465150822,
"std_diff": 0.11532351244405546
},
"utime": {
"max": 1537290201456539,
"max_diff": 40007.0,
"mean": 1537290191513134.0,
"mean_diff": 10045.345784957093,
"min": 1537290181556709,
"min_diff": 1415.0,
"std": 5752947.690110854,
"std_diff": 5381.247076468395
}
}
},
"POSE": {
"message_count": 992,
"message_freq": 49.85127284822786,
"timespan": 19.899191,
"var_stats": {
"accel": {
"max": 10.446140466779795,
"max_diff": 12.69781668113261,
"mean": 3.2083439456755354,
"mean_diff": 4.7307161918593446,
"min": -2.7657459833980385,
"min_diff": -2.5494776583173655,
"std": 4.692105071829434,
"std_diff": 5.566881802695236
},
"orientation": {
"max": 0.9999992458776126,
"max_diff": 0.5331510168258892,
"mean": 0.25847665704057216,
"mean_diff": -0.2722169651929251,
"min": -0.2472882851962722,
"min_diff": -0.9999992458776126,
"std": 0.42800679640063016,
"std_diff": 0.509147578993053
},
"pos": {
"max": 1720.8443553845837,
"max_diff": 1262.7015964837447,
"mean": 725.232544410649,
"mean_diff": -235.23900140558277,
"min": 0.0,
"min_diff": -1720.8443553845837,
"std": 719.2734361171158,
"std_diff": 1470.1591886520375
},
"rotation_rate": {
"max": 0.10036252439022064,
"max_diff": 0.099801916629076,
"mean": -0.025776707801968057,
"mean_diff": -0.04084242410384756,
"min": -0.4507419466972351,
"min_diff": -0.45893385540694,
"std": 0.097454874041249,
"std_diff": 0.11532115017458588
},
"utime": {
"max": 1537290201467278,
"max_diff": 41421.0,
"mean": 1537290191518432.5,
"mean_diff": 20079.91019172553,
"min": 1537290181568087,
"min_diff": 7716.0,
"std": 5760448.049369837,
"std_diff": 1497.6973334861914
},
"vel": {
"max": 8.696436240371588,
"max_diff": 0.0,
"mean": 1.918658856339084,
"mean_diff": -2.877988284508626,
"min": 0.0,
"min_diff": -8.696436240371588,
"std": 2.9458078213612406,
"std_diff": 3.2024579193696336
}
}
},
"SteerAngleFeedback": {
"message_count": 1970,
"message_freq": 99.02101889512045,
"timespan": 19.894766,
"var_stats": {
"utime": {
"max": 1537290201450167,
"max_diff": 21092.0,
"mean": 1537290191508963.8,
"mean_diff": 10103.994921279838,
"min": 1537290181555401,
"min_diff": 2665.0,
"std": 5742761.660397111,
"std_diff": 1205.3527299636755
},
"value": {
"max": 0.09257442586766704,
"max_diff": 0.05934119456780862,
"mean": -0.7017116274059255,
"mean_diff": -3.634255933558442e-05,
"min": -3.9339001584832483,
"min_diff": -0.031415926535901306,
"std": 1.31495195239752,
"std_diff": 0.009811783153128383
}
}
},
"VEHICLE_MONITOR": {
"message_count": 40,
"message_freq": 2.0000090000405004,
"timespan": 19.99991,
"var_stats": null
},
"ZOE_VEH_INFO": {
"message_count": 1983,
"message_freq": 99.64991872978767,
"timespan": 19.899665,
"var_stats": {
"FL_wheel_speed": {
"max": 279.1815,
"max_diff": 10.508399999999995,
"mean": 184.06068774583966,
"mean_diff": 0.09055338042381433,
"min": 71.0568,
"min_diff": -5.879699999999957,
"std": 61.865468619125565,
"std_diff": 0.8686856775459907
},
"FR_wheel_speed": {
"max": 275.9706,
"max_diff": 8.17319999999998,
"mean": 180.4139880484115,
"mean_diff": 0.0904481836528759,
"min": 71.2653,
"min_diff": -10.758600000000001,
"std": 63.837161875439506,
"std_diff": 0.9606905268974317
},
"RL_wheel_speed": {
"max": 276.6378,
"max_diff": 9.591000000000008,
"mean": 182.79843736762484,
"mean_diff": 0.09019571140262361,
"min": 70.8066,
"min_diff": -8.173200000000008,
"std": 61.94555897062433,
"std_diff": 0.816774105021997
},
"RR_wheel_speed": {
"max": 280.1406,
"max_diff": 6.338400000000007,
"mean": 182.50176384266265,
"mean_diff": 0.09171054490413724,
"min": 72.4329,
"min_diff": -6.75539999999998,
"std": 65.2814367520787,
"std_diff": 0.7446905568990502
},
"left_solar": {
"max": 0,
"max_diff": 0.0,
"mean": 0.0,
"mean_diff": 0.0,
"min": 0,
"min_diff": 0.0,
"std": 0.0,
"std_diff": 0.0
},
"longitudinal_accel": {
"max": 2.1000000000000014,
"max_diff": 1.0999999999999996,
"mean": 0.26520423600605203,
"mean_diff": 0.0003279515640766904,
"min": -1.25,
"min_diff": -0.8000000000000007,
"std": 0.6920534800911795,
"std_diff": 0.104302708066143
},
"meanEffTorque": {
"max": 122.5,
"max_diff": 2.5,
"mean": 29.244074634392334,
"mean_diff": 0.017406659939455095,
"min": -27.5,
"min_diff": -1.5,
"std": 35.59555171654913,
"std_diff": 0.4179073510994646
},
"odom": {
"max": 124,
"max_diff": 92.0,
"mean": 65.34543620776601,
"mean_diff": -0.0020181634712411706,
"min": 0,
"min_diff": -96.0,
"std": 36.5617237706599,
"std_diff": 17.445547284165944
},
"odom_speed": {
"max": 31.0,
"max_diff": 1.0,
"mean": 20.21482602118003,
"mean_diff": 0.010090817356205853,
"min": 8.0,
"min_diff": -1.0,
"std": 7.160591572395064,
"std_diff": 0.13809680800755245
},
"pedal_cc": {
"max": 491.0,
"max_diff": 25.0,
"mean": 173.23146747352496,
"mean_diff": 0.0549949545913219,
"min": 0.0,
"min_diff": -15.0,
"std": 120.47734684407196,
"std_diff": 2.1421489194056917
},
"regen": {
"max": 46.0,
"max_diff": 1.0,
"mean": 4.2788703983862835,
"mean_diff": -0.010090817356205853,
"min": 0.0,
"min_diff": -3.0,
"std": 10.663863994577783,
"std_diff": 0.27122157381997913
},
"requestedTorqueAfterProc": {
"max": -272.5,
"max_diff": 125.5,
"mean": -351.3777105395865,
"mean_diff": 0.007063572149344097,
"min": -398.5,
"min_diff": -125.5,
"std": 34.043086184971585,
"std_diff": 5.682456632071496
},
"right_solar": {
"max": 0,
"max_diff": 0.0,
"mean": 0.0,
"mean_diff": 0.0,
"min": 0,
"min_diff": 0.0,
"std": 0.0,
"std_diff": 0.0
},
"steer_corrected": {
"max": 5.304123893064035,
"max_diff": 5.600000000000364,
"mean": -40.08896738278054,
"mean_diff": -0.002068617558022154,
"min": -225.3958761069358,
"min_diff": -1.800000000000182,
"std": 75.22151411165467,
"std_diff": 0.5748783571010277
},
"steer_offset_can": {
"max": -12.300000000000182,
"max_diff": 0.0,
"mean": -12.300000000000182,
"mean_diff": 0.0,
"min": -12.300000000000182,
"min_diff": 0.0,
"std": 0.0,
"std_diff": 0.0
},
"steer_raw": {
"max": -6.400000000000091,
"max_diff": 5.600000000000364,
"mean": -51.79309127584468,
"mean_diff": -0.002068617558022154,
"min": -237.0999999999999,
"min_diff": -1.800000000000182,
"std": 75.22151411165467,
"std_diff": 0.5748783571010277
},
"transversal_accel": {
"max": -0.4519999999999982,
"max_diff": 0.07600000000002183,
"mean": -0.5435360564800795,
"mean_diff": 2.4217961654894966e-05,
"min": -0.8199999999999932,
"min_diff": -0.07200000000000273,
"std": 0.08684239865826496,
"std_diff": 0.010022750043517808
},
"utime": {
"max": 1537290201451334,
"max_diff": 21814.0,
"mean": 1537290191495655.0,
"mean_diff": 10040.194248234107,
"min": 1537290181551669,
"min_diff": 2.0,
"std": 5743952.137493836,
"std_diff": 1642.3761735873181
}
}
},
"ZoeSensors": {
"message_count": 19102,
"message_freq": 959.9393422058624,
"timespan": 19.899174,
"var_stats": {
"brake_sensor": {
"max": 0.2960955500602722,
"max_diff": 2.4184584617614746e-05,
"mean": 0.18631020220237032,
"mean_diff": -5.816898135750476e-06,
"min": 0.1848256140947342,
"min_diff": -0.00193747878074646,
"std": 0.01153269678473548,
"std_diff": 6.35057990272341e-05
},
"steering_sensor": {
"max": 0.2031942903995514,
"max_diff": 0.0007838010787963867,
"mean": 0.1999057027212039,
"mean_diff": 1.4434646645189424e-08,
"min": 0.19825515151023865,