{
"MS_IMU": {
"message_count": 1949,
"message_freq": 99.6937473554814,
"timespan": 19.549872,
"var_stats": {
"linear_accel": {
"max": 11.199329376220703,
"max_diff": 11.794008493423462,
"mean": 3.2503568146122275,
"mean_diff": 4.862817702483426,
"min": -1.177699089050293,
"min_diff": -2.1807126998901367,
"std": 4.629239301713305,
"std_diff": 5.021865246517622
},
"q": {
"max": 0.879470944404602,
"max_diff": 0.6724325660616159,
"mean": 0.3470432208756233,
"mean_diff": -0.09064936542054293,
"min": -0.025587333366274834,
"min_diff": -0.8872473398223519,
"std": 0.35994585767746545,
"std_diff": 0.5668976091953232
},
"rotation_rate": {
"max": 0.12209794670343399,
"max_diff": 0.15516958385705948,
"mean": -0.008765467172527165,
"mean_diff": -0.012676318160498412,
"min": -0.1197524443268776,
"min_diff": -0.19672638177871704,
"std": 0.03052982149598195,
"std_diff": 0.045198756383244616
},
"utime": {
"max": 1542193851697342,
"max_diff": 34008.0,
"mean": 1542193841907466.0,
"mean_diff": 10035.868583162217,
"min": 1542193832147470,
"min_diff": 1958.0,
"std": 5644135.333319991,
"std_diff": 5544.358415674126
}
}
},
"POSE": {
"message_count": 970,
"message_freq": 49.64402927933195,
"timespan": 19.539107,
"var_stats": {
"accel": {
"max": 10.7850401208955,
"max_diff": 10.998369449234694,
"mean": 3.249407395447522,
"mean_diff": 4.862944052563666,
"min": -0.6505370871825846,
"min_diff": -1.0954442069589663,
"std": 4.625401176153963,
"std_diff": 5.01697643596626
},
"orientation": {
"max": 0.9992507979319728,
"max_diff": 0.9992507979319728,
"mean": 0.2918036695764024,
"mean_diff": 0.26272429974859307,
"min": 0.0,
"min_diff": -0.2827946283730349,
"std": 0.4060180025833162,
"std_diff": 0.5141101785171587
},
"pos": {
"max": 1691.2227355747368,
"max_diff": 585.2395490283013,
"mean": 942.4470340710724,
"mean_diff": -585.2064570860007,
"min": 0.0,
"min_diff": -1691.2227355747368,
"std": 695.8161295567198,
"std_diff": 1072.5207912402545
},
"rotation_rate": {
"max": 0.12073030322790146,
"max_diff": 0.14010610058903694,
"mean": -0.008783701374231645,
"mean_diff": -0.01271930267230158,
"min": -0.11940149962902069,
"min_diff": -0.19672638177871704,
"std": 0.03062145364642299,
"std_diff": 0.04532204331498999
},
"utime": {
"max": 1542193851700186,
"max_diff": 41850.0,
"mean": 1542193841893433.5,
"mean_diff": 20164.197110423116,
"min": 1542193832161079,
"min_diff": 15314.0,
"std": 5626288.616585718,
"std_diff": 1946.968989209949
},
"vel": {
"max": 8.011171907641005,
"max_diff": 0.0,
"mean": 2.4865190697039337,
"mean_diff": -3.7297786045558996,
"min": 0.0,
"min_diff": -8.011171907641005,
"std": 3.5222687170379805,
"std_diff": 3.737978405439976
}
}
},
"SteerAngleFeedback": {
"message_count": 1912,
"message_freq": 97.82898449727824,
"timespan": 19.54431,
"var_stats": {
"utime": {
"max": 1542193851701214,
"max_diff": 29467.0,
"mean": 1542193841936917.0,
"mean_diff": 10227.268445839874,
"min": 1542193832156904,
"min_diff": 1515.0,
"std": 5648188.22049176,
"std_diff": 1670.6567056068582
},
"value": {
"max": 0.14486232791553252,
"max_diff": 0.01570796326794266,
"mean": -0.10628708269584801,
"mean_diff": 2.648589655041195e-05,
"min": -0.3525565089028514,
"min_diff": -0.01221730476396507,
"std": 0.13429102545270347,
"std_diff": 0.002468449090836825
}
}
},
"VEHICLE_MONITOR": {
"message_count": 40,
"message_freq": 2.051299513626629,
"timespan": 19.499834,
"var_stats": null
},
"ZOE_VEH_INFO": {
"message_count": 1948,
"message_freq": 99.63208245117427,
"timespan": 19.551935,
"var_stats": {
"FL_wheel_speed": {
"max": 254.2449,
"max_diff": 5.170799999999986,
"mean": 236.06444922997946,
"mean_diff": -0.021588906009244995,
"min": 200.0349,
"min_diff": -5.629499999999979,
"std": 11.558820357611866,
"std_diff": 0.6512542483973982
},
"FR_wheel_speed": {
"max": 253.9947,
"max_diff": 7.923000000000002,
"mean": 234.655511550308,
"mean_diff": -0.020496610169491513,
"min": 198.8256,
"min_diff": -5.587799999999987,
"std": 11.411305570103545,
"std_diff": 0.6287907980588502
},
"RL_wheel_speed": {
"max": 253.536,
"max_diff": 10.049700000000001,
"mean": 235.25669368583164,
"mean_diff": -0.021117719568567023,
"min": 199.07580000000002,
"min_diff": -8.2149,
"std": 11.529963820467062,
"std_diff": 0.7352658516155668
},
"RR_wheel_speed": {
"max": 253.03560000000002,
"max_diff": 7.672799999999995,
"mean": 234.05124686858315,
"mean_diff": -0.0212462249614792,
"min": 199.326,
"min_diff": -6.963899999999995,
"std": 11.398310623392682,
"std_diff": 0.72094865939339
},
"left_solar": {
"max": 0,
"max_diff": 0.0,
"mean": 0.0,
"mean_diff": 0.0,
"min": 0,
"min_diff": 0.0,
"std": 0.0,
"std_diff": 0.0
},
"longitudinal_accel": {
"max": 0.9500000000000011,
"max_diff": 0.5500000000000007,
"mean": 0.13221252566735184,
"mean_diff": 0.00025680534155110427,
"min": -0.6999999999999993,
"min_diff": -0.75,
"std": 0.35424324582801986,
"std_diff": 0.08202581300819567
},
"meanEffTorque": {
"max": 53.0,
"max_diff": 2.5,
"mean": 11.252310061601642,
"mean_diff": 0.01926040061633282,
"min": -28.0,
"min_diff": -2.0,
"std": 22.327426707302855,
"std_diff": 0.494981354012632
},
"odom": {
"max": 120,
"max_diff": 80.0,
"mean": 62.62422997946612,
"mean_diff": 0.022598870056497175,
"min": 4,
"min_diff": -56.0,
"std": 34.75813272791713,
"std_diff": 18.53004619648924
},
"odom_speed": {
"max": 28.0,
"max_diff": 1.0,
"mean": 26.303388090349078,
"mean_diff": -0.0025680534155110425,
"min": 22.0,
"min_diff": -1.0,
"std": 1.294772628474777,
"std_diff": 0.08773577006095182
},
"pedal_cc": {
"max": 258.0,
"max_diff": 17.0,
"mean": 120.87320328542094,
"mean_diff": 0.09193631227529532,
"min": 0.0,
"min_diff": -14.0,
"std": 81.16737998430895,
"std_diff": 2.680614211836133
},
"regen": {
"max": 56.0,
"max_diff": 1.0,
"mean": 9.040554414784394,
"mean_diff": -0.008731381612737545,
"min": 0.0,
"min_diff": -5.0,
"std": 17.196768538088286,
"std_diff": 0.49488994616468646
},
"requestedTorqueAfterProc": {
"max": -272.5,
"max_diff": 126.0,
"mean": -343.73126283367554,
"mean_diff": -0.035695942475603495,
"min": -398.5,
"min_diff": -126.0,
"std": 37.230993153249685,
"std_diff": 7.610351299978855
},
"right_solar": {
"max": 0,
"max_diff": 0.0,
"mean": 0.0,
"mean_diff": 0.0,
"min": 0,
"min_diff": 0.0,
"std": 0.0,
"std_diff": 0.0
},
"steer_corrected": {
"max": 8.300000000000182,
"max_diff": 1.1000000000003638,
"mean": -6.144250513346952,
"mean_diff": 0.0014894709809964515,
"min": -20.199999999999818,
"min_diff": -0.900000000000091,
"std": 7.70531316216129,
"std_diff": 0.15524667736922285
},
"steer_offset_can": {
"max": -13.400000000000091,
"max_diff": 0.0,
"mean": -13.400000000000093,
"mean_diff": 0.0,
"min": -13.400000000000091,
"min_diff": 0.0,
"std": 1.7763568394002505e-15,
"std_diff": 0.0
},
"steer_raw": {
"max": -5.099999999999909,
"max_diff": 1.1000000000003638,
"mean": -19.544250513347045,
"mean_diff": 0.0014894709809964515,
"min": -33.59999999999991,
"min_diff": -0.900000000000091,
"std": 7.70531316216129,
"std_diff": 0.15524667736922285
},
"transversal_accel": {
"max": -0.42799999999999727,
"max_diff": 0.0800000000000125,
"mean": -0.5107926078028734,
"mean_diff": 4.10888546482269e-06,
"min": -0.592000000000013,
"min_diff": -0.05200000000002092,
"std": 0.025179848098899765,
"std_diff": 0.007769667197903663
},
"utime": {
"max": 1542193851705717,
"max_diff": 25385.0,
"mean": 1542193841936304.2,
"mean_diff": 10042.08269131998,
"min": 1542193832153782,
"min_diff": 2.0,
"std": 5642326.427410912,
"std_diff": 1920.5781064064417
}
}
},
"ZoeSensors": {
"message_count": 18213,
"message_freq": 931.6015321374651,
"timespan": 19.550204,
"var_stats": {
"brake_sensor": {
"max": 0.211775541305542,
"max_diff": 0.0002088397741317749,
"mean": 0.19062260347094548,
"mean_diff": -1.4510877101520327e-08,
"min": 0.19010160863399506,
"min_diff": -0.0005344003438949585,
"std": 0.0022326691675389455,
"std_diff": 2.3832747491229123e-05
},
"steering_sensor": {
"max": 0.18984992802143097,
"max_diff": 0.0008153021335601807,
"mean": 0.18849108340709048,
"mean_diff": -1.8166619920217412e-08,