{
"MS_IMU": {
"message_count": 1983,
"message_freq": 99.64981356992267,
"timespan": 19.899686,
"var_stats": {
"linear_accel": {
"max": 11.208864212036133,
"max_diff": 12.56322693824768,
"mean": 3.2557281342855924,
"mean_diff": 4.852384297802425,
"min": -2.085353136062622,
"min_diff": -2.0219576954841614,
"std": 4.669943026070322,
"std_diff": 5.16995156583578
},
"q": {
"max": 0.36067652702331543,
"max_diff": 0.3704653303138912,
"mean": -0.3047609999258599,
"mean_diff": -0.22574645159273138,
"min": -0.9999704957008362,
"min_diff": -0.9952427521348,
"std": 0.3963845995730224,
"std_diff": 0.5295165943255833
},
"rotation_rate": {
"max": 0.11732647567987442,
"max_diff": 0.11355692404322326,
"mean": -0.02290157257638011,
"mean_diff": -0.03121765801666556,
"min": -0.44758710265159607,
"min_diff": -0.4844917878508568,
"std": 0.09132731275500405,
"std_diff": 0.10996541605492503
},
"utime": {
"max": 1535656655200328,
"max_diff": 26006.0,
"mean": 1535656645255348.5,
"mean_diff": 10040.204843592332,
"min": 1535656635300642,
"min_diff": 2967.0,
"std": 5744849.07220996,
"std_diff": 4692.4253061396785
}
}
},
"POSE": {
"message_count": 994,
"message_freq": 49.94968599285679,
"timespan": 19.900025,
"var_stats": {
"accel": {
"max": 10.209420184509229,
"max_diff": 11.488965849581751,
"mean": 3.259740051544189,
"mean_diff": 4.844925337359092,
"min": -1.8512295945860082,
"min_diff": -1.891716183618068,
"std": 4.662552461241955,
"std_diff": 5.17001900741736
},
"orientation": {
"max": 0.9232716150416534,
"max_diff": 0.0,
"mean": -0.0883658126298644,
"mean_diff": -0.44834557473175624,
"min": -0.9122156670007808,
"min_diff": -0.9232716150416534,
"std": 0.49212953900194173,
"std_diff": 0.3637575826725602
},
"pos": {
"max": 1344.171993852105,
"max_diff": -476.8997452501011,
"mean": 720.3688340390449,
"mean_diff": -663.5718200763889,
"min": 0.0,
"min_diff": -864.0548808358814,
"std": 547.8773580627554,
"std_diff": 170.89636332727642
},
"rotation_rate": {
"max": 0.11729651689529419,
"max_diff": 0.11355692404322326,
"mean": -0.022909056608097268,
"mean_diff": -0.031098918790224323,
"min": -0.44643861055374146,
"min_diff": -0.48435670882463455,
"std": 0.09121849081940323,
"std_diff": 0.10963805413642302
},
"utime": {
"max": 1535656655211965,
"max_diff": 39856.0,
"mean": 1535656645268181.5,
"mean_diff": 20040.307150050354,
"min": 1535656635311940,
"min_diff": 15478.0,
"std": 5749137.7690070085,
"std_diff": 1039.3335135489167
},
"vel": {
"max": 6.005052318732686,
"max_diff": 0.0,
"mean": 1.3250522956418844,
"mean_diff": -1.9875784434628265,
"min": 0.0,
"min_diff": -6.005052318732686,
"std": 1.9401274522472125,
"std_diff": 2.0807015900425316
}
}
},
"SteerAngleFeedback": {
"message_count": 1957,
"message_freq": 98.32873804334855,
"timespan": 19.902625,
"var_stats": {
"utime": {
"max": 1535656655202589,
"max_diff": 29865.0,
"mean": 1535656645208553.8,
"mean_diff": 10175.166155419223,
"min": 1535656635299964,
"min_diff": 3202.0,
"std": 5753776.02284446,
"std_diff": 1513.7153227144784
},
"value": {
"max": 0.7889607974134062,
"max_diff": 0.06108652381980173,
"mean": -0.7581447137197749,
"mean_diff": 0.0010770002081580572,
"min": -4.871141966804208,
"min_diff": -0.027925268031907535,
"std": 1.610714739390477,
"std_diff": 0.009514835479171835
}
}
},
"VEHICLE_MONITOR": {
"message_count": 41,
"message_freq": 2.049976527768757,
"timespan": 20.000229,
"var_stats": null
},
"ZOE_VEH_INFO": {
"message_count": 1980,
"message_freq": 99.50186751939432,
"timespan": 19.899124,
"var_stats": {
"FL_wheel_speed": {
"max": 187.8585,
"max_diff": 5.087400000000002,
"mean": 126.75443696969697,
"mean_diff": 0.024569075290550788,
"min": 86.6526,
"min_diff": -4.4619,
"std": 26.5116761895881,
"std_diff": 0.5136769840917073
},
"FR_wheel_speed": {
"max": 192.7374,
"max_diff": 2.3769000000000062,
"mean": 123.80167681818182,
"mean_diff": 0.02764547751389591,
"min": 81.0648,
"min_diff": -2.3352000000000146,
"std": 28.95135800727205,
"std_diff": 0.44923834939423823
},
"RL_wheel_speed": {
"max": 187.8585,
"max_diff": 3.5027999999999935,
"mean": 125.69753151515151,
"mean_diff": 0.02456907529055078,
"min": 86.1939,
"min_diff": -3.294300000000021,
"std": 26.788631105887248,
"std_diff": 0.44496075744746316
},
"RR_wheel_speed": {
"max": 196.7406,
"max_diff": 1.6263000000000005,
"mean": 125.01603136363636,
"mean_diff": 0.02823547246083881,
"min": 81.7737,
"min_diff": -2.585399999999993,
"std": 30.203135164650586,
"std_diff": 0.42638351615040976
},
"left_solar": {
"max": 0,
"max_diff": 0.0,
"mean": 0.0,
"mean_diff": 0.0,
"min": 0,
"min_diff": 0.0,
"std": 0.0,
"std_diff": 0.0
},
"longitudinal_accel": {
"max": 1.700000000000001,
"max_diff": 0.1999999999999993,
"mean": 0.012272727272727971,
"mean_diff": -0.0012885295603840326,
"min": -2.1499999999999995,
"min_diff": -0.3000000000000007,
"std": 0.8040418014936338,
"std_diff": 0.043786277817648746
},
"meanEffTorque": {
"max": 108.5,
"max_diff": 2.0,
"mean": 13.258585858585858,
"mean_diff": -0.06796361798888327,
"min": -101.0,
"min_diff": -5.0,
"std": 46.88037701976548,
"std_diff": 0.8061502139480311
},
"odom": {
"max": 120,
"max_diff": 60.0,
"mean": 60.54343434343434,
"mean_diff": -0.00808489135927236,
"min": 0,
"min_diff": -92.0,
"std": 34.437758704203176,
"std_diff": 17.696787457821426
},
"odom_speed": {
"max": 21.0,
"max_diff": 1.0,
"mean": 13.889393939393939,
"mean_diff": 0.003031834259727135,
"min": 9.0,
"min_diff": -1.0,
"std": 3.153223240496574,
"std_diff": 0.14564905697982217
},
"pedal_cc": {
"max": 439.0,
"max_diff": 33.0,
"mean": 126.17878787878787,
"mean_diff": -0.15159171298635674,
"min": 0.0,
"min_diff": -119.0,
"std": 128.88374432039873,
"std_diff": 5.167557407854166
},
"regen": {
"max": 42.0,
"max_diff": 1.0,
"mean": 9.585353535353535,
"mean_diff": 0.021222839818089943,
"min": 0.0,
"min_diff": -3.0,
"std": 14.992869942657311,
"std_diff": 0.3646235023939758
},
"requestedTorqueAfterProc": {
"max": -272.5,
"max_diff": 126.0,
"mean": -327.2921717171717,
"mean_diff": 0.012885295603840323,
"min": -398.5,
"min_diff": -126.0,
"std": 43.63671612614248,
"std_diff": 7.517048886637904
},
"right_solar": {
"max": 0,
"max_diff": 0.0,
"mean": 0.0,
"mean_diff": 0.0,
"min": 0,
"min_diff": 0.0,
"std": 0.0,
"std_diff": 0.0
},
"steer_corrected": {
"max": 45.20412389306413,
"max_diff": 2.100000000000363,
"mean": -43.13612863218839,
"mean_diff": 0.060990399191511,
"min": -279.09587610693603,
"min_diff": -1.599999999999909,
"std": 92.04095185909449,
"std_diff": 0.5434940478973432
},
"steer_offset_can": {
"max": -12.300000000000182,
"max_diff": 0.0,
"mean": -12.300000000000182,
"mean_diff": 0.0,
"min": -12.300000000000182,
"min_diff": 0.0,
"std": 0.0,
"std_diff": 0.0
},
"steer_raw": {
"max": 33.5,
"max_diff": 2.100000000000364,
"mean": -54.840252525252524,
"mean_diff": 0.060990399191511,
"min": -290.8000000000002,
"min_diff": -1.599999999999909,
"std": 92.04095185909449,
"std_diff": 0.5434940478973432
},
"transversal_accel": {
"max": -0.41200000000000614,
"max_diff": 0.03999999999999204,
"mean": -0.5071656565656546,
"mean_diff": -1.010611419909562e-05,
"min": -0.6560000000000059,
"min_diff": -0.03599999999997294,
"std": 0.05279063691395569,
"std_diff": 0.005091968622806107
},
"utime": {
"max": 1535656655202896,
"max_diff": 31122.0,
"mean": 1535656645240875.5,
"mean_diff": 10055.140980293078,
"min": 1535656635303772,
"min_diff": 2.0,
"std": 5746506.084269635,
"std_diff": 1779.2044815019758
}
}
},
"ZoeSensors": {
"message_count": 17614,
"message_freq": 885.1173107066784,
"timespan": 19.900187,
"var_stats": {
"brake_sensor": {
"max": 0.1845344454050064,
"max_diff": 3.653764724731445e-05,
"mean": 0.18442168862026884,
"mean_diff": 7.043216200464528e-09,
"min": 0.18413320183753967,
"min_diff": -3.7044286727905273e-05,
"std": 6.616184282754535e-05,
"std_diff": 6.6366702570235385e-06
},
"steering_sensor": {
"max": 0.19283154606819153,
"max_diff": 0.0005277842283248901,
"mean": 0.1893947808298483,
"mean_diff": -2.392789936211868e-07,
"min": 0.18595454096794128,
"min_diff": -0.0006301999092102051,