{
"MS_IMU": {
"message_count": 1934,
"message_freq": 99.81519222320948,
"timespan": 19.375808,
"var_stats": {
"linear_accel": {
"max": 10.720658302307129,
"max_diff": 12.716315507888794,
"mean": 3.1372194365519888,
"mean_diff": 4.726067445397089,
"min": -2.1785151958465576,
"min_diff": -3.342571496963501,
"std": 4.730304247757541,
"std_diff": 5.770546829618395
},
"q": {
"max": 0.5971957445144653,
"max_diff": 1.0215988010168076,
"mean": -0.24709761809847222,
"mean_diff": 0.30464290457221926,
"min": -0.9997590780258179,
"min_diff": -0.23504443746060133,
"std": 0.43467549250257365,
"std_diff": 0.5021467885882405
},
"rotation_rate": {
"max": 0.06350638717412949,
"max_diff": 0.08187741041183472,
"mean": -0.027961725201267038,
"mean_diff": -0.04442932540879294,
"min": -0.31829380989074707,
"min_diff": -0.33800632506608963,
"std": 0.08154397313917175,
"std_diff": 0.0966405388476797
},
"utime": {
"max": 1533279876197691,
"max_diff": 34993.0,
"mean": 1533279866510855.2,
"mean_diff": 10023.697878944646,
"min": 1533279856821883,
"min_diff": 1950.0,
"std": 5597515.082568894,
"std_diff": 5565.529968948324
}
}
},
"POSE": {
"message_count": 968,
"message_freq": 49.948387526215804,
"timespan": 19.380005,
"var_stats": {
"accel": {
"max": 10.29953290440643,
"max_diff": 12.132700870448568,
"mean": 3.1352880031708272,
"mean_diff": 4.72861798336109,
"min": -1.9423721533511749,
"min_diff": -3.0060349146167753,
"std": 4.7299360009804525,
"std_diff": 5.766799149700524
},
"orientation": {
"max": 0.9893924027601524,
"max_diff": 0.8530379126779175,
"mean": 0.33990983381879114,
"mean_diff": 0.02335369849531212,
"min": 0.0,
"min_diff": -0.9893924027601524,
"std": 0.36668965743975085,
"std_diff": 0.5768777497008559
},
"pos": {
"max": 933.548232259672,
"max_diff": 158.7049508008356,
"mean": 560.6094779151758,
"mean_diff": -384.355082308137,
"min": 0.0,
"min_diff": -933.548232259672,
"std": 400.81428077277496,
"std_diff": 528.8541513265963
},
"rotation_rate": {
"max": 0.0630752295255661,
"max_diff": 0.08187741041183472,
"mean": -0.02800675380677809,
"mean_diff": -0.044520598622724325,
"min": -0.31829380989074707,
"min_diff": -0.33713459223508835,
"std": 0.08160963896269952,
"std_diff": 0.09668498921961081
},
"utime": {
"max": 1533279876193948,
"max_diff": 40728.0,
"mean": 1533279866517725.0,
"mean_diff": 20041.370217166495,
"min": 1533279856813943,
"min_diff": 8471.0,
"std": 5596594.87989304,
"std_diff": 1252.1830605909317
},
"vel": {
"max": 6.3644303583583675,
"max_diff": 0.0,
"mean": 0.7038527077789862,
"mean_diff": -1.0557790616684795,
"min": 0.0,
"min_diff": -6.3644303583583675,
"std": 1.4216207379258012,
"std_diff": 1.630935868777553
}
}
},
"SteerAngleFeedback": {
"message_count": 1891,
"message_freq": 97.50197465990192,
"timespan": 19.394479,
"var_stats": {
"utime": {
"max": 1533279876204192,
"max_diff": 40120.0,
"mean": 1533279866487311.5,
"mean_diff": 10261.6291005291,
"min": 1533279856809713,
"min_diff": 136.0,
"std": 5601143.255460224,
"std_diff": 2021.428182717189
},
"value": {
"max": 0.5323254218582705,
"max_diff": 0.048869219055844404,
"mean": -1.0063950575042835,
"mean_diff": -0.0005660776886098028,
"min": -4.429645641561612,
"min_diff": -0.02617993877991509,
"std": 1.6412598700154633,
"std_diff": 0.00794961114815918
}
}
},
"VEHICLE_MONITOR": {
"message_count": 39,
"message_freq": 2.0526659340930022,
"timespan": 18.999682,
"var_stats": {
"available_distance": {
"max": 142,
"max_diff": 0.0,
"mean": 142.0,
"mean_diff": 0.0,
"min": 142,
"min_diff": 0.0,
"std": 0.0,
"std_diff": 0.0
},
"battery_level": {
"max": 99,
"max_diff": 0.0,
"mean": 99.0,
"mean_diff": 0.0,
"min": 99,
"min_diff": 0.0,
"std": 0.0,
"std_diff": 0.0
},
"brake": {
"max": 28,
"max_diff": 3.0,
"mean": 2.1025641025641026,
"mean_diff": -0.7368421052631579,
"min": 0,
"min_diff": -16.0,
"std": 5.367494147679907,
"std_diff": 3.377044881692275
},
"brake_switch": {
"max": 4,
"max_diff": 3.0,
"mean": 1.564102564102564,
"mean_diff": -0.07894736842105263,
"min": 1,
"min_diff": -3.0,
"std": 1.1501364867695283,
"std_diff": 0.7739705878869866
},
"gear_position": {
"max": 7,
"max_diff": 0.0,
"mean": 7.0,
"mean_diff": 0.0,
"min": 7,
"min_diff": 0.0,
"std": 0.0,
"std_diff": 0.0
},
"left_signal": {
"max": 0,
"max_diff": 0.0,
"mean": 0.0,
"mean_diff": 0.0,
"min": 0,
"min_diff": 0.0,
"std": 0.0,
"std_diff": 0.0
},
"rear_left_rpm": {
"max": 205.1223,
"max_diff": 19.849200000000003,
"mean": 70.9947846153846,
"mean_diff": 5.397955263157895,
"min": 0.0,
"min_diff": -12.343200000000003,
"std": 59.03379373113787,
"std_diff": 7.846342982015231
},
"rear_right_rpm": {
"max": 200.2434,
"max_diff": 16.8468,
"mean": 67.03542307692308,
"mean_diff": 5.269563157894738,
"min": 0.0,
"min_diff": -13.093800000000002,
"std": 55.437682486889365,
"std_diff": 7.758644628596749
},
"right_signal": {
"max": 1,
"max_diff": 1.0,
"mean": 0.38461538461538464,
"mean_diff": -0.02631578947368421,
"min": 0,
"min_diff": -1.0,
"std": 0.4865042554105198,
"std_diff": 0.6683381631158049
},
"steering": {
"max": 30.5,
"max_diff": 50.90000000000009,
"mean": -58.45897435897434,
"mean_diff": -1.6131578947368468,
"min": -253.69999999999982,
"min_diff": -50.59999999999991,
"std": 93.50100977913178,
"std_diff": 20.34712149630987
},
"steering_speed": {
"max": 161.30000000000035,
"max_diff": 147.4000000000001,
"mean": -2.7948717948715083,
"mean_diff": 3.739698609263685e-16,
"min": -91.69999999999963,
"min_diff": -117.49999999999999,
"std": 43.15582349934521,
"std_diff": 40.622880511512605
},
"throttle": {
"max": 241,
"max_diff": 108.0,
"mean": 82.92307692307692,
"mean_diff": 6.342105263157895,
"min": 0,
"min_diff": -99.0,
"std": 99.46817159153633,
"std_diff": 27.277594734786195
},
"utime": {
"max": 1533279876237043,
"max_diff": 501461.0,
"mean": 1533279866737349.5,
"mean_diff": 499991.63157894736,
"min": 1533279857237361,
"min_diff": 498795.0,
"std": 5627334.175448228,
"std_diff": 411.65905802666566
},
"vehicle_speed": {
"max": 23.14,
"max_diff": 2.13,
"mean": 7.931025641025642,
"mean_diff": 0.6089473684210527,
"min": 0.0,
"min_diff": -1.4299999999999997,
"std": 6.586384866884652,
"std_diff": 0.9002332723235339
},
"yaw_rate": {
"max": 0.700000000000017,
"max_diff": 8.300000000000011,
"mean": -5.192307692307669,
"mean_diff": -0.13947368421052586,
"min": -17.99999999999997,
"min_diff": -4.800000000000011,
"std": 6.824705670947944,
"std_diff": 1.9423994214541402
}
}
},
"ZOE_VEH_INFO": {
"message_count": 1927,
"message_freq": 99.34275001559479,
"timespan": 19.39749,
"var_stats": {
"FL_wheel_speed": {
"max": 204.9138,
"max_diff": 3.7113000000000227,
"mean": 69.47313051375195,
"mean_diff": 0.10639345794392524,
"min": 0.0,
"min_diff": -3.085800000000006,
"std": 58.059648577628245,
"std_diff": 0.4380385416557467
},
"FR_wheel_speed": {
"max": 201.20250000000001,
"max_diff": 4.2117,
"mean": 65.42134903995849,
"mean_diff": 0.10446651090342679,
"min": 0.0,
"min_diff": -4.4619,
"std": 54.265276476367404,
"std_diff": 0.42169507400029344
},
"RL_wheel_speed": {
"max": 203.74620000000002,
"max_diff": 4.6704,
"mean": 68.52978432797094,
"mean_diff": 0.10578722741433022,
"min": 0.0,
"min_diff": -2.7938999999999936,
"std": 57.29523205746602,
"std_diff": 0.3954764005059092
},
"RR_wheel_speed": {
"max": 199.78470000000002,
"max_diff": 4.2117,
"mean": 64.52262423456149,
"mean_diff": 0.10349221183800622,
"min": 0.0,
"min_diff": -4.211699999999993,
"std": 53.55233810102308,
"std_diff": 0.40205812900403237
},
"left_solar": {
"max": 32,
"max_diff": 112.0,
"mean": -53.69590036325895,
"mean_diff": -0.07476635514018691,
"min": -112,
"min_diff": -144.0,
"std": 68.1398855663004,
"std_diff": 6.154350488055889
},
"longitudinal_accel": {
"max": 1.25,
"max_diff": 0.25,
"mean": 0.3593149974052938,
"mean_diff": 0.0005192107995846313,
"min": -1.1500000000000004,
"min_diff": -0.3000000000000007,
"std": 0.5682689305919933,
"std_diff": 0.04164005872664281
},
"meanEffTorque": {
"max": 84.0,
"max_diff": 2.5,
"mean": 33.00700570835495,
"mean_diff": 0.03400830737279335,
"min": -18.0,
"min_diff": -2.0,