{
"MS_IMU": {
"message_count": 1979,
"message_freq": 99.69619611909258,
"timespan": 19.850306,
"var_stats": {
"linear_accel": {
"max": 10.979795455932617,
"max_diff": 11.037478882819414,
"mean": 3.3476045327939223,
"mean_diff": 4.793984518557046,
"min": -1.9720585346221924,
"min_diff": -1.9055210277438164,
"std": 4.590563578507939,
"std_diff": 5.026527675913644
},
"q": {
"max": 0.3718549311161041,
"max_diff": 0.9499255786649883,
"mean": -0.14593049812979084,
"mean_diff": 0.4283416006567905,
"min": -0.9492979645729065,
"min_diff": -0.00375134008936584,
"std": 0.4782303905363559,
"std_diff": 0.38563958647003005
},
"rotation_rate": {
"max": 0.06966643780469894,
"max_diff": 0.07305144891142845,
"mean": -9.820906888996844e-05,
"mean_diff": 0.0003026408143729421,
"min": -0.042574815452098846,
"min_diff": -0.07549296878278255,
"std": 0.016932536918036763,
"std_diff": 0.022101314101356018
},
"utime": {
"max": 1535657475150502,
"max_diff": 32008.0,
"mean": 1535657465240842.5,
"mean_diff": 10035.543983822043,
"min": 1535657455300196,
"min_diff": 2952.0,
"std": 5731708.104413602,
"std_diff": 4707.62757131326
}
}
},
"POSE": {
"message_count": 983,
"message_freq": 49.546703110459354,
"timespan": 19.839867,
"var_stats": {
"accel": {
"max": 10.134998358996425,
"max_diff": 10.316613361774095,
"mean": 3.346012990391083,
"mean_diff": 4.795398311032336,
"min": -1.5339654357883532,
"min_diff": -1.7933108134959193,
"std": 4.586991130058895,
"std_diff": 5.01919689950603
},
"orientation": {
"max": 0.9190766861851609,
"max_diff": 0.44973153967816726,
"mean": 0.3315275496671518,
"mean_diff": -0.16351820316070365,
"min": 0.0,
"min_diff": -0.9190766861851609,
"std": 0.3742852973490866,
"std_diff": 0.5537103309208057
},
"pos": {
"max": 1184.8757227015406,
"max_diff": -266.34043293620516,
"mean": 670.6763477596535,
"mean_diff": -570.8170202357063,
"min": 0.0,
"min_diff": -918.5352897653354,
"std": 487.42754309373004,
"std_diff": 300.17922274660026
},
"rotation_rate": {
"max": 0.06966643780469894,
"max_diff": 0.07305144891142845,
"mean": -0.00018202565591887043,
"mean_diff": 0.00028415567911530123,
"min": -0.04024577885866165,
"min_diff": -0.07549296878278255,
"std": 0.01689515305144415,
"std_diff": 0.022038122440401597
},
"utime": {
"max": 1535657475150906,
"max_diff": 40634.0,
"mean": 1535657465261597.8,
"mean_diff": 20203.530549898165,
"min": 1535657455311039,
"min_diff": 15285.0,
"std": 5731759.633669402,
"std_diff": 2086.142858739731
},
"vel": {
"max": 6.978904001809526,
"max_diff": 0.0,
"mean": 1.9660629346072491,
"mean_diff": -2.949094401910874,
"min": 0.0,
"min_diff": -6.978904001809526,
"std": 2.869812748283601,
"std_diff": 3.0748471861523883
}
}
},
"SteerAngleFeedback": {
"message_count": 1947,
"message_freq": 98.07339425972948,
"timespan": 19.852479,
"var_stats": {
"utime": {
"max": 1535657475157277,
"max_diff": 29764.0,
"mean": 1535657465286896.0,
"mean_diff": 10201.684994861254,
"min": 1535657455304798,
"min_diff": 4014.0,
"std": 5728858.530967501,
"std_diff": 1572.9671756963053
},
"value": {
"max": 0.5690493116621222,
"max_diff": 0.010471975511964382,
"mean": 0.029041572551876796,
"mean_diff": -4.57409002321219e-05,
"min": -0.24427411976723382,
"min_diff": -0.008726646259971715,
"std": 0.19836958101240126,
"std_diff": 0.0023311743497146
}
}
},
"VEHICLE_MONITOR": {
"message_count": 41,
"message_freq": 2.0500572991015096,
"timespan": 19.999441,
"var_stats": null
},
"ZOE_VEH_INFO": {
"message_count": 1978,
"message_freq": 99.6517378320971,
"timespan": 19.849127,
"var_stats": {
"FL_wheel_speed": {
"max": 221.5104,
"max_diff": 1.6263000000000147,
"mean": 186.43357431749243,
"mean_diff": 0.034971471927162365,
"min": 89.0295,
"min_diff": -1.8765000000000214,
"std": 39.421430522011214,
"std_diff": 0.42891120658187604
},
"FR_wheel_speed": {
"max": 221.5104,
"max_diff": 1.6263000000000147,
"mean": 186.4982535894843,
"mean_diff": 0.035098027314112296,
"min": 90.1971,
"min_diff": -1.8765000000000214,
"std": 38.96674215522617,
"std_diff": 0.43226115677820837
},
"RL_wheel_speed": {
"max": 221.5104,
"max_diff": 1.876499999999993,
"mean": 185.78817300303336,
"mean_diff": 0.034380880121396055,
"min": 88.7793,
"min_diff": -1.8765000000000214,
"std": 39.41677961181827,
"std_diff": 0.4317996742629743
},
"RR_wheel_speed": {
"max": 225.2217,
"max_diff": 1.876499999999993,
"mean": 189.34213877654196,
"mean_diff": 0.03583626707132018,
"min": 91.3647,
"min_diff": -1.6263000000000147,
"std": 39.682663207976255,
"std_diff": 0.42687350676609315
},
"left_solar": {
"max": 0,
"max_diff": 0.0,
"mean": 0.0,
"mean_diff": 0.0,
"min": 0,
"min_diff": 0.0,
"std": 0.0,
"std_diff": 0.0
},
"longitudinal_accel": {
"max": 1.8000000000000007,
"max_diff": 0.25,
"mean": 0.14446410515672464,
"mean_diff": 0.00042994436014162944,
"min": -1.9499999999999993,
"min_diff": -0.3500000000000014,
"std": 0.728790735585158,
"std_diff": 0.04918215575553496
},
"meanEffTorque": {
"max": 115.5,
"max_diff": 2.5,
"mean": 18.96056622851365,
"mean_diff": 0.023520485584218515,
"min": -82.0,
"min_diff": -4.5,
"std": 42.44951753568048,
"std_diff": 0.8862052732025836
},
"odom": {
"max": 120,
"max_diff": 72.0,
"mean": 58.70171890798787,
"mean_diff": -0.02832574607991907,
"min": 0,
"min_diff": -92.0,
"std": 34.343371204358206,
"std_diff": 18.570436441827894
},
"odom_speed": {
"max": 25.0,
"max_diff": 1.0,
"mean": 20.762891809909,
"mean_diff": 0.0035407182599898838,
"min": 10.0,
"min_diff": -1.0,
"std": 4.482174347920931,
"std_diff": 0.15082845738452502
},
"pedal_cc": {
"max": 460.0,
"max_diff": 34.0,
"mean": 159.14155712841253,
"mean_diff": 0.01568032372281234,
"min": 0.0,
"min_diff": -110.0,
"std": 122.19069691486321,
"std_diff": 6.0657547621528485
},
"regen": {
"max": 54.0,
"max_diff": 1.0,
"mean": 8.264914054600606,
"mean_diff": -0.023773394031360646,
"min": 0.0,
"min_diff": -3.0,
"std": 16.01874510250235,
"std_diff": 0.4619473693165439
},
"requestedTorqueAfterProc": {
"max": -272.5,
"max_diff": 126.0,
"mean": -334.67290192113245,
"mean_diff": 0.0030349013657056147,
"min": -398.5,
"min_diff": -126.0,
"std": 38.812998742127704,
"std_diff": 9.506898748762232
},
"right_solar": {
"max": 0,
"max_diff": 0.0,
"mean": 0.0,
"mean_diff": 0.0,
"min": 0,
"min_diff": 0.0,
"std": 0.0,
"std_diff": 0.0
},
"steer_corrected": {
"max": 32.60412389306422,
"max_diff": 0.599999999999909,
"mean": 1.695883245945809,
"mean_diff": -0.0023267577137075918,
"min": -13.995876106935693,
"min_diff": -0.7000000000002728,
"std": 11.443061127441212,
"std_diff": 0.13246294738607028
},
"steer_offset_can": {
"max": -12.300000000000182,
"max_diff": 0.0,
"mean": -12.30000000000018,
"mean_diff": 0.0,
"min": -12.300000000000182,
"min_diff": 0.0,
"std": 1.7763568394002505e-15,
"std_diff": 0.0
},
"steer_raw": {
"max": 20.90000000000009,
"max_diff": 0.599999999999909,
"mean": -10.008240647118317,
"mean_diff": -0.0023267577137075918,
"min": -25.699999999999818,
"min_diff": -0.7000000000002728,
"std": 11.443061127441212,
"std_diff": 0.13246294738607028
},
"transversal_accel": {
"max": -0.43600000000000705,
"max_diff": 0.02400000000000091,
"mean": -0.49350657229524525,
"mean_diff": 0.0,
"min": -0.5320000000000107,
"min_diff": -0.020000000000010232,
"std": 0.018908197335316543,
"std_diff": 0.004155792588477692
},
"utime": {
"max": 1535657475152038,
"max_diff": 22548.0,
"mean": 1535657465241563.2,
"mean_diff": 10040.023773394032,
"min": 1535657455302911,
"min_diff": 637.0,
"std": 5732357.650300514,
"std_diff": 1703.4271370001754
}
}
},
"ZoeSensors": {
"message_count": 19129,
"message_freq": 963.6961761025415,
"timespan": 19.849617,
"var_stats": {
"brake_sensor": {
"max": 0.18434566259384155,
"max_diff": 2.8520822525024414e-05,
"mean": 0.18419400335738573,
"mean_diff": -7.011211352186789e-11,
"min": 0.18412496149539948,
"min_diff": -2.4318695068359375e-05,
"std": 2.725253457579723e-05,
"std_diff": 5.112865036035697e-06
},
"steering_sensor": {
"max": 0.19187837839126587,
"max_diff": 0.0005632340908050537,
"mean": 0.18893448476107996,
"mean_diff": 1.2684216164286192e-07,