{
"MS_IMU": {
"message_count": 1943,
"message_freq": 99.55769840022614,
"timespan": 19.516321,
"var_stats": {
"linear_accel": {
"max": 9.902059555053711,
"max_diff": 9.765783444046974,
"mean": 3.3503750400979766,
"mean_diff": 4.850095138814141,
"min": 0.012779122218489647,
"min_diff": -0.05239558219909668,
"std": 4.562295641098019,
"std_diff": 4.805484020901788
},
"q": {
"max": 0.9089372158050537,
"max_diff": 0.8998661516234279,
"mean": 0.12594228484812534,
"mean_diff": 0.44197402727565055,
"min": -0.41725754737854004,
"min_diff": 0.006771129556000233,
"std": 0.4838786599479675,
"std_diff": 0.3646190911375006
},
"rotation_rate": {
"max": 0.002990144770592451,
"max_diff": 0.004142466350458562,
"mean": -5.645255939039814e-05,
"mean_diff": 2.240764584337747e-05,
"min": -0.0037691600155085325,
"min_diff": -0.004717900650575757,
"std": 0.000896617418714891,
"std_diff": 0.0013252091295653948
},
"utime": {
"max": 1535573842419926,
"max_diff": 24760.0,
"mean": 1535573832656957.8,
"mean_diff": 10049.598867147271,
"min": 1535573822903605,
"min_diff": 1948.0,
"std": 5628837.472409058,
"std_diff": 4055.836420681589
}
}
},
"POSE": {
"message_count": 975,
"message_freq": 50.002238561757146,
"timespan": 19.499127,
"var_stats": {
"accel": {
"max": 9.816922089926459,
"max_diff": 9.682078721945643,
"mean": 3.350247157160855,
"mean_diff": 4.850238801097771,
"min": 0.0750184527850751,
"min_diff": 0.01774847362802605,
"std": 4.5622885576230745,
"std_diff": 4.805263851885918
},
"orientation": {
"max": 0.9382719591091108,
"max_diff": 0.0,
"mean": 0.14806918211539138,
"mean_diff": -0.42807168085267383,
"min": -0.3460297398307371,
"min_diff": -0.9382719591091108,
"std": 0.47757252570439923,
"std_diff": 0.38741188596285986
},
"pos": {
"max": 1429.083735209101,
"max_diff": 570.2678031582321,
"mean": 762.6326975279247,
"mean_diff": -429.40761226337156,
"min": 0.0,
"min_diff": -1429.083735209101,
"std": 587.371415612811,
"std_diff": 999.6752557936762
},
"rotation_rate": {
"max": 0.002990144770592451,
"max_diff": 0.004142466350458562,
"mean": -5.817092370618302e-05,
"mean_diff": 9.64249622705747e-06,
"min": -0.0037691600155085325,
"min_diff": -0.004431628854945302,
"std": 0.0008948535462560156,
"std_diff": 0.0013299378212054931
},
"utime": {
"max": 1535573842405871,
"max_diff": 40034.0,
"mean": 1535573832653662.0,
"mean_diff": 20019.637577002053,
"min": 1535573822906744,
"min_diff": 15175.0,
"std": 5637047.919842759,
"std_diff": 841.7296965158073
},
"vel": {
"max": 1.1066377215411421e-100,
"max_diff": 0.0,
"mean": 1.1223680330034525e-103,
"mean_diff": -1.683552049505179e-103,
"min": 0.0,
"min_diff": -1.1066377215411421e-100,
"std": 2.7306705732699454e-102,
"std_diff": 3.3429619867076423e-102
}
}
},
"SteerAngleFeedback": {
"message_count": 1919,
"message_freq": 98.39898846455172,
"timespan": 19.502233,
"var_stats": {
"utime": {
"max": 1535573842411136,
"max_diff": 39998.0,
"mean": 1535573832656770.5,
"mean_diff": 10168.004692387904,
"min": 1535573822908903,
"min_diff": 5197.0,
"std": 5630998.728378288,
"std_diff": 1571.7031762792428
},
"value": {
"max": -1.9372434942017334,
"max_diff": 0.0017453292520006602,
"mean": -1.9457482226203928,
"mean_diff": 9.099735411849148e-07,
"min": -1.9546967867216767,
"min_diff": -0.0017453292520006602,
"std": 0.005111416607690036,
"std_diff": 0.0006608745099794734
}
}
},
"VEHICLE_MONITOR": {
"message_count": 40,
"message_freq": 2.0513496932232176,
"timespan": 19.499357,
"var_stats": null
},
"ZOE_VEH_INFO": {
"message_count": 1946,
"message_freq": 99.74772437048601,
"timespan": 19.509217,
"var_stats": {
"FL_wheel_speed": {
"max": 0.0,
"max_diff": 0.0,
"mean": 0.0,
"mean_diff": 0.0,
"min": 0.0,
"min_diff": 0.0,
"std": 0.0,
"std_diff": 0.0
},
"FR_wheel_speed": {
"max": 0.0,
"max_diff": 0.0,
"mean": 0.0,
"mean_diff": 0.0,
"min": 0.0,
"min_diff": 0.0,
"std": 0.0,
"std_diff": 0.0
},
"RL_wheel_speed": {
"max": 0.0,
"max_diff": 0.0,
"mean": 0.0,
"mean_diff": 0.0,
"min": 0.0,
"min_diff": 0.0,
"std": 0.0,
"std_diff": 0.0
},
"RR_wheel_speed": {
"max": 0.0,
"max_diff": 0.0,
"mean": 0.0,
"mean_diff": 0.0,
"min": 0.0,
"min_diff": 0.0,
"std": 0.0,
"std_diff": 0.0
},
"left_solar": {
"max": 0,
"max_diff": 0.0,
"mean": 0.0,
"mean_diff": 0.0,
"min": 0,
"min_diff": 0.0,
"std": 0.0,
"std_diff": 0.0
},
"longitudinal_accel": {
"max": 0.10000000000000142,
"max_diff": 0.05000000000000071,
"mean": 0.04095580678314549,
"mean_diff": 0.0,
"min": 0.0,
"min_diff": -0.05000000000000071,
"std": 0.01951127167026379,
"std_diff": 0.016429329845656686
},
"meanEffTorque": {
"max": 4.0,
"max_diff": 0.0,
"mean": 4.0,
"mean_diff": 0.0,
"min": 4.0,
"min_diff": 0.0,
"std": 0.0,
"std_diff": 0.0
},
"odom": {
"max": 60,
"max_diff": 0.0,
"mean": 60.0,
"mean_diff": 0.0,
"min": 60,
"min_diff": 0.0,
"std": 0.0,
"std_diff": 0.0
},
"odom_speed": {
"max": 0.0,
"max_diff": 0.0,
"mean": 0.0,
"mean_diff": 0.0,
"min": 0.0,
"min_diff": 0.0,
"std": 0.0,
"std_diff": 0.0
},
"pedal_cc": {
"max": 0.0,
"max_diff": 0.0,
"mean": 0.0,
"mean_diff": 0.0,
"min": 0.0,
"min_diff": 0.0,
"std": 0.0,
"std_diff": 0.0
},
"regen": {
"max": 0.0,
"max_diff": 0.0,
"mean": 0.0,
"mean_diff": 0.0,
"min": 0.0,
"min_diff": 0.0,
"std": 0.0,
"std_diff": 0.0
},
"requestedTorqueAfterProc": {
"max": -378.5,
"max_diff": 0.0,
"mean": -378.5,
"mean_diff": 0.0,
"min": -378.5,
"min_diff": 0.0,
"std": 0.0,
"std_diff": 0.0
},
"right_solar": {
"max": 0,
"max_diff": 0.0,
"mean": 0.0,
"mean_diff": 0.0,
"min": 0,
"min_diff": 0.0,
"std": 0.0,
"std_diff": 0.0
},
"steer_corrected": {
"max": -110.9958761069357,
"max_diff": 0.1000000000003638,
"mean": -111.48338895380127,
"mean_diff": 5.141388174802522e-05,
"min": -111.9958761069357,
"min_diff": -0.1000000000003638,
"std": 0.2927406751149974,
"std_diff": 0.03760158380553781
},
"steer_offset_can": {
"max": -12.300000000000182,
"max_diff": 0.0,
"mean": -12.30000000000018,
"mean_diff": 0.0,
"min": -12.300000000000182,
"min_diff": 0.0,
"std": 1.7763568394002505e-15,
"std_diff": 0.0
},
"steer_raw": {
"max": -122.69999999999982,
"max_diff": 0.1000000000003638,
"mean": -123.18751284686542,
"mean_diff": 5.141388174802522e-05,
"min": -123.69999999999982,
"min_diff": -0.1000000000003638,
"std": 0.2927406751149974,
"std_diff": 0.03760158380553781
},
"transversal_accel": {
"max": -0.4759999999999991,
"max_diff": 0.012000000000000455,
"mean": -0.4813442959917721,
"mean_diff": 4.113110539850785e-06,
"min": -0.4919999999999902,
"min_diff": -0.008000000000009777,
"std": 0.0027356391060182027,
"std_diff": 0.002088032627756087
},
"utime": {
"max": 1535573842410127,
"max_diff": 21238.0,
"mean": 1535573832646036.2,
"mean_diff": 10030.445758354756,
"min": 1535573822900910,
"min_diff": 2.0,
"std": 5631428.421138551,
"std_diff": 1668.4612310295342
}
}
},
"ZoeSensors": {
"message_count": 17386,
"message_freq": 891.571454944514,
"timespan": 19.5004,
"var_stats": {
"brake_sensor": {
"max": 0.18356750905513763,
"max_diff": 3.713369369506836e-05,
"mean": 0.18348094000323903,
"mean_diff": -2.309958551476528e-09,
"min": 0.18336890637874603,
"min_diff": -3.0741095542907715e-05,
"std": 2.6512670513576834e-05,
"std_diff": 5.552366931173934e-06
},
"steering_sensor": {
"max": 0.18911339342594147,
"max_diff": 0.0005947500467300415,
"mean": 0.18802665075871963,
"mean_diff": 3.37571085682195e-08,
"min": 0.1869431585073471,
"min_diff": -0.0006498843431472778,
"std": 0.0002536366424016709,
"std_diff": 0.00011142738146985225
},
"throttle_sensor": {
"max": 0.12478632479906082,
"max_diff": 0.0025641024112701416,
"mean": 0.12181877091965809,
"mean_diff": 3.0100174186076794e-08,
"min": 0.11958834528923035,
"min_diff": -0.0022501349449157715,
"std": 0.0005006379233578046,
"std_diff": 0.0003996736778751336
},
"utime": {
"max": 1535573842401447,
"max_diff": 19015.0,
"mean": 1535573832638073.8,
"mean_diff": 1121.6796088582112,
"min": 1535573822901047,
"min_diff": 1.0,
"std": 5650399.971498699,
"std_diff": 880.4833620809816
}
}
}
}