{
"MS_IMU": {
"message_count": 1944,
"message_freq": 99.69215943217314,
"timespan": 19.500029,
"var_stats": {
"linear_accel": {
"max": 12.795387268066406,
"max_diff": 13.096494674682617,
"mean": 3.3026398792249427,
"mean_diff": 4.757714651428817,
"min": -1.4487849473953247,
"min_diff": -2.3401416540145874,
"std": 4.6008712264377385,
"std_diff": 5.177616902224583
},
"q": {
"max": 0.027233345434069633,
"max_diff": 0.2931299079209566,
"mean": -0.3140639269180825,
"mean_diff": -0.21904675452490893,
"min": -0.9565160274505615,
"min_diff": -0.9813487362116575,
"std": 0.38905509525885434,
"std_diff": 0.5390398185916473
},
"rotation_rate": {
"max": 0.09699702262878418,
"max_diff": 0.1295989528298378,
"mean": -0.000243215231667199,
"mean_diff": 0.0001135138268134391,
"min": -0.12323200702667236,
"min_diff": -0.14476940035820007,
"std": 0.023104013241582882,
"std_diff": 0.0380811102945576
},
"utime": {
"max": 1542799721898210,
"max_diff": 43973.0,
"mean": 1542799712124808.5,
"mean_diff": 10036.041688111169,
"min": 1542799702398181,
"min_diff": 1143.0,
"std": 5625442.813436721,
"std_diff": 5613.049609480443
}
}
},
"POSE": {
"message_count": 972,
"message_freq": 49.8501750936114,
"timespan": 19.498427,
"var_stats": {
"accel": {
"max": 11.12830590193041,
"max_diff": 11.659093293930225,
"mean": 3.3011567593884736,
"mean_diff": 4.758962316606983,
"min": -0.6951877659529169,
"min_diff": -1.5415426667141174,
"std": 4.59196051506266,
"std_diff": 5.162414761921179
},
"orientation": {
"max": 0.4772815652350496,
"max_diff": 0.0,
"mean": -0.10241112961792902,
"mean_diff": -0.451192967743287,
"min": -0.8846367095739146,
"min_diff": -0.8846367095739146,
"std": 0.48939959187802734,
"std_diff": 0.36021970961114613
},
"pos": {
"max": 2217.2542845451953,
"max_diff": 1474.559559874588,
"mean": 948.3999851551121,
"mean_diff": -348.2761110785397,
"min": 0.0,
"min_diff": -2217.2542845451953,
"std": 895.4633906257444,
"std_diff": 1800.591425278235
},
"rotation_rate": {
"max": 0.09699702262878418,
"max_diff": 0.12414370104670525,
"mean": -0.00025941040566106687,
"mean_diff": 0.0001413827173118783,
"min": -0.12218029797077179,
"min_diff": -0.13645187579095364,
"std": 0.023053262417530217,
"std_diff": 0.03800998728546802
},
"utime": {
"max": 1542799721907845,
"max_diff": 40663.0,
"mean": 1542799712163450.0,
"mean_diff": 20080.7693099897,
"min": 1542799702409418,
"min_diff": 14782.0,
"std": 5629499.3094843635,
"std_diff": 1407.1096055914484
},
"vel": {
"max": 9.242895520941842,
"max_diff": 0.0,
"mean": 2.626913373773547,
"mean_diff": -3.94037006066032,
"min": 0.0,
"min_diff": -9.242895520941842,
"std": 3.7594338631479527,
"std_diff": 4.003062459179542
}
}
},
"SteerAngleFeedback": {
"message_count": 1910,
"message_freq": 97.92616479968638,
"timespan": 19.504491,
"var_stats": {
"utime": {
"max": 1542799721905654,
"max_diff": 30908.0,
"mean": 1542799712097704.0,
"mean_diff": 10217.124672603457,
"min": 1542799702401163,
"min_diff": 3811.0,
"std": 5606215.482714798,
"std_diff": 1654.3451399190456
},
"value": {
"max": 0.16231562043547582,
"max_diff": 0.008726646259971648,
"mean": 0.02526067112153767,
"mean_diff": 3.3827753967414835e-05,
"min": -0.05235987755982989,
"min_diff": -0.0052359877559861635,
"std": 0.03873070066019761,
"std_diff": 0.0014124677609574639
}
}
},
"VEHICLE_MONITOR": {
"message_count": 40,
"message_freq": 2.051297935691707,
"timespan": 19.499849,
"var_stats": null
},
"ZOE_VEH_INFO": {
"message_count": 1941,
"message_freq": 99.54183575145804,
"timespan": 19.499339,
"var_stats": {
"FL_wheel_speed": {
"max": 291.35790000000003,
"max_diff": 5.629500000000007,
"mean": 249.04683709428127,
"mean_diff": -0.045289639175257745,
"min": 194.40540000000001,
"min_diff": -6.088200000000029,
"std": 31.68293921530035,
"std_diff": 0.8821302820538272
},
"FR_wheel_speed": {
"max": 291.1077,
"max_diff": 7.0055999999999585,
"mean": 248.79365085007726,
"mean_diff": -0.044322371134020606,
"min": 194.1552,
"min_diff": -6.296699999999987,
"std": 31.633052290326003,
"std_diff": 0.8838264086302906
},
"RL_wheel_speed": {
"max": 290.649,
"max_diff": 7.464300000000037,
"mean": 247.99022225656876,
"mean_diff": -0.045289639175257725,
"min": 192.98760000000001,
"min_diff": -7.46429999999998,
"std": 31.65866850509292,
"std_diff": 0.9874017023402409
},
"RR_wheel_speed": {
"max": 290.649,
"max_diff": 8.63190000000003,
"mean": 248.0037570324575,
"mean_diff": -0.044795257731958756,
"min": 192.98760000000001,
"min_diff": -8.63190000000003,
"std": 31.616757291425262,
"std_diff": 0.998861486877537
},
"left_solar": {
"max": 0,
"max_diff": 0.0,
"mean": 0.0,
"mean_diff": 0.0,
"min": 0,
"min_diff": 0.0,
"std": 0.0,
"std_diff": 0.0
},
"longitudinal_accel": {
"max": 1.5,
"max_diff": 1.0,
"mean": 0.335085007727976,
"mean_diff": 0.0003608247422680418,
"min": -0.6999999999999993,
"min_diff": -0.9000000000000004,
"std": 0.4620200203602281,
"std_diff": 0.11472681002941723
},
"meanEffTorque": {
"max": 84.5,
"max_diff": 4.0,
"mean": 22.697578567748582,
"mean_diff": 0.022422680412371134,
"min": -26.0,
"min_diff": -2.5,
"std": 27.520373031586352,
"std_diff": 0.6356158688087289
},
"odom": {
"max": 124,
"max_diff": 112.0,
"mean": 83.29726944873777,
"mean_diff": -0.032989690721649485,
"min": 4,
"min_diff": -80.0,
"std": 40.931059237050206,
"std_diff": 15.018303071393373
},
"odom_speed": {
"max": 33.0,
"max_diff": 1.0,
"mean": 27.89077794951056,
"mean_diff": -0.005154639175257732,
"min": 22.0,
"min_diff": -1.0,
"std": 3.5840424942177656,
"std_diff": 0.10140368852013402
},
"pedal_cc": {
"max": 364.0,
"max_diff": 22.0,
"mean": 156.8959299330242,
"mean_diff": 0.0634020618556701,
"min": 0.0,
"min_diff": -27.0,
"std": 99.6359291679848,
"std_diff": 3.2908183379201636
},
"regen": {
"max": 52.0,
"max_diff": 1.0,
"mean": 6.2215352910870685,
"mean_diff": 0.0,
"min": 0.0,
"min_diff": -8.0,
"std": 14.051438949102574,
"std_diff": 0.6217700042172587
},
"requestedTorqueAfterProc": {
"max": -272.5,
"max_diff": 124.0,
"mean": -338.05100463678514,
"mean_diff": 0.021649484536082474,
"min": -398.5,
"min_diff": -125.5,
"std": 33.283297974049155,
"std_diff": 6.985444761524792
},
"right_solar": {
"max": 0,
"max_diff": 0.0,
"mean": 0.0,
"mean_diff": 0.0,
"min": 0,
"min_diff": 0.0,
"std": 0.0,
"std_diff": 0.0
},
"steer_corrected": {
"max": 9.300000000000182,
"max_diff": 0.5,
"mean": 1.4477588871717317,
"mean_diff": 0.0019072164948455014,
"min": -3.0,
"min_diff": -0.40000000000009095,
"std": 2.2445655649944043,
"std_diff": 0.08262118028966567
},
"steer_offset_can": {
"max": -13.300000000000182,
"max_diff": 0.0,
"mean": -13.300000000000182,
"mean_diff": 0.0,
"min": -13.300000000000182,
"min_diff": 0.0,
"std": 0.0,
"std_diff": 0.0
},
"steer_raw": {
"max": -4.0,
"max_diff": 0.5,
"mean": -11.852241112828448,
"mean_diff": 0.0019072164948455014,
"min": -16.300000000000182,
"min_diff": -0.40000000000009095,
"std": 2.2445655649944043,
"std_diff": 0.08262118028966567
},
"transversal_accel": {
"max": -0.46000000000000796,
"max_diff": 0.06400000000002137,
"mean": -0.5164142194744964,
"mean_diff": -6.185567010309513e-06,
"min": -0.6119999999999948,
"min_diff": -0.06399999999999295,
"std": 0.020140707604352503,
"std_diff": 0.00935750224882202
},
"utime": {
"max": 1542799721904761,
"max_diff": 20578.0,
"mean": 1542799712130776.0,
"mean_diff": 10051.205670103092,
"min": 1542799702405422,
"min_diff": 3.0,
"std": 5628529.873103129,
"std_diff": 1735.7797455972293
}
}
},
"ZoeSensors": {
"message_count": 18634,
"message_freq": 955.6213526037143,
"timespan": 19.499355,
"var_stats": {
"brake_sensor": {
"max": 0.18996930122375488,
"max_diff": 2.028048038482666e-05,
"mean": 0.1899026902983267,
"mean_diff": 5.398102187434749e-10,
"min": 0.18981827795505524,
"min_diff": -2.060830593109131e-05,
"std": 1.8227406224918165e-05,
"std_diff": 4.158486680152059e-06
},
"steering_sensor": {
"max": 0.1895427107810974,
"max_diff": 0.000441133975982666,
"mean": 0.18848884800120946,
"mean_diff": -1.4794798587784128e-09,
"min": 0.18747489154338837,
"min_diff": -0.000456884503364563,