{
"MS_IMU": {
"message_count": 1957,
"message_freq": 99.84831933135402,
"timespan": 19.599729,
"var_stats": {
"linear_accel": {
"max": 11.250645637512207,
"max_diff": 13.299650430679321,
"mean": 3.1028119516147545,
"mean_diff": 4.858739213276018,
"min": -2.886216878890991,
"min_diff": -3.10567045211792,
"std": 4.7543692331537475,
"std_diff": 5.484765845029416
},
"q": {
"max": 0.7886372208595276,
"max_diff": 0.03409148845821619,
"mean": -0.00287609472703818,
"mean_diff": -0.46927470800276,
"min": -0.9104605317115784,
"min_diff": -0.9295287877321243,
"std": 0.4999917468218325,
"std_diff": 0.35414689484291934
},
"rotation_rate": {
"max": 0.06598244607448578,
"max_diff": 0.0847985353320837,
"mean": -0.009731031930818763,
"mean_diff": -0.015159781953853198,
"min": -0.3854010999202728,
"min_diff": -0.4136105291545391,
"std": 0.07528868653503183,
"std_diff": 0.09398906751422144
},
"utime": {
"max": 1542800527547813,
"max_diff": 29013.0,
"mean": 1542800517763121.0,
"mean_diff": 10020.311349693251,
"min": 1542800507948084,
"min_diff": 1899.0,
"std": 5656826.892471989,
"std_diff": 5522.268815704082
}
}
},
"POSE": {
"message_count": 975,
"message_freq": 49.74772799575078,
"timespan": 19.598885,
"var_stats": {
"accel": {
"max": 10.605377667038013,
"max_diff": 12.62805965309255,
"mean": 3.104741974153115,
"mean_diff": 4.859497767520659,
"min": -2.6476942252111035,
"min_diff": -2.866000433732065,
"std": 4.750803443735291,
"std_diff": 5.474020157782165
},
"orientation": {
"max": 0.9999999733654124,
"max_diff": 0.12687003805358393,
"mean": 0.2441858499502821,
"mean_diff": -0.33818323710310544,
"min": -0.35352183064349624,
"min_diff": -0.9999999733654124,
"std": 0.4363178551057225,
"std_diff": 0.4679374226066965
},
"pos": {
"max": 1537.582735934337,
"max_diff": -59.725887031027696,
"mean": 966.8804848500412,
"mean_diff": -745.4462158430448,
"min": 0.0,
"min_diff": -1414.0478525317885,
"std": 684.6249366969764,
"std_diff": 664.484583250021
},
"rotation_rate": {
"max": 0.06389341503381729,
"max_diff": 0.0847985353320837,
"mean": -0.009759948065897894,
"mean_diff": -0.015298491267593561,
"min": -0.3848617672920227,
"min_diff": -0.4136105291545391,
"std": 0.07541765261185938,
"std_diff": 0.09415794992093016
},
"utime": {
"max": 1542800527548342,
"max_diff": 40372.0,
"mean": 1542800517735027.0,
"mean_diff": 20122.058521560575,
"min": 1542800507949457,
"min_diff": 15583.0,
"std": 5669130.172102562,
"std_diff": 1651.3310248582554
},
"vel": {
"max": 6.762273059391361,
"max_diff": 0.0,
"mean": 1.1715042742650106,
"mean_diff": -1.7572564113975155,
"min": 0.0,
"min_diff": -6.762273059391361,
"std": 2.243667175170024,
"std_diff": 2.553771111696829
}
}
},
"SteerAngleFeedback": {
"message_count": 1934,
"message_freq": 98.64703600851445,
"timespan": 19.605252,
"var_stats": {
"utime": {
"max": 1542800527555646,
"max_diff": 29930.0,
"mean": 1542800517773521.8,
"mean_diff": 10142.396275219866,
"min": 1542800507950394,
"min_diff": 5144.0,
"std": 5668127.808227858,
"std_diff": 1359.2782256019336
},
"value": {
"max": 0.9407324668249453,
"max_diff": 0.02617993877991509,
"mean": -0.0520801195101269,
"mean_diff": -0.0011494072104442756,
"min": -2.9600784113823813,
"min_diff": -0.055850536063815515,
"std": 1.0534793996326284,
"std_diff": 0.007033787911701548
}
}
},
"VEHICLE_MONITOR": {
"message_count": 40,
"message_freq": 2.051271321555139,
"timespan": 19.500102,
"var_stats": null
},
"ZOE_VEH_INFO": {
"message_count": 1956,
"message_freq": 99.75248023373496,
"timespan": 19.608535,
"var_stats": {
"FL_wheel_speed": {
"max": 214.0044,
"max_diff": 4.2117000000000075,
"mean": 112.69599815950923,
"mean_diff": 0.09344639386189259,
"min": 0.0,
"min_diff": -2.585399999999993,
"std": 83.114849925945,
"std_diff": 0.5363071196328062
},
"FR_wheel_speed": {
"max": 215.4222,
"max_diff": 5.1291,
"mean": 111.12719555214724,
"mean_diff": 0.08640751918158567,
"min": 0.0,
"min_diff": -4.4202000000000226,
"std": 82.10090044346465,
"std_diff": 0.5544823912343713
},
"RL_wheel_speed": {
"max": 213.7542,
"max_diff": 3.919799999999981,
"mean": 112.04907254601227,
"mean_diff": 0.09227324808184144,
"min": 0.0,
"min_diff": -3.7112999999999943,
"std": 82.68150049538606,
"std_diff": 0.5607262929966244
},
"RR_wheel_speed": {
"max": 215.8809,
"max_diff": 4.878899999999987,
"mean": 110.63146441717792,
"mean_diff": 0.08653549872122764,
"min": 0.0,
"min_diff": -4.420199999999994,
"std": 81.83585247623056,
"std_diff": 0.5775257175068346
},
"left_solar": {
"max": 0,
"max_diff": 0.0,
"mean": 0.0,
"mean_diff": 0.0,
"min": 0,
"min_diff": 0.0,
"std": 0.0,
"std_diff": 0.0
},
"longitudinal_accel": {
"max": 2.1000000000000014,
"max_diff": 0.45000000000000107,
"mean": 0.09557770961145266,
"mean_diff": 0.00015345268542199433,
"min": -0.9499999999999993,
"min_diff": -0.5500000000000007,
"std": 0.7041486204975036,
"std_diff": 0.055144330337631955
},
"meanEffTorque": {
"max": 134.0,
"max_diff": 3.0,
"mean": 14.860940695296524,
"mean_diff": 0.01278772378516624,
"min": -36.5,
"min_diff": -3.5,
"std": 43.410640746186154,
"std_diff": 0.5887610238238455
},
"odom": {
"max": 120,
"max_diff": 68.0,
"mean": 66.86298568507158,
"mean_diff": -0.010230179028132993,
"min": 0,
"min_diff": -116.0,
"std": 34.74381320927308,
"std_diff": 15.384846488722092
},
"odom_speed": {
"max": 24.0,
"max_diff": 1.0,
"mean": 12.272494887525562,
"mean_diff": 0.009718670076726343,
"min": 0.0,
"min_diff": -1.0,
"std": 9.300146232796845,
"std_diff": 0.1334479702025193
},
"pedal_cc": {
"max": 498.0,
"max_diff": 25.0,
"mean": 83.8957055214724,
"mean_diff": 0.08849104859335039,
"min": 0.0,
"min_diff": -27.0,
"std": 146.51775774745082,
"std_diff": 3.040535274637302
},
"regen": {
"max": 55.0,
"max_diff": 1.0,
"mean": 13.752044989775051,
"mean_diff": 0.0,
"min": 0.0,
"min_diff": -5.0,
"std": 22.202921078249453,
"std_diff": 0.4058397249567139
},
"requestedTorqueAfterProc": {
"max": -272.5,
"max_diff": 125.0,
"mean": -340.3052147239264,
"mean_diff": 0.01329923273657289,
"min": -398.5,
"min_diff": -126.0,
"std": 41.91746678756254,
"std_diff": 6.953173822037122
},
"right_solar": {
"max": 0,
"max_diff": 0.0,
"mean": 0.0,
"mean_diff": 0.0,
"min": 0,
"min_diff": 0.0,
"std": 0.0,
"std_diff": 0.0
},
"steer_corrected": {
"max": 53.90000000000009,
"max_diff": 1.2000000000002728,
"mean": -2.834355828220645,
"mean_diff": -0.0651150895140666,
"min": -169.5999999999999,
"min_diff": -2.100000000000364,
"std": 60.204019660453326,
"std_diff": 0.39402237405467777
},
"steer_offset_can": {
"max": -13.300000000000182,
"max_diff": 0.0,
"mean": -13.300000000000182,
"mean_diff": 0.0,
"min": -13.300000000000182,
"min_diff": 0.0,
"std": 0.0,
"std_diff": 0.0
},
"steer_raw": {
"max": 40.59999999999991,
"max_diff": 1.2000000000002728,
"mean": -16.13435582822083,
"mean_diff": -0.0651150895140666,
"min": -182.9000000000001,
"min_diff": -2.100000000000364,
"std": 60.204019660453326,
"std_diff": 0.39402237405467777
},
"transversal_accel": {
"max": -0.4679999999999893,
"max_diff": 0.04400000000001114,
"mean": -0.5568997955010212,
"mean_diff": -5.933503836317845e-05,
"min": -0.7920000000000016,
"min_diff": -0.040000000000020464,
"std": 0.07486730032827972,
"std_diff": 0.004821579642437335
},
"utime": {
"max": 1542800527556888,
"max_diff": 24436.0,
"mean": 1542800517755608.2,
"mean_diff": 10029.941176470587,
"min": 1542800507948353,
"min_diff": 2.0,
"std": 5661080.046926689,
"std_diff": 1659.7005424646457
}
}
},
"ZoeSensors": {
"message_count": 18871,
"message_freq": 962.7867684700623,
"timespan": 19.600394,
"var_stats": {
"brake_sensor": {
"max": 0.35738763213157654,
"max_diff": 0.0007752776145935059,
"mean": 0.22826500652492865,
"mean_diff": -8.871238510887901e-06,
"min": 0.18955470621585846,
"min_diff": -0.0020096004009246826,
"std": 0.06131036227638047,
"std_diff": 8.32668733503791e-05
},
"steering_sensor": {
"max": 0.19042499363422394,
"max_diff": 0.00039780139923095703,
"mean": 0.1884907495109425,
"mean_diff": -3.694492985978604e-08,
"min": 0.18731734156608582,
"min_diff": -0.00041356682777404785,