{
"MS_IMU": {
"message_count": 1987,
"message_freq": 99.79845433439705,
"timespan": 19.910128,
"var_stats": {
"linear_accel": {
"max": 14.855998039245605,
"max_diff": 14.941153727471828,
"mean": 3.2498757770543683,
"mean_diff": 4.988763733985968,
"min": -0.9439646005630493,
"min_diff": -1.099143236875534,
"std": 4.672717973514891,
"std_diff": 4.800865798733951
},
"q": {
"max": 0.306508332490921,
"max_diff": 0.32019810983911157,
"mean": -0.2955700059501147,
"mean_diff": -0.2428992804073938,
"min": -0.9999423027038574,
"min_diff": -1.013642206788063,
"std": 0.4032845008231541,
"std_diff": 0.5279425158645031
},
"rotation_rate": {
"max": 0.32689541578292847,
"max_diff": 0.358221173286438,
"mean": 0.01894722852517123,
"mean_diff": 0.0295626464510791,
"min": -0.17339138686656952,
"min_diff": -0.21260157227516174,
"std": 0.075499453174841,
"std_diff": 0.09536887061328361
},
"utime": {
"max": 1537287180460616,
"max_diff": 23087.0,
"mean": 1537287170499835.0,
"mean_diff": 10025.240684793554,
"min": 1537287160550488,
"min_diff": 2922.0,
"std": 5748276.256443673,
"std_diff": 4650.667617503514
}
}
},
"POSE": {
"message_count": 993,
"message_freq": 49.8502784788165,
"timespan": 19.919648,
"var_stats": {
"accel": {
"max": 12.147480131763178,
"max_diff": 12.211347567441647,
"mean": 3.2450026776448793,
"mean_diff": 4.988769474500091,
"min": -0.7614847220915503,
"min_diff": -0.7641212356325019,
"std": 4.664201674033959,
"std_diff": 4.790732830061656
},
"orientation": {
"max": 0.8914548118549135,
"max_diff": 0.0,
"mean": -0.08034432107379404,
"mean_diff": -0.45279512990952137,
"min": -0.8922864396411649,
"min_diff": -0.8922864396411649,
"std": 0.4935025735203324,
"std_diff": 0.35820371810403234
},
"pos": {
"max": 1722.493421599144,
"max_diff": -699.2293486828856,
"mean": 887.1405077209831,
"mean_diff": -844.2652638334532,
"min": 0.0,
"min_diff": -1023.2640729162584,
"std": 692.2315137138551,
"std_diff": 130.08450827781357
},
"rotation_rate": {
"max": 0.32689541578292847,
"max_diff": 0.3469332456588745,
"mean": 0.018827039120020553,
"mean_diff": 0.029305546042235016,
"min": -0.17339138686656952,
"min_diff": -0.21260157227516174,
"std": 0.07527004512270269,
"std_diff": 0.09515498201702115
},
"utime": {
"max": 1537287180471559,
"max_diff": 40057.0,
"mean": 1537287170495988.2,
"mean_diff": 20080.290322580644,
"min": 1537287160551911,
"min_diff": 14068.0,
"std": 5749980.07376513,
"std_diff": 1370.0480376213889
},
"vel": {
"max": 7.118951043849927,
"max_diff": 0.0,
"mean": 1.7885654399014856,
"mean_diff": -2.6828481598522282,
"min": 0.0,
"min_diff": -7.118951043849927,
"std": 2.6255973570235995,
"std_diff": 2.81805207052788
}
}
},
"SteerAngleFeedback": {
"message_count": 1950,
"message_freq": 98.02065139297147,
"timespan": 19.893767,
"var_stats": {
"utime": {
"max": 1537287180452039,
"max_diff": 39681.0,
"mean": 1537287170462890.8,
"mean_diff": 10207.166239096972,
"min": 1537287160558272,
"min_diff": 2036.0,
"std": 5731688.33509549,
"std_diff": 1704.6964024706792
},
"value": {
"max": 3.194024506661595,
"max_diff": 0.040142572795864695,
"mean": 0.5842453116828175,
"mean_diff": 0.0012474313227440249,
"min": -0.6317372137099797,
"min_diff": -0.024434609527922202,
"std": 1.140666954992934,
"std_diff": 0.0066904188891483115
}
}
},
"VEHICLE_MONITOR": {
"message_count": 41,
"message_freq": 2.050043870938838,
"timespan": 19.999572,
"var_stats": null
},
"ZOE_VEH_INFO": {
"message_count": 1977,
"message_freq": 99.33625593963733,
"timespan": 19.902099,
"var_stats": {
"FL_wheel_speed": {
"max": 225.4719,
"max_diff": 8.381699999999995,
"mean": 167.5460440060698,
"mean_diff": -0.04729235829959515,
"min": 109.7961,
"min_diff": -5.587800000000001,
"std": 40.54084938656669,
"std_diff": 0.7012224422026786
},
"FR_wheel_speed": {
"max": 225.4719,
"max_diff": 6.963900000000024,
"mean": 170.219442185129,
"mean_diff": -0.04125683198380568,
"min": 122.181,
"min_diff": -7.964700000000022,
"std": 37.012743845750606,
"std_diff": 0.6210714788622627
},
"RL_wheel_speed": {
"max": 227.0982,
"max_diff": 4.920599999999979,
"mean": 166.74066661608498,
"mean_diff": -0.04554078947368421,
"min": 108.6285,
"min_diff": -5.421000000000021,
"std": 40.96059884043357,
"std_diff": 0.6792682399969894
},
"RR_wheel_speed": {
"max": 229.6836,
"max_diff": 3.461100000000016,
"mean": 172.61526221547803,
"mean_diff": -0.041383451417004044,
"min": 123.1401,
"min_diff": -5.379300000000001,
"std": 38.02881391013089,
"std_diff": 0.5288632226518643
},
"left_solar": {
"max": 0,
"max_diff": 0.0,
"mean": 0.0,
"mean_diff": 0.0,
"min": 0,
"min_diff": 0.0,
"std": 0.0,
"std_diff": 0.0
},
"longitudinal_accel": {
"max": 0.6500000000000004,
"max_diff": 0.34999999999999964,
"mean": -0.19607991906929628,
"mean_diff": 0.00020242914979757103,
"min": -0.8499999999999996,
"min_diff": -0.3500000000000014,
"std": 0.23549699850292838,
"std_diff": 0.06525766055648723
},
"meanEffTorque": {
"max": 26.0,
"max_diff": 3.0,
"mean": -1.178553363682347,
"mean_diff": 0.012651821862348178,
"min": -23.0,
"min_diff": -1.5,
"std": 15.470311454559418,
"std_diff": 0.3572440793257181
},
"odom": {
"max": 120,
"max_diff": 72.0,
"mean": 61.54779969650986,
"mean_diff": -0.008097165991902834,
"min": 0,
"min_diff": -84.0,
"std": 34.5998714471919,
"std_diff": 18.592147552938442
},
"odom_speed": {
"max": 25.0,
"max_diff": 1.0,
"mean": 18.87658067779464,
"mean_diff": -0.005060728744939271,
"min": 13.0,
"min_diff": -1.0,
"std": 4.439094135661176,
"std_diff": 0.09530845065082547
},
"pedal_cc": {
"max": 175.0,
"max_diff": 34.0,
"mean": 70.70308548305513,
"mean_diff": 0.03137651821862348,
"min": 0.0,
"min_diff": -16.0,
"std": 58.262651206704184,
"std_diff": 2.1664135103691873
},
"regen": {
"max": 46.0,
"max_diff": 1.0,
"mean": 15.085483055134041,
"mean_diff": 0.0,
"min": 0.0,
"min_diff": -6.0,
"std": 16.50478622453173,
"std_diff": 0.5455005501394377
},
"requestedTorqueAfterProc": {
"max": -272.5,
"max_diff": 126.0,
"mean": -333.2814871016692,
"mean_diff": 0.012145748987854251,
"min": -398.5,
"min_diff": -126.0,
"std": 48.90193909403039,
"std_diff": 7.909652679936001
},
"right_solar": {
"max": 0,
"max_diff": 0.0,
"mean": 0.0,
"mean_diff": 0.0,
"min": 0,
"min_diff": 0.0,
"std": 0.0,
"std_diff": 0.0
},
"steer_corrected": {
"max": 183.0041238930643,
"max_diff": 2.200000000000273,
"mean": 33.89400755517842,
"mean_diff": 0.07059716599190283,
"min": -36.39587610693578,
"min_diff": -1.400000000000091,
"std": 65.78126011204712,
"std_diff": 0.3753956720571755
},
"steer_offset_can": {
"max": -12.300000000000182,
"max_diff": 0.0,
"mean": -12.300000000000182,
"mean_diff": 0.0,
"min": -12.300000000000182,
"min_diff": 0.0,
"std": 0.0,
"std_diff": 0.0
},
"steer_raw": {
"max": 171.30000000000018,
"max_diff": 2.200000000000273,
"mean": 22.18988366211429,
"mean_diff": 0.07059716599190283,
"min": -48.09999999999991,
"min_diff": -1.400000000000091,
"std": 65.78126011204714,
"std_diff": 0.3753956720571755
},
"transversal_accel": {
"max": -0.32800000000000296,
"max_diff": 0.0759999999999934,
"mean": -0.48345776428932596,
"mean_diff": 0.00010323886639676504,
"min": -0.5840000000000032,
"min_diff": -0.08400000000000318,
"std": 0.05000076237819518,
"std_diff": 0.00878703669055996
},
"utime": {
"max": 1537287180457329,
"max_diff": 22804.0,
"mean": 1537287170480559.5,
"mean_diff": 10071.912449392712,
"min": 1537287160555230,
"min_diff": 1.0,
"std": 5740804.335816851,
"std_diff": 1791.1904950624591
}
}
},
"ZoeSensors": {
"message_count": 19042,
"message_freq": 956.825618204469,
"timespan": 19.901223,
"var_stats": {
"brake_sensor": {
"max": 0.185013085603714,
"max_diff": 1.621246337890625e-05,
"mean": 0.18494259926037884,
"mean_diff": -3.2594578211425602e-09,
"min": 0.18485787510871887,
"min_diff": -1.8343329429626465e-05,
"std": 1.9004667217909645e-05,
"std_diff": 4.0511556622180176e-06
},
"steering_sensor": {
"max": 0.2206585556268692,
"max_diff": 0.0006577670574188232,
"mean": 0.21795232732366607,
"mean_diff": -3.950869822338107e-08,
"min": 0.21686163544654846,
"min_diff": -0.0006223171949386597,