{
"MS_IMU": {
"message_count": 1944,
"message_freq": 99.31719936328683,
"timespan": 19.573649,
"var_stats": {
"linear_accel": {
"max": 11.358774185180664,
"max_diff": 12.474793195724487,
"mean": 3.2169086876296786,
"mean_diff": 4.655190709010251,
"min": -2.248579978942871,
"min_diff": -3.173632860183716,
"std": 4.665559933750391,
"std_diff": 5.670228115932763
},
"q": {
"max": 0.9999735355377197,
"max_diff": 0.4096550978720188,
"mean": 0.2693602484906614,
"mean_diff": -0.2699241738815178,
"min": -0.3161604702472687,
"min_diff": -0.9979449168313295,
"std": 0.42124229742930924,
"std_diff": 0.5143218941718896
},
"rotation_rate": {
"max": 0.07310790568590164,
"max_diff": 0.11611216887831688,
"mean": -0.022723289631023498,
"mean_diff": -0.03563298054948096,
"min": -0.3606155514717102,
"min_diff": -0.40740644186735153,
"std": 0.0835019878829631,
"std_diff": 0.1043249753438679
},
"utime": {
"max": 1542798811221947,
"max_diff": 33960.0,
"mean": 1542798801429447.8,
"mean_diff": 10073.931549150797,
"min": 1542798791648298,
"min_diff": 1951.0,
"std": 5650469.792054642,
"std_diff": 5604.971643642826
}
}
},
"POSE": {
"message_count": 973,
"message_freq": 49.74732907203746,
"timespan": 19.558839,
"var_stats": {
"accel": {
"max": 10.352059040862146,
"max_diff": 12.018709634759155,
"mean": 3.2187575770135544,
"mean_diff": 4.653271497544822,
"min": -2.0404877555425442,
"min_diff": -2.6790501013496275,
"std": 4.661599045300556,
"std_diff": 5.670092537192804
},
"orientation": {
"max": 0.9359188707071515,
"max_diff": 0.9359188707071515,
"mean": 0.3320594363530438,
"mean_diff": 0.06799384076493806,
"min": 0.0,
"min_diff": -0.8912670838157236,
"std": 0.37381349725350854,
"std_diff": 0.5733325134259922
},
"pos": {
"max": 2058.8701038373642,
"max_diff": 1429.788016632359,
"mean": 870.70058722481,
"mean_diff": -305.2699210294806,
"min": 0.0,
"min_diff": -2058.8701038373642,
"std": 837.7126228456982,
"std_diff": 1696.4688589353498
},
"rotation_rate": {
"max": 0.07310790568590164,
"max_diff": 0.11611216887831688,
"mean": -0.0228711602387045,
"mean_diff": -0.03585833828746692,
"min": -0.3592238426208496,
"min_diff": -0.40740644186735153,
"std": 0.08365021090367973,
"std_diff": 0.10448858344820985
},
"utime": {
"max": 1542798811211708,
"max_diff": 40275.0,
"mean": 1542798801414555.2,
"mean_diff": 20122.262345679013,
"min": 1542798791652869,
"min_diff": 15845.0,
"std": 5642554.733385448,
"std_diff": 1643.2848890080609
},
"vel": {
"max": 10.988331581546387,
"max_diff": 0.0,
"mean": 1.623246019161577,
"mean_diff": -2.4348690287423653,
"min": 0.0,
"min_diff": -10.988331581546387,
"std": 3.095750414186981,
"std_diff": 3.52126542756512
}
}
},
"SteerAngleFeedback": {
"message_count": 1921,
"message_freq": 98.2354690385683,
"timespan": 19.555055,
"var_stats": {
"utime": {
"max": 1542798811205395,
"max_diff": 30360.0,
"mean": 1542798801414464.2,
"mean_diff": 10184.924479166666,
"min": 1542798791650340,
"min_diff": 5968.0,
"std": 5663075.774775454,
"std_diff": 1524.4723373408376
},
"value": {
"max": 0.13439035240356814,
"max_diff": 0.038397243543879966,
"mean": -0.4897352087683462,
"mean_diff": -2.727076956241138e-05,
"min": -2.750638901143062,
"min_diff": -0.055850536063823286,
"std": 0.9538192007477354,
"std_diff": 0.006776220129235104
}
}
},
"VEHICLE_MONITOR": {
"message_count": 40,
"message_freq": 2.0512882577439595,
"timespan": 19.499941,
"var_stats": null
},
"ZOE_VEH_INFO": {
"message_count": 1945,
"message_freq": 99.48617055274823,
"timespan": 19.550456,
"var_stats": {
"FL_wheel_speed": {
"max": 349.7796,
"max_diff": 6.7971,
"mean": 157.59830005141387,
"mean_diff": 0.17932716049382716,
"min": 0.0,
"min_diff": -5.587800000000016,
"std": 114.83233784547424,
"std_diff": 0.6891454233390953
},
"FR_wheel_speed": {
"max": 349.5711,
"max_diff": 8.4234,
"mean": 154.09271290488434,
"mean_diff": 0.17859783950617286,
"min": 0.0,
"min_diff": -4.670399999999972,
"std": 114.17455921296887,
"std_diff": 0.6511278636887499
},
"RL_wheel_speed": {
"max": 349.5711,
"max_diff": 7.964700000000001,
"mean": 156.7398160411311,
"mean_diff": 0.17982052469135804,
"min": 0.0,
"min_diff": -5.587800000000016,
"std": 114.52341996461232,
"std_diff": 0.7918886445880513
},
"RR_wheel_speed": {
"max": 349.0707,
"max_diff": 9.132299999999987,
"mean": 153.3941467866324,
"mean_diff": 0.1789625,
"min": 0.0,
"min_diff": -5.170799999999986,
"std": 114.01522593178667,
"std_diff": 0.7556972496208328
},
"left_solar": {
"max": 0,
"max_diff": 0.0,
"mean": 0.0,
"mean_diff": 0.0,
"min": 0,
"min_diff": 0.0,
"std": 0.0,
"std_diff": 0.0
},
"longitudinal_accel": {
"max": 2.0,
"max_diff": 0.6500000000000004,
"mean": 0.46971722365038626,
"mean_diff": -0.0001800411522633743,
"min": -1.1500000000000004,
"min_diff": -0.6999999999999993,
"std": 0.6802186040850755,
"std_diff": 0.08212844059098999
},
"meanEffTorque": {
"max": 122.5,
"max_diff": 4.5,
"mean": 34.74781491002571,
"mean_diff": -0.013631687242798354,
"min": -31.0,
"min_diff": -3.0,
"std": 42.256318206717154,
"std_diff": 0.6613945705295439
},
"odom": {
"max": 124,
"max_diff": 84.0,
"mean": 63.98560411311054,
"mean_diff": 0.05555555555555555,
"min": 0,
"min_diff": -104.0,
"std": 44.08890058990252,
"std_diff": 13.732489785911532
},
"odom_speed": {
"max": 39.0,
"max_diff": 1.0,
"mean": 17.14293059125964,
"mean_diff": 0.020061728395061727,
"min": 0.0,
"min_diff": -1.0,
"std": 12.85334052376506,
"std_diff": 0.14383345241363932
},
"pedal_cc": {
"max": 401.0,
"max_diff": 38.0,
"mean": 164.43290488431876,
"mean_diff": 0.043209876543209874,
"min": 0.0,
"min_diff": -29.0,
"std": 141.77940339044977,
"std_diff": 3.403759901379635
},
"regen": {
"max": 62.0,
"max_diff": 2.0,
"mean": 6.779948586118252,
"mean_diff": 0.00720164609053498,
"min": 0.0,
"min_diff": -7.0,
"std": 17.51197633519563,
"std_diff": 0.3739864058583383
},
"requestedTorqueAfterProc": {
"max": -272.5,
"max_diff": 126.0,
"mean": -337.4136246786632,
"mean_diff": -0.013374485596707819,
"min": -398.5,
"min_diff": -126.0,
"std": 39.086825694891566,
"std_diff": 8.095912709794769
},
"right_solar": {
"max": 0,
"max_diff": 0.0,
"mean": 0.0,
"mean_diff": 0.0,
"min": 0,
"min_diff": 0.0,
"std": 0.0,
"std_diff": 0.0
},
"steer_corrected": {
"max": 7.700000000000273,
"max_diff": 2.199999999999818,
"mean": -28.027660668380275,
"mean_diff": -0.0014917695473251496,
"min": -157.5999999999999,
"min_diff": -2.0,
"std": 54.66361789871656,
"std_diff": 0.38172345382455625
},
"steer_offset_can": {
"max": -13.300000000000182,
"max_diff": 0.0,
"mean": -13.300000000000182,
"mean_diff": 0.0,
"min": -13.300000000000182,
"min_diff": 0.0,
"std": 0.0,
"std_diff": 0.0
},
"steer_raw": {
"max": -5.599999999999909,
"max_diff": 2.199999999999818,
"mean": -41.32766066838046,
"mean_diff": -0.0014917695473251496,
"min": -170.9000000000001,
"min_diff": -2.0,
"std": 54.66361789871656,
"std_diff": 0.38172345382455625
},
"transversal_accel": {
"max": -0.42799999999999727,
"max_diff": 0.056000000000011596,
"mean": -0.5552987146529555,
"mean_diff": -8.230452674892558e-06,
"min": -0.73599999999999,
"min_diff": -0.08400000000000318,
"std": 0.07155838375945547,
"std_diff": 0.007623869689978762
},
"utime": {
"max": 1542798811204579,
"max_diff": 28668.0,
"mean": 1542798801422350.5,
"mean_diff": 10056.818930041152,
"min": 1542798791654123,
"min_diff": 569.0,
"std": 5650397.008103028,
"std_diff": 1877.5216467689788
}
}
},
"ZoeSensors": {
"message_count": 18761,
"message_freq": 959.7129772213832,
"timespan": 19.548553,
"var_stats": {
"brake_sensor": {
"max": 0.3873800039291382,
"max_diff": 0.0013317465782165527,
"mean": 0.22239074029572883,
"mean_diff": -6.024243989224627e-06,
"min": 0.18962760269641876,
"min_diff": -0.0033176839351654053,
"std": 0.07049533374793293,
"std_diff": 0.00010270631070651836
},
"steering_sensor": {
"max": 0.19005869328975677,
"max_diff": 0.0005632340908050537,
"mean": 0.18855990713373771,
"mean_diff": 2.372509507990595e-08,
"min": 0.1873488575220108,
"min_diff": -0.0005868673324584961,
"std": 0.00034695201940410146,
"std_diff": 6.790236084595616e-05
},