{
"MS_IMU": {
"message_count": 1989,
"message_freq": 99.94686083191064,
"timespan": 19.900575,
"var_stats": {
"linear_accel": {
"max": 10.941601753234863,
"max_diff": 11.626814126968384,
"mean": 3.2734075719562594,
"mean_diff": 4.874579789414432,
"min": -1.269281029701233,
"min_diff": -1.6578491926193237,
"std": 4.629523475396535,
"std_diff": 4.990062926694124
},
"q": {
"max": 0.014375247992575169,
"max_diff": 0.42241422459483147,
"mean": -0.3047912969526889,
"mean_diff": -0.230522193785027,
"min": -0.9937333464622498,
"min_diff": -1.003051683306694,
"std": 0.39636130269101066,
"std_diff": 0.5337911393439169
},
"rotation_rate": {
"max": 0.14399996399879456,
"max_diff": 0.17558158189058304,
"mean": 0.006086700569440288,
"mean_diff": 0.007334050267887778,
"min": -0.12932105362415314,
"min_diff": -0.1516091451048851,
"std": 0.041196868261449464,
"std_diff": 0.051688453741845934
},
"utime": {
"max": 1537287160460507,
"max_diff": 22880.0,
"mean": 1537287150518193.0,
"mean_diff": 10010.349597585513,
"min": 1537287140559932,
"min_diff": 2908.0,
"std": 5746468.291893197,
"std_diff": 4629.342670768196
}
}
},
"POSE": {
"message_count": 995,
"message_freq": 50.002374484617484,
"timespan": 19.899055,
"var_stats": {
"accel": {
"max": 10.111377787991515,
"max_diff": 11.145579258563123,
"mean": 3.2760260850523975,
"mean_diff": 4.873886967478447,
"min": -1.1350660958524927,
"min_diff": -1.468279875301853,
"std": 4.624709722966638,
"std_diff": 4.9814278513493875
},
"orientation": {
"max": 0.626080673214795,
"max_diff": 0.0,
"mean": -0.09325471710209557,
"mean_diff": -0.45322535086843224,
"min": -0.937035478987211,
"min_diff": -0.937035478987211,
"std": 0.49122658492615007,
"std_diff": 0.3576592158235544
},
"pos": {
"max": 1789.6758453291782,
"max_diff": -654.2616804563577,
"mean": 945.0354918413738,
"mean_diff": -876.2681282334659,
"min": 0.0,
"min_diff": -1135.143467380875,
"std": 722.3779683913893,
"std_diff": 207.76701842861053
},
"rotation_rate": {
"max": 0.14353477954864502,
"max_diff": 0.16666867211461067,
"mean": 0.006230900758088119,
"mean_diff": 0.007392017134096288,
"min": -0.12932105362415314,
"min_diff": -0.1516091451048851,
"std": 0.04115118530145114,
"std_diff": 0.051760909171108246
},
"utime": {
"max": 1537287160451533,
"max_diff": 39370.0,
"mean": 1537287150501223.0,
"mean_diff": 20019.170020120724,
"min": 1537287140552478,
"min_diff": 17928.0,
"std": 5753037.818692277,
"std_diff": 751.1677081860806
},
"vel": {
"max": 7.035041344538973,
"max_diff": 0.0,
"mean": 2.1700178439290574,
"mean_diff": -3.255026765893586,
"min": 0.0,
"min_diff": -7.035041344538973,
"std": 3.0724994967521564,
"std_diff": 3.260160525815485
}
}
},
"SteerAngleFeedback": {
"message_count": 1964,
"message_freq": 98.67491744391167,
"timespan": 19.903741,
"var_stats": {
"utime": {
"max": 1537287160458276,
"max_diff": 30270.0,
"mean": 1537287150532408.5,
"mean_diff": 10139.450331125829,
"min": 1537287140554535,
"min_diff": 5591.0,
"std": 5748568.665640996,
"std_diff": 1390.7065708218222
},
"value": {
"max": 0.8901898940290804,
"max_diff": 0.040142572795872744,
"mean": 0.09783973942065584,
"mean_diff": -0.000660611122889348,
"min": -0.7608915783575617,
"min_diff": -0.01745329251994332,
"std": 0.430938201820571,
"std_diff": 0.0037175175154372667
}
}
},
"VEHICLE_MONITOR": {
"message_count": 41,
"message_freq": 2.0500562740447226,
"timespan": 19.999451,
"var_stats": null
},
"ZOE_VEH_INFO": {
"message_count": 1984,
"message_freq": 99.70162880500662,
"timespan": 19.899374,
"var_stats": {
"FL_wheel_speed": {
"max": 225.9306,
"max_diff": 1.6262999999999863,
"mean": 205.5263318044355,
"mean_diff": 0.0218909228441755,
"min": 179.9355,
"min_diff": -2.1266999999999996,
"std": 8.993069545073686,
"std_diff": 0.33592414208689764
},
"FR_wheel_speed": {
"max": 220.8015,
"max_diff": 3.0441000000000145,
"mean": 206.31592046370966,
"mean_diff": 0.018042662632375195,
"min": 183.3966,
"min_diff": -2.8355999999999995,
"std": 7.382432117081137,
"std_diff": 0.3666578771495512
},
"RL_wheel_speed": {
"max": 224.763,
"max_diff": 3.0023999999999944,
"mean": 204.88553059475808,
"mean_diff": 0.022732072617246593,
"min": 178.9764,
"min_diff": -2.2934999999999945,
"std": 9.008090074131463,
"std_diff": 0.3644593230034679
},
"RR_wheel_speed": {
"max": 224.3043,
"max_diff": 2.793900000000008,
"mean": 209.62455483870968,
"mean_diff": 0.01861043872919819,
"min": 186.4407,
"min_diff": -2.793900000000008,
"std": 7.534875929528895,
"std_diff": 0.3654064512445751
},
"left_solar": {
"max": 0,
"max_diff": 0.0,
"mean": 0.0,
"mean_diff": 0.0,
"min": 0,
"min_diff": 0.0,
"std": 0.0,
"std_diff": 0.0
},
"longitudinal_accel": {
"max": 0.6000000000000014,
"max_diff": 0.25,
"mean": 0.03036794354838783,
"mean_diff": -0.00020171457387796286,
"min": -0.5499999999999989,
"min_diff": -0.25,
"std": 0.1988282603593996,
"std_diff": 0.044033403827464866
},
"meanEffTorque": {
"max": 41.5,
"max_diff": 3.0,
"mean": 12.084677419354838,
"mean_diff": -0.011850731215330307,
"min": -22.0,
"min_diff": -0.5,
"std": 11.933530926754775,
"std_diff": 0.29958073561901327
},
"odom": {
"max": 120,
"max_diff": 72.0,
"mean": 62.86290322580645,
"mean_diff": 0.018154311649016642,
"min": 0,
"min_diff": -64.0,
"std": 34.511062900742736,
"std_diff": 18.876771425958076
},
"odom_speed": {
"max": 25.0,
"max_diff": 1.0,
"mean": 23.05594758064516,
"mean_diff": 0.0025214321734745334,
"min": 20.0,
"min_diff": -1.0,
"std": 1.0027155212756258,
"std_diff": 0.08092815351179311
},
"pedal_cc": {
"max": 231.0,
"max_diff": 20.0,
"mean": 126.0085685483871,
"mean_diff": -0.038830055471507814,
"min": 0.0,
"min_diff": -14.0,
"std": 46.16183212490992,
"std_diff": 1.5651928270484825
},
"regen": {
"max": 44.0,
"max_diff": 1.0,
"mean": 2.109375,
"mean_diff": 0.0,
"min": 0.0,
"min_diff": -6.0,
"std": 7.403453368988985,
"std_diff": 0.37576615296560956
},
"requestedTorqueAfterProc": {
"max": -272.5,
"max_diff": 126.0,
"mean": -365.1849798387097,
"mean_diff": -0.013111447302067574,
"min": -398.5,
"min_diff": -122.0,
"std": 23.08195222129982,
"std_diff": 3.9832389063117333
},
"right_solar": {
"max": 0,
"max_diff": 0.0,
"mean": 0.0,
"mean_diff": 0.0,
"min": 0,
"min_diff": 0.0,
"std": 0.0,
"std_diff": 0.0
},
"steer_corrected": {
"max": 51.00412389306431,
"max_diff": 1.2000000000002728,
"mean": 5.649940425322207,
"mean_diff": -0.03746848209783166,
"min": -43.59587610693605,
"min_diff": -1.0,
"std": 24.659535971981224,
"std_diff": 0.20784669349799398
},
"steer_offset_can": {
"max": -12.300000000000182,
"max_diff": 0.0,
"mean": -12.300000000000182,
"mean_diff": 0.0,
"min": -12.300000000000182,
"min_diff": 0.0,
"std": 0.0,
"std_diff": 0.0
},
"steer_raw": {
"max": 39.30000000000018,
"max_diff": 1.2000000000002728,
"mean": -6.05418346774192,
"mean_diff": -0.03746848209783166,
"min": -55.30000000000018,
"min_diff": -1.0,
"std": 24.659535971981224,
"std_diff": 0.20784669349799398
},
"transversal_accel": {
"max": -0.38399999999998613,
"max_diff": 0.02400000000000091,
"mean": -0.4984092741935468,
"mean_diff": -5.04286434694878e-05,
"min": -0.6279999999999859,
"min_diff": -0.03200000000001069,
"std": 0.04672424504772445,
"std_diff": 0.005059552417804526
},
"utime": {
"max": 1537287160455013,
"max_diff": 28177.0,
"mean": 1537287150510290.5,
"mean_diff": 10034.984367120525,
"min": 1537287140555639,
"min_diff": 2.0,
"std": 5745847.230702228,
"std_diff": 1689.4999010179843
}
}
},
"ZoeSensors": {
"message_count": 19034,
"message_freq": 956.4252187934491,
"timespan": 19.90119,
"var_stats": {
"brake_sensor": {
"max": 0.18502368032932281,
"max_diff": 1.7851591110229492e-05,
"mean": 0.1849429576522765,
"mean_diff": 6.826991310374169e-10,
"min": 0.1848718822002411,
"min_diff": -1.9028782844543457e-05,
"std": 1.768316603874815e-05,
"std_diff": 4.06257081673282e-06
},
"steering_sensor": {
"max": 0.21913033723831177,
"max_diff": 0.0008231848478317261,
"mean": 0.21780968363672493,
"mean_diff": -2.752248308771715e-08,
"min": 0.2164795845746994,
"min_diff": -0.0009492337703704834,
"std": 0.0003131796179078222,