{
"MS_IMU": {
"message_count": 1939,
"message_freq": 99.48493585658737,
"timespan": 19.490388,
"var_stats": {
"linear_accel": {
"max": 13.410188674926758,
"max_diff": 14.039689064025879,
"mean": 3.369764699733773,
"mean_diff": 4.829930354790501,
"min": -1.9031870365142822,
"min_diff": -2.540004014968872,
"std": 4.592462891090897,
"std_diff": 4.925742681947135
},
"q": {
"max": 0.016306297853589058,
"max_diff": 0.8894883063621819,
"mean": -0.3465703461942282,
"mean_diff": 0.11546470860916867,
"min": -0.8989279270172119,
"min_diff": -0.6250553412828594,
"std": 0.3604011830000622,
"std_diff": 0.5593081170844079
},
"rotation_rate": {
"max": 0.1864040195941925,
"max_diff": 0.20570490881800652,
"mean": -0.004796802524434929,
"mean_diff": -0.004953725113558553,
"min": -0.27414849400520325,
"min_diff": -0.2929416485130787,
"std": 0.051018770935642804,
"std_diff": 0.06343360834073072
},
"utime": {
"max": 1535486209947520,
"max_diff": 34999.0,
"mean": 1535486200189625.8,
"mean_diff": 10056.959752321982,
"min": 1535486190457132,
"min_diff": 1941.0,
"std": 5632793.260735192,
"std_diff": 5644.998315122892
}
}
},
"POSE": {
"message_count": 969,
"message_freq": 49.69351817544274,
"timespan": 19.499525,
"var_stats": {
"accel": {
"max": 10.824589364322321,
"max_diff": 11.103021447746704,
"mean": 3.3702159089901107,
"mean_diff": 4.829909154477658,
"min": -1.4515671944272188,
"min_diff": -2.312015679622547,
"std": 4.580018154826414,
"std_diff": 4.900501432194713
},
"orientation": {
"max": 0.9958752884981034,
"max_diff": 0.9958752884981034,
"mean": 0.3017973584161472,
"mean_diff": 0.24430788554516383,
"min": 0.0,
"min_diff": -0.32473111175380676,
"std": 0.39864565023719445,
"std_diff": 0.5231127893617058
},
"pos": {
"max": 1541.084856438781,
"max_diff": 987.5280171591291,
"mean": 704.2020021680357,
"mean_diff": -300.47651153527283,
"min": 0.0,
"min_diff": -1541.084856438781,
"std": 621.607618114524,
"std_diff": 1211.463200677085
},
"rotation_rate": {
"max": 0.18609505891799927,
"max_diff": 0.20570490881800652,
"mean": -0.004787020285264578,
"mean_diff": -0.0049849051077837095,
"min": -0.2739587426185608,
"min_diff": -0.29200365766882896,
"std": 0.050937128531889135,
"std_diff": 0.06312150920465613
},
"utime": {
"max": 1535486209952702,
"max_diff": 40428.0,
"mean": 1535486200192352.0,
"mean_diff": 20144.137396694216,
"min": 1535486190453177,
"min_diff": 16307.0,
"std": 5642262.493800393,
"std_diff": 1778.4744735951615
},
"vel": {
"max": 7.670970670157582,
"max_diff": 0.0,
"mean": 1.3183905263746805,
"mean_diff": -1.9775857895620204,
"min": 0.0,
"min_diff": -7.670970670157582,
"std": 2.566196075790818,
"std_diff": 2.9282124690808238
}
}
},
"SteerAngleFeedback": {
"message_count": 1893,
"message_freq": 97.06714169572143,
"timespan": 19.501965,
"var_stats": {
"utime": {
"max": 1535486209951606,
"max_diff": 30241.0,
"mean": 1535486200190975.0,
"mean_diff": 10307.592494714589,
"min": 1535486190449641,
"min_diff": 187.0,
"std": 5627657.4523773845,
"std_diff": 1985.9192681862462
},
"value": {
"max": 3.6181395148962125,
"max_diff": 0.07330382858375861,
"mean": 0.4864776280117733,
"mean_diff": -0.0013910975222026709,
"min": -2.6074499269675577,
"min_diff": -0.11519173063162425,
"std": 1.2778156004997492,
"std_diff": 0.015582211079717233
}
}
},
"VEHICLE_MONITOR": {
"message_count": 40,
"message_freq": 2.0513102436484765,
"timespan": 19.499732,
"var_stats": {
"available_distance": {
"max": 25,
"max_diff": 0.0,
"mean": 25.0,
"mean_diff": 0.0,
"min": 25,
"min_diff": 0.0,
"std": 0.0,
"std_diff": 0.0
},
"battery_level": {
"max": 47,
"max_diff": 0.0,
"mean": 47.0,
"mean_diff": 0.0,
"min": 47,
"min_diff": 0.0,
"std": 0.0,
"std_diff": 0.0
},
"brake": {
"max": 11,
"max_diff": 6.0,
"mean": 1.025,
"mean_diff": -0.1282051282051282,
"min": 0,
"min_diff": -5.0,
"std": 2.640904201215939,
"std_diff": 1.8698620157440546
},
"brake_switch": {
"max": 4,
"max_diff": 3.0,
"mean": 1.275,
"mean_diff": -0.02564102564102564,
"min": 1,
"min_diff": -3.0,
"std": 0.8058380730643098,
"std_diff": 0.6975113081402794
},
"gear_position": {
"max": 7,
"max_diff": 0.0,
"mean": 7.0,
"mean_diff": 0.0,
"min": 7,
"min_diff": 0.0,
"std": 0.0,
"std_diff": 0.0
},
"left_signal": {
"max": 1,
"max_diff": 1.0,
"mean": 0.075,
"mean_diff": 0.0,
"min": 0,
"min_diff": -1.0,
"std": 0.26339134382131846,
"std_diff": 0.32025630761017426
},
"rear_left_rpm": {
"max": 242.0685,
"max_diff": 20.34960000000001,
"mean": 127.99398000000001,
"mean_diff": 4.697130769230769,
"min": 0.0,
"min_diff": -13.552500000000009,
"std": 95.30295014436385,
"std_diff": 9.715948503868395
},
"rear_right_rpm": {
"max": 246.03,
"max_diff": 25.228499999999997,
"mean": 129.7443375,
"mean_diff": 4.601969230769232,
"min": 0.0,
"min_diff": -15.429000000000002,
"std": 96.32851846713072,
"std_diff": 10.28625063264136
},
"right_signal": {
"max": 1,
"max_diff": 1.0,
"mean": 0.075,
"mean_diff": 0.02564102564102564,
"min": 0,
"min_diff": -1.0,
"std": 0.26339134382131846,
"std_diff": 0.27616229780176943
},
"steering": {
"max": 204.5,
"max_diff": 89.0,
"mean": 25.622500000000173,
"mean_diff": -3.9307692307692355,
"min": -148.79999999999973,
"min_diff": -156.69999999999982,
"std": 73.70864090288194,
"std_diff": 40.496813131001524
},
"steering_speed": {
"max": 185.20000000000044,
"max_diff": 209.19999999999982,
"mean": -5.567499999999739,
"mean_diff": 0.5615384615384639,
"min": -342.69999999999965,
"min_diff": -270.9000000000001,
"std": 78.06671629926547,
"std_diff": 77.44237101485446
},
"throttle": {
"max": 309,
"max_diff": 117.0,
"mean": 102.225,
"mean_diff": 0.0,
"min": 0,
"min_diff": -136.0,
"std": 117.44285578527116,
"std_diff": 47.96045379482067
},
"utime": {
"max": 1535486210284599,
"max_diff": 501106.0,
"mean": 1535486200534658.5,
"mean_diff": 499993.1282051282,
"min": 1535486190784867,
"min_diff": 499133.0,
"std": 5771679.941383665,
"std_diff": 423.5475439959292
},
"vehicle_speed": {
"max": 27.580000000000002,
"max_diff": 2.1799999999999997,
"mean": 14.546749999999998,
"mean_diff": 0.5284615384615384,
"min": 0.0,
"min_diff": -1.8000000000000007,
"std": 10.857454671215534,
"std_diff": 1.1010660066884332
},
"yaw_rate": {
"max": 10.100000000000023,
"max_diff": 8.800000000000011,
"mean": -1.0774999999999757,
"mean_diff": -0.19743589743589787,
"min": -15.899999999999977,
"min_diff": -11.0,
"std": 4.615652039528109,
"std_diff": 3.1544423034652045
}
}
},
"ZOE_VEH_INFO": {
"message_count": 1934,
"message_freq": 99.17879547096491,
"timespan": 19.500136,
"var_stats": {
"FL_wheel_speed": {
"max": 243.4863,
"max_diff": 8.17319999999998,
"mean": 125.8694879007239,
"mean_diff": 0.09947165028453182,
"min": 0.0,
"min_diff": -9.340800000000002,
"std": 96.5615505687012,
"std_diff": 0.8182960152161258
},
"FR_wheel_speed": {
"max": 243.2361,
"max_diff": 6.0882000000000005,
"mean": 125.399942450879,
"mean_diff": 0.09815571650284532,
"min": 0.0,
"min_diff": -7.255800000000022,
"std": 95.97309381727125,
"std_diff": 0.7613465431478857
},
"RL_wheel_speed": {
"max": 244.40370000000001,
"max_diff": 9.132299999999987,
"mean": 125.31341602895552,
"mean_diff": 0.0997089498189343,
"min": 0.0,
"min_diff": -8.9238,
"std": 96.3458041367479,
"std_diff": 0.8573325561134043
},
"RR_wheel_speed": {
"max": 247.1976,
"max_diff": 9.340800000000002,
"mean": 127.21826944157188,
"mean_diff": 0.09768111743404036,
"min": 0.0,
"min_diff": -10.049700000000001,
"std": 97.5864586730682,
"std_diff": 0.7859608165177739
},
"left_solar": {
"max": 32,
"max_diff": 144.0,
"mean": 1.687693898655636,
"mean_diff": 0.016554578375581996,
"min": -112,
"min_diff": -144.0,
"std": 27.65180313666333,
"std_diff": 8.104831456621673
},
"longitudinal_accel": {
"max": 1.3500000000000014,
"max_diff": 1.0999999999999996,
"mean": 0.09811271975181035,
"mean_diff": -0.00023279875840662146,
"min": -1.6999999999999993,
"min_diff": -1.3000000000000007,
"std": 0.6150329824548336,
"std_diff": 0.1113394794755692
},
"meanEffTorque": {
"max": 81.5,
"max_diff": 2.5,
"mean": 22.632368148914168,
"mean_diff": -0.016554578375581996,
"min": -28.0,