{
"MS_IMU": {
"message_count": 1982,
"message_freq": 99.8504510273085,
"timespan": 19.849685,
"var_stats": {
"linear_accel": {
"max": 10.749750137329102,
"max_diff": 11.477780520915985,
"mean": 3.290641478572279,
"mean_diff": 4.927400229315773,
"min": -3.2421927452087402,
"min_diff": -2.0739224553108215,
"std": 4.625095330061361,
"std_diff": 4.78758681111722
},
"q": {
"max": 0.2963767945766449,
"max_diff": 0.987590360455215,
"mean": -0.3208744143243979,
"mean_diff": 0.18202794103835748,
"min": -0.9999029636383057,
"min_diff": -0.4995812978595495,
"std": 0.3834574652689729,
"std_diff": 0.5362179501539008
},
"rotation_rate": {
"max": 0.04522278904914856,
"max_diff": 0.0547484066337347,
"mean": -0.029426923738490533,
"mean_diff": -0.04278324841746955,
"min": -0.3395072817802429,
"min_diff": -0.3567997980862856,
"std": 0.0731476800345623,
"std_diff": 0.08477400984217251
},
"utime": {
"max": 1535657188150379,
"max_diff": 32018.0,
"mean": 1535657178229266.0,
"mean_diff": 10020.032811711257,
"min": 1535657168300694,
"min_diff": 1501.0,
"std": 5735362.619661232,
"std_diff": 4700.8161907906815
}
}
},
"POSE": {
"message_count": 992,
"message_freq": 49.95053788974889,
"timespan": 19.859646,
"var_stats": {
"accel": {
"max": 10.252993902892781,
"max_diff": 10.896143087399363,
"mean": 3.2901067398719985,
"mean_diff": 4.930246616023769,
"min": -3.0098620108071135,
"min_diff": -1.8899865640029598,
"std": 4.622972561303325,
"std_diff": 4.776401231842913
},
"orientation": {
"max": 0.9732860785896674,
"max_diff": 0.9732860785896674,
"mean": 0.3174736240986197,
"mean_diff": 0.1666677381983749,
"min": 0.0,
"min_diff": -0.8857676237124414,
"std": 0.38627774722560493,
"std_diff": 0.5527704753124675
},
"pos": {
"max": 689.2916622712286,
"max_diff": 385.76160015866174,
"mean": 326.1129337196038,
"mean_diff": -152.7545026493665,
"min": 0.0,
"min_diff": -689.2916622712286,
"std": 275.0963103205634,
"std_diff": 520.1308086426405
},
"rotation_rate": {
"max": 0.04428862780332565,
"max_diff": 0.0547484066337347,
"mean": -0.029430806655937367,
"mean_diff": -0.04276965432324305,
"min": -0.33813807368278503,
"min_diff": -0.3567997980862856,
"std": 0.07316909601928313,
"std_diff": 0.08501206290935222
},
"utime": {
"max": 1535657188158585,
"max_diff": 39983.0,
"mean": 1535657178236029.0,
"mean_diff": 20040.006054490415,
"min": 1535657168298939,
"min_diff": 17572.0,
"std": 5738201.134465559,
"std_diff": 975.4026020513116
},
"vel": {
"max": 4.352814982582839,
"max_diff": 0.0,
"mean": 0.42843228525897453,
"mean_diff": -0.6426484278884618,
"min": 0.0,
"min_diff": -4.352814982582839,
"std": 0.9639870825203755,
"std_diff": 1.1208215627877827
}
}
},
"SteerAngleFeedback": {
"message_count": 1963,
"message_freq": 98.88501229639914,
"timespan": 19.85134,
"var_stats": {
"utime": {
"max": 1535657188157581,
"max_diff": 30031.0,
"mean": 1535657178211087.5,
"mean_diff": 10117.910295616717,
"min": 1535657168306241,
"min_diff": 234.0,
"std": 5742184.130606758,
"std_diff": 1322.4507498719624
},
"value": {
"max": 0.031487902047865494,
"max_diff": 0.05235987755982974,
"mean": -1.9404078481537739,
"mean_diff": 0.00028644037672893917,
"min": -4.9287378321200155,
"min_diff": -0.036651914291879084,
"std": 1.3606835357222176,
"std_diff": 0.009573937156739815
}
}
},
"VEHICLE_MONITOR": {
"message_count": 40,
"message_freq": 2.000016500136126,
"timespan": 19.999835,
"var_stats": null
},
"ZOE_VEH_INFO": {
"message_count": 1983,
"message_freq": 99.85100397339522,
"timespan": 19.85959,
"var_stats": {
"FL_wheel_speed": {
"max": 140.86260000000001,
"max_diff": 4.6704,
"mean": 42.949549016641456,
"mean_diff": 0.07107093844601413,
"min": 0.0,
"min_diff": -3.961500000000001,
"std": 43.1686251405912,
"std_diff": 0.3847136346284711
},
"FR_wheel_speed": {
"max": 137.4015,
"max_diff": 6.7971,
"mean": 39.09819757942511,
"mean_diff": 0.06932467204843593,
"min": 0.0,
"min_diff": -3.0023999999999944,
"std": 39.440676918370684,
"std_diff": 0.37391725611632654
},
"RL_wheel_speed": {
"max": 140.4039,
"max_diff": 6.5469,
"mean": 42.12919667170953,
"mean_diff": 0.07083950554994954,
"min": 0.0,
"min_diff": -2.376899999999999,
"std": 42.45866851145496,
"std_diff": 0.38555016552922694
},
"RR_wheel_speed": {
"max": 139.695,
"max_diff": 6.2967,
"mean": 38.94083948562783,
"mean_diff": 0.07048183652875882,
"min": 0.0,
"min_diff": -2.1266999999999996,
"std": 39.4544123460909,
"std_diff": 0.35801653141151585
},
"left_solar": {
"max": 0,
"max_diff": 0.0,
"mean": 0.0,
"mean_diff": 0.0,
"min": 0,
"min_diff": 0.0,
"std": 0.0,
"std_diff": 0.0
},
"longitudinal_accel": {
"max": 1.1000000000000014,
"max_diff": 0.40000000000000036,
"mean": -0.16906202723146654,
"mean_diff": 0.00037840565085771945,
"min": -3.3,
"min_diff": -0.5499999999999989,
"std": 0.6605497700204389,
"std_diff": 0.04582584610701414
},
"meanEffTorque": {
"max": 76.0,
"max_diff": 5.0,
"mean": 15.237014624306607,
"mean_diff": 0.015388496468213926,
"min": -31.0,
"min_diff": -7.0,
"std": 24.553502493190134,
"std_diff": 0.7462589680908119
},
"odom": {
"max": 116,
"max_diff": 44.0,
"mean": 64.39939485627836,
"mean_diff": 0.018163471241170535,
"min": 0,
"min_diff": -108.0,
"std": 27.692458428138234,
"std_diff": 11.028614880077884
},
"odom_speed": {
"max": 15.0,
"max_diff": 1.0,
"mean": 4.332324760463943,
"mean_diff": 0.0075681130171543895,
"min": 0.0,
"min_diff": -1.0,
"std": 4.512547530581933,
"std_diff": 0.12072451628338822
},
"pedal_cc": {
"max": 316.0,
"max_diff": 119.0,
"mean": 58.66918809884014,
"mean_diff": 0.09081735620585267,
"min": 0.0,
"min_diff": -316.0,
"std": 90.32333633638302,
"std_diff": 8.248341816537637
},
"regen": {
"max": 11.0,
"max_diff": 1.0,
"mean": 0.2556732223903177,
"mean_diff": 0.0,
"min": 0.0,
"min_diff": -3.0,
"std": 1.2737652453558324,
"std_diff": 0.15562121209813926
},
"requestedTorqueAfterProc": {
"max": -274.5,
"max_diff": 115.5,
"mean": -362.7745839636914,
"mean_diff": 0.016145307769929364,
"min": -396.5,
"min_diff": -118.0,
"std": 28.328103747734254,
"std_diff": 4.456906756439498
},
"right_solar": {
"max": 0,
"max_diff": 0.0,
"mean": 0.0,
"mean_diff": 0.0,
"min": 0,
"min_diff": 0.0,
"std": 0.0,
"std_diff": 0.0
},
"steer_corrected": {
"max": 1.8041238930640349,
"max_diff": 1.900000000000091,
"mean": -111.17767136664342,
"mean_diff": 0.01624621594349156,
"min": -282.39587610693576,
"min_diff": -2.0,
"std": 77.98765387378118,
"std_diff": 0.5439590600907384
},
"steer_offset_can": {
"max": -12.300000000000182,
"max_diff": 0.0,
"mean": -12.300000000000182,
"mean_diff": 0.0,
"min": -12.300000000000182,
"min_diff": 0.0,
"std": 0.0,
"std_diff": 0.0
},
"steer_raw": {
"max": -9.900000000000091,
"max_diff": 1.900000000000091,
"mean": -122.88179525970754,
"mean_diff": 0.01624621594349156,
"min": -294.0999999999999,
"min_diff": -2.0,
"std": 77.98765387378118,
"std_diff": 0.5439590600907384
},
"transversal_accel": {
"max": -0.42799999999999727,
"max_diff": 0.02400000000000091,
"mean": -0.4825214321734725,
"mean_diff": -2.623612512614577e-05,
"min": -0.6040000000000134,
"min_diff": -0.02400000000000091,
"std": 0.03826789898010425,
"std_diff": 0.003804415866002342
},
"utime": {
"max": 1535657188159897,
"max_diff": 24714.0,
"mean": 1535657178233203.0,
"mean_diff": 10019.97477295661,
"min": 1535657168300307,
"min_diff": 3.0,
"std": 5735427.615461381,
"std_diff": 1366.8389162502322
}
}
},
"ZoeSensors": {
"message_count": 18564,
"message_freq": 935.19153870292,
"timespan": 19.850479,
"var_stats": {
"brake_sensor": {
"max": 0.4296298921108246,
"max_diff": 0.0024698376655578613,
"mean": 0.19035239617543548,
"mean_diff": 6.472207744310483e-08,
"min": 0.18351805210113525,
"min_diff": -0.0033747851848602295,
"std": 0.034228479951740026,
"std_diff": 0.000168306445710089
},
"steering_sensor": {
"max": 0.19469454884529114,
"max_diff": 0.0005829185247421265,
"mean": 0.19009455455159271,
"mean_diff": 1.0205966892128379e-07,
"min": 0.18785694241523743,
"min_diff": -0.0004765838384628296,
"std": 0.0014016721085654425,
"std_diff": 0.00010933522201307456
},