{
"MS_IMU": {
"message_count": 1940,
"message_freq": 99.48726621966799,
"timespan": 19.499983,
"var_stats": {
"linear_accel": {
"max": 12.321005821228027,
"max_diff": 12.42103549093008,
"mean": 3.017952106636511,
"mean_diff": 5.136385069347352,
"min": -1.6967004537582397,
"min_diff": -1.3646353483200073,
"std": 4.808496996549985,
"std_diff": 4.956725749174288
},
"q": {
"max": 0.7642053961753845,
"max_diff": 0.03061838075518608,
"mean": 0.024480421022031833,
"mean_diff": -0.4702239049873811,
"min": -0.6899511814117432,
"min_diff": -0.7770333886146545,
"std": 0.4994003676096352,
"std_diff": 0.34782849515771314
},
"rotation_rate": {
"max": 0.0724368542432785,
"max_diff": 0.1589406616985798,
"mean": -0.0013857132801926475,
"mean_diff": -0.0029921740794043687,
"min": -0.15279503166675568,
"min_diff": -0.1864616647362709,
"std": 0.019569594971161765,
"std_diff": 0.02942972406171959
},
"utime": {
"max": 1535729441949052,
"max_diff": 25024.0,
"mean": 1535729432190114.2,
"mean_diff": 10056.721505930893,
"min": 1535729422449069,
"min_diff": 1351.0,
"std": 5631722.313878609,
"std_diff": 4896.4335655129435
}
}
},
"POSE": {
"message_count": 961,
"message_freq": 49.28307485360594,
"timespan": 19.499595,
"var_stats": {
"accel": {
"max": 10.846933039673331,
"max_diff": 11.068853167854947,
"mean": 3.013969978879508,
"mean_diff": 5.1275419602264165,
"min": -1.467516800328321,
"min_diff": -0.8089756468177712,
"std": 4.795127649631098,
"std_diff": 4.9395359589471965
},
"orientation": {
"max": 0.9995275311011869,
"max_diff": 0.08561031121807891,
"mean": 0.26667817840594943,
"mean_diff": -0.3093876878464048,
"min": 0.0,
"min_diff": -0.9995275311011869,
"std": 0.42294532644549293,
"std_diff": 0.4874552204483904
},
"pos": {
"max": 1391.0541333397512,
"max_diff": 329.87779962080253,
"mean": 829.0414515151715,
"mean_diff": -550.2089451964946,
"min": 0.0,
"min_diff": -1391.0541333397512,
"std": 597.9288674648049,
"std_diff": 836.6307246613795
},
"rotation_rate": {
"max": 0.07053133845329285,
"max_diff": 0.1469952967017889,
"mean": -0.00145191371061319,
"mean_diff": -0.0030200539193777198,
"min": -0.15279503166675568,
"min_diff": -0.1864616647362709,
"std": 0.019467151142234823,
"std_diff": 0.029353446828189193
},
"utime": {
"max": 1535729441949499,
"max_diff": 40938.0,
"mean": 1535729432185988.8,
"mean_diff": 20312.078125,
"min": 1535729422449904,
"min_diff": 12304.0,
"std": 5649831.345437745,
"std_diff": 2573.760876037532
},
"vel": {
"max": 7.694598269499331,
"max_diff": 0.0,
"mean": 1.4371382070251275,
"mean_diff": -2.155707310537691,
"min": 0.0,
"min_diff": -7.694598269499331,
"std": 2.2728908720884973,
"std_diff": 2.4899848804894917
}
}
},
"SteerAngleFeedback": {
"message_count": 1877,
"message_freq": 96.2878593526265,
"timespan": 19.493631,
"var_stats": {
"utime": {
"max": 1535729441946903,
"max_diff": 30987.0,
"mean": 1535729432153542.2,
"mean_diff": 10391.06130063966,
"min": 1535729422453272,
"min_diff": 1755.0,
"std": 5637603.058060027,
"std_diff": 2147.358529827726
},
"value": {
"max": 0.038469219055844404,
"max_diff": 0.01047197551197232,
"mean": -0.09916538148847961,
"mean_diff": -0.00010419876131309684,
"min": -0.3437578871309154,
"min_diff": -0.015707963267950542,
"std": 0.11019229466200825,
"std_diff": 0.0020032025550397636
}
}
},
"VEHICLE_MONITOR": {
"message_count": 38,
"message_freq": 1.9486360060756418,
"timespan": 19.50082,
"var_stats": {
"available_distance": {
"max": 40,
"max_diff": 0.0,
"mean": 40.0,
"mean_diff": 0.0,
"min": 40,
"min_diff": 0.0,
"std": 0.0,
"std_diff": 0.0
},
"battery_level": {
"max": 41,
"max_diff": 0.0,
"mean": 41.0,
"mean_diff": 0.0,
"min": 41,
"min_diff": 0.0,
"std": 0.0,
"std_diff": 0.0
},
"brake": {
"max": 14,
"max_diff": 7.0,
"mean": 1.5263157894736843,
"mean_diff": 0.24324324324324326,
"min": 0,
"min_diff": -5.0,
"std": 3.675930545312468,
"std_diff": 1.6830699975070555
},
"brake_switch": {
"max": 4,
"max_diff": 3.0,
"mean": 1.5789473684210527,
"mean_diff": 0.08108108108108109,
"min": 1,
"min_diff": -3.0,
"std": 1.1614777100375744,
"std_diff": 0.7842496285701032
},
"gear_position": {
"max": 7,
"max_diff": 0.0,
"mean": 7.0,
"mean_diff": 0.0,
"min": 7,
"min_diff": 0.0,
"std": 0.0,
"std_diff": 0.0
},
"left_signal": {
"max": 0,
"max_diff": 0.0,
"mean": 0.0,
"mean_diff": 0.0,
"min": 0,
"min_diff": 0.0,
"std": 0.0,
"std_diff": 0.0
},
"rear_left_rpm": {
"max": 241.3596,
"max_diff": 3.294300000000007,
"mean": 132.2998342105263,
"mean_diff": -6.523232432432432,
"min": 0.0,
"min_diff": -27.8139,
"std": 57.9421748981475,
"std_diff": 5.908938322303421
},
"rear_right_rpm": {
"max": 246.03,
"max_diff": 1.4177999999999997,
"mean": 134.64052105263158,
"mean_diff": -6.649459459459459,
"min": 0.0,
"min_diff": -27.8556,
"std": 59.249078473407316,
"std_diff": 5.852958980626551
},
"right_signal": {
"max": 0,
"max_diff": 0.0,
"mean": 0.0,
"mean_diff": 0.0,
"min": 0,
"min_diff": 0.0,
"std": 0.0,
"std_diff": 0.0
},
"steering": {
"max": 2.700000000000273,
"max_diff": 4.300000000000182,
"mean": -5.489473684210345,
"mean_diff": -0.2891891891891843,
"min": -19.0,
"min_diff": -9.800000000000182,
"std": 6.4496752049469865,
"std_diff": 3.216829376028219
},
"steering_speed": {
"max": 13.900000000000272,
"max_diff": 61.79999999999973,
"mean": -2.1394736842103015,
"mean_diff": 0.0,
"min": -47.89999999999945,
"min_diff": -51.79999999999973,
"std": 10.478311923951432,
"std_diff": 16.82004916919249
},
"throttle": {
"max": 158,
"max_diff": 96.0,
"mean": 20.68421052631579,
"mean_diff": -4.27027027027027,
"min": 0,
"min_diff": -158.0,
"std": 37.88632947672334,
"std_diff": 35.226409509826304
},
"utime": {
"max": 1535729442203512,
"max_diff": 1000455.0,
"mean": 1535729432386694.0,
"mean_diff": 527049.1891891892,
"min": 1535729422702692,
"min_diff": 498593.0,
"std": 5692127.887111178,
"std_diff": 113114.75520111181
},
"vehicle_speed": {
"max": 27.72,
"max_diff": 0.20999999999999908,
"mean": 15.23236842105263,
"mean_diff": -0.7491891891891891,
"min": 0.0,
"min_diff": -3.2800000000000002,
"std": 6.595738829454302,
"std_diff": 0.661751886134105
},
"yaw_rate": {
"max": 0.4000000000000341,
"max_diff": 1.0,
"mean": -0.4684210526315538,
"mean_diff": 0.021621621621621928,
"min": -1.299999999999983,
"min_diff": -1.200000000000017,
"std": 0.5005813794494639,
"std_diff": 0.4580423296472971
}
}
},
"ZOE_VEH_INFO": {
"message_count": 1940,
"message_freq": 99.47657885482766,
"timespan": 19.502078,
"var_stats": {
"FL_wheel_speed": {
"max": 243.69480000000001,
"max_diff": 4.4619,
"mean": 135.04551448453608,
"mean_diff": -0.12049773078906653,
"min": 4.6704,
"min_diff": -4.920600000000007,
"std": 55.726895131994304,
"std_diff": 0.5257380051918958
},
"FR_wheel_speed": {
"max": 243.69480000000001,
"max_diff": 3.5444999999999993,
"mean": 134.84559092783505,
"mean_diff": -0.12086333161423415,
"min": 4.4202,
"min_diff": -3.752999999999986,
"std": 55.98517955228083,
"std_diff": 0.4760252541194679
},
"RL_wheel_speed": {
"max": 243.69480000000001,
"max_diff": 4.2117000000000075,
"mean": 134.74791835051545,
"mean_diff": -0.12075580195977308,
"min": 4.4202,
"min_diff": -4.420199999999994,
"std": 55.66334889500899,
"std_diff": 0.5124181404742317
},
"RR_wheel_speed": {
"max": 248.115,
"max_diff": 3.2526000000000153,
"mean": 137.07370360824743,
"mean_diff": -0.1242397627643115,
"min": 3.9615,
"min_diff": -3.961500000000001,
"std": 56.954058429770015,
"std_diff": 0.44889223273377266
},
"left_solar": {
"max": 32,
"max_diff": 144.0,
"mean": -7.983505154639175,
"mean_diff": -0.05776173285198556,
"min": -112,
"min_diff": -144.0,
"std": 38.256429094929054,
"std_diff": 7.330182704872228
},
"longitudinal_accel": {
"max": 0.5500000000000007,
"max_diff": 0.34999999999999964,
"mean": -0.4692268041237108,
"mean_diff": -0.0001805054151624556,
"min": -1.6500000000000004,
"min_diff": -0.3000000000000007,
"std": 0.3831286291808978,
"std_diff": 0.05687602590182521
},
"meanEffTorque": {
"max": 25.5,
"max_diff": 2.5,
"mean": -14.420360824742268,
"mean_diff": -0.012119649303764827,
"min": -75.0,
"min_diff": -3.0,