{
"MS_IMU": {
"message_count": 1954,
"message_freq": 99.6471145836765,
"timespan": 19.609198,
"var_stats": {
"linear_accel": {
"max": 11.807380676269531,
"max_diff": 12.9852774143219,
"mean": 3.3884415515391497,
"mean_diff": 4.620857383423612,
"min": -3.40806245803833,
"min_diff": -2.917720079421997,
"std": 4.594647783807477,
"std_diff": 5.392487645077062
},
"q": {
"max": 0.9135446548461914,
"max_diff": 0.4759870069101453,
"mean": 0.33126737280058155,
"mean_diff": -0.15037202738487285,
"min": -0.02826346643269062,
"min_diff": -0.9189041424542665,
"std": 0.37451561324735766,
"std_diff": 0.5628343546767437
},
"rotation_rate": {
"max": 0.09504186362028122,
"max_diff": 0.1416278164833784,
"mean": 0.002635881104964012,
"mean_diff": 0.0019921509287104382,
"min": -0.12419390678405762,
"min_diff": -0.12878369074314833,
"std": 0.01720925146561585,
"std_diff": 0.026853134638499105
},
"utime": {
"max": 1535489355656767,
"max_diff": 34980.0,
"mean": 1535489345834108.2,
"mean_diff": 10040.551971326166,
"min": 1535489336047569,
"min_diff": 1905.0,
"std": 5655974.556344979,
"std_diff": 5597.848216674439
}
}
},
"POSE": {
"message_count": 975,
"message_freq": 49.746141612723996,
"timespan": 19.59951,
"var_stats": {
"accel": {
"max": 10.69366210874126,
"max_diff": 11.270655245273524,
"mean": 3.3866688657723367,
"mean_diff": 4.620475785036549,
"min": -3.0295144544349037,
"min_diff": -2.145893215779082,
"std": 4.588362962964517,
"std_diff": 5.385088208204435
},
"orientation": {
"max": 0.9568584161310092,
"max_diff": 0.9568584161310092,
"mean": 0.31637318538463993,
"mean_diff": 0.2102054565687954,
"min": 0.0,
"min_diff": -0.3558708466675626,
"std": 0.3871795546895216,
"std_diff": 0.5377239062586279
},
"pos": {
"max": 1316.3782277885025,
"max_diff": -158.94789513675573,
"mean": 782.9286225336921,
"mean_diff": -645.0440239955153,
"min": 0.0,
"min_diff": -1089.2453380476518,
"std": 561.785658173478,
"std_diff": 414.4541532966094
},
"rotation_rate": {
"max": 0.0870765671133995,
"max_diff": 0.12730186246335506,
"mean": 0.002442018268868981,
"mean_diff": 0.0020055277114703622,
"min": -0.10875989496707916,
"min_diff": -0.12727948650717735,
"std": 0.01716602640428421,
"std_diff": 0.02686443662408918
},
"utime": {
"max": 1535489355657484,
"max_diff": 40950.0,
"mean": 1535489345808252.8,
"mean_diff": 20122.70020533881,
"min": 1535489336057974,
"min_diff": 15635.0,
"std": 5645360.917120384,
"std_diff": 1614.1040433922576
},
"vel": {
"max": 8.572471428034312,
"max_diff": 0.0,
"mean": 1.4005832654770958,
"mean_diff": -2.1008748982156433,
"min": 0.0,
"min_diff": -8.572471428034312,
"std": 2.4781527417420817,
"std_diff": 2.7821999217264795
}
}
},
"SteerAngleFeedback": {
"message_count": 1924,
"message_freq": 98.15441137758594,
"timespan": 19.601768,
"var_stats": {
"utime": {
"max": 1535489355656501,
"max_diff": 30529.0,
"mean": 1535489345815400.5,
"mean_diff": 10193.327093083723,
"min": 1535489336054733,
"min_diff": 1948.0,
"std": 5637817.418256103,
"std_diff": 1664.612137092924
},
"value": {
"max": 0.5097081170943134,
"max_diff": 0.019198621771936042,
"mean": 0.12505714408773755,
"mean_diff": -0.00010528247177916828,
"min": -0.31757794835100045,
"min_diff": -0.010471975511964438,
"std": 0.19772401272594378,
"std_diff": 0.0026808483006453103
}
}
},
"VEHICLE_MONITOR": {
"message_count": 40,
"message_freq": 2.051309296877328,
"timespan": 19.499741,
"var_stats": null
},
"ZOE_VEH_INFO": {
"message_count": 1950,
"message_freq": 99.49209032779736,
"timespan": 19.599548,
"var_stats": {
"FL_wheel_speed": {
"max": 271.9674,
"max_diff": 5.6295,
"mean": 134.08895892307694,
"mean_diff": 0.13954202154951256,
"min": 0.0,
"min_diff": -3.5444999999999993,
"std": 81.95464467431138,
"std_diff": 0.6405401617894715
},
"FR_wheel_speed": {
"max": 272.92650000000003,
"max_diff": 4.920600000000036,
"mean": 134.31422446153846,
"mean_diff": 0.13977737301180093,
"min": 0.0,
"min_diff": -3.7530000000000427,
"std": 81.87120096735003,
"std_diff": 0.6680315995328535
},
"RL_wheel_speed": {
"max": 270.3411,
"max_diff": 7.964700000000001,
"mean": 133.38422892307693,
"mean_diff": 0.13870759363776294,
"min": 0.0,
"min_diff": -4.378499999999974,
"std": 81.63753356329104,
"std_diff": 0.6867528593417471
},
"RR_wheel_speed": {
"max": 275.7204,
"max_diff": 7.964700000000001,
"mean": 136.19989846153848,
"mean_diff": 0.14123227296049257,
"min": 0.0,
"min_diff": -4.878899999999987,
"std": 83.13764118253738,
"std_diff": 0.6828637789075392
},
"left_solar": {
"max": 32,
"max_diff": 112.0,
"mean": -55.17948717948718,
"mean_diff": 0.0,
"min": -112,
"min_diff": -144.0,
"std": 55.73548876101584,
"std_diff": 8.390666465498962
},
"longitudinal_accel": {
"max": 1.8500000000000014,
"max_diff": 0.5500000000000007,
"mean": 0.4798717948717955,
"mean_diff": 2.5654181631605405e-05,
"min": -3.3999999999999995,
"min_diff": -0.5999999999999996,
"std": 1.2357033641114141,
"std_diff": 0.061566262497676
},
"meanEffTorque": {
"max": 113.5,
"max_diff": 5.0,
"mean": 46.10974358974359,
"mean_diff": 0.012570548999486916,
"min": -130.5,
"min_diff": -5.5,
"std": 62.855193836642854,
"std_diff": 0.7285295259383361
},
"odom": {
"max": 124,
"max_diff": 92.0,
"mean": 57.702564102564104,
"mean_diff": 0.059517701385325805,
"min": 0,
"min_diff": -112.0,
"std": 35.68876492880255,
"std_diff": 16.33175013796209
},
"odom_speed": {
"max": 30.0,
"max_diff": 1.0,
"mean": 14.70974358974359,
"mean_diff": 0.01539250897896357,
"min": 0.0,
"min_diff": -1.0,
"std": 9.305298046227515,
"std_diff": 0.19424535897186662
},
"pedal_cc": {
"max": 455.0,
"max_diff": 91.0,
"mean": 232.70615384615385,
"mean_diff": 0.0944073884043099,
"min": 0.0,
"min_diff": -78.0,
"std": 152.3334409910754,
"std_diff": 4.277006011335776
},
"regen": {
"max": 49.0,
"max_diff": 1.0,
"mean": 5.390769230769231,
"mean_diff": 0.0,
"min": 0.0,
"min_diff": -1.0,
"std": 13.716436590514949,
"std_diff": 0.2242369193463638
},
"requestedTorqueAfterProc": {
"max": -272.5,
"max_diff": 125.5,
"mean": -317.3948717948718,
"mean_diff": 0.012314007183170857,
"min": -398.5,
"min_diff": -126.0,
"std": 38.11989822085283,
"std_diff": 10.624972869040363
},
"right_solar": {
"max": 50,
"max_diff": 50.0,
"mean": 24.76923076923077,
"mean_diff": 0.0,
"min": 0,
"min_diff": -50.0,
"std": 24.998934888553357,
"std_diff": 2.2651349466027826
},
"steer_corrected": {
"max": 29.204123893064125,
"max_diff": 0.7000000000002728,
"mean": 7.112021328961551,
"mean_diff": -0.005900461775269369,
"min": -18.195876106935966,
"min_diff": -0.599999999999909,
"std": 11.277922576011328,
"std_diff": 0.15168312527221936
},
"steer_offset_can": {
"max": -12.300000000000182,
"max_diff": 0.0,
"mean": -12.300000000000184,
"mean_diff": 0.0,
"min": -12.300000000000182,
"min_diff": 0.0,
"std": 1.7763568394002505e-15,
"std_diff": 0.0
},
"steer_raw": {
"max": 17.5,
"max_diff": 0.7000000000002728,
"mean": -4.592102564102572,
"mean_diff": -0.005900461775269369,
"min": -29.90000000000009,
"min_diff": -0.599999999999909,
"std": 11.277922576011326,
"std_diff": 0.15168312527221936
},
"transversal_accel": {
"max": -0.41200000000000614,
"max_diff": 0.056000000000011596,
"mean": -0.5073620512820495,
"mean_diff": 1.2314007183171324e-05,
"min": -0.5800000000000125,
"min_diff": -0.06399999999999295,
"std": 0.024325889888536997,
"std_diff": 0.006151820633615454
},
"utime": {
"max": 1535489355651342,
"max_diff": 22253.0,
"mean": 1535489345839188.8,
"mean_diff": 10056.207285787583,
"min": 1535489336051794,
"min_diff": 3.0,
"std": 5659171.898190407,
"std_diff": 1747.3367664537357
}
}
},
"ZoeSensors": {
"message_count": 18807,
"message_freq": 959.5462015348046,
"timespan": 19.59989,
"var_stats": {
"brake_sensor": {
"max": 0.1847684234380722,
"max_diff": 4.64022159576416e-05,
"mean": 0.18423822231144277,
"mean_diff": 7.627752757029345e-08,
"min": 0.18285946547985077,
"min_diff": -2.6747584342956543e-05,
"std": 0.0004832556489506596,
"std_diff": 5.117995433090865e-06
},
"steering_sensor": {
"max": 0.19337114691734314,
"max_diff": 0.00041356682777404785,
"mean": 0.18990437738340285,