{
"MS_IMU": {
"message_count": 1940,
"message_freq": 99.49634845836819,
"timespan": 19.498203,
"var_stats": {
"linear_accel": {
"max": 11.010370254516602,
"max_diff": 11.839832067489624,
"mean": 3.1329041118749212,
"mean_diff": 4.954070000255443,
"min": -1.653668999671936,
"min_diff": -2.1639007925987244,
"std": 4.729391374053646,
"std_diff": 5.170074966700395
},
"q": {
"max": 0.9999239444732666,
"max_diff": 0.5986735583283007,
"mean": 0.2896815082236279,
"mean_diff": -0.20870800661938257,
"min": -0.3503539562225342,
"min_diff": -0.9941803878173232,
"std": 0.4075348337214078,
"std_diff": 0.5364644962909837
},
"rotation_rate": {
"max": 0.04890412092208862,
"max_diff": 0.06801808252930641,
"mean": -0.033585530674301436,
"mean_diff": -0.05257172391618198,
"min": -0.42009639739990234,
"min_diff": -0.4317250791937113,
"std": 0.0856489674760506,
"std_diff": 0.09890952991100861
},
"utime": {
"max": 1537290920919947,
"max_diff": 34656.0,
"mean": 1537290911150456.8,
"mean_diff": 10055.803506962351,
"min": 1537290901421744,
"min_diff": 1923.0,
"std": 5631261.742238755,
"std_diff": 5321.317034049219
}
}
},
"POSE": {
"message_count": 971,
"message_freq": 49.79689686867779,
"timespan": 19.499207,
"var_stats": {
"accel": {
"max": 10.279864587942772,
"max_diff": 11.370159678321693,
"mean": 3.1321492911926714,
"mean_diff": 4.956696809447501,
"min": -1.4224369722153232,
"min_diff": -1.8253821823445517,
"std": 4.726980915930067,
"std_diff": 5.160582350228487
},
"orientation": {
"max": 0.9913565487123134,
"max_diff": 0.9913565487123134,
"mean": 0.3126492042065289,
"mean_diff": 0.12431961958477276,
"min": 0.0,
"min_diff": -0.9071928287085292,
"std": 0.3901928691160618,
"std_diff": 0.5638066738870965
},
"pos": {
"max": 703.4362684428284,
"max_diff": 388.6436922048114,
"mean": 327.52454610541145,
"mean_diff": -154.3451319571621,
"min": 0.0,
"min_diff": -703.4362684428284,
"std": 275.56742754579994,
"std_diff": 519.7566358671952
},
"rotation_rate": {
"max": 0.04890412092208862,
"max_diff": 0.06801808252930641,
"mean": -0.03355771752241996,
"mean_diff": -0.052360255363698344,
"min": -0.41985368728637695,
"min_diff": -0.4260749318636954,
"std": 0.08551567554974612,
"std_diff": 0.09870859596966433
},
"utime": {
"max": 1537290920902309,
"max_diff": 40666.0,
"mean": 1537290911135637.0,
"mean_diff": 20102.27525773196,
"min": 1537290901403102,
"min_diff": 13233.0,
"std": 5640582.921579331,
"std_diff": 1600.7545828584905
},
"vel": {
"max": 6.178033163164052,
"max_diff": 0.0,
"mean": 1.1534967281326678,
"mean_diff": -1.7302450921990018,
"min": 0.0,
"min_diff": -6.178033163164052,
"std": 1.7823712152869355,
"std_diff": 1.940967464247035
}
}
},
"SteerAngleFeedback": {
"message_count": 1922,
"message_freq": 98.59484898854868,
"timespan": 19.493919,
"var_stats": {
"utime": {
"max": 1537290920902279,
"max_diff": 30703.0,
"mean": 1537290911152744.0,
"mean_diff": 10147.797501301406,
"min": 1537290901408360,
"min_diff": 3965.0,
"std": 5645090.927860058,
"std_diff": 1462.7186165800845
},
"value": {
"max": 0.007053292519943296,
"max_diff": 0.029670597283908418,
"mean": -1.335600713799379,
"mean_diff": -5.9055909099235307e-05,
"min": -4.864160649796228,
"min_diff": -0.04363323129985841,
"std": 1.5596751062340113,
"std_diff": 0.008821510534750204
}
}
},
"VEHICLE_MONITOR": {
"message_count": 39,
"message_freq": 2.0003507281610045,
"timespan": 19.496581,
"var_stats": null
},
"ZOE_VEH_INFO": {
"message_count": 1942,
"message_freq": 99.59310421859364,
"timespan": 19.499342,
"var_stats": {
"FL_wheel_speed": {
"max": 196.4904,
"max_diff": 3.2942999999999927,
"mean": 111.62020659114316,
"mean_diff": 0.04477217928902627,
"min": 61.4658,
"min_diff": -1.667999999999978,
"std": 39.78163465861375,
"std_diff": 0.3513850607612147
},
"FR_wheel_speed": {
"max": 195.3228,
"max_diff": 4.878900000000016,
"mean": 106.9325640061792,
"mean_diff": 0.04380540958268933,
"min": 58.4217,
"min_diff": -4.712099999999992,
"std": 40.334282432497766,
"std_diff": 0.39770936875495666
},
"RL_wheel_speed": {
"max": 195.573,
"max_diff": 5.379300000000001,
"mean": 110.56752852729146,
"mean_diff": 0.04455734157650696,
"min": 60.5067,
"min_diff": -5.379300000000001,
"std": 39.8967295871218,
"std_diff": 0.37930668424776653
},
"RR_wheel_speed": {
"max": 198.8256,
"max_diff": 4.2117000000000075,
"mean": 107.83712332646756,
"mean_diff": 0.04513740340030912,
"min": 58.6302,
"min_diff": -3.252600000000001,
"std": 41.41200307060342,
"std_diff": 0.3647878249201175
},
"left_solar": {
"max": 0,
"max_diff": 0.0,
"mean": 0.0,
"mean_diff": 0.0,
"min": 0,
"min_diff": 0.0,
"std": 0.0,
"std_diff": 0.0
},
"longitudinal_accel": {
"max": 0.6000000000000014,
"max_diff": 0.40000000000000036,
"mean": -0.16977342945417032,
"mean_diff": 0.0003606388459556926,
"min": -1.1999999999999993,
"min_diff": -0.34999999999999964,
"std": 0.4414864067295413,
"std_diff": 0.04389432507430682
},
"meanEffTorque": {
"max": 46.0,
"max_diff": 2.5,
"mean": 2.877960865087539,
"mean_diff": 0.02704791344667697,
"min": -55.5,
"min_diff": -2.0,
"std": 26.716707886469663,
"std_diff": 0.5072021143729025
},
"odom": {
"max": 116,
"max_diff": 64.0,
"mean": 57.59011328527291,
"mean_diff": 0.010303967027305513,
"min": 0,
"min_diff": -100.0,
"std": 34.21060454785776,
"std_diff": 16.71828884258619
},
"odom_speed": {
"max": 22.0,
"max_diff": 1.0,
"mean": 11.961894953656024,
"mean_diff": 0.005151983513652756,
"min": 6.0,
"min_diff": -1.0,
"std": 4.4562861458254766,
"std_diff": 0.1199958786963234
},
"pedal_cc": {
"max": 198.0,
"max_diff": 53.0,
"mean": 80.95108135942327,
"mean_diff": 0.05667181865018032,
"min": 0.0,
"min_diff": -42.0,
"std": 76.49158173672154,
"std_diff": 3.261547953666983
},
"regen": {
"max": 38.0,
"max_diff": 1.0,
"mean": 7.93923789907312,
"mean_diff": -0.019577537351880475,
"min": 0.0,
"min_diff": -4.0,
"std": 12.061907553837736,
"std_diff": 0.33914768278296914
},
"requestedTorqueAfterProc": {
"max": -272.5,
"max_diff": 118.0,
"mean": -360.55509783728115,
"mean_diff": -0.05255023183925812,
"min": -398.5,
"min_diff": -126.0,
"std": 35.43648387697393,
"std_diff": 4.954150414022219
},
"right_solar": {
"max": 0,
"max_diff": 0.0,
"mean": 0.0,
"mean_diff": 0.0,
"min": 0,
"min_diff": 0.0,
"std": 0.0,
"std_diff": 0.0
},
"steer_corrected": {
"max": 0.4041238930639439,
"max_diff": 1.6000000000003638,
"mean": -76.91740030878964,
"mean_diff": -0.0033487892838742917,
"min": -278.69587610693594,
"min_diff": -1.599999999999909,
"std": 89.54033324252525,
"std_diff": 0.49746820768333533
},
"steer_offset_can": {
"max": -12.300000000000182,
"max_diff": 0.0,
"mean": -12.300000000000184,
"mean_diff": 0.0,
"min": -12.300000000000182,
"min_diff": 0.0,
"std": 1.7763568394002505e-15,
"std_diff": 0.0
},
"steer_raw": {
"max": -11.300000000000182,
"max_diff": 1.6000000000003638,
"mean": -88.62152420185376,
"mean_diff": -0.0033487892838742917,
"min": -290.4000000000001,
"min_diff": -1.599999999999909,
"std": 89.54033324252525,
"std_diff": 0.4974682076833354
},
"transversal_accel": {
"max": -0.4480000000000075,
"max_diff": 0.031999999999982265,
"mean": -0.5244222451081355,
"mean_diff": -1.6486347243679683e-05,
"min": -0.6239999999999952,
"min_diff": -0.036000000000001364,
"std": 0.03839191469315091,
"std_diff": 0.004942923711277074
},
"utime": {
"max": 1537290920900781,
"max_diff": 21462.0,
"mean": 1537290911164089.5,
"mean_diff": 10046.028851107676,
"min": 1537290901401439,
"min_diff": 121.0,
"std": 5638220.947156803,
"std_diff": 1685.8414887483136
}
}
},
"ZoeSensors": {
"message_count": 18620,
"message_freq": 954.9524026489621,
"timespan": 19.498354,
"var_stats": {
"brake_sensor": {
"max": 0.32341110706329346,
"max_diff": 0.0011923760175704956,
"mean": 0.22040322292776166,
"mean_diff": -6.137731392981959e-06,
"min": 0.18482331931591034,
"min_diff": -0.003158390522003174,
"std": 0.05347323109438203,
"std_diff": 0.00014432521554215
},
"steering_sensor": {
"max": 0.22005592286586761,
"max_diff": 0.0008310675621032715,
"mean": 0.21792123031219274,
"mean_diff": -1.9250100982631595e-08,