{
"MS_IMU": {
"message_count": 1946,
"message_freq": 99.795485920939,
"timespan": 19.49988,
"var_stats": {
"linear_accel": {
"max": 9.862161636352539,
"max_diff": 10.038863435387611,
"mean": 3.266172793096888,
"mean_diff": 4.812990686101006,
"min": -0.21171100437641144,
"min_diff": -0.4087483584880829,
"std": 4.606587290469944,
"std_diff": 5.098762011060643
},
"q": {
"max": 0.009804261848330498,
"max_diff": 0.9344289384316653,
"mean": -0.32078181343306983,
"mean_diff": 0.18845657236509103,
"min": -0.9308575987815857,
"min_diff": -0.37570332549512386,
"std": 0.38353493376458053,
"std_diff": 0.5498620731478152
},
"rotation_rate": {
"max": 0.002925858134403825,
"max_diff": 0.0036554281541612,
"mean": -4.0371778595274174e-05,
"mean_diff": -4.856152122911429e-05,
"min": -0.0034769675694406033,
"min_diff": -0.0040754369692876935,
"std": 0.0007936409912229234,
"std_diff": 0.0011144108730529049
},
"utime": {
"max": 1538033661320147,
"max_diff": 27991.0,
"mean": 1538033651549816.5,
"mean_diff": 10025.645244215939,
"min": 1538033641820267,
"min_diff": 1223.0,
"std": 5631301.246497835,
"std_diff": 5354.796338695256
}
}
},
"POSE": {
"message_count": 976,
"message_freq": 50.05297101820154,
"timespan": 19.499342,
"var_stats": {
"accel": {
"max": 9.792394607063418,
"max_diff": 9.939176706873466,
"mean": 3.266195918501143,
"mean_diff": 4.812955837929694,
"min": -0.1538779943197534,
"min_diff": -0.32106461052116547,
"std": 4.606504418942685,
"std_diff": 5.098602766252345
},
"orientation": {
"max": 0.9203892773226667,
"max_diff": 0.9203892773226667,
"mean": 0.32786218893783176,
"mean_diff": 0.17641559249883712,
"min": 0.0,
"min_diff": -0.3913264722722176,
"std": 0.3775001788938563,
"std_diff": 0.5497370935789376
},
"pos": {
"max": 1995.4356607291127,
"max_diff": 1394.599372065864,
"mean": 865.4239485905731,
"mean_diff": -300.4181894854909,
"min": 0.0,
"min_diff": -1995.4356607291127,
"std": 835.8411380318194,
"std_diff": 1695.01727731526
},
"rotation_rate": {
"max": 0.002925858134403825,
"max_diff": 0.0036554281541612,
"mean": -4.952367594060617e-05,
"mean_diff": -6.690916453262183e-05,
"min": -0.0034769675694406033,
"min_diff": -0.003925484488718212,
"std": 0.0007988609622160437,
"std_diff": 0.0011227861130892686
},
"utime": {
"max": 1538033661307095,
"max_diff": 27416.0,
"mean": 1538033651557924.0,
"mean_diff": 19999.325128205128,
"min": 1538033641807753,
"min_diff": 11757.0,
"std": 5634793.713068674,
"std_diff": 685.9519620874703
},
"vel": {
"max": 2.950621290804351e-107,
"max_diff": 0.0,
"mean": 2.989496772121982e-110,
"mean_diff": -4.4842451581829727e-110,
"min": 0.0,
"min_diff": -2.950621290804351e-107,
"std": 7.277045446542137e-109,
"std_diff": 8.908762959268282e-109
}
}
},
"SteerAngleFeedback": {
"message_count": 1934,
"message_freq": 99.20929575712006,
"timespan": 19.494141,
"var_stats": {
"utime": {
"max": 1538033661301854,
"max_diff": 29456.0,
"mean": 1538033651550185.2,
"mean_diff": 10084.915157785825,
"min": 1538033641807713,
"min_diff": 3705.0,
"std": 5633618.801994759,
"std_diff": 1105.437656242795
},
"value": {
"max": -1.8797196043978976,
"max_diff": 0.0017453292520006602,
"mean": -1.8820515231089374,
"mean_diff": 4.514560920833704e-06,
"min": -1.8919369091618548,
"min_diff": -0.0017453292519928887,
"std": 0.002174308991132532,
"std_diff": 0.0002778447264984246
}
}
},
"VEHICLE_MONITOR": {
"message_count": 40,
"message_freq": 2.0513125579816314,
"timespan": 19.49971,
"var_stats": {
"available_distance": {
"max": 103,
"max_diff": 0.0,
"mean": 103.0,
"mean_diff": 0.0,
"min": 103,
"min_diff": 0.0,
"std": 0.0,
"std_diff": 0.0
},
"battery_level": {
"max": 94,
"max_diff": 0.0,
"mean": 94.0,
"mean_diff": 0.0,
"min": 94,
"min_diff": 0.0,
"std": 0.0,
"std_diff": 0.0
},
"brake": {
"max": 3,
"max_diff": 1.0,
"mean": 2.425,
"mean_diff": 0.02564102564102564,
"min": 2,
"min_diff": -1.0,
"std": 0.49434299833212975,
"std_diff": 0.35713816095343887
},
"brake_switch": {
"max": 2,
"max_diff": 0.0,
"mean": 2.0,
"mean_diff": 0.0,
"min": 2,
"min_diff": 0.0,
"std": 0.0,
"std_diff": 0.0
},
"gear_position": {
"max": 7,
"max_diff": 0.0,
"mean": 7.0,
"mean_diff": 0.0,
"min": 7,
"min_diff": 0.0,
"std": 0.0,
"std_diff": 0.0
},
"left_signal": {
"max": 0,
"max_diff": 0.0,
"mean": 0.0,
"mean_diff": 0.0,
"min": 0,
"min_diff": 0.0,
"std": 0.0,
"std_diff": 0.0
},
"rear_left_rpm": {
"max": 0.0,
"max_diff": 0.0,
"mean": 0.0,
"mean_diff": 0.0,
"min": 0.0,
"min_diff": 0.0,
"std": 0.0,
"std_diff": 0.0
},
"rear_right_rpm": {
"max": 0.0,
"max_diff": 0.0,
"mean": 0.0,
"mean_diff": 0.0,
"min": 0.0,
"min_diff": 0.0,
"std": 0.0,
"std_diff": 0.0
},
"right_signal": {
"max": 1,
"max_diff": 1.0,
"mean": 0.475,
"mean_diff": 0.0,
"min": 0,
"min_diff": -1.0,
"std": 0.4993746088859544,
"std_diff": 0.7161148740394329
},
"steering": {
"max": -107.80000000000018,
"max_diff": 0.5,
"mean": -107.83750000000018,
"mean_diff": 0.01282051282051282,
"min": -108.30000000000018,
"min_diff": 0.0,
"std": 0.13169567191065926,
"std_diff": 0.07903094875601253
},
"steering_speed": {
"max": 1.8118839761882555e-13,
"max_diff": 0.0,
"mean": 1.8118839761882555e-13,
"mean_diff": 0.0,
"min": 1.8118839761882555e-13,
"min_diff": 0.0,
"std": 0.0,
"std_diff": 0.0
},
"throttle": {
"max": 0,
"max_diff": 0.0,
"mean": 0.0,
"mean_diff": 0.0,
"min": 0,
"min_diff": 0.0,
"std": 0.0,
"std_diff": 0.0
},
"utime": {
"max": 1538033661521247,
"max_diff": 500704.0,
"mean": 1538033651771411.2,
"mean_diff": 499992.5641025641,
"min": 1538033642021537,
"min_diff": 499001.0,
"std": 5771649.803603526,
"std_diff": 329.2581245125592
},
"vehicle_speed": {
"max": 0.0,
"max_diff": 0.0,
"mean": 0.0,
"mean_diff": 0.0,
"min": 0.0,
"min_diff": 0.0,
"std": 0.0,
"std_diff": 0.0
},
"yaw_rate": {
"max": 2.842170943040401e-14,
"max_diff": 0.20000000000001705,
"mean": -0.11249999999997443,
"mean_diff": 0.002564102564103147,
"min": -0.19999999999998863,
"min_diff": -0.20000000000001705,
"std": 0.07137051211810826,
"std_diff": 0.09996712148522977
}
}
},
"ZOE_VEH_INFO": {
"message_count": 1947,
"message_freq": 99.84446417060633,
"timespan": 19.50033,
"var_stats": {
"FL_wheel_speed": {
"max": 0.0,
"max_diff": 0.0,
"mean": 0.0,
"mean_diff": 0.0,
"min": 0.0,
"min_diff": 0.0,
"std": 0.0,
"std_diff": 0.0
},
"FR_wheel_speed": {
"max": 0.0,
"max_diff": 0.0,
"mean": 0.0,
"mean_diff": 0.0,
"min": 0.0,
"min_diff": 0.0,
"std": 0.0,
"std_diff": 0.0
},
"RL_wheel_speed": {
"max": 0.0,
"max_diff": 0.0,
"mean": 0.0,
"mean_diff": 0.0,
"min": 0.0,
"min_diff": 0.0,
"std": 0.0,
"std_diff": 0.0
},
"RR_wheel_speed": {
"max": 0.0,
"max_diff": 0.0,
"mean": 0.0,
"mean_diff": 0.0,
"min": 0.0,
"min_diff": 0.0,
"std": 0.0,
"std_diff": 0.0
},
"left_solar": {
"max": 0,
"max_diff": 0.0,
"mean": 0.0,
"mean_diff": 0.0,
"min": 0,
"min_diff": 0.0,
"std": 0.0,
"std_diff": 0.0
},
"longitudinal_accel": {
"max": 0.25,
"max_diff": 0.09999999999999964,
"mean": 0.21278890600924566,
"mean_diff": 0.0,
"min": 0.15000000000000036,
"min_diff": -0.09999999999999964,
"std": 0.028455862797767403,
"std_diff": 0.02283818586956798
},
"meanEffTorque": {
"max": 31.0,
"max_diff": 0.5,
"mean": 28.315613764766308,
"mean_diff": 0.0,
"min": 27.0,
"min_diff": -0.5,
"std": 1.7828010920231983,
"std_diff": 0.06986994231172208
},
"odom": {
"max": 48,
"max_diff": 0.0,
"mean": 48.0,
"mean_diff": 0.0,
"min": 48,
"min_diff": 0.0,
"std": 0.0,
"std_diff": 0.0
},
"odom_speed": {
"max": 0.0,
"max_diff": 0.0,
"mean": 0.0,
"mean_diff": 0.0,
"min": 0.0,
"min_diff": 0.0,
"std": 0.0,
"std_diff": 0.0
},
"pedal_cc": {
"max": 0.0,
"max_diff": 0.0,
"mean": 0.0,
"mean_diff": 0.0,
"min": 0.0,
"min_diff": 0.0,
"std": 0.0,
"std_diff": 0.0
},
"regen": {
"max": 0.0,
"max_diff": 0.0,
"mean": 0.0,
"mean_diff": 0.0,
"min": 0.0,
"min_diff": 0.0,
"std": 0.0,
"std_diff": 0.0
},
"requestedTorqueAfterProc": {
"max": -352.5,
"max_diff": 4.0,
"mean": -355.2057010785824,
"mean_diff": 0.0,
"min": -356.5,
"min_diff": -4.0,
"std": 1.871359395650015,
"std_diff": 0.5129364509100012
},
"right_solar": {
"max": -56,
"max_diff": 0.0,
"mean": -56.0,
"mean_diff": 0.0,