{
"MS_IMU": {
"message_count": 1907,
"message_freq": 99.84396696887224,
"timespan": 19.099802,
"var_stats": {
"linear_accel": {
"max": 10.771690368652344,
"max_diff": 10.769931606948376,
"mean": 3.0646116029144927,
"mean_diff": 5.028771007834364,
"min": -3.6246399879455566,
"min_diff": -2.312051475048065,
"std": 4.771010653634774,
"std_diff": 5.061627105704536
},
"q": {
"max": 0.9803206920623779,
"max_diff": 0.34772681118920445,
"mean": 0.3077115831957107,
"mean_diff": -0.22526992206295518,
"min": -0.025278372690081596,
"min_diff": -1.0006576366722584,
"std": 0.39409846248212255,
"std_diff": 0.5412347928323715
},
"rotation_rate": {
"max": 0.12960723042488098,
"max_diff": 0.12784015759825706,
"mean": -0.0005011515701711898,
"mean_diff": -0.0013595867729177997,
"min": -0.1228230819106102,
"min_diff": -0.12375615630298853,
"std": 0.0324599716183832,
"std_diff": 0.04047760429029836
},
"utime": {
"max": 1531281632900572,
"max_diff": 31960.0,
"mean": 1531281623353932.8,
"mean_diff": 10020.882476390347,
"min": 1531281613800770,
"min_diff": 2991.0,
"std": 5520784.440832429,
"std_diff": 4537.658691166716
}
}
},
"POSE": {
"message_count": 952,
"message_freq": 49.84544247725985,
"timespan": 19.099038,
"var_stats": {
"accel": {
"max": 10.213562731215774,
"max_diff": 10.600107970276301,
"mean": 3.0686007751313147,
"mean_diff": 5.023522119609285,
"min": -3.1178919581449462,
"min_diff": -2.2210244936630716,
"std": 4.766370061029857,
"std_diff": 5.062987310058207
},
"orientation": {
"max": 0.9111764487628771,
"max_diff": 0.9111764487628771,
"mean": 0.33897967548199626,
"mean_diff": 0.13229716175325304,
"min": 0.0,
"min_diff": -0.5582732412526346,
"std": 0.3675496967895913,
"std_diff": 0.5619882510563428
},
"pos": {
"max": 1698.1169210214857,
"max_diff": 1163.3323597566146,
"mean": 742.853107574418,
"mean_diff": -272.7665414363652,
"min": 0.0,
"min_diff": -1698.1169210214857,
"std": 701.186389110018,
"std_diff": 1410.3962799574417
},
"rotation_rate": {
"max": 0.1294599026441574,
"max_diff": 0.12784015759825706,
"mean": -0.0004831264576464446,
"mean_diff": -0.0012549908565439858,
"min": -0.12220819294452667,
"min_diff": -0.12352593429386616,
"std": 0.03249347318747625,
"std_diff": 0.04052741589246969
},
"utime": {
"max": 1531281632908928,
"max_diff": 41528.0,
"mean": 1531281623347123.0,
"mean_diff": 20083.110410094636,
"min": 1531281613809890,
"min_diff": 14129.0,
"std": 5514915.0071648685,
"std_diff": 1476.7778468850383
},
"vel": {
"max": 5.064948844839722,
"max_diff": 0.0,
"mean": 0.8152816567556193,
"mean_diff": -1.2229224851334288,
"min": 0.0,
"min_diff": -5.064948844839722,
"std": 1.5169089820414545,
"std_diff": 1.718431306399945
}
}
},
"SteerAngleFeedback": {
"message_count": 1862,
"message_freq": 97.51247866456293,
"timespan": 19.094992,
"var_stats": {
"utime": {
"max": 1531281632897127,
"max_diff": 29813.0,
"mean": 1531281623380052.8,
"mean_diff": 10260.608275120903,
"min": 1531281613802135,
"min_diff": 4411.0,
"std": 5511720.934045537,
"std_diff": 1799.1505329490753
},
"value": {
"max": 1.3439035240356338,
"max_diff": 0.05061454830783707,
"mean": -0.17244546642167013,
"mean_diff": 0.00018850681335349725,
"min": -1.8151424220741028,
"min_diff": -0.04712388980385174,
"std": 0.6766335343671757,
"std_diff": 0.007176849798867419
}
}
},
"VEHICLE_MONITOR": {
"message_count": 39,
"message_freq": 2.052695644658804,
"timespan": 18.999407,
"var_stats": {
"available_distance": {
"max": 122,
"max_diff": 0.0,
"mean": 122.0,
"mean_diff": 0.0,
"min": 122,
"min_diff": 0.0,
"std": 0.0,
"std_diff": 0.0
},
"battery_level": {
"max": 80,
"max_diff": 0.0,
"mean": 80.0,
"mean_diff": 0.0,
"min": 80,
"min_diff": 0.0,
"std": 0.0,
"std_diff": 0.0
},
"brake": {
"max": 30,
"max_diff": 22.0,
"mean": 8.282051282051283,
"mean_diff": 0.7368421052631579,
"min": 0,
"min_diff": -4.0,
"std": 12.479621784926259,
"std_diff": 3.774458556683579
},
"brake_switch": {
"max": 4,
"max_diff": 3.0,
"mean": 2.8461538461538463,
"mean_diff": 0.07894736842105263,
"min": 1,
"min_diff": -3.0,
"std": 1.4595127662315597,
"std_diff": 1.2851700470605032
},
"gear_position": {
"max": 7,
"max_diff": 0.0,
"mean": 7.0,
"mean_diff": 0.0,
"min": 7,
"min_diff": 0.0,
"std": 0.0,
"std_diff": 0.0
},
"left_signal": {
"max": 1,
"max_diff": 1.0,
"mean": 0.10256410256410256,
"mean_diff": 0.0,
"min": 0,
"min_diff": -1.0,
"std": 0.3033887068256214,
"std_diff": 0.3244428422615251
},
"rear_left_rpm": {
"max": 158.9187,
"max_diff": 30.107400000000002,
"mean": 75.23428461538461,
"mean_diff": -0.6211105263157898,
"min": 0.0,
"min_diff": -27.105,
"std": 54.08610060158135,
"std_diff": 11.67644595210892
},
"rear_right_rpm": {
"max": 161.2122,
"max_diff": 29.6904,
"mean": 75.21396923076922,
"mean_diff": -0.602455263157895,
"min": 0.0,
"min_diff": -27.105,
"std": 54.54992277152236,
"std_diff": 11.503479926794176
},
"right_signal": {
"max": 1,
"max_diff": 1.0,
"mean": 0.20512820512820512,
"mean_diff": -0.02631578947368421,
"min": 0,
"min_diff": -1.0,
"std": 0.4037952755903493,
"std_diff": 0.5373836278068983
},
"steering": {
"max": 76.90000000000009,
"max_diff": 53.19999999999982,
"mean": -9.771794871794777,
"mean_diff": 0.5289473684210503,
"min": -102.79999999999973,
"min_diff": -37.59999999999991,
"std": 38.66473214911817,
"std_diff": 17.559536438773016
},
"steering_speed": {
"max": 103.50000000000018,
"max_diff": 87.59999999999991,
"mean": 0.1717948717951088,
"mean_diff": 0.0,
"min": -79.69999999999963,
"min_diff": -79.69999999999982,
"std": 33.09382116562757,
"std_diff": 27.1917557165286
},
"throttle": {
"max": 265,
"max_diff": 134.0,
"mean": 34.53846153846154,
"mean_diff": -6.552631578947368,
"min": 0,
"min_diff": -246.0,
"std": 70.58504459664283,
"std_diff": 54.356860492015876
},
"utime": {
"max": 1531281633027378,
"max_diff": 501855.0,
"mean": 1531281623527990.2,
"mean_diff": 499984.3947368421,
"min": 1531281614027971,
"min_diff": 498799.0,
"std": 5627291.948919178,
"std_diff": 531.2106104022001
},
"vehicle_speed": {
"max": 18.240000000000002,
"max_diff": 3.6099999999999994,
"mean": 8.607179487179488,
"mean_diff": -0.05342105263157898,
"min": 0.0,
"min_diff": -3.15,
"std": 6.213803058913586,
"std_diff": 1.3567613844348712
},
"yaw_rate": {
"max": 7.100000000000023,
"max_diff": 3.0,
"mean": -0.3769230769230526,
"mean_diff": 0.015789473684211124,
"min": -6.699999999999989,
"min_diff": -3.6999999999999886,
"std": 2.973684715795311,
"std_diff": 1.3696957625671704
}
}
},
"ZOE_VEH_INFO": {
"message_count": 1904,
"message_freq": 99.68543590545842,
"timespan": 19.100082,
"var_stats": {
"FL_wheel_speed": {
"max": 159.54420000000002,
"max_diff": 3.7529999999999992,
"mean": 76.92381917016806,
"mean_diff": -0.002695270625328426,
"min": 0.0,
"min_diff": -3.711299999999998,
"std": 53.641890476533376,
"std_diff": 0.4454588865420501
},
"FR_wheel_speed": {
"max": 162.37980000000002,
"max_diff": 2.7939,
"mean": 76.58660546218486,
"mean_diff": -0.0022131897004729266,
"min": 0.0,
"min_diff": -3.5028,
"std": 54.08042296805529,
"std_diff": 0.44562971503384363
},
"RL_wheel_speed": {
"max": 159.3774,
"max_diff": 7.964700000000001,
"mean": 76.75642783613446,
"mean_diff": 0.0,
"min": 0.0,
"min_diff": -3.5028,
"std": 53.602557871146054,
"std_diff": 0.4643003815968975
},
"RR_wheel_speed": {
"max": 161.67090000000002,
"max_diff": 3.753,
"mean": 76.65566013655463,
"mean_diff": -0.0020817130846032587,
"min": 0.0,
"min_diff": -3.5028,
"std": 54.12234497345116,
"std_diff": 0.4322721132901495
},
"left_solar": {
"max": 0,
"max_diff": 0.0,
"mean": 0.0,
"mean_diff": 0.0,
"min": 0,
"min_diff": 0.0,
"std": 0.0,
"std_diff": 0.0
},
"longitudinal_accel": {
"max": 2.0,
"max_diff": 0.8499999999999996,
"mean": -0.20913865546218421,
"mean_diff": -0.0009721492380451916,
"min": -3.4499999999999993,
"min_diff": -0.7999999999999998,
"std": 0.8677342355028633,
"std_diff": 0.06244577899841323
},
"meanEffTorque": {
"max": 134.0,
"max_diff": 3.0,
"mean": 0.7066701680672269,
"mean_diff": -0.06489753021544929,
"min": -65.0,
"min_diff": -3.5,
"std": 41.590044974886226,