{
"MS_IMU": {
"message_count": 1935,
"message_freq": 99.4828025338861,
"timespan": 19.450598,
"var_stats": {
"linear_accel": {
"max": 11.853883743286133,
"max_diff": 11.258405417203903,
"mean": 3.377950284565074,
"mean_diff": 4.964085160969117,
"min": -1.996525526046753,
"min_diff": -1.3843757063150406,
"std": 4.566791698194682,
"std_diff": 4.362299405218338
},
"q": {
"max": 0.999992311000824,
"max_diff": 0.9973048891406506,
"mean": 0.1794496652122062,
"mean_diff": 0.38724692320924625,
"min": -0.42007455229759216,
"min_diff": -0.3286514796782285,
"std": 0.4666881562774301,
"std_diff": 0.41839074791033404
},
"rotation_rate": {
"max": 0.29819267988204956,
"max_diff": 0.3128036390990019,
"mean": 0.026796773278783353,
"mean_diff": 0.03952571067137657,
"min": -0.16313865780830383,
"min_diff": -0.16511455923318863,
"std": 0.06610797930623494,
"std_diff": 0.0787343354713041
},
"utime": {
"max": 1535729919400206,
"max_diff": 33000.0,
"mean": 1535729909676848.0,
"mean_diff": 10057.18614270941,
"min": 1535729899949608,
"min_diff": 2026.0,
"std": 5618794.112557744,
"std_diff": 4911.144066811583
}
}
},
"POSE": {
"message_count": 971,
"message_freq": 49.89794046893068,
"timespan": 19.459721,
"var_stats": {
"accel": {
"max": 10.637715479506847,
"max_diff": 10.008423168937902,
"mean": 3.3791536602520975,
"mean_diff": 4.960813132662571,
"min": -1.7576833550096305,
"min_diff": -0.49590232755030633,
"std": 4.555794343558001,
"std_diff": 4.3509696582641295
},
"orientation": {
"max": 0.9385859797629367,
"max_diff": 0.0,
"mean": 0.07934150866167448,
"mean_diff": -0.44259634075961973,
"min": -0.9009973340442623,
"min_diff": -0.9385859797629367,
"std": 0.4936647901190538,
"std_diff": 0.3707314560157095
},
"pos": {
"max": 1256.0900755655316,
"max_diff": -246.43468657117376,
"mean": 731.7372691890118,
"mean_diff": -619.1472225688967,
"min": 0.0,
"min_diff": -982.4237827205314,
"std": 530.139589978679,
"std_diff": 338.5198862221457
},
"rotation_rate": {
"max": 0.29819267988204956,
"max_diff": 0.31076478958129883,
"mean": 0.026668667162252264,
"mean_diff": 0.03939688289338227,
"min": -0.16249006986618042,
"min_diff": -0.16511455923318863,
"std": 0.06596121508256592,
"std_diff": 0.07853350446671281
},
"utime": {
"max": 1535729919414171,
"max_diff": 40635.0,
"mean": 1535729909684707.2,
"mean_diff": 20061.568041237115,
"min": 1535729899954450,
"min_diff": 12697.0,
"std": 5624085.06474804,
"std_diff": 1313.3554892894304
},
"vel": {
"max": 5.3766830466560975,
"max_diff": 0.0,
"mean": 1.0161180255839515,
"mean_diff": -1.524177038375927,
"min": 0.0,
"min_diff": -5.3766830466560975,
"std": 1.7119560579801592,
"std_diff": 1.9031075732193854
}
}
},
"SteerAngleFeedback": {
"message_count": 1908,
"message_freq": 98.07778339274802,
"timespan": 19.453947,
"var_stats": {
"utime": {
"max": 1535729919406261,
"max_diff": 29778.0,
"mean": 1535729909674671.8,
"mean_diff": 10201.335605663346,
"min": 1535729899952314,
"min_diff": 3941.0,
"std": 5615070.864749631,
"std_diff": 1580.7218829771077
},
"value": {
"max": 4.091123742186674,
"max_diff": 0.031415926535901306,
"mean": 1.1036323187373314,
"mean_diff": -0.0004026978871932382,
"min": -0.5758866776461564,
"min_diff": -0.055850536063815515,
"std": 1.4230036652240472,
"std_diff": 0.008323752495758006
}
}
},
"VEHICLE_MONITOR": {
"message_count": 40,
"message_freq": 2.0513689451666,
"timespan": 19.499174,
"var_stats": null
},
"ZOE_VEH_INFO": {
"message_count": 1932,
"message_freq": 99.33772280610556,
"timespan": 19.448805,
"var_stats": {
"FL_wheel_speed": {
"max": 174.7647,
"max_diff": 6.838799999999992,
"mean": 93.86909580745342,
"mean_diff": -0.02373293630243398,
"min": 7.0056,
"min_diff": -7.464300000000009,
"std": 51.1285804769041,
"std_diff": 0.7590901301962724
},
"FR_wheel_speed": {
"max": 175.0149,
"max_diff": 7.005600000000015,
"mean": 97.51132748447205,
"mean_diff": -0.024337597099948215,
"min": 7.2558,
"min_diff": -6.755400000000009,
"std": 51.20289338033957,
"std_diff": 0.7455315964951311
},
"RL_wheel_speed": {
"max": 170.136,
"max_diff": 6.0882000000000005,
"mean": 93.15590062111802,
"mean_diff": -0.0234953909891248,
"min": 6.7971,
"min_diff": -5.379300000000001,
"std": 51.23328400103171,
"std_diff": 0.7600039003378416
},
"RR_wheel_speed": {
"max": 175.9323,
"max_diff": 7.506,
"mean": 98.651775,
"mean_diff": -0.024942257897462454,
"min": 7.0056,
"min_diff": -6.296699999999987,
"std": 52.20149160945826,
"std_diff": 0.7406155691445625
},
"left_solar": {
"max": 32,
"max_diff": 144.0,
"mean": -54.36024844720497,
"mean_diff": -0.041429311237700675,
"min": -112,
"min_diff": -144.0,
"std": 47.540531182500025,
"std_diff": 9.924747554015038
},
"longitudinal_accel": {
"max": 1.1500000000000004,
"max_diff": 0.6499999999999986,
"mean": -0.22111801242235957,
"mean_diff": -0.0007509062661833252,
"min": -2.0,
"min_diff": -0.8500000000000014,
"std": 0.6935664069245779,
"std_diff": 0.08349378672391573
},
"meanEffTorque": {
"max": 66.5,
"max_diff": 3.0,
"mean": 5.937629399585921,
"mean_diff": -0.018125323666494046,
"min": -73.5,
"min_diff": -3.0,
"std": 34.94832946023906,
"std_diff": 0.4720930913867488
},
"odom": {
"max": 116,
"max_diff": 56.0,
"mean": 58.77432712215321,
"mean_diff": -0.047643707923355774,
"min": 0,
"min_diff": -116.0,
"std": 34.29558524052767,
"std_diff": 15.85347878642824
},
"odom_speed": {
"max": 19.0,
"max_diff": 1.0,
"mean": 10.486542443064183,
"mean_diff": -0.002589331952356292,
"min": 0.0,
"min_diff": -1.0,
"std": 5.832489591605827,
"std_diff": 0.14569082802071684
},
"pedal_cc": {
"max": 283.0,
"max_diff": 52.0,
"mean": 70.2572463768116,
"mean_diff": -0.061108234075608496,
"min": 0.0,
"min_diff": -27.0,
"std": 97.90734081455906,
"std_diff": 2.848022493312295
},
"regen": {
"max": 46.0,
"max_diff": 1.0,
"mean": 11.50103519668737,
"mean_diff": 0.0,
"min": 0.0,
"min_diff": -5.0,
"std": 15.913375071767291,
"std_diff": 0.3510729282245493
},
"requestedTorqueAfterProc": {
"max": -272.5,
"max_diff": 125.5,
"mean": -344.33048654244305,
"mean_diff": -0.017607457276022784,
"min": -398.5,
"min_diff": -126.0,
"std": 42.02740364961,
"std_diff": 6.980642070871581
},
"right_solar": {
"max": 100,
"max_diff": 156.0,
"mean": -52.88405797101449,
"mean_diff": -0.0031071983428275505,
"min": -112,
"min_diff": -206.0,
"std": 65.33970012571514,
"std_diff": 7.544378674830255
},
"steer_corrected": {
"max": 234.40412389306394,
"max_diff": 1.400000000000091,
"mean": 63.00282989720492,
"mean_diff": -0.022837907819782448,
"min": -32.99587610693569,
"min_diff": -2.800000000000182,
"std": 81.39497121386114,
"std_diff": 0.4695728130499504
},
"steer_offset_can": {
"max": -12.300000000000182,
"max_diff": 0.0,
"mean": -12.300000000000182,
"mean_diff": 0.0,
"min": -12.300000000000182,
"min_diff": 0.0,
"std": 0.0,
"std_diff": 0.0
},
"steer_raw": {
"max": 222.69999999999982,
"max_diff": 1.400000000000091,
"mean": 51.29870600414078,
"mean_diff": -0.022837907819782448,
"min": -44.69999999999982,
"min_diff": -2.800000000000182,
"std": 81.39497121386114,
"std_diff": 0.4695728130499504
},
"transversal_accel": {
"max": -0.2920000000000016,
"max_diff": 0.09200000000001296,
"mean": -0.44458799171842434,
"mean_diff": 0.0,
"min": -0.5759999999999934,
"min_diff": -0.0759999999999934,
"std": 0.03417919561278468,
"std_diff": 0.01054732129668341
},
"utime": {
"max": 1535729919403457,
"max_diff": 22109.0,
"mean": 1535729909677335.8,
"mean_diff": 10071.882444329363,
"min": 1535729899954652,
"min_diff": 2.0,
"std": 5618588.045335201,
"std_diff": 2063.8171645314505
}
}
},
"ZoeSensors": {
"message_count": 18582,
"message_freq": 955.4123916606719,
"timespan": 19.449193,
"var_stats": {
"brake_sensor": {
"max": 0.3887972831726074,
"max_diff": 0.0020285993814468384,
"mean": 0.23219277702104338,
"mean_diff": 7.7297658531756e-06,
"min": 0.18492190539836884,
"min_diff": -0.004094764590263367,
"std": 0.06979306310645707,
"std_diff": 0.0001957720936359071
},
"steering_sensor": {
"max": 0.20119737088680267,
"max_diff": 0.0006301999092102051,
"mean": 0.19832951228529577,