{
"MS_IMU": {
"message_count": 1959,
"message_freq": 99.76744356595225,
"timespan": 19.635664,
"var_stats": {
"linear_accel": {
"max": 12.300575256347656,
"max_diff": 12.73831421136856,
"mean": 3.4217873359709996,
"mean_diff": 4.815594227772464,
"min": -1.4164947271347046,
"min_diff": -1.6782196164131165,
"std": 4.52229531958302,
"std_diff": 4.67260371585897
},
"q": {
"max": 0.9280623197555542,
"max_diff": 0.9335535801947117,
"mean": 0.07014875988443466,
"mean_diff": 0.4579982561523135,
"min": -0.703315258026123,
"min_diff": -0.019441187381744385,
"std": 0.49505471371890974,
"std_diff": 0.3473934254978219
},
"rotation_rate": {
"max": 0.09138060361146927,
"max_diff": 0.12102579697966576,
"mean": 0.014337280351268836,
"mean_diff": 0.018518182739133655,
"min": -0.06981796026229858,
"min_diff": -0.08227167464792728,
"std": 0.02544790677763605,
"std_diff": 0.03126267289153344
},
"utime": {
"max": 1537293235956058,
"max_diff": 33977.0,
"mean": 1537293226131647.2,
"mean_diff": 10028.429009193054,
"min": 1537293216320394,
"min_diff": 1907.0,
"std": 5673294.005994121,
"std_diff": 5239.679578037839
}
}
},
"POSE": {
"message_count": 978,
"message_freq": 49.746207868954855,
"timespan": 19.65979,
"var_stats": {
"accel": {
"max": 10.483287333524089,
"max_diff": 10.299572756136632,
"mean": 3.4228551165504713,
"mean_diff": 4.812377850501339,
"min": -1.2790257902331343,
"min_diff": -1.5593524262772103,
"std": 4.511674161673393,
"std_diff": 4.663182301971722
},
"orientation": {
"max": 0.9999919410255688,
"max_diff": 0.0,
"mean": 0.19478832674532795,
"mean_diff": -0.38906930057383565,
"min": -0.38033030606767837,
"min_diff": -0.9999919410255688,
"std": 0.46049702253516833,
"std_diff": 0.42656583628359135
},
"pos": {
"max": 1558.2589739905716,
"max_diff": -203.62759055927586,
"mean": 905.5041705817641,
"mean_diff": -749.9789460303351,
"min": 0.0,
"min_diff": -1246.1187152825744,
"std": 650.980258976809,
"std_diff": 467.8317025177202
},
"rotation_rate": {
"max": 0.08993520587682724,
"max_diff": 0.11540904268622398,
"mean": 0.014411889694588524,
"mean_diff": 0.01850704517281012,
"min": -0.06981796026229858,
"min_diff": -0.0787392407655716,
"std": 0.025386333842349302,
"std_diff": 0.031222266451603486
},
"utime": {
"max": 1537293235964222,
"max_diff": 40365.0,
"mean": 1537293226143602.2,
"mean_diff": 20122.610030706244,
"min": 1537293216304432,
"min_diff": 10679.0,
"std": 5678920.286625694,
"std_diff": 1689.2890137502152
},
"vel": {
"max": 7.208954924795468,
"max_diff": 0.0,
"mean": 2.0144167328111235,
"mean_diff": -3.0216250992166853,
"min": 0.0,
"min_diff": -7.208954924795468,
"std": 2.8784973756403196,
"std_diff": 3.0635297668343666
}
}
},
"SteerAngleFeedback": {
"message_count": 1936,
"message_freq": 98.50648196565615,
"timespan": 19.653529,
"var_stats": {
"utime": {
"max": 1537293235955855,
"max_diff": 30004.0,
"mean": 1537293226153456.2,
"mean_diff": 10156.862532299741,
"min": 1537293216302326,
"min_diff": 5444.0,
"std": 5669496.958366526,
"std_diff": 1423.751504650339
},
"value": {
"max": 0.5428693728822073,
"max_diff": 0.012217304763965042,
"mean": 0.27190520348399977,
"mean_diff": -9.290383098471276e-05,
"min": -0.06101454830782921,
"min_diff": -0.00872664625997165,
"std": 0.13960019382157335,
"std_diff": 0.0023665211710158455
}
}
},
"VEHICLE_MONITOR": {
"message_count": 40,
"message_freq": 2.051304773427234,
"timespan": 19.499784,
"var_stats": null
},
"ZOE_VEH_INFO": {
"message_count": 1953,
"message_freq": 99.38769950757542,
"timespan": 19.650319,
"var_stats": {
"FL_wheel_speed": {
"max": 229.22490000000002,
"max_diff": 6.75539999999998,
"mean": 190.33801658986172,
"mean_diff": 0.054838063524590176,
"min": 122.181,
"min_diff": -4.878900000000016,
"std": 22.240780285020243,
"std_diff": 0.5687460388989612
},
"FR_wheel_speed": {
"max": 229.4334,
"max_diff": 6.75539999999998,
"mean": 192.14668202764975,
"mean_diff": 0.054581711065573774,
"min": 122.8899,
"min_diff": -8.423399999999987,
"std": 22.470798280674924,
"std_diff": 0.6008122204741243
},
"RL_wheel_speed": {
"max": 228.2658,
"max_diff": 4.628700000000009,
"mean": 189.7449926267281,
"mean_diff": 0.054346721311475416,
"min": 122.181,
"min_diff": -5.170800000000014,
"std": 22.289146330218653,
"std_diff": 0.579903915055087
},
"RR_wheel_speed": {
"max": 232.7277,
"max_diff": 3.961500000000001,
"mean": 195.25637465437788,
"mean_diff": 0.05494487704918032,
"min": 125.4753,
"min_diff": -3.044099999999986,
"std": 22.900660050022246,
"std_diff": 0.5266101770281075
},
"left_solar": {
"max": 0,
"max_diff": 0.0,
"mean": 0.0,
"mean_diff": 0.0,
"min": 0,
"min_diff": 0.0,
"std": 0.0,
"std_diff": 0.0
},
"longitudinal_accel": {
"max": 1.4000000000000004,
"max_diff": 0.6500000000000004,
"mean": 0.1347158218125967,
"mean_diff": -0.00043545081967213186,
"min": -1.4000000000000004,
"min_diff": -0.6500000000000004,
"std": 0.5947333571819893,
"std_diff": 0.06785324186628063
},
"meanEffTorque": {
"max": 89.5,
"max_diff": 3.5,
"mean": 17.181771633384535,
"mean_diff": -0.025102459016393443,
"min": -67.5,
"min_diff": -2.0,
"std": 35.97853780130016,
"std_diff": 0.4800155711209204
},
"odom": {
"max": 120,
"max_diff": 76.0,
"mean": 60.98924731182796,
"mean_diff": 0.03483606557377049,
"min": 0,
"min_diff": -80.0,
"std": 34.14946196172412,
"std_diff": 18.9863738772287
},
"odom_speed": {
"max": 25.0,
"max_diff": 1.0,
"mean": 21.221710189452125,
"mean_diff": 0.006147540983606557,
"min": 13.0,
"min_diff": -1.0,
"std": 2.555978452861784,
"std_diff": 0.13566440465602814
},
"pedal_cc": {
"max": 359.0,
"max_diff": 34.0,
"mean": 149.094726062468,
"mean_diff": -0.07428278688524591,
"min": 0.0,
"min_diff": -22.0,
"std": 102.70924336018813,
"std_diff": 2.450559173799701
},
"regen": {
"max": 55.0,
"max_diff": 1.0,
"mean": 8.891961085509472,
"mean_diff": 0.0,
"min": 0.0,
"min_diff": -7.0,
"std": 18.490863546903675,
"std_diff": 0.43064001169437466
},
"requestedTorqueAfterProc": {
"max": -272.5,
"max_diff": 126.0,
"mean": -338.52329749103944,
"mean_diff": -0.025614754098360656,
"min": -398.5,
"min_diff": -126.0,
"std": 36.184525169370396,
"std_diff": 5.630744756009039
},
"right_solar": {
"max": 0,
"max_diff": 0.0,
"mean": 0.0,
"mean_diff": 0.0,
"min": 0,
"min_diff": 0.0,
"std": 0.0,
"std_diff": 0.0
},
"steer_corrected": {
"max": 31.104123893064216,
"max_diff": 0.900000000000091,
"mean": 15.560242684666818,
"mean_diff": -0.005276639344262388,
"min": -3.4958761069356923,
"min_diff": -0.5,
"std": 7.97833758689784,
"std_diff": 0.13651031797376253
},
"steer_offset_can": {
"max": -12.300000000000182,
"max_diff": 0.0,
"mean": -12.300000000000182,
"mean_diff": 0.0,
"min": -12.300000000000182,
"min_diff": 0.0,
"std": 0.0,
"std_diff": 0.0
},
"steer_raw": {
"max": 19.40000000000009,
"max_diff": 0.900000000000091,
"mean": 3.8561187916026913,
"mean_diff": -0.005276639344262388,
"min": -15.199999999999818,
"min_diff": -0.5,
"std": 7.97833758689784,
"std_diff": 0.13651031797376256
},
"transversal_accel": {
"max": -0.4000000000000057,
"max_diff": 0.03999999999999204,
"mean": -0.463948796722988,
"mean_diff": 2.049180327868445e-05,
"min": -0.539999999999992,
"min_diff": -0.04800000000000182,
"std": 0.021968031510227422,
"std_diff": 0.006441380548041449
},
"utime": {
"max": 1537293235951688,
"max_diff": 35115.0,
"mean": 1537293226141753.2,
"mean_diff": 10066.761782786885,
"min": 1537293216301369,
"min_diff": 3.0,
"std": 5680964.303049488,
"std_diff": 1645.4448237938884
}
}
},
"ZoeSensors": {
"message_count": 18833,
"message_freq": 958.5822043410393,
"timespan": 19.646724,
"var_stats": {
"brake_sensor": {
"max": 0.31399595737457275,
"max_diff": 0.0008501708507537842,
"mean": 0.19746349879336714,
"mean_diff": -3.7490283419950185e-09,
"min": 0.18482618033885956,
"min_diff": -0.0030498504638671875,
"std": 0.034257523589132206,
"std_diff": 8.628466001441816e-05
},
"steering_sensor": {
"max": 0.2187640368938446,
"max_diff": 0.0004096180200576782,
"mean": 0.21709161701476726,
"mean_diff": 6.6925457401000145e-09,
"min": 0.21585331857204437,
"min_diff": -0.0005317181348800659,