{
"MS_IMU": {
"message_count": 1944,
"message_freq": 99.4361092819209,
"timespan": 19.550242,
"var_stats": {
"linear_accel": {
"max": 11.055960655212402,
"max_diff": 11.943877577781677,
"mean": 3.2814849691464283,
"mean_diff": 4.945477291645379,
"min": -1.1159662008285522,
"min_diff": -1.05961474776268,
"std": 4.60170708339559,
"std_diff": 4.647611161765613
},
"q": {
"max": 0.9924083352088928,
"max_diff": 0.019347326830029488,
"mean": 0.21287213289662718,
"mean_diff": -0.3763458723718472,
"min": -0.16348980367183685,
"min_diff": -1.0051902728155255,
"std": 0.452421784868621,
"std_diff": 0.43041488294392627
},
"rotation_rate": {
"max": 0.06480858474969864,
"max_diff": 0.10187338665127754,
"mean": -3.089757915071383e-05,
"mean_diff": -0.002991289859619463,
"min": -0.06250158697366714,
"min_diff": -0.08968795090913773,
"std": 0.013919574336051416,
"std_diff": 0.017259700954671678
},
"utime": {
"max": 1537932029953985,
"max_diff": 29015.0,
"mean": 1537932020167514.5,
"mean_diff": 10061.884714359237,
"min": 1537932010403743,
"min_diff": 1967.0,
"std": 5643645.173783274,
"std_diff": 4068.058734495636
}
}
},
"POSE": {
"message_count": 970,
"message_freq": 49.594313403543204,
"timespan": 19.558694,
"var_stats": {
"accel": {
"max": 10.481109896474752,
"max_diff": 11.142453876583799,
"mean": 3.2803830563347565,
"mean_diff": 4.946884840662731,
"min": -0.7652996372456877,
"min_diff": -0.8677334465138817,
"std": 4.601240201982312,
"std_diff": 4.644814375169197
},
"orientation": {
"max": 0.8126755736133189,
"max_diff": 0.6163464129676903,
"mean": 0.350136930144355,
"mean_diff": -0.06516465519110956,
"min": 0.0,
"min_diff": -0.8126755736133189,
"std": 0.3569371515394371,
"std_diff": 0.573660963502971
},
"pos": {
"max": 1456.70002417745,
"max_diff": 842.2782208460475,
"mean": 687.2444229963253,
"mean_diff": -306.120415631658,
"min": 0.0,
"min_diff": -1456.70002417745,
"std": 594.1396012222289,
"std_diff": 1143.3879528008952
},
"rotation_rate": {
"max": 0.06480858474969864,
"max_diff": 0.10187338665127754,
"mean": -6.742553679998178e-05,
"mean_diff": -0.0029854576317962034,
"min": -0.062220923602581024,
"min_diff": -0.08909726142883301,
"std": 0.013894031715187367,
"std_diff": 0.0172506507159114
},
"utime": {
"max": 1537932029961540,
"max_diff": 40979.0,
"mean": 1537932020189690.0,
"mean_diff": 20184.41073271414,
"min": 1537932010402846,
"min_diff": 14759.0,
"std": 5640463.9829755295,
"std_diff": 2037.9571467071219
},
"vel": {
"max": 5.6261766901323735,
"max_diff": 0.0,
"mean": 0.5072956328372772,
"mean_diff": -0.7609434492559157,
"min": 0.0,
"min_diff": -5.6261766901323735,
"std": 1.1626329066988847,
"std_diff": 1.3544597702725676
}
}
},
"SteerAngleFeedback": {
"message_count": 1931,
"message_freq": 98.79672142235762,
"timespan": 19.545183,
"var_stats": {
"utime": {
"max": 1537932029946994,
"max_diff": 20752.0,
"mean": 1537932020176166.2,
"mean_diff": 10127.037823834196,
"min": 1537932010401811,
"min_diff": 5256.0,
"std": 5651800.789664793,
"std_diff": 1253.4614420285368
},
"value": {
"max": 0.806342114421385,
"max_diff": 0.019198621771936042,
"mean": -0.2507164114718781,
"mean_diff": -0.0007243568553613763,
"min": -1.1414453308042851,
"min_diff": -0.019198621771936035,
"std": 0.4388522681969201,
"std_diff": 0.003981660837838498
}
}
},
"VEHICLE_MONITOR": {
"message_count": 41,
"message_freq": 2.050028905407566,
"timespan": 19.999718,
"var_stats": null
},
"ZOE_VEH_INFO": {
"message_count": 1951,
"message_freq": 99.79735663350114,
"timespan": 19.549616,
"var_stats": {
"FL_wheel_speed": {
"max": 175.2234,
"max_diff": 7.0056,
"mean": 47.46400440799591,
"mean_diff": -0.08183892307692309,
"min": 0.0,
"min_diff": -3.7530000000000143,
"std": 49.07616549598877,
"std_diff": 0.3855647464439387
},
"FR_wheel_speed": {
"max": 176.1825,
"max_diff": 7.0056,
"mean": 47.23242086109688,
"mean_diff": -0.08267292307692307,
"min": 0.0,
"min_diff": -3.5028,
"std": 49.0107692695672,
"std_diff": 0.3958639136864435
},
"RL_wheel_speed": {
"max": 174.0558,
"max_diff": 7.0056,
"mean": 47.27702767811378,
"mean_diff": -0.08124015384615384,
"min": 0.0,
"min_diff": -3.5028,
"std": 48.9585159791001,
"std_diff": 0.36041302969271827
},
"RR_wheel_speed": {
"max": 176.1825,
"max_diff": 5.838,
"mean": 47.15357344951307,
"mean_diff": -0.08280123076923077,
"min": 0.0,
"min_diff": -3.5028,
"std": 48.95330933737452,
"std_diff": 0.3286794626029235
},
"left_solar": {
"max": -112,
"max_diff": 0.0,
"mean": -112.0,
"mean_diff": 0.0,
"min": -112,
"min_diff": 0.0,
"std": 0.0,
"std_diff": 0.0
},
"longitudinal_accel": {
"max": 1.4000000000000004,
"max_diff": 0.3000000000000007,
"mean": -0.049615581752946517,
"mean_diff": 0.00046153846153846174,
"min": -0.9000000000000004,
"min_diff": -0.29999999999999893,
"std": 0.43226615593585704,
"std_diff": 0.045090135457568244
},
"meanEffTorque": {
"max": 88.0,
"max_diff": 6.5,
"mean": 6.8316248077908766,
"mean_diff": 0.03282051282051282,
"min": -41.0,
"min_diff": -3.0,
"std": 25.854201652345466,
"std_diff": 0.5514082145438202
},
"odom": {
"max": 120,
"max_diff": 56.0,
"mean": 64.04510507432086,
"mean_diff": -0.024615384615384615,
"min": 0,
"min_diff": -116.0,
"std": 36.11834888201313,
"std_diff": 11.74635390154222
},
"odom_speed": {
"max": 20.0,
"max_diff": 1.0,
"mean": 4.982060481804203,
"mean_diff": -0.009743589743589744,
"min": 0.0,
"min_diff": -1.0,
"std": 5.718690395940742,
"std_diff": 0.12570798843488232
},
"pedal_cc": {
"max": 246.0,
"max_diff": 118.0,
"mean": 6.833931317273193,
"mean_diff": 0.0,
"min": 0.0,
"min_diff": -27.0,
"std": 35.412587522979436,
"std_diff": 3.201922499422447
},
"regen": {
"max": 55.0,
"max_diff": 0.0,
"mean": 12.004613018964633,
"mean_diff": -0.028205128205128206,
"min": 0.0,
"min_diff": -1.0,
"std": 20.086958042081204,
"std_diff": 0.1655584457164916
},
"requestedTorqueAfterProc": {
"max": -272.5,
"max_diff": 34.0,
"mean": -350.8295745771399,
"mean_diff": -0.036923076923076927,
"min": -398.5,
"min_diff": -126.0,
"std": 38.5044585511499,
"std_diff": 3.164615384615385
},
"right_solar": {
"max": 100,
"max_diff": 206.0,
"mean": 77.95386981035367,
"mean_diff": 0.08,
"min": -106,
"min_diff": -50.0,
"std": 25.479751946259547,
"std_diff": 4.799760677794524
},
"steer_corrected": {
"max": 46.20000000000027,
"max_diff": 1.900000000000091,
"mean": -14.387698616094115,
"mean_diff": -0.04107692307692303,
"min": -65.39999999999964,
"min_diff": -2.099999999999909,
"std": 25.030989145756084,
"std_diff": 0.29160892186901904
},
"steer_offset_can": {
"max": -13.800000000000182,
"max_diff": 0.0,
"mean": -13.800000000000182,
"mean_diff": 0.0,
"min": -13.800000000000182,
"min_diff": 0.0,
"std": 0.0,
"std_diff": 0.0
},
"steer_raw": {
"max": 32.40000000000009,
"max_diff": 1.900000000000091,
"mean": -28.1876986160943,
"mean_diff": -0.04107692307692303,
"min": -79.19999999999982,
"min_diff": -2.099999999999909,
"std": 25.030989145756084,
"std_diff": 0.29160892186901904
},
"transversal_accel": {
"max": -0.45599999999998886,
"max_diff": 0.04800000000000182,
"mean": -0.4867309072270619,
"mean_diff": 2.4615384615385548e-05,
"min": -0.6119999999999948,
"min_diff": -0.04800000000000182,
"std": 0.025764713554163012,
"std_diff": 0.0037718810148963614
},
"utime": {
"max": 1537932029951512,
"max_diff": 25736.0,
"mean": 1537932020170089.8,
"mean_diff": 10025.444102564103,
"min": 1537932010401896,
"min_diff": 2.0,
"std": 5645669.92373447,
"std_diff": 2017.1991088695718
}
}
},
"ZoeSensors": {
"message_count": 18649,
"message_freq": 953.9441259543853,
"timespan": 19.549363,
"var_stats": {
"brake_sensor": {
"max": 0.18348513543605804,
"max_diff": 4.991888999938965e-05,
"mean": 0.18317443420132196,
"mean_diff": 2.0048806003519823e-09,
"min": 0.1823984980583191,
"min_diff": -3.7610530853271484e-05,
"std": 0.00024672471112656495,
"std_diff": 6.123680058797217e-06
},
"steering_sensor": {
"max": 0.19145692884922028,
"max_diff": 0.0005199164152145386,
"mean": 0.18890165359850922,
"mean_diff": 8.870537881429796e-09,
"min": 0.1877112090587616,
"min_diff": -0.0004726499319076538,