{
"MS_IMU": {
"message_count": 1934,
"message_freq": 99.68663655278044,
"timespan": 19.400795,
"var_stats": {
"linear_accel": {
"max": 10.744020462036133,
"max_diff": 11.027867913246155,
"mean": 3.099606490736619,
"mean_diff": 5.103483065798763,
"min": -1.3002960681915283,
"min_diff": -0.6655113697052002,
"std": 4.738767649814037,
"std_diff": 4.760985949895252
},
"q": {
"max": 0.07021291553974152,
"max_diff": 1.0192684456706047,
"mean": -0.25438908055371096,
"mean_diff": 0.3320971213335169,
"min": -0.9998188018798828,
"min_diff": -0.13977725431323051,
"std": 0.43044884897691327,
"std_diff": 0.4698015192985812
},
"rotation_rate": {
"max": 0.0504659041762352,
"max_diff": 0.08120669797062874,
"mean": -0.008900257036114578,
"mean_diff": -0.011219743994554178,
"min": -0.07043449580669403,
"min_diff": -0.09013078734278679,
"std": 0.020477935791711907,
"std_diff": 0.025981401885286127
},
"utime": {
"max": 1531885436455264,
"max_diff": 38013.0,
"mean": 1531885426744872.2,
"mean_diff": 10036.624418003104,
"min": 1531885417054469,
"min_diff": 1972.0,
"std": 5601932.033742279,
"std_diff": 4035.3582609887944
}
}
},
"POSE": {
"message_count": 966,
"message_freq": 49.745635528559475,
"timespan": 19.418789,
"var_stats": {
"accel": {
"max": 10.313268832350671,
"max_diff": 10.47122480564401,
"mean": 3.1000550307233983,
"mean_diff": 5.102249693875477,
"min": -1.1103356494062895,
"min_diff": -0.45045804346675966,
"std": 4.736465884971929,
"std_diff": 4.759545840991881
},
"orientation": {
"max": 0.815897353616326,
"max_diff": 0.815897353616326,
"mean": 0.35273496095669704,
"mean_diff": 0.0021718117117633822,
"min": 0.0,
"min_diff": -0.7526027500513253,
"std": 0.35436993004327755,
"std_diff": 0.5773461843358991
},
"pos": {
"max": 1023.981822068024,
"max_diff": 31.948862488055397,
"mean": 654.8401466576013,
"mean_diff": -494.4547029340014,
"min": 0.0,
"min_diff": -1023.981822068024,
"std": 463.379430284041,
"std_diff": 482.0369223422513
},
"rotation_rate": {
"max": 0.049737729132175446,
"max_diff": 0.07743458263576031,
"mean": -0.008901614460121911,
"mean_diff": -0.011230955478373952,
"min": -0.06891752779483795,
"min_diff": -0.08798468485474586,
"std": 0.02046850896286494,
"std_diff": 0.025897187674912364
},
"utime": {
"max": 1531885436466839,
"max_diff": 40939.0,
"mean": 1531885426757105.5,
"mean_diff": 20123.097409326423,
"min": 1531885417048050,
"min_diff": 14355.0,
"std": 5609828.955874475,
"std_diff": 1717.7904873374607
},
"vel": {
"max": 6.891152162411213,
"max_diff": 0.0,
"mean": 1.7826278590247295,
"mean_diff": -2.6739417885370944,
"min": 0.0,
"min_diff": -6.891152162411213,
"std": 2.5790255873118677,
"std_diff": 2.755673766465412
}
}
},
"SteerAngleFeedback": {
"message_count": 1891,
"message_freq": 97.45399756452618,
"timespan": 19.404027,
"var_stats": {
"utime": {
"max": 1531885436454685,
"max_diff": 20925.0,
"mean": 1531885426758172.0,
"mean_diff": 10266.680952380952,
"min": 1531885417050658,
"min_diff": 5717.0,
"std": 5619902.700721785,
"std_diff": 1736.651112658356
},
"value": {
"max": 0.08203047484373031,
"max_diff": 0.01221730476396507,
"mean": -0.16676154904830184,
"mean_diff": 0.00014128855849478066,
"min": -0.4380776422505751,
"min_diff": -0.006981317007978938,
"std": 0.1640610405800508,
"std_diff": 0.0022100993586359266
}
}
},
"VEHICLE_MONITOR": {
"message_count": 40,
"message_freq": 2.051345379995834,
"timespan": 19.499398,
"var_stats": {
"available_distance": {
"max": 86,
"max_diff": 0.0,
"mean": 86.0,
"mean_diff": 0.0,
"min": 86,
"min_diff": 0.0,
"std": 0.0,
"std_diff": 0.0
},
"battery_level": {
"max": 64,
"max_diff": 0.0,
"mean": 64.0,
"mean_diff": 0.0,
"min": 64,
"min_diff": 0.0,
"std": 0.0,
"std_diff": 0.0
},
"brake": {
"max": 1,
"max_diff": 1.0,
"mean": 0.05,
"mean_diff": 0.0,
"min": 0,
"min_diff": -1.0,
"std": 0.21794494717703367,
"std_diff": 0.32025630761017426
},
"brake_switch": {
"max": 4,
"max_diff": 2.0,
"mean": 1.375,
"mean_diff": 0.07692307692307693,
"min": 1,
"min_diff": -2.0,
"std": 0.9134412953222555,
"std_diff": 0.6153846153846154
},
"gear_position": {
"max": 7,
"max_diff": 0.0,
"mean": 7.0,
"mean_diff": 0.0,
"min": 7,
"min_diff": 0.0,
"std": 0.0,
"std_diff": 0.0
},
"left_signal": {
"max": 0,
"max_diff": 0.0,
"mean": 0.0,
"mean_diff": 0.0,
"min": 0,
"min_diff": 0.0,
"std": 0.0,
"std_diff": 0.0
},
"rear_left_rpm": {
"max": 218.46630000000002,
"max_diff": 10.258200000000016,
"mean": 167.73825000000002,
"mean_diff": -2.047576923076923,
"min": 123.3903,
"min_diff": -13.802699999999987,
"std": 29.934829395154402,
"std_diff": 5.371688113999439
},
"rear_right_rpm": {
"max": 215.172,
"max_diff": 10.049700000000001,
"mean": 166.6696875,
"mean_diff": -1.9876999999999998,
"min": 121.5138,
"min_diff": -13.343999999999994,
"std": 29.4613999879689,
"std_diff": 5.519448562896619
},
"right_signal": {
"max": 0,
"max_diff": 0.0,
"mean": 0.0,
"mean_diff": 0.0,
"min": 0,
"min_diff": 0.0,
"std": 0.0,
"std_diff": 0.0
},
"steering": {
"max": 4.699999999999818,
"max_diff": 9.899999999999636,
"mean": -9.377500000000088,
"mean_diff": 0.4769230769230746,
"min": -25.0,
"min_diff": -8.299999999999727,
"std": 9.365855206546808,
"std_diff": 4.047630616727195
},
"steering_speed": {
"max": 21.900000000000272,
"max_diff": 25.90000000000009,
"mean": 0.015000000000213199,
"mean_diff": 0.10256410256410256,
"min": -21.99999999999982,
"min_diff": -37.90000000000009,
"std": 10.691738633169102,
"std_diff": 14.037814995063712
},
"throttle": {
"max": 112,
"max_diff": 80.0,
"mean": 16.05,
"mean_diff": 0.0,
"min": 0,
"min_diff": -91.0,
"std": 35.76936538436208,
"std_diff": 26.41677788539234
},
"utime": {
"max": 1531885436883117,
"max_diff": 500908.0,
"mean": 1531885427133537.5,
"mean_diff": 499984.5641025641,
"min": 1531885417383719,
"min_diff": 499019.0,
"std": 5771549.377785886,
"std_diff": 481.31874373469867
},
"vehicle_speed": {
"max": 24.68,
"max_diff": 1.0700000000000003,
"mean": 19.103749999999998,
"mean_diff": -0.22615384615384612,
"min": 14.09,
"min_diff": -1.4699999999999989,
"std": 3.3585470723960382,
"std_diff": 0.6027442174886263
},
"yaw_rate": {
"max": 0.5000000000000284,
"max_diff": 1.200000000000017,
"mean": -1.4699999999999775,
"mean_diff": 0.07948717948717934,
"min": -4.199999999999989,
"min_diff": -1.1000000000000227,
"std": 1.3388801290630963,
"std_diff": 0.5575493480192271
}
}
},
"ZOE_VEH_INFO": {
"message_count": 1925,
"message_freq": 99.23562279452051,
"timespan": 19.398276,
"var_stats": {
"FL_wheel_speed": {
"max": 220.0926,
"max_diff": 2.085000000000008,
"mean": 169.07645174025976,
"mean_diff": -0.03801548856548856,
"min": 122.6814,
"min_diff": -2.335199999999986,
"std": 30.101779737723728,
"std_diff": 0.4298484578964386
},
"FR_wheel_speed": {
"max": 217.04850000000002,
"max_diff": 1.876499999999993,
"mean": 167.59015542857142,
"mean_diff": -0.03691013513513513,
"min": 120.8049,
"min_diff": -2.5854000000000212,
"std": 29.55714236142749,
"std_diff": 0.4133861058396001
},
"RL_wheel_speed": {
"max": 219.88410000000002,
"max_diff": 2.585399999999993,
"mean": 168.9196164155844,
"mean_diff": -0.03801548856548857,
"min": 121.7223,
"min_diff": -3.5028000000000077,
"std": 30.188607438274715,
"std_diff": 0.46748720943648847
},
"RR_wheel_speed": {
"max": 218.925,
"max_diff": 4.920600000000007,
"mean": 167.8231122077922,
"mean_diff": -0.036411642411642416,
"min": 120.3045,
"min_diff": -5.170800000000014,
"std": 29.72560888262993,
"std_diff": 0.4487131027918099
},
"left_solar": {
"max": 0,
"max_diff": 112.0,
"mean": -83.60727272727273,
"mean_diff": 0.058212058212058215,
"min": -112,
"min_diff": 0.0,
"std": 48.72205345181979,
"std_diff": 2.552716567899624
},
"longitudinal_accel": {
"max": 0.5500000000000007,
"max_diff": 0.34999999999999964,
"mean": -0.3530649350649344,
"mean_diff": -0.00015592515592515629,
"min": -1.0999999999999996,
"min_diff": -0.3500000000000014,
"std": 0.38165185528250783,
"std_diff": 0.05584334164292886
},
"meanEffTorque": {
"max": 30.5,
"max_diff": 2.5,
"mean": -19.06987012987013,
"mean_diff": -0.007536382536382537,
"min": -59.0,