{
"MS_IMU": {
"message_count": 1954,
"message_freq": 100.00132038590888,
"timespan": 19.539742,
"var_stats": {
"linear_accel": {
"max": 10.689531326293945,
"max_diff": 11.024222254753113,
"mean": 3.355040346962143,
"mean_diff": 4.56366633320673,
"min": -1.100562334060669,
"min_diff": -3.473910868167877,
"std": 4.600995639165797,
"std_diff": 5.602153060304164
},
"q": {
"max": 0.17852438986301422,
"max_diff": 1.0096830949187279,
"mean": -0.25537096069332826,
"mean_diff": 0.303159095728036,
"min": -0.9995366334915161,
"min_diff": -0.2517999093979597,
"std": 0.42986705889505783,
"std_diff": 0.5000317301879719
},
"rotation_rate": {
"max": 0.08700408786535263,
"max_diff": 0.08422216959297657,
"mean": -0.015072575615332512,
"mean_diff": -0.020431010943847427,
"min": -0.1508786678314209,
"min_diff": -0.1536272121593356,
"std": 0.035552180335095225,
"std_diff": 0.04369742368101168
},
"utime": {
"max": 1542799341697758,
"max_diff": 25079.0,
"mean": 1542799331932666.8,
"mean_diff": 10004.988223246288,
"min": 1542799322158016,
"min_diff": 1934.0,
"std": 5644048.010879657,
"std_diff": 5517.499232738637
}
}
},
"POSE": {
"message_count": 974,
"message_freq": 49.849861838088266,
"timespan": 19.53867,
"var_stats": {
"accel": {
"max": 10.332724312542132,
"max_diff": 10.704870623073573,
"mean": 3.350143792431458,
"mean_diff": 4.570427255662544,
"min": -0.9189820661572285,
"min_diff": -3.3190389916649314,
"std": 4.600647732787058,
"std_diff": 5.5906004067665975
},
"orientation": {
"max": 0.8526535968212923,
"max_diff": 0.8526535968212923,
"mean": 0.3485369359320711,
"mean_diff": 0.035984962056956754,
"min": 0.0,
"min_diff": -0.8214110689734303,
"std": 0.35849965730957595,
"std_diff": 0.5762277465022774
},
"pos": {
"max": 2454.946923080447,
"max_diff": -378.24868818316327,
"mean": 1498.7672805171485,
"mean_diff": -1223.615177480385,
"min": 0.0,
"min_diff": -2071.248092505147,
"std": 1072.198789177801,
"std_diff": 825.5346414355867
},
"rotation_rate": {
"max": 0.08666777610778809,
"max_diff": 0.08197650499641895,
"mean": -0.014958203774201808,
"mean_diff": -0.02041542115237822,
"min": -0.1507476270198822,
"min_diff": -0.1536272121593356,
"std": 0.03554124136434664,
"std_diff": 0.043665779274128506
},
"utime": {
"max": 1542799341706263,
"max_diff": 40222.0,
"mean": 1542799331934272.2,
"mean_diff": 20080.853031860224,
"min": 1542799322167593,
"min_diff": 16556.0,
"std": 5639192.230561645,
"std_diff": 1348.652883505852
},
"vel": {
"max": 6.788405117367838,
"max_diff": 0.0,
"mean": 0.7709413708215039,
"mean_diff": -1.156412056232256,
"min": 0.0,
"min_diff": -6.788405117367838,
"std": 1.4252947237484264,
"std_diff": 1.6128963470677682
}
}
},
"SteerAngleFeedback": {
"message_count": 1938,
"message_freq": 99.154642716608,
"timespan": 19.545227,
"var_stats": {
"utime": {
"max": 1542799341700876,
"max_diff": 29792.0,
"mean": 1542799331917679.8,
"mean_diff": 10090.463087248321,
"min": 1542799322155649,
"min_diff": 7712.0,
"std": 5647800.183664096,
"std_diff": 1109.848737783346
},
"value": {
"max": 0.11693705988362484,
"max_diff": 0.027925268031907757,
"mean": -1.3384180748746932,
"mean_diff": 3.333876217026074e-05,
"min": -3.291690969261304,
"min_diff": -0.02617993877991509,
"std": 1.3717307736649227,
"std_diff": 0.007363732990029032
}
}
},
"VEHICLE_MONITOR": {
"message_count": 40,
"message_freq": 2.051375257357847,
"timespan": 19.499114,
"var_stats": null
},
"ZOE_VEH_INFO": {
"message_count": 1949,
"message_freq": 99.69015236737002,
"timespan": 19.550577,
"var_stats": {
"FL_wheel_speed": {
"max": 216.33960000000002,
"max_diff": 7.7145,
"mean": 74.12651051821447,
"mean_diff": 0.03632695071868585,
"min": 0.0,
"min_diff": -3.5028,
"std": 50.7027914186588,
"std_diff": 0.5756581617384773
},
"FR_wheel_speed": {
"max": 216.84,
"max_diff": 3.753,
"mean": 72.13252734735761,
"mean_diff": 0.03671226899383984,
"min": 0.0,
"min_diff": -3.5028,
"std": 50.97962682719247,
"std_diff": 0.5152144796982562
},
"RL_wheel_speed": {
"max": 216.33960000000002,
"max_diff": 8.4234,
"mean": 73.46724828116983,
"mean_diff": 0.037161806981519524,
"min": 0.0,
"min_diff": -3.5028,
"std": 50.53633245499691,
"std_diff": 0.618321087981917
},
"RR_wheel_speed": {
"max": 217.5072,
"max_diff": 6.5469,
"mean": 71.49611559774245,
"mean_diff": 0.03776119096509243,
"min": 0.0,
"min_diff": -3.5028,
"std": 50.83180930187745,
"std_diff": 0.5750856511451109
},
"left_solar": {
"max": 0,
"max_diff": 0.0,
"mean": 0.0,
"mean_diff": 0.0,
"min": 0,
"min_diff": 0.0,
"std": 0.0,
"std_diff": 0.0
},
"longitudinal_accel": {
"max": 2.700000000000001,
"max_diff": 0.3000000000000007,
"mean": 0.718009235505388,
"mean_diff": 0.0011550308008213552,
"min": -0.9000000000000004,
"min_diff": -0.3000000000000007,
"std": 1.148237517918014,
"std_diff": 0.047579508625199954
},
"meanEffTorque": {
"max": 175.5,
"max_diff": 5.0,
"mean": 47.41816316059518,
"mean_diff": 0.06801848049281314,
"min": -44.5,
"min_diff": -7.0,
"std": 69.6914411623098,
"std_diff": 0.9783953545905377
},
"odom": {
"max": 120,
"max_diff": 68.0,
"mean": 60.98922524371473,
"mean_diff": -0.01642710472279261,
"min": 0,
"min_diff": -108.0,
"std": 33.00285894708875,
"std_diff": 14.17577166238764
},
"odom_speed": {
"max": 24.0,
"max_diff": 1.0,
"mean": 7.88866085171883,
"mean_diff": 0.004106776180698152,
"min": 0.0,
"min_diff": -1.0,
"std": 5.681870541475646,
"std_diff": 0.1754535714787185
},
"pedal_cc": {
"max": 604.0,
"max_diff": 63.0,
"mean": 188.73370959466394,
"mean_diff": 0.223305954825462,
"min": 0.0,
"min_diff": -88.0,
"std": 234.36642624813837,
"std_diff": 5.5619463667752544
},
"regen": {
"max": 41.0,
"max_diff": 1.0,
"mean": 6.434068753206772,
"mean_diff": -0.014887063655030801,
"min": 0.0,
"min_diff": -1.0,
"std": 12.683557910530181,
"std_diff": 0.22265003149942775
},
"requestedTorqueAfterProc": {
"max": -272.5,
"max_diff": 125.5,
"mean": -352.4381734222678,
"mean_diff": 0.003080082135523614,
"min": -398.5,
"min_diff": -126.0,
"std": 39.70837963175623,
"std_diff": 8.47035479959125
},
"right_solar": {
"max": 0,
"max_diff": 0.0,
"mean": 0.0,
"mean_diff": 0.0,
"min": 0,
"min_diff": 0.0,
"std": 0.0,
"std_diff": 0.0
},
"steer_corrected": {
"max": 6.700000000000273,
"max_diff": 1.599999999999909,
"mean": -76.88019497178026,
"mean_diff": 0.0018993839835730354,
"min": -188.5999999999999,
"min_diff": -2.900000000000091,
"std": 78.64769641654809,
"std_diff": 0.42188766927011134
},
"steer_offset_can": {
"max": -13.300000000000182,
"max_diff": 0.0,
"mean": -13.300000000000182,
"mean_diff": 0.0,
"min": -13.300000000000182,
"min_diff": 0.0,
"std": 0.0,
"std_diff": 0.0
},
"steer_raw": {
"max": -6.599999999999909,
"max_diff": 1.599999999999909,
"mean": -90.18019497178042,
"mean_diff": 0.0018993839835730354,
"min": -201.9000000000001,
"min_diff": -2.900000000000091,
"std": 78.64769641654809,
"std_diff": 0.42188766927011134
},
"transversal_accel": {
"max": -0.45599999999998886,
"max_diff": 0.020000000000010232,
"mean": -0.534386865059005,
"mean_diff": -2.0533880903442904e-06,
"min": -0.6040000000000134,
"min_diff": -0.03200000000001069,
"std": 0.021879847084429332,
"std_diff": 0.004195430668486323
},
"utime": {
"max": 1542799341699985,
"max_diff": 23725.0,
"mean": 1542799331933988.0,
"mean_diff": 10036.230492813142,
"min": 1542799322149408,
"min_diff": 6.0,
"std": 5649287.145969897,
"std_diff": 1674.727691173564
}
}
},
"ZoeSensors": {
"message_count": 18911,
"message_freq": 967.3597049642417,
"timespan": 19.549088,
"var_stats": {
"brake_sensor": {
"max": 0.38923534750938416,
"max_diff": 0.0008414983749389648,
"mean": 0.2311371928966882,
"mean_diff": -2.1349951932191974e-06,
"min": 0.18923446536064148,
"min_diff": -0.004165977239608765,
"std": 0.053961574661295114,
"std_diff": 0.00016945237861114792
},
"steering_sensor": {
"max": 0.19115759432315826,
"max_diff": 0.00042933225631713867,
"mean": 0.18865919829811187,
"mean_diff": 3.7493244294197325e-09,
"min": 0.18752215802669525,
"min_diff": -0.0004214346408843994,
"std": 0.0005622719913443686,
"std_diff": 6.89009932852115e-05
},