{
"MS_IMU": {
"message_count": 1989,
"message_freq": 99.94989439934359,
"timespan": 19.899971,
"var_stats": {
"linear_accel": {
"max": 10.869255065917969,
"max_diff": 10.815101981163025,
"mean": 3.1772364457484708,
"mean_diff": 5.011211135800506,
"min": -1.548872947692871,
"min_diff": -1.229341208934784,
"std": 4.700429655010438,
"std_diff": 4.873984219079999
},
"q": {
"max": 0.9487434029579163,
"max_diff": 0.9554446330294013,
"mean": 0.32000257756305966,
"mean_diff": 0.19810866779151906,
"min": -0.01228559110313654,
"min_diff": -0.39618412498384714,
"std": 0.3841853297409825,
"std_diff": 0.5440828127871931
},
"rotation_rate": {
"max": 0.058906327933073044,
"max_diff": 0.09772955626249313,
"mean": -0.0006946925155073079,
"mean_diff": 0.00032158626438262637,
"min": -0.08654765784740448,
"min_diff": -0.09542727377265692,
"std": 0.01935060694802611,
"std_diff": 0.026024323646639192
},
"utime": {
"max": 1535658963950448,
"max_diff": 22945.0,
"mean": 1535658954006472.5,
"mean_diff": 10010.045774647888,
"min": 1535658944050477,
"min_diff": 2944.0,
"std": 5748062.783840031,
"std_diff": 4661.733331211171
}
}
},
"POSE": {
"message_count": 993,
"message_freq": 49.90194744736965,
"timespan": 19.899023,
"var_stats": {
"accel": {
"max": 10.379117807716733,
"max_diff": 10.530100033797419,
"mean": 3.175933772001926,
"mean_diff": 5.016724045605064,
"min": -1.35210254575258,
"min_diff": -1.1077744878859035,
"std": 4.699495203950813,
"std_diff": 4.861104335362419
},
"orientation": {
"max": 0.44471006845512007,
"max_diff": 0.0,
"mean": -0.12264301912929847,
"mean_diff": -0.44201616607888405,
"min": -0.9287666563875036,
"min_diff": -0.9287666563875036,
"std": 0.4847253757117019,
"std_diff": 0.37142299640471604
},
"pos": {
"max": 1003.2943986397489,
"max_diff": -390.5116757845068,
"mean": 462.16779698478786,
"mean_diff": -484.0908463732252,
"min": 0.0,
"min_diff": -553.1078821266917,
"std": 396.7520117202406,
"std_diff": 67.21660835013664
},
"rotation_rate": {
"max": 0.058906327933073044,
"max_diff": 0.08881442528218031,
"mean": -0.0007162561723420014,
"mean_diff": 0.00027464684022952503,
"min": -0.07779715210199356,
"min_diff": -0.09461642988026142,
"std": 0.01929919536056256,
"std_diff": 0.025863359878639382
},
"utime": {
"max": 1535658963951752,
"max_diff": 39925.0,
"mean": 1535658953990555.0,
"mean_diff": 20059.498991935485,
"min": 1535658944052729,
"min_diff": 13137.0,
"std": 5753892.508243572,
"std_diff": 1299.5979837449052
},
"vel": {
"max": 8.587120068332752,
"max_diff": 0.0,
"mean": 1.5375392250446622,
"mean_diff": -2.306308837566993,
"min": 0.0,
"min_diff": -8.587120068332752,
"std": 2.3686349531181494,
"std_diff": 2.5773294628910604
}
}
},
"SteerAngleFeedback": {
"message_count": 1955,
"message_freq": 98.23116571904158,
"timespan": 19.902034,
"var_stats": {
"utime": {
"max": 1535658963954811,
"max_diff": 30558.0,
"mean": 1535658954032935.8,
"mean_diff": 10185.278403275333,
"min": 1535658944052777,
"min_diff": 1054.0,
"std": 5739588.5325001115,
"std_diff": 1572.8265783363718
},
"value": {
"max": 0.5515960191421789,
"max_diff": 0.027925268031907688,
"mean": -0.004525694896097731,
"mean_diff": -0.00023044777226946785,
"min": -0.5706506898901782,
"min_diff": -0.01221730476396507,
"std": 0.2696305809261013,
"std_diff": 0.003532375392499675
}
}
},
"VEHICLE_MONITOR": {
"message_count": 41,
"message_freq": 2.050058836688613,
"timespan": 19.999426,
"var_stats": null
},
"ZOE_VEH_INFO": {
"message_count": 1978,
"message_freq": 99.40164531332047,
"timespan": 19.899067,
"var_stats": {
"FL_wheel_speed": {
"max": 268.9233,
"max_diff": 1.8348000000000297,
"mean": 144.3881684529828,
"mean_diff": -0.07787374810318663,
"min": 71.0568,
"min_diff": -2.8355999999999995,
"std": 50.83716105947393,
"std_diff": 0.36502348097469933
},
"FR_wheel_speed": {
"max": 270.3411,
"max_diff": 2.585399999999993,
"mean": 144.41260237613753,
"mean_diff": -0.07882291350531108,
"min": 71.5155,
"min_diff": -3.2526000000000295,
"std": 50.96836577816622,
"std_diff": 0.39241895256321824
},
"RL_wheel_speed": {
"max": 268.67310000000003,
"max_diff": 1.8765000000000214,
"mean": 144.10514393326594,
"mean_diff": -0.07797921092564493,
"min": 70.5564,
"min_diff": -3.0023999999999944,
"std": 50.902783098431186,
"std_diff": 0.3723005939271753
},
"RR_wheel_speed": {
"max": 276.1791,
"max_diff": 2.8355999999999995,
"mean": 146.84806789686553,
"mean_diff": -0.08095326251896813,
"min": 72.4329,
"min_diff": -3.0440999999999576,
"std": 51.99152981066154,
"std_diff": 0.3632673764165547
},
"left_solar": {
"max": 0,
"max_diff": 0.0,
"mean": 0.0,
"mean_diff": 0.0,
"min": 0,
"min_diff": 0.0,
"std": 0.0,
"std_diff": 0.0
},
"longitudinal_accel": {
"max": 0.9000000000000004,
"max_diff": 0.40000000000000036,
"mean": -0.2530333670374109,
"mean_diff": 0.0009357612544258977,
"min": -1.5,
"min_diff": -0.5500000000000007,
"std": 0.4756411243466603,
"std_diff": 0.04902059914934444
},
"meanEffTorque": {
"max": 62.0,
"max_diff": 2.0,
"mean": -8.328614762386248,
"mean_diff": 0.04957005563985837,
"min": -73.0,
"min_diff": -6.0,
"std": 28.317398821901875,
"std_diff": 0.582644857627721
},
"odom": {
"max": 120,
"max_diff": 84.0,
"mean": 56.72396359959555,
"mean_diff": -0.0020232675771370764,
"min": 0,
"min_diff": -96.0,
"std": 34.61873286794146,
"std_diff": 17.854353594846206
},
"odom_speed": {
"max": 30.0,
"max_diff": 1.0,
"mean": 16.144084934277046,
"mean_diff": -0.009104704097116844,
"min": 8.0,
"min_diff": -1.0,
"std": 5.8113211827992854,
"std_diff": 0.11431685621418629
},
"pedal_cc": {
"max": 295.0,
"max_diff": 25.0,
"mean": 54.56521739130435,
"mean_diff": 0.08700050581689428,
"min": 0.0,
"min_diff": -30.0,
"std": 68.22666412890197,
"std_diff": 2.7332083486419836
},
"regen": {
"max": 56.0,
"max_diff": 1.0,
"mean": 20.8685540950455,
"mean_diff": -0.019221041982802226,
"min": 0.0,
"min_diff": -3.0,
"std": 19.791913251733945,
"std_diff": 0.49236435776926873
},
"requestedTorqueAfterProc": {
"max": -272.5,
"max_diff": 126.0,
"mean": -331.1443377148635,
"mean_diff": -0.03338391502276176,
"min": -398.5,
"min_diff": -126.0,
"std": 48.38390272877067,
"std_diff": 8.461143196340402
},
"right_solar": {
"max": 0,
"max_diff": 0.0,
"mean": 0.0,
"mean_diff": 0.0,
"min": 0,
"min_diff": 0.0,
"std": 0.0,
"std_diff": 0.0
},
"steer_corrected": {
"max": 31.604123893064216,
"max_diff": 1.199999999999818,
"mean": -0.21341907963556986,
"mean_diff": -0.013050075872534235,
"min": -32.69587610693596,
"min_diff": -1.099999999999909,
"std": 15.388787253513414,
"std_diff": 0.19873564443625474
},
"steer_offset_can": {
"max": -12.300000000000182,
"max_diff": 0.0,
"mean": -12.30000000000018,
"mean_diff": 0.0,
"min": -12.300000000000182,
"min_diff": 0.0,
"std": 1.7763568394002505e-15,
"std_diff": 0.0
},
"steer_raw": {
"max": 19.90000000000009,
"max_diff": 1.199999999999818,
"mean": -11.917542972699694,
"mean_diff": -0.013050075872534235,
"min": -44.40000000000009,
"min_diff": -1.099999999999909,
"std": 15.388787253513414,
"std_diff": 0.19873564443625474
},
"transversal_accel": {
"max": -0.4240000000000066,
"max_diff": 0.03999999999999204,
"mean": -0.5005743174924148,
"mean_diff": -3.641881638846875e-05,
"min": -0.5800000000000125,
"min_diff": -0.036000000000001364,
"std": 0.024996699229304913,
"std_diff": 0.00532814830050767
},
"utime": {
"max": 1535658963954011,
"max_diff": 30579.0,
"mean": 1535658953994030.2,
"mean_diff": 10065.284269094587,
"min": 1535658944054944,
"min_diff": 2.0,
"std": 5740950.806376319,
"std_diff": 1771.5309683423652
}
}
},
"ZoeSensors": {
"message_count": 19067,
"message_freq": 957.9951267706858,
"timespan": 19.903024,
"var_stats": {
"brake_sensor": {
"max": 0.18457560241222382,
"max_diff": 3.1188130378723145e-05,
"mean": 0.18448721637115373,
"mean_diff": 1.4891782512722817e-08,
"min": 0.18417225778102875,
"min_diff": -2.0295381546020508e-05,
"std": 4.138554098124023e-05,
"std_diff": 4.570868023272541e-06
},
"steering_sensor": {
"max": 0.19573436677455902,
"max_diff": 0.0022726356983184814,
"mean": 0.1901253151591638,