{
"MS_IMU": {
"message_count": 1900,
"message_freq": 99.72625667417972,
"timespan": 19.052154,
"var_stats": {
"linear_accel": {
"max": 13.269279479980469,
"max_diff": 13.54292368888855,
"mean": 3.0924110992144787,
"mean_diff": 5.063606481721869,
"min": -2.1884617805480957,
"min_diff": -1.9050929546356201,
"std": 4.760909860275405,
"std_diff": 4.935469658285781
},
"q": {
"max": 0.9804319739341736,
"max_diff": 0.0233388626947999,
"mean": 0.19260501374233546,
"mean_diff": -0.3930616004059189,
"min": -0.21331162750720978,
"min_diff": -0.9924745028838515,
"std": 0.4614144835754182,
"std_diff": 0.4302785097495778
},
"rotation_rate": {
"max": 0.07760070264339447,
"max_diff": 0.21968547254800797,
"mean": 0.0002119901373888604,
"mean_diff": 0.0010408419641345739,
"min": -0.23219414055347443,
"min_diff": -0.2322500174632296,
"std": 0.013786804230589044,
"std_diff": 0.021367554280756585
},
"utime": {
"max": 1532402061201001,
"max_diff": 32960.0,
"mean": 1532402051662629.2,
"mean_diff": 10032.729857819906,
"min": 1532402042148847,
"min_diff": 1947.0,
"std": 5500469.359737431,
"std_diff": 5090.735523456561
}
}
},
"POSE": {
"message_count": 947,
"message_freq": 49.738162973734994,
"timespan": 19.039706,
"var_stats": {
"accel": {
"max": 11.920287891900843,
"max_diff": 12.193522792024746,
"mean": 3.0911786986248178,
"mean_diff": 5.0615828983206095,
"min": -1.9132745307168544,
"min_diff": -1.6339933311381276,
"std": 4.7546386873078275,
"std_diff": 4.927135287597608
},
"orientation": {
"max": 0.8397449200288912,
"max_diff": 0.5540087434827816,
"mean": 0.346479166159997,
"mean_diff": -0.0938205962312818,
"min": 0.0,
"min_diff": -0.8397449200288912,
"std": 0.36048881732596527,
"std_diff": 0.569676249334778
},
"pos": {
"max": 1092.3864528449155,
"max_diff": 726.2945291792355,
"mean": 482.5896017718461,
"mean_diff": -181.42674349489855,
"min": 0.0,
"min_diff": -1092.3864528449155,
"std": 451.0017584274076,
"std_diff": 903.5445147629496
},
"rotation_rate": {
"max": 0.07738610357046127,
"max_diff": 0.20875804405659437,
"mean": 0.00016648670618839753,
"mean_diff": 0.0010995314725687037,
"min": -0.21872946619987488,
"min_diff": -0.21825646742945537,
"std": 0.013551050720267764,
"std_diff": 0.02106203557068106
},
"utime": {
"max": 1532402061201729,
"max_diff": 40846.0,
"mean": 1532402051683188.0,
"mean_diff": 20126.53911205074,
"min": 1532402042162023,
"min_diff": 14739.0,
"std": 5495331.05929875,
"std_diff": 1740.7638772611363
},
"vel": {
"max": 8.440816787065884,
"max_diff": 0.0,
"mean": 0.8536497717765286,
"mean_diff": -1.2804746576647927,
"min": 0.0,
"min_diff": -8.440816787065884,
"std": 2.240255561273391,
"std_diff": 2.6422677797838636
}
}
},
"SteerAngleFeedback": {
"message_count": 1833,
"message_freq": 96.25050461939409,
"timespan": 19.044056,
"var_stats": {
"utime": {
"max": 1532402061198609,
"max_diff": 30277.0,
"mean": 1532402051713422.5,
"mean_diff": 10395.227074235809,
"min": 1532402042154553,
"min_diff": 2033.0,
"std": 5505091.594695461,
"std_diff": 2263.167225499925
},
"value": {
"max": 0.12566370614358854,
"max_diff": 0.008726646259971646,
"mean": 0.03882572044698329,
"mean_diff": 6.287758222250227e-05,
"min": -0.06283185307179427,
"min_diff": -0.0069813170079789065,
"std": 0.03561349629277863,
"std_diff": 0.0011616936372129646
}
}
},
"VEHICLE_MONITOR": {
"message_count": 38,
"message_freq": 1.999978105502845,
"timespan": 19.000208,
"var_stats": {
"available_distance": {
"max": 125,
"max_diff": 0.0,
"mean": 125.0,
"mean_diff": 0.0,
"min": 125,
"min_diff": 0.0,
"std": 0.0,
"std_diff": 0.0
},
"battery_level": {
"max": 95,
"max_diff": 0.0,
"mean": 95.0,
"mean_diff": 0.0,
"min": 95,
"min_diff": 0.0,
"std": 0.0,
"std_diff": 0.0
},
"brake": {
"max": 17,
"max_diff": 8.0,
"mean": 9.68421052631579,
"mean_diff": 0.43243243243243246,
"min": 0,
"min_diff": -5.0,
"std": 7.437830976829817,
"std_diff": 2.444414930723246
},
"brake_switch": {
"max": 4,
"max_diff": 3.0,
"mean": 3.6052631578947367,
"mean_diff": 0.08108108108108109,
"min": 1,
"min_diff": 0.0,
"std": 1.014097308841984,
"std_diff": 0.4864864864864867
},
"gear_position": {
"max": 7,
"max_diff": 0.0,
"mean": 7.0,
"mean_diff": 0.0,
"min": 7,
"min_diff": 0.0,
"std": 0.0,
"std_diff": 0.0
},
"left_signal": {
"max": 0,
"max_diff": 0.0,
"mean": 0.0,
"mean_diff": 0.0,
"min": 0,
"min_diff": 0.0,
"std": 0.0,
"std_diff": 0.0
},
"rear_left_rpm": {
"max": 267.0468,
"max_diff": 9.799499999999995,
"mean": 72.07076842105263,
"mean_diff": -6.794845945945947,
"min": 0.0,
"min_diff": -42.74250000000001,
"std": 100.946902132896,
"std_diff": 11.070553288221346
},
"rear_right_rpm": {
"max": 265.4622,
"max_diff": 10.758600000000001,
"mean": 72.05760000000001,
"mean_diff": -6.814005405405405,
"min": 0.0,
"min_diff": -39.489900000000006,
"std": 100.84392547444166,
"std_diff": 10.859236139229052
},
"right_signal": {
"max": 0,
"max_diff": 0.0,
"mean": 0.0,
"mean_diff": 0.0,
"min": 0,
"min_diff": 0.0,
"std": 0.0,
"std_diff": 0.0
},
"steering": {
"max": 6.800000000000182,
"max_diff": 4.400000000000091,
"mean": 2.1842105263157774,
"mean_diff": 0.016216216216213757,
"min": -3.099999999999909,
"min_diff": -4.699999999999818,
"std": 2.0029617958610104,
"std_diff": 1.4886078229499908
},
"steering_speed": {
"max": 13.900000000000272,
"max_diff": 20.0,
"mean": -0.16578947368402217,
"mean_diff": -0.21351351351351597,
"min": -21.99999999999982,
"min_diff": -23.90000000000009,
"std": 4.466794229928315,
"std_diff": 6.445537411270529
},
"throttle": {
"max": 242,
"max_diff": 0.0,
"mean": 9.605263157894736,
"mean_diff": -6.54054054054054,
"min": 0,
"min_diff": -123.0,
"std": 42.977068226576364,
"std_diff": 27.364994994685585
},
"utime": {
"max": 1532402061631430,
"max_diff": 1001203.0,
"mean": 1532402052276389.2,
"mean_diff": 513519.13513513515,
"min": 1532402042631222,
"min_diff": 498626.0,
"std": 5629106.284513555,
"std_diff": 81282.71978888893
},
"vehicle_speed": {
"max": 30.36,
"max_diff": 1.3900000000000006,
"mean": 8.27763157894737,
"mean_diff": -0.7694594594594595,
"min": 0.0,
"min_diff": -4.57,
"std": 11.531099923390368,
"std_diff": 1.2536259753986845
},
"yaw_rate": {
"max": 0.9000000000000341,
"max_diff": 0.9000000000000057,
"mean": -0.05789473684208028,
"mean_diff": 0.0,
"min": -0.4999999999999716,
"min_diff": -0.8000000000000114,
"std": 0.26717979255783464,
"std_diff": 0.3187814637359324
}
}
},
"ZOE_VEH_INFO": {
"message_count": 1896,
"message_freq": 99.521969107247,
"timespan": 19.05107,
"var_stats": {
"FL_wheel_speed": {
"max": 269.8407,
"max_diff": 7.672799999999995,
"mean": 79.67774715189873,
"mean_diff": -0.12661836411609498,
"min": 0.0,
"min_diff": -6.755400000000009,
"std": 102.96392114338065,
"std_diff": 0.6265388775210565
},
"FR_wheel_speed": {
"max": 269.8407,
"max_diff": 6.2967000000000155,
"mean": 79.5621924050633,
"mean_diff": -0.1262662796833773,
"min": 0.0,
"min_diff": -6.7971,
"std": 102.85265038514545,
"std_diff": 0.7632512582060889
},
"RL_wheel_speed": {
"max": 268.9233,
"max_diff": 6.755399999999952,
"mean": 79.54184825949368,
"mean_diff": -0.12452786279683378,
"min": 0.0,
"min_diff": -6.338399999999979,
"std": 102.85155814289477,
"std_diff": 0.7635278014746542
},
"RR_wheel_speed": {
"max": 269.1735,
"max_diff": 8.631899999999973,
"mean": 79.60648765822785,
"mean_diff": -0.12439583113456464,
"min": 0.0,
"min_diff": -6.546899999999994,
"std": 102.95449544568255,
"std_diff": 0.7618131778602364
},
"left_solar": {
"max": 0,
"max_diff": 112.0,
"mean": -14.20253164556962,
"mean_diff": 0.05910290237467018,
"min": -112,
"min_diff": -112.0,
"std": 36.721455717965036,
"std_diff": 8.437427000757106
},
"longitudinal_accel": {
"max": 1.8000000000000007,
"max_diff": 0.8000000000000007,
"mean": -0.26964662447257326,
"mean_diff": -0.0004485488126649075,
"min": -1.9499999999999993,
"min_diff": -0.6500000000000004,
"std": 0.7375051538253721,
"std_diff": 0.07773888617683838
},
"meanEffTorque": {
"max": 78.5,
"max_diff": 1.0,
"mean": -13.147415611814345,
"mean_diff": -0.04142480211081794,
"min": -80.0,
"min_diff": -3.0,
"std": 33.31350449785391,