{
"MS_IMU": {
"message_count": 1947,
"message_freq": 99.71602698775602,
"timespan": 19.525447,
"var_stats": {
"linear_accel": {
"max": 13.771085739135742,
"max_diff": 13.342348426580429,
"mean": 3.450521158329919,
"mean_diff": 4.797019652984247,
"min": -1.8876893520355225,
"min_diff": -1.4891317188739777,
"std": 4.533383180296752,
"std_diff": 4.722119419197982
},
"q": {
"max": 0.012221943587064743,
"max_diff": 1.0036359569057822,
"mean": -0.3444619079445356,
"mean_diff": 0.04280961395563879,
"min": -0.9994956254959106,
"min_diff": -0.7269313801079988,
"std": 0.36241690410459165,
"std_diff": 0.5744617481874973
},
"rotation_rate": {
"max": 0.4164602756500244,
"max_diff": 0.4295547232031822,
"mean": 0.027441719576109292,
"mean_diff": 0.03979863168853917,
"min": -0.1375090628862381,
"min_diff": -0.17703912034630775,
"std": 0.09142898745032037,
"std_diff": 0.11113173327660995
},
"utime": {
"max": 1535485831947267,
"max_diff": 39952.0,
"mean": 1535485822175387.8,
"mean_diff": 10033.631551901337,
"min": 1535485812421820,
"min_diff": 1950.0,
"std": 5649064.303080318,
"std_diff": 5578.072788455772
}
}
},
"POSE": {
"message_count": 974,
"message_freq": 49.79404742325774,
"timespan": 19.560571,
"var_stats": {
"accel": {
"max": 11.059304095985363,
"max_diff": 10.99165974072294,
"mean": 3.4528439092347663,
"mean_diff": 4.790481574071769,
"min": -1.0245615165482156,
"min_diff": -1.4844439629722723,
"std": 4.516132516394867,
"std_diff": 4.705958669239221
},
"orientation": {
"max": 0.9999999258340299,
"max_diff": 0.9999999258340299,
"mean": -0.09779762774253722,
"mean_diff": -0.20269115599897092,
"min": -0.9999996009727555,
"min_diff": -0.9999996009727555,
"std": 0.4903423538793402,
"std_diff": 0.5406011733368086
},
"pos": {
"max": 1937.0972458633898,
"max_diff": -862.4693623254456,
"mean": 918.7219955464465,
"mean_diff": -942.2708003781684,
"min": 0.0,
"min_diff": -1074.6278835379444,
"std": 770.4562210114424,
"std_diff": 76.66666579837626
},
"rotation_rate": {
"max": 0.4161231517791748,
"max_diff": 0.4295547232031822,
"mean": 0.027292562813316722,
"mean_diff": 0.03964207438943688,
"min": -0.12909063696861267,
"min_diff": -0.17025172477588058,
"std": 0.09103666244666932,
"std_diff": 0.11065321729300501
},
"utime": {
"max": 1535485831960512,
"max_diff": 40612.0,
"mean": 1535485822175139.5,
"mean_diff": 20103.361767728675,
"min": 1535485812399941,
"min_diff": 13910.0,
"std": 5652799.977377084,
"std_diff": 1575.342334990369
},
"vel": {
"max": 8.823288855097697,
"max_diff": 0.0,
"mean": 2.2192420860047966,
"mean_diff": -3.328863129007195,
"min": 0.0,
"min_diff": -8.823288855097697,
"std": 3.34924819322129,
"std_diff": 3.6238679077020626
}
}
},
"SteerAngleFeedback": {
"message_count": 1920,
"message_freq": 98.19739753370077,
"timespan": 19.552453,
"var_stats": {
"utime": {
"max": 1535485831954462,
"max_diff": 30914.0,
"mean": 1535485822160378.5,
"mean_diff": 10188.875977071391,
"min": 1535485812402009,
"min_diff": 1965.0,
"std": 5652048.845097904,
"std_diff": 1705.1011086640433
},
"value": {
"max": 4.209806131322292,
"max_diff": 0.022689280275929535,
"mean": 0.8339057527292163,
"mean_diff": -0.0008158209166435217,
"min": -0.15526232791552458,
"min_diff": -0.052359877559829515,
"std": 1.410452378613624,
"std_diff": 0.00747900366576058
}
}
},
"VEHICLE_MONITOR": {
"message_count": 40,
"message_freq": 2.051394194164666,
"timespan": 19.498934,
"var_stats": {
"available_distance": {
"max": 27,
"max_diff": 0.0,
"mean": 27.0,
"mean_diff": 0.0,
"min": 27,
"min_diff": 0.0,
"std": 0.0,
"std_diff": 0.0
},
"battery_level": {
"max": 50,
"max_diff": 0.0,
"mean": 50.0,
"mean_diff": 0.0,
"min": 50,
"min_diff": 0.0,
"std": 0.0,
"std_diff": 0.0
},
"brake": {
"max": 0,
"max_diff": 0.0,
"mean": 0.0,
"mean_diff": 0.0,
"min": 0,
"min_diff": 0.0,
"std": 0.0,
"std_diff": 0.0
},
"brake_switch": {
"max": 2,
"max_diff": 1.0,
"mean": 1.05,
"mean_diff": 0.0,
"min": 1,
"min_diff": -1.0,
"std": 0.2179449471770337,
"std_diff": 0.22645540682891915
},
"gear_position": {
"max": 7,
"max_diff": 0.0,
"mean": 7.0,
"mean_diff": 0.0,
"min": 7,
"min_diff": 0.0,
"std": 0.0,
"std_diff": 0.0
},
"left_signal": {
"max": 1,
"max_diff": 1.0,
"mean": 0.1,
"mean_diff": 0.0,
"min": 0,
"min_diff": -1.0,
"std": 0.30000000000000004,
"std_diff": 0.32025630761017426
},
"rear_left_rpm": {
"max": 278.0139,
"max_diff": 24.060900000000004,
"mean": 208.3008825,
"mean_diff": 2.846292307692308,
"min": 78.0207,
"min_diff": -13.802699999999987,
"std": 64.95650272047014,
"std_diff": 10.086475556099217
},
"rear_right_rpm": {
"max": 284.1438,
"max_diff": 22.434600000000003,
"mean": 216.28539,
"mean_diff": 2.7917615384615386,
"min": 85.9854,
"min_diff": -13.55249999999998,
"std": 60.82759875201306,
"std_diff": 9.901003716293575
},
"right_signal": {
"max": 0,
"max_diff": 0.0,
"mean": 0.0,
"mean_diff": 0.0,
"min": 0,
"min_diff": 0.0,
"std": 0.0,
"std_diff": 0.0
},
"steering": {
"max": 241.80000000000018,
"max_diff": 37.19999999999982,
"mean": 46.63000000000021,
"mean_diff": -3.1820512820512796,
"min": -7.799999999999727,
"min_diff": -59.0,
"std": 80.0868503563475,
"std_diff": 18.494196897112474
},
"steering_speed": {
"max": 55.70000000000046,
"max_diff": 53.800000000000196,
"mean": -6.417499999999734,
"mean_diff": -1.7871794871794937,
"min": -135.49999999999983,
"min_diff": -81.70000000000027,
"std": 36.73336281570202,
"std_diff": 19.852613074627293
},
"throttle": {
"max": 387,
"max_diff": 118.0,
"mean": 145.6,
"mean_diff": -5.102564102564102,
"min": 0,
"min_diff": -136.0,
"std": 125.5037449640448,
"std_diff": 55.899082544553565
},
"utime": {
"max": 1535485832291590,
"max_diff": 500675.0,
"mean": 1535485822542066.5,
"mean_diff": 499972.6666666667,
"min": 1535485812792656,
"min_diff": 499324.0,
"std": 5771489.761270533,
"std_diff": 334.50440442720117
},
"vehicle_speed": {
"max": 31.76,
"max_diff": 2.5799999999999983,
"mean": 24.060000000000002,
"mean_diff": 0.32794871794871794,
"min": 9.17,
"min_diff": -1.5600000000000023,
"std": 7.026524033972986,
"std_diff": 1.1076011952081677
},
"yaw_rate": {
"max": 23.50000000000003,
"max_diff": 4.900000000000006,
"mean": 4.162500000000022,
"mean_diff": -0.19999999999999957,
"min": -2.6999999999999886,
"min_diff": -5.699999999999989,
"std": 7.852378222551433,
"std_diff": 2.053265067130262
}
}
},
"ZOE_VEH_INFO": {
"message_count": 1948,
"message_freq": 99.59278921620731,
"timespan": 19.559649,
"var_stats": {
"FL_wheel_speed": {
"max": 283.6434,
"max_diff": 8.9238,
"mean": 209.06883680698152,
"mean_diff": 0.06562342064714946,
"min": 63.5925,
"min_diff": -8.423400000000015,
"std": 66.12913932962586,
"std_diff": 0.8954373013524292
},
"FR_wheel_speed": {
"max": 289.0227,
"max_diff": 9.340800000000002,
"mean": 212.73160811088295,
"mean_diff": 0.06371725731895225,
"min": 67.5123,
"min_diff": -11.467499999999973,
"std": 60.99274194909529,
"std_diff": 0.9883698808785679
},
"RL_wheel_speed": {
"max": 284.3523,
"max_diff": 8.173200000000008,
"mean": 207.6866573408624,
"mean_diff": 0.06335315870570109,
"min": 63.5925,
"min_diff": -10.258199999999988,
"std": 66.94656586096191,
"std_diff": 0.9710312765747157
},
"RR_wheel_speed": {
"max": 287.8551,
"max_diff": 7.714499999999987,
"mean": 215.41019091375767,
"mean_diff": 0.06553775038520801,
"min": 68.6799,
"min_diff": -9.59099999999998,
"std": 62.83884760340802,
"std_diff": 0.9032738129086142
},
"left_solar": {
"max": 32,
"max_diff": 144.0,
"mean": -74.52977412731006,
"mean_diff": 0.016435541859270673,
"min": -112,
"min_diff": -112.0,
"std": 29.982175343816184,
"std_diff": 7.105611477180784
},
"longitudinal_accel": {
"max": 1.6500000000000004,
"max_diff": 1.0,
"mean": 0.11632443531827578,
"mean_diff": -0.001027221366204417,
"min": -1.3499999999999996,
"min_diff": -1.0999999999999996,
"std": 0.716731645758196,
"std_diff": 0.12820707753065352
},
"meanEffTorque": {
"max": 109.0,
"max_diff": 3.0,
"mean": 22.494096509240247,
"mean_diff": -0.05264509501797637,
"min": -42.0,
"min_diff": -4.0,
"std": 41.15835711524458,
"std_diff": 0.4579682457377225
},
"odom": {
"max": 124,