{
"MS_IMU": {
"message_count": 1894,
"message_freq": 99.69581197054036,
"timespan": 18.997789,
"var_stats": {
"linear_accel": {
"max": 12.062973022460938,
"max_diff": 12.889117240905762,
"mean": 3.117617382476279,
"mean_diff": 4.9720670306631805,
"min": -1.525311827659607,
"min_diff": -1.960352599620819,
"std": 4.761195701461828,
"std_diff": 5.200416830349451
},
"q": {
"max": 0.29243898391723633,
"max_diff": 0.9980071350219077,
"mean": -0.22225290410334986,
"mean_diff": 0.3490376470312472,
"min": -0.9999789595603943,
"min_diff": -0.45781282521784306,
"std": 0.44788800266173895,
"std_diff": 0.456586773637684
},
"rotation_rate": {
"max": 0.10185948759317398,
"max_diff": 0.2014656811952591,
"mean": -0.02740563257172822,
"mean_diff": -0.041004138896808914,
"min": -0.2120709866285324,
"min_diff": -0.2548452988266945,
"std": 0.060396112109061775,
"std_diff": 0.07147550701674461
},
"utime": {
"max": 1532621807719576,
"max_diff": 28992.0,
"mean": 1532621798206829.2,
"mean_diff": 10035.810353935552,
"min": 1532621788721787,
"min_diff": 1937.0,
"std": 5486957.245689602,
"std_diff": 5422.360572479525
}
}
},
"POSE": {
"message_count": 944,
"message_freq": 49.68747682413439,
"timespan": 18.998751,
"var_stats": {
"accel": {
"max": 11.07411844852107,
"max_diff": 11.672507624870255,
"mean": 3.11360538026585,
"mean_diff": 4.974433954327882,
"min": -1.0843277956102015,
"min_diff": -1.6209801330828997,
"std": 4.757255700916801,
"std_diff": 5.191430414994142
},
"orientation": {
"max": 0.9561376793179693,
"max_diff": 0.9561376793179693,
"mean": 0.34115609040417577,
"mean_diff": -0.035613091579670214,
"min": 0.0,
"min_diff": -0.8802827807904836,
"std": 0.3655304665553035,
"std_diff": 0.5762508490592194
},
"pos": {
"max": 1712.0413931853514,
"max_diff": -793.960344245579,
"mean": 842.9858539423976,
"mean_diff": -851.174026144866,
"min": 0.0,
"min_diff": -918.0810489397724,
"std": 695.1403716647264,
"std_diff": 29.271826494422204
},
"rotation_rate": {
"max": 0.08899789303541183,
"max_diff": 0.18431154638528824,
"mean": -0.027550989288359567,
"mean_diff": -0.041009812013561825,
"min": -0.21193376183509827,
"min_diff": -0.238491028547287,
"std": 0.06031436655238128,
"std_diff": 0.07127790652940601
},
"utime": {
"max": 1532621807711291,
"max_diff": 42932.0,
"mean": 1532621798204621.5,
"mean_diff": 20147.137857900318,
"min": 1532621788712540,
"min_diff": 17120.0,
"std": 5486481.273044204,
"std_diff": 1827.4187295835454
},
"vel": {
"max": 5.795011648142807,
"max_diff": 0.0,
"mean": 1.0600150322140904,
"mean_diff": -1.5900225483211354,
"min": 0.0,
"min_diff": -5.795011648142807,
"std": 1.8263135829606212,
"std_diff": 2.039707835345497
}
}
},
"SteerAngleFeedback": {
"message_count": 1870,
"message_freq": 98.39991218728692,
"timespan": 19.004082,
"var_stats": {
"utime": {
"max": 1532621807702772,
"max_diff": 30227.0,
"mean": 1532621798193745.0,
"mean_diff": 10168.048154093098,
"min": 1532621788698690,
"min_diff": 6883.0,
"std": 5490455.381955704,
"std_diff": 1488.063680495678
},
"value": {
"max": 0.9565124056048602,
"max_diff": 0.019198621771935986,
"mean": -0.5762329435031062,
"mean_diff": 0.0003371128196735962,
"min": -1.6702081186466058,
"min_diff": -0.031415926535901084,
"std": 0.8806308720673244,
"std_diff": 0.005124972525370724
}
}
},
"VEHICLE_MONITOR": {
"message_count": 39,
"message_freq": 2.0526999662672973,
"timespan": 18.999367,
"var_stats": {
"available_distance": {
"max": 34,
"max_diff": 0.0,
"mean": 34.0,
"mean_diff": 0.0,
"min": 34,
"min_diff": 0.0,
"std": 0.0,
"std_diff": 0.0
},
"battery_level": {
"max": 40,
"max_diff": 0.0,
"mean": 40.0,
"mean_diff": 0.0,
"min": 40,
"min_diff": 0.0,
"std": 0.0,
"std_diff": 0.0
},
"brake": {
"max": 11,
"max_diff": 3.0,
"mean": 1.8205128205128205,
"mean_diff": 0.0,
"min": 0,
"min_diff": -11.0,
"std": 3.4483128157805893,
"std_diff": 1.9330913339165219
},
"brake_switch": {
"max": 2,
"max_diff": 1.0,
"mean": 1.4615384615384615,
"mean_diff": 0.0,
"min": 1,
"min_diff": -1.0,
"std": 0.4985185152621432,
"std_diff": 0.22941573387056177
},
"gear_position": {
"max": 7,
"max_diff": 0.0,
"mean": 7.0,
"mean_diff": 0.0,
"min": 7,
"min_diff": 0.0,
"std": 0.0,
"std_diff": 0.0
},
"left_signal": {
"max": 0,
"max_diff": 0.0,
"mean": 0.0,
"mean_diff": 0.0,
"min": 0,
"min_diff": 0.0,
"std": 0.0,
"std_diff": 0.0
},
"rear_left_rpm": {
"max": 182.6877,
"max_diff": 29.4402,
"mean": 101.96505384615385,
"mean_diff": -1.5922815789473688,
"min": 0.0,
"min_diff": -11.42580000000001,
"std": 57.95199986350262,
"std_diff": 10.763149524036443
},
"rear_right_rpm": {
"max": 180.6444,
"max_diff": 31.5669,
"mean": 100.1013846153846,
"mean_diff": -1.506686842105263,
"min": 0.0,
"min_diff": -11.217300000000009,
"std": 55.99201040715674,
"std_diff": 10.842532510495078
},
"right_signal": {
"max": 0,
"max_diff": 0.0,
"mean": 0.0,
"mean_diff": 0.0,
"min": 0,
"min_diff": 0.0,
"std": 0.0,
"std_diff": 0.0
},
"steering": {
"max": 55.40000000000009,
"max_diff": 18.59999999999991,
"mean": -32.38205128205111,
"mean_diff": 0.8526315789473708,
"min": -95.09999999999991,
"min_diff": -42.79999999999973,
"std": 49.95887986978414,
"std_diff": 12.296271083075398
},
"steering_speed": {
"max": 51.70000000000046,
"max_diff": 71.69999999999982,
"mean": 1.6435897435900375,
"mean_diff": -1.5736842105263087,
"min": -87.69999999999963,
"min_diff": -67.79999999999973,
"std": 27.496058410968296,
"std_diff": 27.45964200528057
},
"throttle": {
"max": 338,
"max_diff": 183.0,
"mean": 66.15384615384616,
"mean_diff": 3.1052631578947367,
"min": 0,
"min_diff": -180.0,
"std": 100.09931951446215,
"std_diff": 50.367486104725295
},
"utime": {
"max": 1532621807776291,
"max_diff": 500887.0,
"mean": 1532621798277012.8,
"mean_diff": 499983.34210526315,
"min": 1532621788776924,
"min_diff": 499036.0,
"std": 5627185.7307095565,
"std_diff": 449.56506913353667
},
"vehicle_speed": {
"max": 20.7,
"max_diff": 3.11,
"mean": 11.53897435897436,
"mean_diff": -0.18105263157894735,
"min": 0.0,
"min_diff": -1.2399999999999984,
"std": 6.505557700869506,
"std_diff": 1.2125045620612696
},
"yaw_rate": {
"max": 1.0000000000000284,
"max_diff": 1.8999999999999773,
"mean": -4.869230769230745,
"mean_diff": 0.16578947368421007,
"min": -11.199999999999989,
"min_diff": -4.099999999999994,
"std": 4.302781083126317,
"std_diff": 1.0415768197632587
}
}
},
"ZOE_VEH_INFO": {
"message_count": 1892,
"message_freq": 99.63502615630082,
"timespan": 18.989306,
"var_stats": {
"FL_wheel_speed": {
"max": 185.5233,
"max_diff": 6.7971,
"mean": 101.62799127906978,
"mean_diff": -0.033981861448968795,
"min": 0.0,
"min_diff": -4.0031999999999925,
"std": 58.36901459321117,
"std_diff": 0.5528615264884134
},
"FR_wheel_speed": {
"max": 178.059,
"max_diff": 7.2558,
"mean": 97.82105898520085,
"mean_diff": -0.03140179799048123,
"min": 0.0,
"min_diff": -4.628700000000009,
"std": 55.20377533552851,
"std_diff": 0.5546089057110103
},
"RL_wheel_speed": {
"max": 188.8176,
"max_diff": 5.1291,
"mean": 101.14866168076111,
"mean_diff": -0.0351065044949762,
"min": 0.0,
"min_diff": -3.7530000000000143,
"std": 58.071202687116774,
"std_diff": 0.5036857059103849
},
"RR_wheel_speed": {
"max": 181.0614,
"max_diff": 4.9206,
"mean": 99.27775988372093,
"mean_diff": -0.03212950819672133,
"min": 0.0,
"min_diff": -4.920599999999979,
"std": 56.003056178072434,
"std_diff": 0.49859621145781496
},
"left_solar": {
"max": 0,
"max_diff": 0.0,
"mean": 0.0,
"mean_diff": 0.0,
"min": 0,
"min_diff": 0.0,
"std": 0.0,
"std_diff": 0.0
},
"longitudinal_accel": {
"max": 1.700000000000001,
"max_diff": 0.6500000000000004,
"mean": -0.2026427061310777,
"mean_diff": 0.0003966155473294553,
"min": -1.1500000000000004,
"min_diff": -0.5999999999999996,
"std": 0.7081549988259865,
"std_diff": 0.055511669933965106
},
"meanEffTorque": {
"max": 118.0,
"max_diff": 6.0,
"mean": 3.0927589852008457,
"mean_diff": 0.025912215758857746,
"min": -42.5,
"min_diff": -3.5,
"std": 42.18859907062967,
"std_diff": 0.5486536096753021
},
"odom": {
"max": 120,
"max_diff": 60.0,
"mean": 60.17970401691332,
"mean_diff": 0.006345848757271285,