{
"MS_IMU": {
"message_count": 1942,
"message_freq": 99.45601859735363,
"timespan": 19.526219,
"var_stats": {
"linear_accel": {
"max": 11.690000534057617,
"max_diff": 14.375683307647705,
"mean": 3.2674702914637894,
"mean_diff": 4.749005661514527,
"min": -3.965229034423828,
"min_diff": -4.376323103904724,
"std": 4.657335762559081,
"std_diff": 5.407791348040845
},
"q": {
"max": 0.2374701052904129,
"max_diff": 1.0011319133918732,
"mean": -0.26642584888750853,
"mean_diff": 0.27300427028822166,
"min": -0.999989926815033,
"min_diff": -0.46229387214407325,
"std": 0.42310434157360266,
"std_diff": 0.5064568097485146
},
"rotation_rate": {
"max": 0.1893906444311142,
"max_diff": 0.1715933308005333,
"mean": -0.024563982726460282,
"mean_diff": -0.036121672165652825,
"min": -0.3814036548137665,
"min_diff": -0.4053903967142105,
"std": 0.07777596473653674,
"std_diff": 0.09484965772335069
},
"utime": {
"max": 1537297513446601,
"max_diff": 29979.0,
"mean": 1537297503677383.5,
"mean_diff": 10059.875837197322,
"min": 1537297493920382,
"min_diff": 1961.0,
"std": 5634375.2476694975,
"std_diff": 5362.070940915745
}
}
},
"POSE": {
"message_count": 970,
"message_freq": 49.64256076799601,
"timespan": 19.539685,
"var_stats": {
"accel": {
"max": 10.526460912808945,
"max_diff": 13.018368392841522,
"mean": 3.267881641429494,
"mean_diff": 4.749892691770529,
"min": -2.579428578585953,
"min_diff": -2.8918816845909032,
"std": 4.650952573531767,
"std_diff": 5.3944612984871325
},
"orientation": {
"max": 0.9546864873472399,
"max_diff": 0.9546864873472399,
"mean": 0.33240713867345706,
"mean_diff": 0.06020409863398514,
"min": 0.0,
"min_diff": -0.8516299632875786,
"std": 0.37350434289165246,
"std_diff": 0.5742027515094321
},
"pos": {
"max": 1635.892504451519,
"max_diff": 461.3917806170034,
"mean": 918.9232583416557,
"mean_diff": -581.9567151504856,
"min": 0.0,
"min_diff": -1635.892504451519,
"std": 673.0834479132814,
"std_diff": 1011.1263207485393
},
"rotation_rate": {
"max": 0.1886661946773529,
"max_diff": 0.1715933308005333,
"mean": -0.02449306879681049,
"mean_diff": -0.035896150399506124,
"min": -0.3814036548137665,
"min_diff": -0.40368418395519257,
"std": 0.07776118290916191,
"std_diff": 0.094932568086224
},
"utime": {
"max": 1537297513446121,
"max_diff": 41901.0,
"mean": 1537297503690395.8,
"mean_diff": 20164.79360165119,
"min": 1537297493906436,
"min_diff": 11802.0,
"std": 5655227.268335442,
"std_diff": 1947.7119451235112
},
"vel": {
"max": 6.7097742246041205,
"max_diff": 0.0,
"mean": 1.2643217999190253,
"mean_diff": -1.8964826998785378,
"min": 0.0,
"min_diff": -6.7097742246041205,
"std": 2.2163937727479537,
"std_diff": 2.483892071628918
}
}
},
"SteerAngleFeedback": {
"message_count": 1926,
"message_freq": 98.55261212777393,
"timespan": 19.542861,
"var_stats": {
"utime": {
"max": 1537297513449217,
"max_diff": 29974.0,
"mean": 1537297503676345.2,
"mean_diff": 10152.135584415584,
"min": 1537297493906356,
"min_diff": 5422.0,
"std": 5645567.632575121,
"std_diff": 1420.9385454440155
},
"value": {
"max": 0.050686523819801536,
"max_diff": 0.03141592653589331,
"mean": -0.6297435873577528,
"mean_diff": -4.7146556417507615e-05,
"min": -3.3073269570172825,
"min_diff": -0.03490658503988664,
"std": 1.0590971127550393,
"std_diff": 0.006992934784207826
}
}
},
"VEHICLE_MONITOR": {
"message_count": 39,
"message_freq": 2.0000445138112304,
"timespan": 19.499566,
"var_stats": null
},
"ZOE_VEH_INFO": {
"message_count": 1937,
"message_freq": 99.12558136488198,
"timespan": 19.540869,
"var_stats": {
"FL_wheel_speed": {
"max": 213.2955,
"max_diff": 11.467500000000001,
"mean": 122.27977108931337,
"mean_diff": 0.0789198347107438,
"min": 0.0,
"min_diff": -10.758600000000015,
"std": 71.80088307248285,
"std_diff": 0.6844386714365461
},
"FR_wheel_speed": {
"max": 211.7109,
"max_diff": 4.670400000000001,
"mean": 118.95681713990707,
"mean_diff": 0.078682902892562,
"min": 0.0,
"min_diff": -3.753,
"std": 70.52063162073426,
"std_diff": 0.5143638415758882
},
"RL_wheel_speed": {
"max": 213.08700000000002,
"max_diff": 6.546899999999994,
"mean": 121.4768792462571,
"mean_diff": 0.07881213842975206,
"min": 0.0,
"min_diff": -10.29989999999998,
"std": 71.54023308039322,
"std_diff": 0.5748476202801122
},
"RR_wheel_speed": {
"max": 215.4222,
"max_diff": 4.6704,
"mean": 120.3961883324729,
"mean_diff": 0.08014757231404959,
"min": 0.0,
"min_diff": -4.4619,
"std": 71.64138274320253,
"std_diff": 0.490995194357884
},
"left_solar": {
"max": 0,
"max_diff": 0.0,
"mean": 0.0,
"mean_diff": 0.0,
"min": 0,
"min_diff": 0.0,
"std": 0.0,
"std_diff": 0.0
},
"longitudinal_accel": {
"max": 1.9000000000000004,
"max_diff": 0.45000000000000107,
"mean": 0.24346928239545762,
"mean_diff": -0.00012913223140495868,
"min": -1.1500000000000004,
"min_diff": -0.45000000000000107,
"std": 0.6221143550340594,
"std_diff": 0.054934538978685346
},
"meanEffTorque": {
"max": 124.0,
"max_diff": 4.0,
"mean": 24.202632937532265,
"mean_diff": -0.005165289256198347,
"min": -27.5,
"min_diff": -3.0,
"std": 38.95084280441169,
"std_diff": 0.6134041425528111
},
"odom": {
"max": 120,
"max_diff": 68.0,
"mean": 63.50645327826536,
"mean_diff": 0.002066115702479339,
"min": 0,
"min_diff": -112.0,
"std": 32.99980577009862,
"std_diff": 16.277805069478077
},
"odom_speed": {
"max": 24.0,
"max_diff": 1.0,
"mean": 13.287041817243159,
"mean_diff": 0.00878099173553719,
"min": 0.0,
"min_diff": -1.0,
"std": 8.0097515666743,
"std_diff": 0.13026261447397322
},
"pedal_cc": {
"max": 427.0,
"max_diff": 47.0,
"mean": 130.43469282395458,
"mean_diff": 0.0,
"min": 0.0,
"min_diff": -57.0,
"std": 129.68960997229598,
"std_diff": 3.8082934726139106
},
"regen": {
"max": 55.0,
"max_diff": 1.0,
"mean": 8.971605575632422,
"mean_diff": 0.010330578512396695,
"min": 0.0,
"min_diff": -5.0,
"std": 18.34423096391731,
"std_diff": 0.426276273050449
},
"requestedTorqueAfterProc": {
"max": -272.5,
"max_diff": 126.0,
"mean": -333.3794527620031,
"mean_diff": 0.05242768595041322,
"min": -398.5,
"min_diff": -124.5,
"std": 39.21208106049,
"std_diff": 8.342872836391082
},
"right_solar": {
"max": 0,
"max_diff": 0.0,
"mean": 0.0,
"mean_diff": 0.0,
"min": 0,
"min_diff": 0.0,
"std": 0.0,
"std_diff": 0.0
},
"steer_corrected": {
"max": 2.904123893063944,
"max_diff": 1.400000000000091,
"mean": -36.18126588494314,
"mean_diff": -0.0026859504132230464,
"min": -189.4958761069357,
"min_diff": -2.200000000000273,
"std": 60.6942978261258,
"std_diff": 0.39681455862258985
},
"steer_offset_can": {
"max": -12.300000000000182,
"max_diff": 0.0,
"mean": -12.300000000000182,
"mean_diff": 0.0,
"min": -12.300000000000182,
"min_diff": 0.0,
"std": 0.0,
"std_diff": 0.0
},
"steer_raw": {
"max": -8.800000000000182,
"max_diff": 1.400000000000091,
"mean": -47.88538977800727,
"mean_diff": -0.0026859504132230464,
"min": -201.19999999999982,
"min_diff": -2.200000000000273,
"std": 60.694297826125805,
"std_diff": 0.39681455862258985
},
"transversal_accel": {
"max": -0.4399999999999977,
"max_diff": 0.0800000000000125,
"mean": -0.5245678884873483,
"mean_diff": -1.0330578512401979e-05,
"min": -0.8120000000000118,
"min_diff": -0.09600000000000364,
"std": 0.06297645372380319,
"std_diff": 0.007760350106471967
},
"utime": {
"max": 1537297513449382,
"max_diff": 31099.0,
"mean": 1537297503696846.8,
"mean_diff": 10093.424070247935,
"min": 1537297493908513,
"min_diff": 7.0,
"std": 5645186.698974712,
"std_diff": 2143.1281993242505
}
}
},
"ZoeSensors": {
"message_count": 18678,
"message_freq": 955.4840502763245,
"timespan": 19.548207,
"var_stats": {
"brake_sensor": {
"max": 0.3392362594604492,
"max_diff": 1.9058585166931152e-05,
"mean": 0.2057920273061112,
"mean_diff": -8.261641138925117e-06,
"min": 0.18481262028217316,
"min_diff": -0.0038475394248962402,
"std": 0.052463502977954816,
"std_diff": 9.355935152970556e-05
},
"steering_sensor": {
"max": 0.2228681743144989,
"max_diff": 0.0008310675621032715,
"mean": 0.2171548821876909,
"mean_diff": -2.5939206121667023e-08,
"min": 0.2143014669418335,
"min_diff": -0.0008822828531265259,
"std": 0.0006678987449354943,