{
"MS_IMU": {
"message_count": 1956,
"message_freq": 99.79634606597294,
"timespan": 19.599916,
"var_stats": {
"linear_accel": {
"max": 10.731464385986328,
"max_diff": 10.962887614965439,
"mean": 3.1638443369174296,
"mean_diff": 5.02788816492959,
"min": -4.059708595275879,
"min_diff": -2.04484024643898,
"std": 4.734667204151107,
"std_diff": 4.885873020169634
},
"q": {
"max": 0.9166668057441711,
"max_diff": 0.45285063004121184,
"mean": 0.3302079022238802,
"mean_diff": -0.1650023989953309,
"min": -0.010310133919119835,
"min_diff": -0.9248230271041393,
"std": 0.375450074323102,
"std_diff": 0.5546308478016878
},
"rotation_rate": {
"max": 0.05114028602838516,
"max_diff": 0.058973606675863266,
"mean": -0.0012080858161400516,
"mean_diff": -0.002303061392803168,
"min": -0.08182551711797714,
"min_diff": -0.09369448386132717,
"std": 0.01363290083920283,
"std_diff": 0.016843671264037584
},
"utime": {
"max": 1535659023650075,
"max_diff": 30021.0,
"mean": 1535659013861940.2,
"mean_diff": 10025.532480818414,
"min": 1535659004050159,
"min_diff": 2922.0,
"std": 5661980.678034487,
"std_diff": 4684.245889499485
}
}
},
"POSE": {
"message_count": 978,
"message_freq": 49.897755519365234,
"timespan": 19.60008,
"var_stats": {
"accel": {
"max": 10.079724394460989,
"max_diff": 10.52375564717161,
"mean": 3.161308203078434,
"mean_diff": 5.030333831799146,
"min": -3.8739934791156245,
"min_diff": -1.85634493082149,
"std": 4.734697266212049,
"std_diff": 4.883480677935986
},
"orientation": {
"max": 0.9503397264171862,
"max_diff": 0.9503397264171862,
"mean": 0.3211552772472532,
"mean_diff": 0.1971048810811638,
"min": 0.0,
"min_diff": -0.36270964107395953,
"std": 0.38322224347790657,
"std_diff": 0.5426628780258639
},
"pos": {
"max": 793.7762772470962,
"max_diff": -351.5686137243102,
"mean": 397.3282640273927,
"mean_diff": -387.40536727614375,
"min": 0.0,
"min_diff": -419.9988474345983,
"std": 316.6605572919193,
"std_diff": 31.069630533392193
},
"rotation_rate": {
"max": 0.05086594820022583,
"max_diff": 0.05112414062023163,
"mean": -0.0010990893911130438,
"mean_diff": -0.002356556309209313,
"min": -0.0815630555152893,
"min_diff": -0.09225950203835964,
"std": 0.013741192124448187,
"std_diff": 0.016874999840659988
},
"utime": {
"max": 1535659023650731,
"max_diff": 39788.0,
"mean": 1535659013854125.8,
"mean_diff": 20061.494370522007,
"min": 1535659004050651,
"min_diff": 17472.0,
"std": 5668253.568836612,
"std_diff": 1168.97585381193
},
"vel": {
"max": 6.282174160150404,
"max_diff": 0.0,
"mean": 0.5015585667208268,
"mean_diff": -0.7523378500812401,
"min": 0.0,
"min_diff": -6.282174160150404,
"std": 1.5072332661420067,
"std_diff": 1.794145320468597
}
}
},
"SteerAngleFeedback": {
"message_count": 1926,
"message_freq": 98.30264106428993,
"timespan": 19.592556,
"var_stats": {
"utime": {
"max": 1535659023652801,
"max_diff": 21347.0,
"mean": 1535659013858539.0,
"mean_diff": 10177.951168831169,
"min": 1535659004060245,
"min_diff": 5146.0,
"std": 5640536.8964486895,
"std_diff": 1457.4512689115477
},
"value": {
"max": 0.20253016874331298,
"max_diff": 0.01570796326795055,
"mean": -0.11879527715812248,
"mean_diff": 0.00023301278844807243,
"min": -0.5793773361501499,
"min_diff": -0.026179938779914945,
"std": 0.1451769181077738,
"std_diff": 0.00196766595038895
}
}
},
"VEHICLE_MONITOR": {
"message_count": 38,
"message_freq": 1.9488260835806377,
"timespan": 19.498918,
"var_stats": null
},
"ZOE_VEH_INFO": {
"message_count": 1949,
"message_freq": 99.44428553541283,
"timespan": 19.598914,
"var_stats": {
"FL_wheel_speed": {
"max": 198.36690000000002,
"max_diff": 1.6680000000000064,
"mean": 46.45914889687018,
"mean_diff": -0.09427453798767968,
"min": 0.0,
"min_diff": -3.5028,
"std": 72.20452386448923,
"std_diff": 0.49432605884406094
},
"FR_wheel_speed": {
"max": 200.2434,
"max_diff": 1.8348000000000013,
"mean": 46.264962544894814,
"mean_diff": -0.09236935318275154,
"min": 0.0,
"min_diff": -3.7112999999999943,
"std": 71.95118537640997,
"std_diff": 0.49939187337522445
},
"RL_wheel_speed": {
"max": 199.326,
"max_diff": 1.876499999999993,
"mean": 46.335011698306815,
"mean_diff": -0.09354671457905545,
"min": 0.0,
"min_diff": -3.5028,
"std": 72.07138163996683,
"std_diff": 0.48815791406065295
},
"RR_wheel_speed": {
"max": 203.9547,
"max_diff": 2.0433000000000163,
"mean": 46.98520220625962,
"mean_diff": -0.09341827515400411,
"min": 0.0,
"min_diff": -3.5028,
"std": 73.17734071757037,
"std_diff": 0.4966195588235121
},
"left_solar": {
"max": 0,
"max_diff": 0.0,
"mean": 0.0,
"mean_diff": 0.0,
"min": 0,
"min_diff": 0.0,
"std": 0.0,
"std_diff": 0.0
},
"longitudinal_accel": {
"max": 1.8000000000000007,
"max_diff": 0.29999999999999893,
"mean": -0.2762442278091323,
"mean_diff": 0.00041067761806981557,
"min": -4.05,
"min_diff": -0.4499999999999993,
"std": 1.068721323925568,
"std_diff": 0.039986339157934495
},
"meanEffTorque": {
"max": 118.0,
"max_diff": 3.0,
"mean": -1.0800410466906105,
"mean_diff": 0.016170431211498974,
"min": -68.0,
"min_diff": -4.5,
"std": 32.96843425237564,
"std_diff": 0.6756397194522068
},
"odom": {
"max": 116,
"max_diff": 64.0,
"mean": 25.247819394561315,
"mean_diff": -0.002053388090349076,
"min": 0,
"min_diff": -112.0,
"std": 31.934557434846035,
"std_diff": 10.271469021796877
},
"odom_speed": {
"max": 22.0,
"max_diff": 1.0,
"mean": 5.242688558234993,
"mean_diff": -0.01026694045174538,
"min": 0.0,
"min_diff": -2.0,
"std": 8.111720179143754,
"std_diff": 0.1392902609376425
},
"pedal_cc": {
"max": 481.0,
"max_diff": 22.0,
"mean": 32.58748075936378,
"mean_diff": 0.0,
"min": 0.0,
"min_diff": -162.0,
"std": 107.817273957553,
"std_diff": 4.480851341813659
},
"regen": {
"max": 56.0,
"max_diff": 1.0,
"mean": 8.116469984607491,
"mean_diff": -0.028747433264887063,
"min": 0.0,
"min_diff": -3.0,
"std": 17.728332460742948,
"std_diff": 0.319128484466891
},
"requestedTorqueAfterProc": {
"max": -272.5,
"max_diff": 125.0,
"mean": -360.93689071318624,
"mean_diff": -0.051078028747433266,
"min": -398.5,
"min_diff": -126.0,
"std": 41.36224633697866,
"std_diff": 6.405535647250985
},
"right_solar": {
"max": 0,
"max_diff": 0.0,
"mean": 0.0,
"mean_diff": 0.0,
"min": 0,
"min_diff": 0.0,
"std": 0.0,
"std_diff": 0.0
},
"steer_corrected": {
"max": 11.604123893064216,
"max_diff": 0.5,
"mean": -6.804341986874193,
"mean_diff": 0.01314168377823404,
"min": -33.19587610693596,
"min_diff": -0.7999999999997272,
"std": 8.36690720205192,
"std_diff": 0.10628014222832159
},
"steer_offset_can": {
"max": -12.300000000000182,
"max_diff": 0.0,
"mean": -12.300000000000182,
"mean_diff": 0.0,
"min": -12.300000000000182,
"min_diff": 0.0,
"std": 0.0,
"std_diff": 0.0
},
"steer_raw": {
"max": -0.09999999999990905,
"max_diff": 0.5,
"mean": -18.50846587993832,
"mean_diff": 0.01314168377823404,
"min": -44.90000000000009,
"min_diff": -0.7999999999997272,
"std": 8.36690720205192,
"std_diff": 0.10628014222832159
},
"transversal_accel": {
"max": -0.46399999999999864,
"max_diff": 0.020000000000010232,
"mean": -0.5029471523858385,
"mean_diff": 3.0800821355237306e-05,
"min": -0.568000000000012,
"min_diff": -0.020000000000010232,
"std": 0.012956246310904704,
"std_diff": 0.002519549024084583
},
"utime": {
"max": 1535659023652873,
"max_diff": 23246.0,
"mean": 1535659013863433.0,
"mean_diff": 10061.044147843942,
"min": 1535659004053959,
"min_diff": 2.0,
"std": 5659916.210411086,
"std_diff": 1673.119625862185
}
}
},
"ZoeSensors": {
"message_count": 18760,
"message_freq": 957.1747955263405,
"timespan": 19.599346,
"var_stats": {
"brake_sensor": {
"max": 0.4566289484500885,
"max_diff": 0.004062473773956299,
"mean": 0.3540891002299689,
"mean_diff": 1.1175423677850045e-05,
"min": 0.18420261144638062,
"min_diff": -0.004067480564117432,
"std": 0.0855022879676953,
"std_diff": 9.567001335649326e-05
},
"steering_sensor": {
"max": 0.1949387490749359,
"max_diff": 0.0012091845273971558,
"mean": 0.19067079704532872,
"mean_diff": -1.0078678673039025e-08,
"min": 0.1841466724872589,
"min_diff": -0.0011028498411178589,
"std": 0.0011501177184962761,
"std_diff": 0.0001298628224141028
},