{
"MS_IMU": {
"message_count": 1956,
"message_freq": 99.79791941746588,
"timespan": 19.599607,
"var_stats": {
"linear_accel": {
"max": 12.168855667114258,
"max_diff": 13.259528994560242,
"mean": 3.120618052158477,
"mean_diff": 4.918336509512576,
"min": -2.018331527709961,
"min_diff": -2.774342179298401,
"std": 4.723640543034474,
"std_diff": 5.230053400744594
},
"q": {
"max": 0.8918896913528442,
"max_diff": 0.903297632932663,
"mean": 0.049459900517144204,
"mean_diff": 0.46423022424130517,
"min": -0.6719997525215149,
"min_diff": -0.03266799636185169,
"std": 0.4975477232878932,
"std_diff": 0.35607419902420917
},
"rotation_rate": {
"max": 0.10293927043676376,
"max_diff": 0.14612394198775291,
"mean": -0.0018186654778307272,
"mean_diff": -0.004127870667346278,
"min": -0.12496153265237808,
"min_diff": -0.17698600888252258,
"std": 0.040772456028522835,
"std_diff": 0.05525706491684831
},
"utime": {
"max": 1542193621147350,
"max_diff": 34961.0,
"mean": 1542193611359185.8,
"mean_diff": 10025.37442455243,
"min": 1542193601547743,
"min_diff": 1980.0,
"std": 5661941.346110028,
"std_diff": 5528.4079026023055
}
}
},
"POSE": {
"message_count": 975,
"message_freq": 49.74925863399659,
"timespan": 19.598282,
"var_stats": {
"accel": {
"max": 10.887917653125408,
"max_diff": 11.502845684623246,
"mean": 3.1233256130439897,
"mean_diff": 4.915975346596761,
"min": -1.3816572727677352,
"min_diff": -1.4582482647406236,
"std": 4.714686758732952,
"std_diff": 5.2197593664120525
},
"orientation": {
"max": 0.9988553144211417,
"max_diff": 0.0,
"mean": 0.2089986670885161,
"mean_diff": -0.3779198954579632,
"min": -0.30907300961486517,
"min_diff": -0.9988553144211417,
"std": 0.4542241265666363,
"std_diff": 0.43647438178016307
},
"pos": {
"max": 1657.9562150844672,
"max_diff": 493.41151661913864,
"mean": 961.1663959455811,
"mean_diff": -623.532503652589,
"min": 0.0,
"min_diff": -1657.9562150844672,
"std": 698.5815098708235,
"std_diff": 1013.8326891208131
},
"rotation_rate": {
"max": 0.10156849771738052,
"max_diff": 0.14393023401498795,
"mean": -0.0018302423743512203,
"mean_diff": -0.004170351650530229,
"min": -0.12496153265237808,
"min_diff": -0.17471715062856674,
"std": 0.04075457872359047,
"std_diff": 0.055248350546808524
},
"utime": {
"max": 1542193621150045,
"max_diff": 40682.0,
"mean": 1542193611367323.2,
"mean_diff": 20121.439425051336,
"min": 1542193601551763,
"min_diff": 15248.0,
"std": 5658072.945152944,
"std_diff": 1656.4694029413834
},
"vel": {
"max": 9.397305943245666,
"max_diff": 0.0,
"mean": 2.9225610108828803,
"mean_diff": -4.3838415163243205,
"min": 0.0,
"min_diff": -9.397305943245666,
"std": 4.137043250941567,
"std_diff": 4.389381293928815
}
}
},
"SteerAngleFeedback": {
"message_count": 1923,
"message_freq": 98.08769294787743,
"timespan": 19.604906,
"var_stats": {
"utime": {
"max": 1542193621155701,
"max_diff": 30848.0,
"mean": 1542193611389766.8,
"mean_diff": 10200.26326742976,
"min": 1542193601550795,
"min_diff": 5198.0,
"std": 5661320.404281028,
"std_diff": 1691.782783291385
},
"value": {
"max": 0.5061454830783556,
"max_diff": 0.01396263401595782,
"mean": -0.017131091851996818,
"mean_diff": -0.0002924016748918683,
"min": -0.5009094953223694,
"min_diff": -0.019198621771936042,
"std": 0.284604006800257,
"std_diff": 0.0027524350675061354
}
}
},
"VEHICLE_MONITOR": {
"message_count": 41,
"message_freq": 2.049835090766948,
"timespan": 20.001609,
"var_stats": null
},
"ZOE_VEH_INFO": {
"message_count": 1957,
"message_freq": 99.84525770739575,
"timespan": 19.60033,
"var_stats": {
"FL_wheel_speed": {
"max": 302.5752,
"max_diff": 7.0055999999999585,
"mean": 277.8293716402657,
"mean_diff": 0.015520245398772987,
"min": 249.07410000000002,
"min_diff": -7.21410000000003,
"std": 10.666724336983386,
"std_diff": 0.7985916461814895
},
"FR_wheel_speed": {
"max": 298.3635,
"max_diff": 8.173200000000008,
"mean": 277.10547072049053,
"mean_diff": 0.01323911042944784,
"min": 252.1182,
"min_diff": -6.338400000000036,
"std": 8.999321842851689,
"std_diff": 0.7359130942088504
},
"RL_wheel_speed": {
"max": 300.24,
"max_diff": 8.173200000000008,
"mean": 277.0117575881452,
"mean_diff": 0.016351687116564435,
"min": 247.1976,
"min_diff": -7.714499999999987,
"std": 10.659537233171777,
"std_diff": 0.8391540633318515
},
"RR_wheel_speed": {
"max": 298.1133,
"max_diff": 11.217300000000023,
"mean": 276.6077129279509,
"mean_diff": 0.014091871165644178,
"min": 251.4093,
"min_diff": -8.173200000000008,
"std": 8.973939210175304,
"std_diff": 0.8752692627128368
},
"left_solar": {
"max": 0,
"max_diff": 0.0,
"mean": 0.0,
"mean_diff": 0.0,
"min": 0,
"min_diff": 0.0,
"std": 0.0,
"std_diff": 0.0
},
"longitudinal_accel": {
"max": 0.6000000000000014,
"max_diff": 0.8499999999999996,
"mean": 0.001328564128769203,
"mean_diff": -0.00043456032719836385,
"min": -0.8499999999999996,
"min_diff": -1.3000000000000007,
"std": 0.2780108056164031,
"std_diff": 0.10608320089981374
},
"meanEffTorque": {
"max": 36.0,
"max_diff": 3.0,
"mean": 3.7547266223811957,
"mean_diff": -0.032975460122699383,
"min": -28.5,
"min_diff": -2.0,
"std": 16.409617878117917,
"std_diff": 0.444302193411867
},
"odom": {
"max": 124,
"max_diff": 116.0,
"mean": 108.92999489013796,
"mean_diff": 0.04703476482617587,
"min": 4,
"min_diff": -112.0,
"std": 31.78173044432513,
"std_diff": 9.638339236192108
},
"odom_speed": {
"max": 33.0,
"max_diff": 1.0,
"mean": 31.019928461931528,
"mean_diff": 0.0015337423312883436,
"min": 28.0,
"min_diff": -1.0,
"std": 1.1715898535182758,
"std_diff": 0.09321402350734838
},
"pedal_cc": {
"max": 205.0,
"max_diff": 32.0,
"mean": 95.14460909555442,
"mean_diff": -0.10480572597137014,
"min": 0.0,
"min_diff": -28.0,
"std": 63.19453575122177,
"std_diff": 3.3632741334625
},
"regen": {
"max": 57.0,
"max_diff": 1.0,
"mean": 10.633622892181911,
"mean_diff": 0.029141104294478526,
"min": 0.0,
"min_diff": -6.0,
"std": 18.51986335226197,
"std_diff": 0.485652512093437
},
"requestedTorqueAfterProc": {
"max": -272.5,
"max_diff": 125.5,
"mean": -344.57460398569236,
"mean_diff": 0.03144171779141104,
"min": -398.5,
"min_diff": -126.0,
"std": 41.61610147283975,
"std_diff": 9.378877966429668
},
"right_solar": {
"max": 0,
"max_diff": 0.0,
"mean": 0.0,
"mean_diff": 0.0,
"min": 0,
"min_diff": 0.0,
"std": 0.0,
"std_diff": 0.0
},
"steer_corrected": {
"max": 29.0,
"max_diff": 0.599999999999909,
"mean": -0.9245784363821254,
"mean_diff": -0.01646216768916146,
"min": -28.699999999999818,
"min_diff": -0.7999999999997272,
"std": 16.339132153779975,
"std_diff": 0.1539691597283297
},
"steer_offset_can": {
"max": -13.400000000000091,
"max_diff": 0.0,
"mean": -13.400000000000091,
"mean_diff": 0.0,
"min": -13.400000000000091,
"min_diff": 0.0,
"std": 0.0,
"std_diff": 0.0
},
"steer_raw": {
"max": 15.599999999999909,
"max_diff": 0.599999999999909,
"mean": -14.324578436382216,
"mean_diff": -0.01646216768916146,
"min": -42.09999999999991,
"min_diff": -0.7999999999997272,
"std": 16.339132153779975,
"std_diff": 0.1539691597283297
},
"transversal_accel": {
"max": -0.41200000000000614,
"max_diff": 0.056000000000011596,
"mean": -0.5370505876341326,
"mean_diff": -3.476482617587528e-05,
"min": -0.6599999999999966,
"min_diff": -0.06800000000001205,
"std": 0.058406641007319356,
"std_diff": 0.00800145807238613
},
"utime": {
"max": 1542193621155731,
"max_diff": 36460.0,
"mean": 1542193611363098.2,
"mean_diff": 10020.618609406953,
"min": 1542193601555401,
"min_diff": 2.0,
"std": 5661187.900847929,
"std_diff": 1872.5639255188894
}
}
},
"ZoeSensors": {
"message_count": 18796,
"message_freq": 958.9942703204641,
"timespan": 19.5997,
"var_stats": {
"brake_sensor": {
"max": 0.21194075047969818,
"max_diff": 0.0002342909574508667,
"mean": 0.1906803033938368,
"mean_diff": 4.7144514983497616e-07,
"min": 0.1900365650653839,
"min_diff": -0.0003717094659805298,
"std": 0.0029163615267758093,
"std_diff": 1.829297420596996e-05
},
"steering_sensor": {
"max": 0.19074007868766785,
"max_diff": 0.0005593001842498779,
"mean": 0.18849248724237835,
"mean_diff": 4.610282114510461e-09,
"min": 0.1867777407169342,