{
"MS_IMU": {
"message_count": 1953,
"message_freq": 99.4376047359794,
"timespan": 19.640457,
"var_stats": {
"linear_accel": {
"max": 12.149258613586426,
"max_diff": 12.599759668111801,
"mean": 3.2600077225291177,
"mean_diff": 4.963363837936932,
"min": -2.6849188804626465,
"min_diff": -2.438353478908539,
"std": 4.66181935237803,
"std_diff": 4.740706896860676
},
"q": {
"max": 0.008763773366808891,
"max_diff": 0.8929527122527361,
"mean": -0.33881585920630014,
"mean_diff": 0.1448716506054223,
"min": -0.902908980846405,
"min_diff": -0.4916991498321295,
"std": 0.36770073381696494,
"std_diff": 0.5535366471123863
},
"rotation_rate": {
"max": 0.09813578426837921,
"max_diff": 0.12467672303318977,
"mean": 5.5280908175930264e-05,
"mean_diff": -0.0002204526706911621,
"min": -0.08529629558324814,
"min_diff": -0.13238178938627243,
"std": 0.020794128342276764,
"std_diff": 0.02843176314288229
},
"utime": {
"max": 1535486088197170,
"max_diff": 29000.0,
"mean": 1535486078368346.8,
"mean_diff": 10061.709528688525,
"min": 1535486068556713,
"min_diff": 1165.0,
"std": 5679226.579740097,
"std_diff": 5569.496457040903
}
}
},
"POSE": {
"message_count": 979,
"message_freq": 49.848887603488,
"timespan": 19.639355,
"var_stats": {
"accel": {
"max": 10.355127099828213,
"max_diff": 10.692150980850823,
"mean": 3.2628495384084286,
"mean_diff": 4.9611339170676985,
"min": -2.452240259030496,
"min_diff": -2.310721123233494,
"std": 4.648149732410866,
"std_diff": 4.720874263080034
},
"orientation": {
"max": 0.9637823912934853,
"max_diff": 0.9637823912934853,
"mean": 0.3137842831041152,
"mean_diff": 0.21708068410461995,
"min": 0.0,
"min_diff": -0.33096872907996877,
"std": 0.3892806489884084,
"std_diff": 0.5349853361747438
},
"pos": {
"max": 1214.3770058817422,
"max_diff": 139.04089126233066,
"mean": 766.5107522963457,
"mean_diff": -555.6388655087459,
"min": 0.0,
"min_diff": -1214.3770058817422,
"std": 543.2488066655563,
"std_diff": 633.5998761328734
},
"rotation_rate": {
"max": 0.09813578426837921,
"max_diff": 0.12467672303318977,
"mean": 0.00022733296293016633,
"mean_diff": -0.00011801512739039324,
"min": -0.08529629558324814,
"min_diff": -0.13238178938627243,
"std": 0.020932629873701092,
"std_diff": 0.029039387032963566
},
"utime": {
"max": 1535486088195336,
"max_diff": 40578.0,
"mean": 1535486078376238.0,
"mean_diff": 20081.140081799593,
"min": 1535486068555981,
"min_diff": 17022.0,
"std": 5678686.622728795,
"std_diff": 1392.7142827673322
},
"vel": {
"max": 10.232834971339946,
"max_diff": 0.0,
"mean": 1.9410444263530124,
"mean_diff": -2.9115666395295197,
"min": 0.0,
"min_diff": -10.232834971339946,
"std": 3.1754950167199403,
"std_diff": 3.507123151959835
}
}
},
"SteerAngleFeedback": {
"message_count": 1929,
"message_freq": 98.1582180207497,
"timespan": 19.651946,
"var_stats": {
"utime": {
"max": 1535486088200675,
"max_diff": 29715.0,
"mean": 1535486078364265.0,
"mean_diff": 10192.918049792532,
"min": 1535486068548729,
"min_diff": 4424.0,
"std": 5686980.660947995,
"std_diff": 1581.7096311877372
},
"value": {
"max": 0.5323973973702428,
"max_diff": 0.026179938779914924,
"mean": 0.018722297892144767,
"mean_diff": 3.621015045631394e-05,
"min": -0.7085317007977318,
"min_diff": -0.024434609527922202,
"std": 0.252023000627365,
"std_diff": 0.004354110617354656
}
}
},
"VEHICLE_MONITOR": {
"message_count": 39,
"message_freq": 1.999981333507554,
"timespan": 19.500182,
"var_stats": {
"available_distance": {
"max": 26,
"max_diff": 0.0,
"mean": 26.0,
"mean_diff": 0.0,
"min": 26,
"min_diff": 0.0,
"std": 0.0,
"std_diff": 0.0
},
"battery_level": {
"max": 48,
"max_diff": 0.0,
"mean": 48.0,
"mean_diff": 0.0,
"min": 48,
"min_diff": 0.0,
"std": 0.0,
"std_diff": 0.0
},
"brake": {
"max": 11,
"max_diff": 5.0,
"mean": 1.1538461538461537,
"mean_diff": 0.0,
"min": 0,
"min_diff": -7.0,
"std": 2.6266724736867504,
"std_diff": 2.23606797749979
},
"brake_switch": {
"max": 2,
"max_diff": 1.0,
"mean": 1.2564102564102564,
"mean_diff": 0.0,
"min": 1,
"min_diff": -1.0,
"std": 0.43665093245965136,
"std_diff": 0.3244428422615251
},
"gear_position": {
"max": 7,
"max_diff": 0.0,
"mean": 7.0,
"mean_diff": 0.0,
"min": 7,
"min_diff": 0.0,
"std": 0.0,
"std_diff": 0.0
},
"left_signal": {
"max": 1,
"max_diff": 1.0,
"mean": 0.1282051282051282,
"mean_diff": 0.0,
"min": 0,
"min_diff": -1.0,
"std": 0.3343180720616743,
"std_diff": 0.3244428422615251
},
"rear_left_rpm": {
"max": 323.592,
"max_diff": 32.0256,
"mean": 182.7400923076923,
"mean_diff": -4.512378947368421,
"min": 52.5837,
"min_diff": -36.02879999999999,
"std": 88.32043225376266,
"std_diff": 16.797820278052964
},
"rear_right_rpm": {
"max": 329.01300000000003,
"max_diff": 30.858000000000004,
"mean": 186.32308461538463,
"mean_diff": -4.653939473684211,
"min": 54.21,
"min_diff": -36.86280000000002,
"std": 90.10774029941854,
"std_diff": 16.861240339069454
},
"right_signal": {
"max": 0,
"max_diff": 0.0,
"mean": 0.0,
"mean_diff": 0.0,
"min": 0,
"min_diff": 0.0,
"std": 0.0,
"std_diff": 0.0
},
"steering": {
"max": 29.700000000000273,
"max_diff": 30.299999999999727,
"mean": 1.905128205128373,
"mean_diff": 0.28157894736841627,
"min": -40.0,
"min_diff": -32.69999999999982,
"std": 14.452485345983625,
"std_diff": 10.143856197697051
},
"steering_speed": {
"max": 57.70000000000046,
"max_diff": 75.79999999999973,
"mean": 0.47948717948741504,
"mean_diff": 0.7342105263157919,
"min": -91.69999999999963,
"min_diff": -103.59999999999991,
"std": 24.48643977940339,
"std_diff": 26.391139624739985
},
"throttle": {
"max": 430,
"max_diff": 219.0,
"mean": 107.17948717948718,
"mean_diff": -8.052631578947368,
"min": 0,
"min_diff": -304.0,
"std": 145.60111858454368,
"std_diff": 82.87750865248795
},
"utime": {
"max": 1535486088286754,
"max_diff": 1000140.0,
"mean": 1535486078376388.0,
"mean_diff": 513162.6842105263,
"min": 1535486068786572,
"min_diff": 499212.0,
"std": 5756635.439130736,
"std_diff": 80059.73695642434
},
"vehicle_speed": {
"max": 36.84,
"max_diff": 3.5199999999999996,
"mean": 20.96948717948718,
"mean_diff": -0.5126315789473684,
"min": 6.41,
"min_diff": -3.9700000000000006,
"std": 10.028726163125794,
"std_diff": 1.860943004034763
},
"yaw_rate": {
"max": 1.8000000000000114,
"max_diff": 3.5999999999999943,
"mean": -0.23589743589741302,
"mean_diff": -0.010526315789473833,
"min": -4.899999999999977,
"min_diff": -2.1999999999999886,
"std": 1.5250871651402345,
"std_diff": 1.0767371456796817
}
}
},
"ZOE_VEH_INFO": {
"message_count": 1960,
"message_freq": 99.74637956265894,
"timespan": 19.649836,
"var_stats": {
"FL_wheel_speed": {
"max": 325.26,
"max_diff": 4.712099999999964,
"mean": 183.0917432142857,
"mean_diff": -0.08516676875957122,
"min": 53.0424,
"min_diff": -5.587800000000016,
"std": 88.01610146560444,
"std_diff": 0.8032199882209201
},
"FR_wheel_speed": {
"max": 323.8422,
"max_diff": 6.546899999999994,
"mean": 183.0488092346939,
"mean_diff": -0.08563506891271055,
"min": 53.0424,
"min_diff": -4.2117000000000075,
"std": 87.97716520379588,
"std_diff": 0.8019779345749211
},
"RL_wheel_speed": {
"max": 324.75960000000003,
"max_diff": 6.338400000000036,
"mean": 182.58515204081633,
"mean_diff": -0.08418759571209802,
"min": 52.5837,
"min_diff": -11.425800000000038,
"std": 87.90546296372283,
"std_diff": 1.0083064707887648
},
"RR_wheel_speed": {
"max": 329.6385,
"max_diff": 6.505200000000002,
"mean": 185.99523336734694,
"mean_diff": -0.08695482388973966,
"min": 53.5011,
"min_diff": -5.587800000000001,
"std": 89.55736995407833,
"std_diff": 0.8933081221667608
},
"left_solar": {
"max": 32,
"max_diff": 144.0,
"mean": 8.097959183673469,
"mean_diff": 0.07350689127105667,
"min": -112,
"min_diff": -112.0,
"std": 21.671918158100247,
"std_diff": 5.469924032070207
},
"longitudinal_accel": {
"max": 2.1000000000000014,
"max_diff": 0.8000000000000007,
"mean": -0.23165816326530547,
"mean_diff": -0.0007401735579377229,
"min": -2.6999999999999993,
"min_diff": -0.7000000000000011,
"std": 1.111741167702255,
"std_diff": 0.10651667626135694
},
"meanEffTorque": {
"max": 139.5,
"max_diff": 4.0,
"mean": 3.2910714285714286,