{
"MS_IMU": {
"message_count": 1971,
"message_freq": 99.29315465133014,
"timespan": 19.850311,
"var_stats": {
"linear_accel": {
"max": 10.811357498168945,
"max_diff": 11.102868646383286,
"mean": 3.229786462744,
"mean_diff": 4.824021935310758,
"min": -0.6428282856941223,
"min_diff": -1.4422653317451477,
"std": 4.660625672805422,
"std_diff": 5.264460927494595
},
"q": {
"max": 0.7173495888710022,
"max_diff": 0.029415073804557323,
"mean": 0.003493672791205277,
"mean_diff": -0.47133083530394093,
"min": -0.7035082578659058,
"min_diff": -0.7310137748718262,
"std": 0.49998781268321507,
"std_diff": 0.34713655188826176
},
"rotation_rate": {
"max": 0.04114624485373497,
"max_diff": 0.05244063585996628,
"mean": 8.939507741973593e-05,
"mean_diff": -6.755776377809005e-05,
"min": -0.0412382036447525,
"min_diff": -0.05295373871922493,
"std": 0.00987139111429365,
"std_diff": 0.013327128940857857
},
"utime": {
"max": 1537287345400720,
"max_diff": 32013.0,
"mean": 1537287335466301.2,
"mean_diff": 10076.3,
"min": 1537287325550409,
"min_diff": 2004.0,
"std": 5732283.157503988,
"std_diff": 4697.702128614352
}
}
},
"POSE": {
"message_count": 987,
"message_freq": 49.748949261364196,
"timespan": 19.839615,
"var_stats": {
"accel": {
"max": 10.126371903539976,
"max_diff": 10.462732534171247,
"mean": 3.229821821212978,
"mean_diff": 4.823649065209581,
"min": -0.5033166072209647,
"min_diff": -1.2889150278325379,
"std": 4.6577378726184415,
"std_diff": 5.261309795666041
},
"orientation": {
"max": 0.9999789933626945,
"max_diff": 0.019040834906307966,
"mean": 0.2533305389324905,
"mean_diff": -0.3288294128418126,
"min": 0.0,
"min_diff": -0.9999789933626945,
"std": 0.431072659819866,
"std_diff": 0.4745572152896236
},
"pos": {
"max": 2403.0942035106477,
"max_diff": -877.0585488749109,
"mean": 1064.8423441383825,
"mean_diff": -1158.0434277133238,
"min": 0.0,
"min_diff": -1522.7275381934041,
"std": 955.1209845893211,
"std_diff": 281.76447312758876
},
"rotation_rate": {
"max": 0.04114624485373497,
"max_diff": 0.05244063585996628,
"mean": 6.807933695952453e-05,
"mean_diff": -0.00010065661513895255,
"min": -0.0412382036447525,
"min_diff": -0.046580465510487556,
"std": 0.009979789688329552,
"std_diff": 0.013426016885468696
},
"utime": {
"max": 1537287345405251,
"max_diff": 40188.0,
"mean": 1537287335462005.8,
"mean_diff": 20121.313387423936,
"min": 1537287325565636,
"min_diff": 7876.0,
"std": 5733357.321889888,
"std_diff": 1749.9752163308187
},
"vel": {
"max": 9.442593481541238,
"max_diff": 0.0,
"mean": 2.7131810410917523,
"mean_diff": -4.069771561637629,
"min": 0.0,
"min_diff": -9.442593481541238,
"std": 3.913178384978082,
"std_diff": 4.1771322803670845
}
}
},
"SteerAngleFeedback": {
"message_count": 1947,
"message_freq": 98.11688649065528,
"timespan": 19.843679,
"var_stats": {
"utime": {
"max": 1537287345402092,
"max_diff": 30837.0,
"mean": 1537287335491241.5,
"mean_diff": 10197.162898252825,
"min": 1537287325558413,
"min_diff": 476.0,
"std": 5707582.641776229,
"std_diff": 1646.5856749886188
},
"value": {
"max": -0.005164012244013836,
"max_diff": 0.005235987755986167,
"mean": -0.03042243152159173,
"mean_diff": 5.20190630090783e-05,
"min": -0.12908238913560965,
"min_diff": -0.003490658503993424,
"std": 0.025198930133160134,
"std_diff": 0.0008488147339366155
}
}
},
"VEHICLE_MONITOR": {
"message_count": 41,
"message_freq": 2.04999784750226,
"timespan": 20.000021,
"var_stats": null
},
"ZOE_VEH_INFO": {
"message_count": 1975,
"message_freq": 99.44905725818495,
"timespan": 19.859414,
"var_stats": {
"FL_wheel_speed": {
"max": 299.28090000000003,
"max_diff": 2.793900000000008,
"mean": 258.03573615189873,
"mean_diff": 0.0540790273556231,
"min": 146.2836,
"min_diff": -1.8765000000000214,
"std": 41.47788829462094,
"std_diff": 0.36432615045677524
},
"FR_wheel_speed": {
"max": 299.0724,
"max_diff": 1.8765000000000214,
"mean": 258.0605872405063,
"mean_diff": 0.05456489361702127,
"min": 145.5747,
"min_diff": -2.585399999999993,
"std": 41.55911940538852,
"std_diff": 0.3595400460869234
},
"RL_wheel_speed": {
"max": 298.3635,
"max_diff": 2.376899999999978,
"mean": 257.3064401012658,
"mean_diff": 0.05348753799392097,
"min": 145.3245,
"min_diff": -1.6680000000000064,
"std": 41.46295221245084,
"std_diff": 0.39613973494404386
},
"RR_wheel_speed": {
"max": 304.2015,
"max_diff": 1.8765000000000214,
"mean": 262.16918794936714,
"mean_diff": 0.05585349544072949,
"min": 147.7014,
"min_diff": -2.0850000000000364,
"std": 42.32961716176317,
"std_diff": 0.39944628475262633
},
"left_solar": {
"max": 0,
"max_diff": 0.0,
"mean": 0.0,
"mean_diff": 0.0,
"min": 0,
"min_diff": 0.0,
"std": 0.0,
"std_diff": 0.0
},
"longitudinal_accel": {
"max": 1.0,
"max_diff": 0.34999999999999964,
"mean": 0.17124050632911464,
"mean_diff": -0.00012664640324214793,
"min": -0.5,
"min_diff": -0.25,
"std": 0.39166083283817194,
"std_diff": 0.04519723935136297
},
"meanEffTorque": {
"max": 62.0,
"max_diff": 5.0,
"mean": 19.739240506329114,
"mean_diff": -0.011398176291793313,
"min": -18.0,
"min_diff": -1.5,
"std": 24.311561128122985,
"std_diff": 0.33985033137736126
},
"odom": {
"max": 124,
"max_diff": 88.0,
"mean": 94.53569620253164,
"mean_diff": 0.010131712259371834,
"min": 4,
"min_diff": -76.0,
"std": 38.66682896863907,
"std_diff": 12.752173610652749
},
"odom_speed": {
"max": 34.0,
"max_diff": 1.0,
"mean": 28.79848101265823,
"mean_diff": 0.0060790273556231,
"min": 16.0,
"min_diff": -1.0,
"std": 4.79714025797691,
"std_diff": 0.11460484877871865
},
"pedal_cc": {
"max": 292.0,
"max_diff": 26.0,
"mean": 151.6546835443038,
"mean_diff": -0.0734549138804458,
"min": 0.0,
"min_diff": -15.0,
"std": 83.35769043114007,
"std_diff": 1.8031758875389536
},
"regen": {
"max": 36.0,
"max_diff": 1.0,
"mean": 3.5149367088607595,
"mean_diff": 0.010638297872340425,
"min": 0.0,
"min_diff": -10.0,
"std": 7.250920827322244,
"std_diff": 0.47892599563309507
},
"requestedTorqueAfterProc": {
"max": -272.5,
"max_diff": 126.0,
"mean": -359.0881012658228,
"mean_diff": 0.040526849037487336,
"min": -398.5,
"min_diff": -122.0,
"std": 29.877587132338927,
"std_diff": 4.876917587270454
},
"right_solar": {
"max": 0,
"max_diff": 0.0,
"mean": 0.0,
"mean_diff": 0.0,
"min": 0,
"min_diff": 0.0,
"std": 0.0,
"std_diff": 0.0
},
"steer_corrected": {
"max": -0.2958761069358742,
"max_diff": 0.3000000000001819,
"mean": -1.756939398075113,
"mean_diff": 0.0029381965552176936,
"min": -7.395876106935783,
"min_diff": -0.20000000000027285,
"std": 1.4545564841608685,
"std_diff": 0.0481836156868333
},
"steer_offset_can": {
"max": -12.300000000000182,
"max_diff": 0.0,
"mean": -12.300000000000182,
"mean_diff": 0.0,
"min": -12.300000000000182,
"min_diff": 0.0,
"std": 0.0,
"std_diff": 0.0
},
"steer_raw": {
"max": -12.0,
"max_diff": 0.3000000000001819,
"mean": -13.461063291139238,
"mean_diff": 0.0029381965552176936,
"min": -19.09999999999991,
"min_diff": -0.20000000000027285,
"std": 1.4545564841608685,
"std_diff": 0.0481836156868333
},
"transversal_accel": {
"max": -0.48799999999999955,
"max_diff": 0.03200000000001069,
"mean": -0.517956455696202,
"mean_diff": 1.0131712259377017e-05,
"min": -0.5480000000000018,
"min_diff": -0.02400000000000091,
"std": 0.011309237966694065,
"std_diff": 0.004466230227458762
},
"utime": {
"max": 1537287345409649,
"max_diff": 25419.0,
"mean": 1537287335488512.5,
"mean_diff": 10060.493414387032,
"min": 1537287325550235,
"min_diff": 4.0,
"std": 5733265.98024541,
"std_diff": 1696.322033830594
}
}
},
"ZoeSensors": {
"message_count": 18886,
"message_freq": 951.4169795740054,
"timespan": 19.850392,
"var_stats": {
"brake_sensor": {
"max": 0.1850549876689911,
"max_diff": 1.811981201171875e-05,
"mean": 0.1849523191149427,
"mean_diff": -1.3090297283872524e-09,
"min": 0.18486075103282928,
"min_diff": -2.3990869522094727e-05,
"std": 1.9078177115278406e-05,
"std_diff": 4.041477745144119e-06
},
"steering_sensor": {
"max": 0.21898460388183594,
"max_diff": 0.0007089674472808838,
"mean": 0.2176649512899234,
"mean_diff": -3.3368816885772697e-09,
"min": 0.2166450023651123,