{
"MS_IMU": {
"message_count": 1930,
"message_freq": 99.48222337717819,
"timespan": 19.400451,
"var_stats": {
"linear_accel": {
"max": 15.117456436157227,
"max_diff": 14.902143761515617,
"mean": 3.141179081748435,
"mean_diff": 5.035401506992058,
"min": -1.8973674774169922,
"min_diff": -2.541190266609192,
"std": 4.739733985590191,
"std_diff": 4.92704992843289
},
"q": {
"max": 0.9999879598617554,
"max_diff": 0.9984954936662689,
"mean": 0.11154986165511324,
"mean_diff": 0.44485939466430674,
"min": -0.48829159140586853,
"min_diff": -0.002676239819265902,
"std": 0.4873978310036132,
"std_diff": 0.3648016341048142
},
"rotation_rate": {
"max": 0.10728897899389267,
"max_diff": 0.20675355941057205,
"mean": -0.017481392201994354,
"mean_diff": -0.025545122904931678,
"min": -0.3794105052947998,
"min_diff": -0.37835698353592306,
"std": 0.07232813784825622,
"std_diff": 0.0883539196551093
},
"utime": {
"max": 1533153689801412,
"max_diff": 32009.0,
"mean": 1533153680100850.0,
"mean_diff": 10057.258164852256,
"min": 1533153670400961,
"min_diff": 2925.0,
"std": 5603602.421027294,
"std_diff": 4555.867454736697
}
}
},
"POSE": {
"message_count": 963,
"message_freq": 49.641828792600926,
"timespan": 19.398963,
"var_stats": {
"accel": {
"max": 11.48810701097565,
"max_diff": 11.545184162330523,
"mean": 3.1423292287553672,
"mean_diff": 5.03682016869049,
"min": -1.8056452261587908,
"min_diff": -2.284478759897686,
"std": 4.730892797666786,
"std_diff": 4.902851442059215
},
"orientation": {
"max": 0.9636144873420598,
"max_diff": 0.0,
"mean": 0.15882056193157845,
"mean_diff": -0.4180241531289728,
"min": -0.7044000000519489,
"min_diff": -0.9636144873420598,
"std": 0.47410550419472847,
"std_diff": 0.39823252093988815
},
"pos": {
"max": 2131.5926581681056,
"max_diff": -912.2239995239825,
"mean": 1013.2386549660139,
"mean_diff": -1052.1116152349045,
"min": 0.0,
"min_diff": -1219.3686586441231,
"std": 860.9846702825912,
"std_diff": 120.96776960491027
},
"rotation_rate": {
"max": 0.10728897899389267,
"max_diff": 0.20675355941057205,
"mean": -0.017460714767035618,
"mean_diff": -0.02558528913068912,
"min": -0.3794105052947998,
"min_diff": -0.3759465217590332,
"std": 0.07228650647307384,
"std_diff": 0.08815892865233885
},
"utime": {
"max": 1533153689798092,
"max_diff": 40827.0,
"mean": 1533153680085764.0,
"mean_diff": 20165.242203742204,
"min": 1533153670399129,
"min_diff": 14934.0,
"std": 5613872.481120413,
"std_diff": 1920.9197886087645
},
"vel": {
"max": 10.33775943729313,
"max_diff": 0.0,
"mean": 1.8547237859745893,
"mean_diff": -2.782085678961884,
"min": 0.0,
"min_diff": -10.33775943729313,
"std": 3.260191108096312,
"std_diff": 3.6555805079727697
}
}
},
"SteerAngleFeedback": {
"message_count": 1883,
"message_freq": 97.04661334892401,
"timespan": 19.403047,
"var_stats": {
"utime": {
"max": 1533153689804313,
"max_diff": 39975.0,
"mean": 1533153680070512.0,
"mean_diff": 10309.801806588735,
"min": 1533153670401266,
"min_diff": 1625.0,
"std": 5610083.873370817,
"std_diff": 2110.0879930725537
},
"value": {
"max": 0.04195987755982989,
"max_diff": 0.041887902047865744,
"mean": -0.6360694861071218,
"mean_diff": -0.0013901426932728448,
"min": -4.366741812977844,
"min_diff": -0.04537856055185108,
"std": 1.2772833760751892,
"std_diff": 0.00758481419184248
}
}
},
"VEHICLE_MONITOR": {
"message_count": 39,
"message_freq": 2.052656642965325,
"timespan": 18.999768,
"var_stats": {
"available_distance": {
"max": 65,
"max_diff": 1.0,
"mean": 64.71794871794872,
"mean_diff": 0.0,
"min": 64,
"min_diff": -1.0,
"std": 0.44999817371241646,
"std_diff": 0.22941573387056177
},
"battery_level": {
"max": 73,
"max_diff": 0.0,
"mean": 73.0,
"mean_diff": 0.0,
"min": 73,
"min_diff": 0.0,
"std": 0.0,
"std_diff": 0.0
},
"brake": {
"max": 12,
"max_diff": 9.0,
"mean": 1.0512820512820513,
"mean_diff": 0.0,
"min": 0,
"min_diff": -9.0,
"std": 3.1374390826548577,
"std_diff": 2.1521103473958814
},
"brake_switch": {
"max": 4,
"max_diff": 2.0,
"mean": 1.7179487179487178,
"mean_diff": 0.0,
"min": 1,
"min_diff": -3.0,
"std": 1.1971915415311543,
"std_diff": 0.6069769786668839
},
"gear_position": {
"max": 7,
"max_diff": 0.0,
"mean": 7.0,
"mean_diff": 0.0,
"min": 7,
"min_diff": 0.0,
"std": 0.0,
"std_diff": 0.0
},
"left_signal": {
"max": 0,
"max_diff": 0.0,
"mean": 0.0,
"mean_diff": 0.0,
"min": 0,
"min_diff": 0.0,
"std": 0.0,
"std_diff": 0.0
},
"rear_left_rpm": {
"max": 326.6361,
"max_diff": 14.720100000000002,
"mean": 172.92883076923076,
"mean_diff": -4.537618421052632,
"min": 19.182000000000002,
"min_diff": -25.937399999999997,
"std": 103.9683654755055,
"std_diff": 12.273113686103827
},
"rear_right_rpm": {
"max": 333.3915,
"max_diff": 14.261399999999995,
"mean": 173.7361,
"mean_diff": -5.035823684210525,
"min": 19.6407,
"min_diff": -26.145899999999997,
"std": 107.76077397065153,
"std_diff": 12.004605303348207
},
"right_signal": {
"max": 1,
"max_diff": 1.0,
"mean": 0.4358974358974359,
"mean_diff": 0.0,
"min": 0,
"min_diff": -1.0,
"std": 0.49587383604650553,
"std_diff": 0.6882472016116853
},
"steering": {
"max": 3.0,
"max_diff": 34.100000000000364,
"mean": -37.910256410256245,
"mean_diff": -3.9500000000000095,
"min": -248.5999999999999,
"min_diff": -70.30000000000018,
"std": 74.27804933326378,
"std_diff": 19.98456970554506
},
"steering_speed": {
"max": 95.60000000000055,
"max_diff": 151.4000000000001,
"mean": -7.3871794871792344,
"mean_diff": 3.739698609263685e-16,
"min": -161.39999999999947,
"min_diff": -75.70000000000027,
"std": 41.10422137836488,
"std_diff": 35.296824070639644
},
"throttle": {
"max": 268,
"max_diff": 68.0,
"mean": 68.82051282051282,
"mean_diff": 2.0789473684210527,
"min": 0,
"min_diff": -189.0,
"std": 94.45223234317339,
"std_diff": 38.23017654800939
},
"utime": {
"max": 1533153689843160,
"max_diff": 500970.0,
"mean": 1533153680343252.0,
"mean_diff": 499993.8947368421,
"min": 1533153670843392,
"min_diff": 499064.0,
"std": 5627239.648912322,
"std_diff": 480.97624350315306
},
"vehicle_speed": {
"max": 37.21,
"max_diff": 1.5299999999999994,
"mean": 19.72230769230769,
"mean_diff": -0.5331578947368418,
"min": 2.2600000000000002,
"min_diff": -2.87,
"std": 11.918508868516865,
"std_diff": 1.3658275017523025
},
"yaw_rate": {
"max": 0.6000000000000227,
"max_diff": 2.6999999999999886,
"mean": -3.3538461538461273,
"mean_diff": -0.4763157894736841,
"min": -21.899999999999977,
"min_diff": -6.800000000000011,
"std": 6.715762024228895,
"std_diff": 1.675117310978597
}
}
},
"ZOE_VEH_INFO": {
"message_count": 1914,
"message_freq": 98.71941219759314,
"timespan": 19.388284,
"var_stats": {
"FL_wheel_speed": {
"max": 327.8037,
"max_diff": 17.263800000000003,
"mean": 175.4896786833856,
"mean_diff": -0.08780324098274961,
"min": 19.182000000000002,
"min_diff": -19.140299999999968,
"std": 105.16968517147797,
"std_diff": 0.9424184520122162
},
"FR_wheel_speed": {
"max": 327.59520000000003,
"max_diff": 8.63190000000003,
"mean": 173.10866097178683,
"mean_diff": -0.09501845269210665,
"min": 18.9318,
"min_diff": -7.672799999999995,
"std": 106.55139707871658,
"std_diff": 0.6640348122548759
},
"RL_wheel_speed": {
"max": 327.345,
"max_diff": 13.302300000000002,
"mean": 174.76045156739812,
"mean_diff": -0.08841359121798223,
"min": 18.4731,
"min_diff": -27.563699999999983,
"std": 105.31427629494962,
"std_diff": 1.0025570052913024
},
"RR_wheel_speed": {
"max": 333.6417,
"max_diff": 11.425799999999981,
"mean": 175.66360297805642,
"mean_diff": -0.09870235232618924,
"min": 18.723300000000002,
"min_diff": -14.26139999999998,
"std": 108.85401100081906,
"std_diff": 0.73684177957925
},
"left_solar": {
"max": 0,
"max_diff": 0.0,
"mean": 0.0,
"mean_diff": 0.0,
"min": 0,
"min_diff": 0.0,
"std": 0.0,
"std_diff": 0.0
},
"longitudinal_accel": {
"max": 0.8500000000000014,
"max_diff": 1.9499999999999993,
"mean": -0.361233019853709,
"mean_diff": 0.000156821745948771,
"min": -1.9499999999999993,
"min_diff": -1.3500000000000014,
"std": 0.7556867270935097,
"std_diff": 0.09399078197029465
},
"meanEffTorque": {
"max": 60.5,
"max_diff": 3.0,
"mean": -6.469958202716823,