{
"MS_IMU": {
"message_count": 1959,
"message_freq": 99.76029520899527,
"timespan": 19.637071,
"var_stats": {
"linear_accel": {
"max": 12.673213005065918,
"max_diff": 13.747928977012634,
"mean": 3.3407497531418193,
"mean_diff": 4.731129372767515,
"min": -1.7797918319702148,
"min_diff": -2.056482255458832,
"std": 4.591033504564081,
"std_diff": 5.211115488061909
},
"q": {
"max": 0.911831259727478,
"max_diff": 0.9232937265187502,
"mean": 0.12238405301245835,
"mean_diff": 0.44196438724458753,
"min": -0.42345985770225525,
"min_diff": -0.017198236659169197,
"std": 0.484790842100776,
"std_diff": 0.3769049345875737
},
"rotation_rate": {
"max": 0.08188172429800034,
"max_diff": 0.1509527452290058,
"mean": -0.0003501325315673476,
"mean_diff": -1.0867139489809265e-05,
"min": -0.10489902645349503,
"min_diff": -0.07725042663514614,
"std": 0.015034413525691988,
"std_diff": 0.02353813665506107
},
"utime": {
"max": 1537294803956726,
"max_diff": 29001.0,
"mean": 1537294794143174.5,
"mean_diff": 10029.14759959142,
"min": 1537294784319655,
"min_diff": 1230.0,
"std": 5670602.667268106,
"std_diff": 5305.470147823878
}
}
},
"POSE": {
"message_count": 977,
"message_freq": 49.74739829253894,
"timespan": 19.639218,
"var_stats": {
"accel": {
"max": 10.190255769045704,
"max_diff": 10.814907688126592,
"mean": 3.341852684474175,
"mean_diff": 4.7286760754688135,
"min": -0.7674069844927505,
"min_diff": -1.8773382778712842,
"std": 4.582869424955399,
"std_diff": 5.202158446109458
},
"orientation": {
"max": 0.9392919690421164,
"max_diff": 0.0,
"mean": 0.14787312930056806,
"mean_diff": -0.42819080398900083,
"min": -0.3521629909467722,
"min_diff": -0.9392919690421164,
"std": 0.47763326688041474,
"std_diff": 0.38728021988295036
},
"pos": {
"max": 1534.7143486467248,
"max_diff": 796.7709357088628,
"mean": 759.5575365748361,
"mean_diff": -391.88660900830695,
"min": 0.0,
"min_diff": -1534.7143486467248,
"std": 611.0026501045492,
"std_diff": 1103.9624616742522
},
"rotation_rate": {
"max": 0.0796651616692543,
"max_diff": 0.1509527452290058,
"mean": -0.00030210214363880913,
"mean_diff": -5.889873474684962e-06,
"min": -0.10489902645349503,
"min_diff": -0.07725042663514614,
"std": 0.01518176028721319,
"std_diff": 0.02383116841144582
},
"utime": {
"max": 1537294803953970,
"max_diff": 40556.0,
"mean": 1537294794167410.8,
"mean_diff": 20122.149590163935,
"min": 1537294784314752,
"min_diff": 13197.0,
"std": 5673681.993367907,
"std_diff": 1748.6535083820584
},
"vel": {
"max": 8.250971053012227,
"max_diff": 0.0,
"mean": 2.214743317293317,
"mean_diff": -3.322114975939976,
"min": 0.0,
"min_diff": -8.250971053012227,
"std": 3.283177929022363,
"std_diff": 3.534129312759764
}
}
},
"SteerAngleFeedback": {
"message_count": 1928,
"message_freq": 98.10169156217582,
"timespan": 19.653076,
"var_stats": {
"utime": {
"max": 1537294803958329,
"max_diff": 30527.0,
"mean": 1537294794158020.0,
"mean_diff": 10198.793980280228,
"min": 1537294784305253,
"min_diff": 2548.0,
"std": 5669157.320052605,
"std_diff": 1643.836345907873
},
"value": {
"max": 0.0698851455917455,
"max_diff": 0.0052359877559861635,
"mean": -0.009458536088132994,
"mean_diff": -4.890907089137905e-05,
"min": -0.07497718232378703,
"min_diff": -0.010471975511964389,
"std": 0.03066831898383213,
"std_diff": 0.001026436945826365
}
}
},
"VEHICLE_MONITOR": {
"message_count": 39,
"message_freq": 2.0000047179598477,
"timespan": 19.499954,
"var_stats": {
"available_distance": {
"max": 59,
"max_diff": 0.0,
"mean": 59.0,
"mean_diff": 0.0,
"min": 59,
"min_diff": 0.0,
"std": 0.0,
"std_diff": 0.0
},
"battery_level": {
"max": 71,
"max_diff": 0.0,
"mean": 70.15384615384616,
"mean_diff": -0.02631578947368421,
"min": 70,
"min_diff": -1.0,
"std": 0.36080121229410994,
"std_diff": 0.16007269816574266
},
"brake": {
"max": 0,
"max_diff": 0.0,
"mean": 0.0,
"mean_diff": 0.0,
"min": 0,
"min_diff": 0.0,
"std": 0.0,
"std_diff": 0.0
},
"brake_switch": {
"max": 1,
"max_diff": 0.0,
"mean": 1.0,
"mean_diff": 0.0,
"min": 1,
"min_diff": 0.0,
"std": 0.0,
"std_diff": 0.0
},
"gear_position": {
"max": 7,
"max_diff": 0.0,
"mean": 7.0,
"mean_diff": 0.0,
"min": 7,
"min_diff": 0.0,
"std": 0.0,
"std_diff": 0.0
},
"left_signal": {
"max": 0,
"max_diff": 0.0,
"mean": 0.0,
"mean_diff": 0.0,
"min": 0,
"min_diff": 0.0,
"std": 0.0,
"std_diff": 0.0
},
"rear_left_rpm": {
"max": 264.9618,
"max_diff": 33.90210000000002,
"mean": 212.92982307692307,
"mean_diff": 5.1291,
"min": 48.1218,
"min_diff": -14.469899999999967,
"std": 51.5283645715214,
"std_diff": 9.797449807932031
},
"rear_right_rpm": {
"max": 265.4622,
"max_diff": 35.0697,
"mean": 216.90949999999998,
"mean_diff": 5.2201815789473685,
"min": 49.2894,
"min_diff": -9.340799999999973,
"std": 52.486444740039595,
"std_diff": 9.774573703124785
},
"right_signal": {
"max": 0,
"max_diff": 0.0,
"mean": 0.0,
"mean_diff": 0.0,
"min": 0,
"min_diff": 0.0,
"std": 0.0,
"std_diff": 0.0
},
"steering": {
"max": 4.5,
"max_diff": 2.799999999999727,
"mean": -0.01538461538444981,
"mean_diff": -0.13947368421051914,
"min": -3.299999999999727,
"min_diff": -3.5,
"std": 1.745255614448265,
"std_diff": 1.2082042946987077
},
"steering_speed": {
"max": 3.900000000000272,
"max_diff": 6.0,
"mean": -0.1717948717946743,
"mean_diff": 0.0,
"min": -5.999999999999819,
"min_diff": -4.0,
"std": 1.692509700453036,
"std_diff": 2.0266643582627895
},
"throttle": {
"max": 338,
"max_diff": 221.0,
"mean": 166.51282051282053,
"mean_diff": -3.1052631578947367,
"min": 0,
"min_diff": -210.0,
"std": 111.60274599021983,
"std_diff": 78.64336204252588
},
"utime": {
"max": 1537294804081449,
"max_diff": 1000482.0,
"mean": 1537294794530125.8,
"mean_diff": 513156.6842105263,
"min": 1537294784581495,
"min_diff": 499170.0,
"std": 5708466.731902328,
"std_diff": 80117.2193013742
},
"vehicle_speed": {
"max": 29.72,
"max_diff": 3.92,
"mean": 24.26076923076923,
"mean_diff": 0.5886842105263158,
"min": 5.3,
"min_diff": -0.9699999999999989,
"std": 5.922936461870998,
"std_diff": 1.0958826556770807
},
"yaw_rate": {
"max": 0.20000000000001705,
"max_diff": 0.700000000000017,
"mean": -0.23076923076920527,
"mean_diff": -0.0026315789473690195,
"min": -0.6999999999999886,
"min_diff": -0.9000000000000057,
"std": 0.24510996606321658,
"std_diff": 0.29954952328038864
}
}
},
"ZOE_VEH_INFO": {
"message_count": 1961,
"message_freq": 99.80254262881628,
"timespan": 19.648798,
"var_stats": {
"FL_wheel_speed": {
"max": 268.2144,
"max_diff": 10.758600000000001,
"mean": 210.80668408975012,
"mean_diff": 0.10490954081632653,
"min": 36.696,
"min_diff": -14.67840000000001,
"std": 52.7650292007194,
"std_diff": 0.8137724848429965
},
"FR_wheel_speed": {
"max": 263.58570000000003,
"max_diff": 7.756200000000035,
"mean": 210.8167635390107,
"mean_diff": 0.10467551020408163,
"min": 36.9045,
"min_diff": -7.255799999999965,
"std": 52.7508484592394,
"std_diff": 0.5995944896874185
},
"RL_wheel_speed": {
"max": 264.9618,
"max_diff": 6.755400000000009,
"mean": 210.23889637939828,
"mean_diff": 0.10431382653061225,
"min": 37.1547,
"min_diff": -8.631900000000002,
"std": 52.64307165365034,
"std_diff": 0.733028785892193
},
"RR_wheel_speed": {
"max": 266.3379,
"max_diff": 6.0882000000000005,
"mean": 214.2335054563998,
"mean_diff": 0.10584566326530613,
"min": 38.0721,
"min_diff": -8.882100000000008,
"std": 53.606957008058004,
"std_diff": 0.6231532563499613
},
"left_solar": {
"max": 0,
"max_diff": 0.0,
"mean": 0.0,
"mean_diff": 0.0,
"min": 0,
"min_diff": 0.0,
"std": 0.0,
"std_diff": 0.0
},
"longitudinal_accel": {
"max": 1.8000000000000007,
"max_diff": 0.9000000000000004,
"mean": 0.317159612442632,
"mean_diff": -0.0005867346938775512,
"min": -0.9000000000000004,
"min_diff": -0.5999999999999996,
"std": 0.580913521665578,
"std_diff": 0.07841486106776284
},
"meanEffTorque": {
"max": 109.5,
"max_diff": 4.0,
"mean": 27.86206017338093,
"mean_diff": -0.03188775510204082,
"min": -25.5,
"min_diff": -3.0,
"std": 35.29947955923616,
"std_diff": 0.5262288898796226
},
"odom": {
"max": 120,
"max_diff": 84.0,
"mean": 62.621111677715454,
"mean_diff": -0.0163265306122449,
"min": 4,