{
"MS_IMU": {
"message_count": 1896,
"message_freq": 99.53058938277385,
"timespan": 19.04942,
"var_stats": {
"linear_accel": {
"max": 11.79760456085205,
"max_diff": 12.049381673336029,
"mean": 3.38400449170854,
"mean_diff": 4.9235861309628755,
"min": -1.013364553451538,
"min_diff": -1.1422995626926422,
"std": 4.557445390771407,
"std_diff": 4.512140118816988
},
"q": {
"max": 0.6709403395652771,
"max_diff": 0.005154648097231984,
"mean": -0.06216179548116673,
"mean_diff": -0.4623587505496336,
"min": -0.9091248512268066,
"min_diff": -0.9056268375716172,
"std": 0.4961208817682469,
"std_diff": 0.33985202214761273
},
"rotation_rate": {
"max": 0.12304768711328506,
"max_diff": 0.17384081333875656,
"mean": 0.0111934527417493,
"mean_diff": 0.015704235364280606,
"min": -0.07934927940368652,
"min_diff": -0.1398698203265667,
"std": 0.027048171600934524,
"std_diff": 0.03419383461640629
},
"utime": {
"max": 1533151708700435,
"max_diff": 30970.0,
"mean": 1533151699152436.5,
"mean_diff": 10052.464379947229,
"min": 1533151689651015,
"min_diff": 2940.0,
"std": 5492242.02970746,
"std_diff": 4543.076177118966
}
}
},
"POSE": {
"message_count": 950,
"message_freq": 49.842364341282526,
"timespan": 19.060091,
"var_stats": {
"accel": {
"max": 10.47144819457491,
"max_diff": 10.220766475265087,
"mean": 3.3831851931478587,
"mean_diff": 4.923882005211225,
"min": -0.8268126797074348,
"min_diff": -0.38645544454077463,
"std": 4.553250279053119,
"std_diff": 4.505378453159024
},
"orientation": {
"max": 0.9987737770563695,
"max_diff": 0.0,
"mean": 0.20324037826948893,
"mean_diff": -0.38334894445915274,
"min": -0.34330291797139595,
"min_diff": -0.9987737770563695,
"std": 0.45682967136655545,
"std_diff": 0.4317139331957989
},
"pos": {
"max": 1429.4731196738444,
"max_diff": 570.671606070418,
"mean": 774.1801250967223,
"mean_diff": -464.8049502021442,
"min": 0.0,
"min_diff": -1429.4731196738444,
"std": 579.6751337387673,
"std_diff": 928.9493945710127
},
"rotation_rate": {
"max": 0.12304768711328506,
"max_diff": 0.17297804728150368,
"mean": 0.011264350272362559,
"mean_diff": 0.01566285818488962,
"min": -0.07413443177938461,
"min_diff": -0.12994325160980225,
"std": 0.026982259032722212,
"std_diff": 0.0341931480745856
},
"utime": {
"max": 1533151708715518,
"max_diff": 40517.0,
"mean": 1533151699177439.8,
"mean_diff": 20084.395152792415,
"min": 1533151689655427,
"min_diff": 13596.0,
"std": 5502317.613601463,
"std_diff": 1456.8038896992587
},
"vel": {
"max": 9.714439815128534,
"max_diff": 0.0,
"mean": 2.488977809076374,
"mean_diff": -3.733466713614561,
"min": 0.0,
"min_diff": -9.714439815128534,
"std": 3.6668044011781222,
"std_diff": 3.9397872879373703
}
}
},
"SteerAngleFeedback": {
"message_count": 1860,
"message_freq": 97.62013141244208,
"timespan": 19.053447,
"var_stats": {
"utime": {
"max": 1533151708707846,
"max_diff": 30376.0,
"mean": 1533151699126652.5,
"mean_diff": 10249.299085529854,
"min": 1533151689654399,
"min_diff": 4903.0,
"std": 5484174.30323769,
"std_diff": 1826.3347772270874
},
"value": {
"max": 0.5481053606381855,
"max_diff": 0.00872664625997166,
"mean": 0.16869517833018657,
"mean_diff": 4.3187275735200404e-05,
"min": -0.026107963267942617,
"min_diff": -0.00872664625997166,
"std": 0.11458481730104299,
"std_diff": 0.0020178495787928482
}
}
},
"VEHICLE_MONITOR": {
"message_count": 39,
"message_freq": 2.052676413721668,
"timespan": 18.999585,
"var_stats": {
"available_distance": {
"max": 70,
"max_diff": 0.0,
"mean": 69.02564102564102,
"mean_diff": -0.02631578947368421,
"min": 69,
"min_diff": -1.0,
"std": 0.15806189751202504,
"std_diff": 0.16007269816574266
},
"battery_level": {
"max": 80,
"max_diff": 0.0,
"mean": 80.0,
"mean_diff": 0.0,
"min": 80,
"min_diff": 0.0,
"std": 0.0,
"std_diff": 0.0
},
"brake": {
"max": 0,
"max_diff": 0.0,
"mean": 0.0,
"mean_diff": 0.0,
"min": 0,
"min_diff": 0.0,
"std": 0.0,
"std_diff": 0.0
},
"brake_switch": {
"max": 1,
"max_diff": 0.0,
"mean": 1.0,
"mean_diff": 0.0,
"min": 1,
"min_diff": 0.0,
"std": 0.0,
"std_diff": 0.0
},
"gear_position": {
"max": 7,
"max_diff": 0.0,
"mean": 7.0,
"mean_diff": 0.0,
"min": 7,
"min_diff": 0.0,
"std": 0.0,
"std_diff": 0.0
},
"left_signal": {
"max": 0,
"max_diff": 0.0,
"mean": 0.0,
"mean_diff": 0.0,
"min": 0,
"min_diff": 0.0,
"std": 0.0,
"std_diff": 0.0
},
"rear_left_rpm": {
"max": 309.3306,
"max_diff": 7.214100000000002,
"mean": 233.71673846153843,
"mean_diff": -2.281428947368422,
"min": 160.96200000000002,
"min_diff": -14.261400000000009,
"std": 55.990008512639506,
"std_diff": 6.455139781555872
},
"rear_right_rpm": {
"max": 313.0836,
"max_diff": 7.506,
"mean": 239.34623846153846,
"mean_diff": -2.206807894736842,
"min": 165.8826,
"min_diff": -13.802699999999959,
"std": 57.18441231152659,
"std_diff": 6.610797386627647
},
"right_signal": {
"max": 0,
"max_diff": 0.0,
"mean": 0.0,
"mean_diff": 0.0,
"min": 0,
"min_diff": 0.0,
"std": 0.0,
"std_diff": 0.0
},
"steering": {
"max": 30.300000000000182,
"max_diff": 13.599999999999909,
"mean": 10.25128205128222,
"mean_diff": 0.09473684210526076,
"min": -0.8999999999996362,
"min_diff": -9.199999999999818,
"std": 6.566694199924274,
"std_diff": 4.376007996265491
},
"steering_speed": {
"max": 23.900000000000272,
"max_diff": 23.899999999999636,
"mean": 0.3717948717950996,
"mean_diff": 0.15789473684210525,
"min": -29.899999999999455,
"min_diff": -35.90000000000009,
"std": 10.038361004179425,
"std_diff": 10.421173577182262
},
"throttle": {
"max": 219,
"max_diff": 54.0,
"mean": 113.25641025641026,
"mean_diff": -0.42105263157894735,
"min": 0,
"min_diff": -112.0,
"std": 85.56051028627093,
"std_diff": 25.71670722450513
},
"utime": {
"max": 1533151708896655,
"max_diff": 501386.0,
"mean": 1533151699396845.2,
"mean_diff": 499989.0789473684,
"min": 1533151689897070,
"min_diff": 497967.0,
"std": 5627069.720682172,
"std_diff": 566.385928570884
},
"vehicle_speed": {
"max": 34.77,
"max_diff": 0.7300000000000004,
"mean": 26.754871794871804,
"mean_diff": -0.2539473684210527,
"min": 18.56,
"min_diff": -1.5699999999999967,
"std": 6.356275264647819,
"std_diff": 0.7135291808796322
},
"yaw_rate": {
"max": 6.600000000000023,
"max_diff": 2.9000000000000057,
"mean": 1.5076923076923299,
"mean_diff": 0.005263157894736543,
"min": -0.4999999999999716,
"min_diff": -2.5,
"std": 1.569482131703226,
"std_diff": 0.9095827176357326
}
}
},
"ZOE_VEH_INFO": {
"message_count": 1895,
"message_freq": 99.47147315624505,
"timespan": 19.050688,
"var_stats": {
"FL_wheel_speed": {
"max": 310.7484,
"max_diff": 8.631899999999973,
"mean": 235.06323007915566,
"mean_diff": -0.04539883843717001,
"min": 161.2122,
"min_diff": -6.129899999999964,
"std": 56.18306798489175,
"std_diff": 0.5831305370139936
},
"FR_wheel_speed": {
"max": 309.3306,
"max_diff": 4.461900000000014,
"mean": 236.39098448548816,
"mean_diff": -0.04526673706441392,
"min": 162.8385,
"min_diff": -3.2525999999999726,
"std": 56.788138533809565,
"std_diff": 0.4973543664438018
},
"RL_wheel_speed": {
"max": 309.7893,
"max_diff": 5.838000000000022,
"mean": 234.40993741424802,
"mean_diff": -0.045398838437170026,
"min": 160.5033,
"min_diff": -5.837999999999965,
"std": 56.03755761910244,
"std_diff": 0.6150315044245823
},
"RR_wheel_speed": {
"max": 315.2103,
"max_diff": 5.629500000000007,
"mean": 240.4430362005277,
"mean_diff": -0.0458832101372756,
"min": 165.6741,
"min_diff": -4.712100000000021,
"std": 57.78708062745749,
"std_diff": 0.5450329639654053
},
"left_solar": {
"max": 0,
"max_diff": 0.0,
"mean": 0.0,
"mean_diff": 0.0,
"min": 0,
"min_diff": 0.0,
"std": 0.0,
"std_diff": 0.0
},
"longitudinal_accel": {
"max": 0.6500000000000004,
"max_diff": 0.40000000000000036,
"mean": -0.06844327176780937,
"mean_diff": 0.00015839493136219677,
"min": -0.9000000000000004,
"min_diff": -1.0,
"std": 0.4216426650842805,
"std_diff": 0.0702234797447081
},
"meanEffTorque": {
"max": 34.5,
"max_diff": 1.5,
"mean": 2.4021108179419524,
"mean_diff": 0.004751847940865892,
"min": -44.0,
"min_diff": -0.5,
"std": 26.374871021522882,
"std_diff": 0.21974502043645222
},
"odom": {
"max": 124,
"max_diff": 88.0,