{
"MS_IMU": {
"message_count": 1946,
"message_freq": 99.7984901298729,
"timespan": 19.499293,
"var_stats": {
"linear_accel": {
"max": 11.23205280303955,
"max_diff": 11.610925436019897,
"mean": 3.0301035989392475,
"mean_diff": 5.2502573506169625,
"min": -2.0563418865203857,
"min_diff": -1.7370536923408508,
"std": 4.781964067948951,
"std_diff": 4.4399656878210765
},
"q": {
"max": 0.9334854483604431,
"max_diff": 0.9227617615833879,
"mean": 0.06761524922556601,
"mean_diff": 0.4561451332654476,
"min": -0.7797877192497253,
"min_diff": 0.009984430624172091,
"std": 0.4954071018955156,
"std_diff": 0.33825030280966023
},
"rotation_rate": {
"max": 0.18932443857192993,
"max_diff": 0.20817451924085617,
"mean": -0.01808435891624034,
"mean_diff": -0.027986571887782294,
"min": -0.2942149043083191,
"min_diff": -0.31445606611669064,
"std": 0.0646454873193626,
"std_diff": 0.08193277101883654
},
"utime": {
"max": 1538985069451138,
"max_diff": 22026.0,
"mean": 1538985059708522.5,
"mean_diff": 10025.343444730077,
"min": 1538985049951845,
"min_diff": 2937.0,
"std": 5630610.6314303335,
"std_diff": 4310.470203481847
}
}
},
"POSE": {
"message_count": 975,
"message_freq": 50.002325749202804,
"timespan": 19.499093,
"var_stats": {
"accel": {
"max": 10.751088887866816,
"max_diff": 11.273136544547363,
"mean": 3.0293777429733155,
"mean_diff": 5.250024732206877,
"min": -1.978333006365345,
"min_diff": -1.5065166086609008,
"std": 4.78108054775408,
"std_diff": 4.446661399139648
},
"orientation": {
"max": 0.9999998520288084,
"max_diff": 0.10632241311691414,
"mean": 0.18942694853461753,
"mean_diff": -0.39341039341473033,
"min": -0.40148275457585225,
"min_diff": -0.9999998520288084,
"std": 0.46272824764527115,
"std_diff": 0.4225654927778657
},
"pos": {
"max": 1861.8356671299355,
"max_diff": 1224.9295743855844,
"mean": 842.1933574089423,
"mean_diff": -337.2936349639351,
"min": 0.0,
"min_diff": -1861.8356671299355,
"std": 765.3807981093953,
"std_diff": 1514.8027435838962
},
"rotation_rate": {
"max": 0.18932443857192993,
"max_diff": 0.2055027186870575,
"mean": -0.018170735969698343,
"mean_diff": -0.028158146663068366,
"min": -0.2945806682109833,
"min_diff": -0.3160417079925537,
"std": 0.06483713214372853,
"std_diff": 0.08214402875300289
},
"utime": {
"max": 1538985069450030,
"max_diff": 40599.0,
"mean": 1538985059705207.0,
"mean_diff": 20019.602669404518,
"min": 1538985049950937,
"min_diff": 12779.0,
"std": 5635517.911773443,
"std_diff": 895.3035019527683
},
"vel": {
"max": 5.364927136460206,
"max_diff": 0.0,
"mean": 1.0991262423032155,
"mean_diff": -1.648689363454823,
"min": 0.0,
"min_diff": -5.364927136460206,
"std": 1.781273424866839,
"std_diff": 1.9629935427340477
}
}
},
"SteerAngleFeedback": {
"message_count": 1925,
"message_freq": 98.79178417756943,
"timespan": 19.485426,
"var_stats": {
"utime": {
"max": 1538985069456375,
"max_diff": 30321.0,
"mean": 1538985059717057.5,
"mean_diff": 10127.56029106029,
"min": 1538985049970949,
"min_diff": 5764.0,
"std": 5633797.209292868,
"std_diff": 1309.1241144325043
},
"value": {
"max": 3.2916909692613117,
"max_diff": 0.06457718232378706,
"mean": -0.5184380409996714,
"mean_diff": 0.001034134795880216,
"min": -3.471459882216715,
"min_diff": -0.0925024503556946,
"std": 1.4113772885493374,
"std_diff": 0.014819790906404316
}
}
},
"VEHICLE_MONITOR": {
"message_count": 40,
"message_freq": 2.0513077189273545,
"timespan": 19.499756,
"var_stats": null
},
"ZOE_VEH_INFO": {
"message_count": 1943,
"message_freq": 99.67183701710458,
"timespan": 19.493972,
"var_stats": {
"FL_wheel_speed": {
"max": 170.553,
"max_diff": 5.796300000000002,
"mean": 104.20997400926402,
"mean_diff": -0.08434479917610711,
"min": 0.0,
"min_diff": -4.0031999999999925,
"std": 48.92389735276946,
"std_diff": 0.5810750445650792
},
"FR_wheel_speed": {
"max": 169.6356,
"max_diff": 6.338399999999993,
"mean": 101.60658914050438,
"mean_diff": -0.07723733264675592,
"min": 0.0,
"min_diff": -5.838000000000008,
"std": 47.307466340061566,
"std_diff": 0.5257408555263801
},
"RL_wheel_speed": {
"max": 173.3469,
"max_diff": 6.963899999999995,
"mean": 103.64654112197633,
"mean_diff": -0.08348589083419156,
"min": 0.0,
"min_diff": -7.255799999999994,
"std": 49.06637984485918,
"std_diff": 0.5880484019577042
},
"RR_wheel_speed": {
"max": 170.136,
"max_diff": 5.1708,
"mean": 101.15975743695317,
"mean_diff": -0.07710849639546859,
"min": 0.0,
"min_diff": -4.878900000000002,
"std": 47.54523173611936,
"std_diff": 0.5442979779212962
},
"left_solar": {
"max": 0,
"max_diff": 0.0,
"mean": 0.0,
"mean_diff": 0.0,
"min": 0,
"min_diff": 0.0,
"std": 0.0,
"std_diff": 0.0
},
"longitudinal_accel": {
"max": 0.5,
"max_diff": 0.34999999999999964,
"mean": -0.6909161091096239,
"mean_diff": 2.5746652935117886e-05,
"min": -2.0,
"min_diff": -0.40000000000000036,
"std": 0.5597023183718568,
"std_diff": 0.0587918998982812
},
"meanEffTorque": {
"max": 24.5,
"max_diff": 1.0,
"mean": -23.839938239835305,
"mean_diff": -0.0033470648815653965,
"min": -84.0,
"min_diff": -2.0,
"std": 27.516908391906583,
"std_diff": 0.3059050188797727
},
"odom": {
"max": 116,
"max_diff": 56.0,
"mean": 58.19248584662893,
"mean_diff": -0.02059732234809475,
"min": 0,
"min_diff": -116.0,
"std": 35.37517477514833,
"std_diff": 16.259468858255417
},
"odom_speed": {
"max": 19.0,
"max_diff": 1.0,
"mean": 11.375193000514669,
"mean_diff": -0.008753861997940269,
"min": 0.0,
"min_diff": -1.0,
"std": 5.462051947615308,
"std_diff": 0.13396278197583059
},
"pedal_cc": {
"max": 103.0,
"max_diff": 13.0,
"mean": 8.006176016469377,
"mean_diff": 0.0,
"min": 0.0,
"min_diff": -29.0,
"std": 25.414139769026004,
"std_diff": 1.0882766353347149
},
"regen": {
"max": 53.0,
"max_diff": 1.0,
"mean": 24.339680905815747,
"mean_diff": 0.0,
"min": 0.0,
"min_diff": -2.0,
"std": 21.718071560851467,
"std_diff": 0.28703534519703144
},
"requestedTorqueAfterProc": {
"max": -272.5,
"max_diff": 4.0,
"mean": -336.7555326814205,
"mean_diff": -0.05252317198764161,
"min": -398.5,
"min_diff": -126.0,
"std": 52.06993979222431,
"std_diff": 2.88619915093457
},
"right_solar": {
"max": 0,
"max_diff": 0.0,
"mean": 0.0,
"mean_diff": 0.0,
"min": 0,
"min_diff": 0.0,
"std": 0.0,
"std_diff": 0.0
},
"steer_corrected": {
"max": 188.60000000000036,
"max_diff": 2.200000000000273,
"mean": -29.690890375707486,
"mean_diff": 0.05890834191555103,
"min": -198.89999999999964,
"min_diff": -3.400000000000091,
"std": 80.67712208664264,
"std_diff": 0.837804277290816
},
"steer_offset_can": {
"max": -13.300000000000182,
"max_diff": 0.0,
"mean": -13.300000000000182,
"mean_diff": 0.0,
"min": -13.300000000000182,
"min_diff": 0.0,
"std": 0.0,
"std_diff": 0.0
},
"steer_raw": {
"max": 175.30000000000018,
"max_diff": 2.200000000000273,
"mean": -42.990890375707664,
"mean_diff": 0.05890834191555103,
"min": -212.19999999999982,
"min_diff": -3.400000000000091,
"std": 80.67712208664264,
"std_diff": 0.837804277290816
},
"transversal_accel": {
"max": -0.3199999999999932,
"max_diff": 0.056000000000011596,
"mean": -0.49375810602161446,
"mean_diff": 6.797116374871525e-05,
"min": -0.6239999999999952,
"min_diff": -0.06399999999999295,
"std": 0.04366367925600206,
"std_diff": 0.007535669651668174
},
"utime": {
"max": 1538985069455172,
"max_diff": 21577.0,
"mean": 1538985059706614.5,
"mean_diff": 10038.090628218331,
"min": 1538985049961200,
"min_diff": 1822.0,
"std": 5636184.421610159,
"std_diff": 1543.9437202009694
}
}
},
"ZoeSensors": {
"message_count": 18796,
"message_freq": 964.5412053224242,
"timespan": 19.486985,
"var_stats": {
"brake_sensor": {
"max": 0.36441150307655334,
"max_diff": 0.0009630471467971802,
"mean": 0.2740737391232645,
"mean_diff": 7.809205840451503e-06,
"min": 0.18192699551582336,
"min_diff": -0.0015144199132919312,
"std": 0.06424356644596108,
"std_diff": 8.46191602806195e-05
},
"steering_sensor": {
"max": 0.19170112907886505,
"max_diff": 0.0007129162549972534,
"mean": 0.18878823196645061,
"mean_diff": -1.2574217426678575e-09,
"min": 0.18758517503738403,
"min_diff": -0.0005396008491516113,
"std": 0.0005071913224698223,