{
"MS_IMU": {
"message_count": 1932,
"message_freq": 99.65448983709895,
"timespan": 19.386984,
"var_stats": {
"linear_accel": {
"max": 12.4830961227417,
"max_diff": 13.818201780319214,
"mean": 3.030641218584514,
"mean_diff": 5.049635797862716,
"min": -3.4364819526672363,
"min_diff": -3.8384505212306976,
"std": 4.829819827390338,
"std_diff": 5.271748376152739
},
"q": {
"max": 0.36921507120132446,
"max_diff": 0.2572699938900769,
"mean": -0.2924135670837496,
"mean_diff": -0.2574718480685011,
"min": -0.9999592900276184,
"min_diff": -1.0096428226679564,
"std": 0.40557899688593624,
"std_diff": 0.5159336772463778
},
"rotation_rate": {
"max": 0.0896001011133194,
"max_diff": 0.11559180915355682,
"mean": -0.021135090968667,
"mean_diff": -0.03289864890624149,
"min": -0.4754260182380676,
"min_diff": -0.5339426845312119,
"std": 0.08910924954673506,
"std_diff": 0.10758009354066751
},
"utime": {
"max": 1537298025206761,
"max_diff": 28977.0,
"mean": 1537298015513611.2,
"mean_diff": 10039.867426204039,
"min": 1537298005819777,
"min_diff": 1925.0,
"std": 5607136.129927315,
"std_diff": 5309.562347124442
}
}
},
"POSE": {
"message_count": 965,
"message_freq": 49.74259367574211,
"timespan": 19.399873,
"var_stats": {
"accel": {
"max": 10.197628936287671,
"max_diff": 13.12150952480156,
"mean": 3.0250143593457794,
"mean_diff": 5.051368772809933,
"min": -3.1612688529914874,
"min_diff": -3.548101152673316,
"std": 4.827062832427608,
"std_diff": 5.271942824557583
},
"orientation": {
"max": 0.9203109961930477,
"max_diff": 0.0,
"mean": -0.06824485852100623,
"mean_diff": -0.4582242035771259,
"min": -0.8599169396106218,
"min_diff": -0.9203109961930477,
"std": 0.4953207438473053,
"std_diff": 0.35123199254828996
},
"pos": {
"max": 1492.696029610462,
"max_diff": -122.1759691376551,
"mean": 932.556025001087,
"mean_diff": -737.7312758632296,
"min": 0.0,
"min_diff": -1366.7356969372383,
"std": 662.5094589370326,
"std_diff": 584.7056363306615
},
"rotation_rate": {
"max": 0.0896001011133194,
"max_diff": 0.09241199493408203,
"mean": -0.021404281620255653,
"mean_diff": -0.03314071572221407,
"min": -0.4752340316772461,
"min_diff": -0.5169063583016396,
"std": 0.08936942037653309,
"std_diff": 0.10792053952018799
},
"utime": {
"max": 1537298025209485,
"max_diff": 40717.0,
"mean": 1537298015490715.0,
"mean_diff": 20124.349585062242,
"min": 1537298005809612,
"min_diff": 15881.0,
"std": 5607665.585585429,
"std_diff": 1652.3381381578745
},
"vel": {
"max": 7.3484277919569445,
"max_diff": 0.0,
"mean": 1.2174344575992009,
"mean_diff": -1.8261516863988014,
"min": 0.0,
"min_diff": -7.3484277919569445,
"std": 2.3393027374411184,
"std_diff": 2.6639999910260643
}
}
},
"SteerAngleFeedback": {
"message_count": 1921,
"message_freq": 99.05298437463664,
"timespan": 19.393661,
"var_stats": {
"utime": {
"max": 1537298025202180,
"max_diff": 21756.0,
"mean": 1537298015501126.5,
"mean_diff": 10100.865104166667,
"min": 1537298005808519,
"min_diff": 526.0,
"std": 5601093.709917118,
"std_diff": 1209.6139768326702
},
"value": {
"max": 0.050686523819801536,
"max_diff": 0.03665191429187953,
"mean": -0.4403270182424313,
"mean_diff": 0.001223548527700191,
"min": -3.2619483964654314,
"min_diff": -0.020943951023928875,
"std": 1.002089923252894,
"std_diff": 0.0062845989250337325
}
}
},
"VEHICLE_MONITOR": {
"message_count": 40,
"message_freq": 2.051332335223397,
"timespan": 19.499522,
"var_stats": null
},
"ZOE_VEH_INFO": {
"message_count": 1926,
"message_freq": 99.2803821810168,
"timespan": 19.399603,
"var_stats": {
"FL_wheel_speed": {
"max": 232.9779,
"max_diff": 4.0031999999999925,
"mean": 115.6450987538941,
"mean_diff": -0.09711225974025975,
"min": 0.0,
"min_diff": -3.5028,
"std": 88.38734571986124,
"std_diff": 0.4241935897497316
},
"FR_wheel_speed": {
"max": 232.269,
"max_diff": 5.379300000000001,
"mean": 112.64958380062306,
"mean_diff": -0.08994202597402597,
"min": 0.0,
"min_diff": -3.961500000000001,
"std": 85.80132553995438,
"std_diff": 0.4737960306884759
},
"RL_wheel_speed": {
"max": 236.89770000000001,
"max_diff": 6.2967000000000155,
"mean": 114.9770543613707,
"mean_diff": -0.09576919480519482,
"min": 0.0,
"min_diff": -7.672799999999995,
"std": 87.792932473258,
"std_diff": 0.5271266857775577
},
"RR_wheel_speed": {
"max": 237.60660000000001,
"max_diff": 5.587800000000016,
"mean": 114.03020887850468,
"mean_diff": -0.09054857142857144,
"min": 0.0,
"min_diff": -4.878900000000016,
"std": 86.85158584021346,
"std_diff": 0.49076077368863336
},
"left_solar": {
"max": 0,
"max_diff": 0.0,
"mean": 0.0,
"mean_diff": 0.0,
"min": 0,
"min_diff": 0.0,
"std": 0.0,
"std_diff": 0.0
},
"longitudinal_accel": {
"max": 1.200000000000001,
"max_diff": 0.7000000000000011,
"mean": -0.36497923156801604,
"mean_diff": 0.000493506493506494,
"min": -1.5,
"min_diff": -0.6999999999999993,
"std": 0.5606679692464815,
"std_diff": 0.062281435681602944
},
"meanEffTorque": {
"max": 50.0,
"max_diff": 1.5,
"mean": -5.557632398753894,
"mean_diff": 0.005714285714285714,
"min": -67.5,
"min_diff": -2.0,
"std": 32.386879601207085,
"std_diff": 0.29448360513281935
},
"odom": {
"max": 120,
"max_diff": 72.0,
"mean": 53.61578400830737,
"mean_diff": -0.03324675324675325,
"min": 0,
"min_diff": -116.0,
"std": 35.49755874897805,
"std_diff": 15.13722292991756
},
"odom_speed": {
"max": 26.0,
"max_diff": 1.0,
"mean": 12.707165109034268,
"mean_diff": -0.01038961038961039,
"min": 0.0,
"min_diff": -1.0,
"std": 9.775911892714138,
"std_diff": 0.1285123831361349
},
"pedal_cc": {
"max": 254.0,
"max_diff": 6.0,
"mean": 53.2128764278297,
"mean_diff": -0.04727272727272727,
"min": 0.0,
"min_diff": -26.0,
"std": 92.12781405677012,
"std_diff": 1.1910266621849483
},
"regen": {
"max": 55.0,
"max_diff": 1.0,
"mean": 14.994807892004154,
"mean_diff": -0.01090909090909091,
"min": 0.0,
"min_diff": -3.0,
"std": 21.82094542953379,
"std_diff": 0.2817117520020361
},
"requestedTorqueAfterProc": {
"max": -272.5,
"max_diff": 122.0,
"mean": -345.83592938733125,
"mean_diff": 0.0,
"min": -398.5,
"min_diff": -126.0,
"std": 43.4594268577838,
"std_diff": 4.037904818674572
},
"right_solar": {
"max": 0,
"max_diff": 0.0,
"mean": 0.0,
"mean_diff": 0.0,
"min": 0,
"min_diff": 0.0,
"std": 0.0,
"std_diff": 0.0
},
"steer_corrected": {
"max": 2.904123893063944,
"max_diff": 2.099999999999909,
"mean": -25.26529459084033,
"mean_diff": 0.06929870129870135,
"min": -186.8958761069358,
"min_diff": -1.199999999999818,
"std": 57.402912792521114,
"std_diff": 0.3603573646507804
},
"steer_offset_can": {
"max": -12.300000000000182,
"max_diff": 0.0,
"mean": -12.300000000000184,
"mean_diff": 0.0,
"min": -12.300000000000182,
"min_diff": 0.0,
"std": 1.7763568394002505e-15,
"std_diff": 0.0
},
"steer_raw": {
"max": -8.800000000000182,
"max_diff": 2.099999999999909,
"mean": -36.96941848390446,
"mean_diff": 0.06929870129870135,
"min": -198.5999999999999,
"min_diff": -1.199999999999818,
"std": 57.40291279252112,
"std_diff": 0.3603573646507804
},
"transversal_accel": {
"max": -0.4399999999999977,
"max_diff": 0.06799999999998363,
"mean": -0.5338836967808915,
"mean_diff": 0.00010597402597402999,
"min": -0.8400000000000034,
"min_diff": -0.056000000000011596,
"std": 0.09037417875079262,
"std_diff": 0.006007198335621466
},
"utime": {
"max": 1537298025200801,
"max_diff": 25120.0,
"mean": 1537298015495194.8,
"mean_diff": 10077.715844155844,
"min": 1537298005801198,
"min_diff": 1626.0,
"std": 5606908.564422054,
"std_diff": 1614.5407677367666
}
}
},
"ZoeSensors": {
"message_count": 18483,
"message_freq": 952.8242451936453,
"timespan": 19.398121,
"var_stats": {
"brake_sensor": {
"max": 0.3404456377029419,
"max_diff": 0.000616610050201416,
"mean": 0.27024646928617657,
"mean_diff": 8.413599381365826e-06,
"min": 0.18483898043632507,
"min_diff": -0.00029590725898742676,
"std": 0.06071709146105612,
"std_diff": 3.775059475587569e-05
},
"steering_sensor": {
"max": 0.2219662070274353,
"max_diff": 0.0009492337703704834,
"mean": 0.21725677146557146,
"mean_diff": -3.409723017254687e-08,
"min": 0.21332073211669922,
"min_diff": -0.0009334832429885864,