{
"MS_IMU": {
"message_count": 1950,
"message_freq": 100.00061538840238,
"timespan": 19.49988,
"var_stats": {
"linear_accel": {
"max": 10.349956512451172,
"max_diff": 9.993743941187859,
"mean": 3.5829869095656353,
"mean_diff": 4.594101968912455,
"min": -0.9012591242790222,
"min_diff": -1.7139601111412048,
"std": 4.393410754966344,
"std_diff": 4.795609355073397
},
"q": {
"max": 0.02439674735069275,
"max_diff": 0.9855757616460323,
"mean": -0.28512843075972527,
"mean_diff": 0.26424900725483896,
"min": -0.9976394772529602,
"min_diff": -0.6922445008531213,
"std": 0.41073323991476796,
"std_diff": 0.5080378434672556
},
"rotation_rate": {
"max": 0.3452232778072357,
"max_diff": 0.33679481223225594,
"mean": 0.024068119781918598,
"mean_diff": 0.03395217223714937,
"min": -0.026604581624269485,
"min_diff": -0.02874514926224947,
"std": 0.06942986760336059,
"std_diff": 0.08146512407158707
},
"utime": {
"max": 1533107705049198,
"max_diff": 24989.0,
"mean": 1533107695304050.2,
"mean_diff": 10005.069266290406,
"min": 1533107685549318,
"min_diff": 2812.0,
"std": 5632428.319636844,
"std_diff": 4833.199063466708
}
}
},
"POSE": {
"message_count": 976,
"message_freq": 50.05280673677957,
"timespan": 19.499406,
"var_stats": {
"accel": {
"max": 9.96985489375491,
"max_diff": 9.781660638148345,
"mean": 3.5805500543468782,
"mean_diff": 4.595924743236889,
"min": -0.8105287303579124,
"min_diff": -1.6057453101543029,
"std": 4.394052882112754,
"std_diff": 4.795173008356052
},
"orientation": {
"max": 0.999494693778341,
"max_diff": 0.999494693778341,
"mean": 0.34234899030266297,
"mean_diff": 0.08547427450873349,
"min": 0.0,
"min_diff": -0.6567514178701,
"std": 0.3644134586410705,
"std_diff": 0.5709881625134964
},
"pos": {
"max": 1463.6007408154094,
"max_diff": 865.8836504411001,
"mean": 688.1711399313155,
"mean_diff": -305.1378649354292,
"min": 0.0,
"min_diff": -1463.6007408154094,
"std": 596.245455429817,
"std_diff": 1149.1110966433307
},
"rotation_rate": {
"max": 0.3445037305355072,
"max_diff": 0.3363578715361655,
"mean": 0.024058080569308308,
"mean_diff": 0.03394599563732088,
"min": -0.02579144760966301,
"min_diff": -0.02874514926224947,
"std": 0.06941403081927151,
"std_diff": 0.08144702047182836
},
"utime": {
"max": 1533107705054323,
"max_diff": 22913.0,
"mean": 1533107695304941.0,
"mean_diff": 19999.39076923077,
"min": 1533107685554917,
"min_diff": 16881.0,
"std": 5634677.739889854,
"std_diff": 610.9929708076284
},
"vel": {
"max": 4.584824028715076,
"max_diff": 0.0,
"mean": 0.33526407516559276,
"mean_diff": -0.5028961127483891,
"min": 0.0,
"min_diff": -4.584824028715076,
"std": 1.0145053163009532,
"std_diff": 1.2081101171382786
}
}
},
"SteerAngleFeedback": {
"message_count": 1932,
"message_freq": 99.05891467422974,
"timespan": 19.503545,
"var_stats": {
"utime": {
"max": 1533107705056365,
"max_diff": 23046.0,
"mean": 1533107695300242.8,
"mean_diff": 10100.23045054376,
"min": 1533107685552820,
"min_diff": 232.0,
"std": 5637624.9076743005,
"std_diff": 1225.4999352824423
},
"value": {
"max": 4.59563185928098,
"max_diff": 0.020943951023936647,
"mean": 3.512082315796469,
"mean_diff": -0.0015663674747313189,
"min": 1.4505485471872013,
"min_diff": -0.054105206811822626,
"std": 1.1200282600650848,
"std_diff": 0.007093586986282258
}
}
},
"VEHICLE_MONITOR": {
"message_count": 40,
"message_freq": 2.051331809227988,
"timespan": 19.499527,
"var_stats": {
"available_distance": {
"max": 100,
"max_diff": 0.0,
"mean": 100.0,
"mean_diff": 0.0,
"min": 100,
"min_diff": 0.0,
"std": 0.0,
"std_diff": 0.0
},
"battery_level": {
"max": 66,
"max_diff": 0.0,
"mean": 66.0,
"mean_diff": 0.0,
"min": 66,
"min_diff": 0.0,
"std": 0.0,
"std_diff": 0.0
},
"brake": {
"max": 9,
"max_diff": 7.0,
"mean": 3.975,
"mean_diff": -0.10256410256410256,
"min": 0,
"min_diff": -8.0,
"std": 4.052699717472292,
"std_diff": 2.539885640418419
},
"brake_switch": {
"max": 4,
"max_diff": 3.0,
"mean": 2.575,
"mean_diff": -0.07692307692307693,
"min": 1,
"min_diff": -3.0,
"std": 1.4981238266578636,
"std_diff": 1.2686478848054341
},
"gear_position": {
"max": 7,
"max_diff": 0.0,
"mean": 7.0,
"mean_diff": 0.0,
"min": 7,
"min_diff": 0.0,
"std": 0.0,
"std_diff": 0.0
},
"left_signal": {
"max": 1,
"max_diff": 1.0,
"mean": 0.45,
"mean_diff": 0.0,
"min": 0,
"min_diff": -1.0,
"std": 0.49749371855331004,
"std_diff": 0.7161148740394329
},
"rear_left_rpm": {
"max": 140.4039,
"max_diff": 21.725700000000003,
"mean": 33.520545000000006,
"mean_diff": 3.3071307692307688,
"min": 0.0,
"min_diff": -13.802699999999998,
"std": 49.45324693828986,
"std_diff": 7.48703374666287
},
"rear_right_rpm": {
"max": 148.1601,
"max_diff": 24.060900000000004,
"mean": 36.80025,
"mean_diff": 3.4097769230769233,
"min": 0.0,
"min_diff": -14.9286,
"std": 53.952601919434805,
"std_diff": 8.492318788642416
},
"right_signal": {
"max": 0,
"max_diff": 0.0,
"mean": 0.0,
"mean_diff": 0.0,
"min": 0,
"min_diff": 0.0,
"std": 0.0,
"std_diff": 0.0
},
"steering": {
"max": 264.6999999999998,
"max_diff": 37.899999999999636,
"mean": 198.40749999999986,
"mean_diff": -5.266666666666658,
"min": 58.5,
"min_diff": -70.80000000000018,
"std": 67.62949943441838,
"std_diff": 17.72708102619835
},
"steering_speed": {
"max": 105.50000000000018,
"max_diff": 109.59999999999991,
"mean": -10.894999999999731,
"mean_diff": -2.297435897435895,
"min": -109.59999999999972,
"min_diff": -93.59999999999991,
"std": 38.757992401567904,
"std_diff": 38.74200322567478
},
"throttle": {
"max": 324,
"max_diff": 154.0,
"mean": 74.025,
"mean_diff": 0.6666666666666666,
"min": 0,
"min_diff": -133.0,
"std": 105.45271155830939,
"std_diff": 53.86275690304555
},
"utime": {
"max": 1533107705415513,
"max_diff": 501623.0,
"mean": 1533107695665074.8,
"mean_diff": 499987.8717948718,
"min": 1533107685915986,
"min_diff": 498190.0,
"std": 5771986.746887993,
"std_diff": 613.374824940784
},
"vehicle_speed": {
"max": 16.51,
"max_diff": 2.6399999999999997,
"mean": 4.03775,
"mean_diff": 0.38102564102564107,
"min": 0.0,
"min_diff": -1.6300000000000001,
"std": 5.984287128597692,
"std_diff": 0.9422417210466746
},
"yaw_rate": {
"max": 19.200000000000017,
"max_diff": 3.5,
"mean": 3.870000000000023,
"mean_diff": 0.11025641025641054,
"min": -0.4999999999999716,
"min_diff": -5.099999999999994,
"std": 6.03875815048094,
"std_diff": 1.740732953759725
}
}
},
"ZOE_VEH_INFO": {
"message_count": 1949,
"message_freq": 99.9466062563191,
"timespan": 19.500412,
"var_stats": {
"FL_wheel_speed": {
"max": 140.6541,
"max_diff": 5.3793,
"mean": 30.668863006670083,
"mean_diff": 0.06284969199178644,
"min": 0.0,
"min_diff": -3.5028,
"std": 47.215044189317034,
"std_diff": 0.33638845850490406
},
"FR_wheel_speed": {
"max": 149.9949,
"max_diff": 5.3793,
"mean": 33.80877244740893,
"mean_diff": 0.06524722792607802,
"min": 0.0,
"min_diff": -3.5028,
"std": 51.80472773215158,
"std_diff": 0.3667163343433801
},
"RL_wheel_speed": {
"max": 139.9452,
"max_diff": 3.9615,
"mean": 30.0331145202668,
"mean_diff": 0.06295672484599589,
"min": 0.0,
"min_diff": -3.5028,
"std": 46.28556357133418,
"std_diff": 0.3268977261599325
},
"RR_wheel_speed": {
"max": 148.6188,
"max_diff": 4.9206,
"mean": 33.22484407388405,
"mean_diff": 0.06548270020533882,
"min": 0.0,
"min_diff": -3.5028,
"std": 51.059808840332934,
"std_diff": 0.3657932445455108
},
"left_solar": {
"max": 0,
"max_diff": 0.0,
"mean": 0.0,
"mean_diff": 0.0,
"min": 0,
"min_diff": 0.0,
"std": 0.0,
"std_diff": 0.0
},
"longitudinal_accel": {
"max": 2.0,
"max_diff": 0.25,
"mean": 0.6097742432016425,
"mean_diff": 0.00035934291581108795,
"min": -0.7999999999999989,
"min_diff": -0.20000000000000107,
"std": 0.5599747578543814,
"std_diff": 0.03447128123465072
},
"meanEffTorque": {
"max": 136.5,
"max_diff": 7.0,
"mean": 38.3866085171883,
"mean_diff": 0.008213552361396304,
"min": 1.5,
"min_diff": -2.5,
"std": 42.37605559123781,
"std_diff": 0.7166144246777127
},
"odom": {
"max": 116,
"max_diff": 48.0,
"mean": 48.27501282709082,
"mean_diff": 0.02053388090349076,
"min": 0,
"min_diff": -116.0,
"std": 23.939857441245813,
"std_diff": 9.126961510218848
},