{
"MS_IMU": {
"message_count": 1987,
"message_freq": 99.85240236990406,
"timespan": 19.899371,
"var_stats": {
"linear_accel": {
"max": 12.633150100708008,
"max_diff": 13.971730470657349,
"mean": 3.3567742775172085,
"mean_diff": 4.539731404060947,
"min": -2.539801597595215,
"min_diff": -3.224543273448944,
"std": 4.616622399324209,
"std_diff": 5.738244618414763
},
"q": {
"max": 0.9842751026153564,
"max_diff": 0.8966951593756676,
"mean": 0.314711196916302,
"mean_diff": -0.12743586836755524,
"min": -0.051749616861343384,
"min_diff": -0.9821774936281145,
"std": 0.388531698048448,
"std_diff": 0.5728346519568472
},
"rotation_rate": {
"max": 0.1933794915676117,
"max_diff": 0.18418778106570244,
"mean": -0.019888282764635633,
"mean_diff": -0.02866206837760054,
"min": -0.524621307849884,
"min_diff": -0.5427685044705868,
"std": 0.11346005142502244,
"std_diff": 0.14014454671171378
},
"utime": {
"max": 1538986237701143,
"max_diff": 24969.0,
"mean": 1538986227756339.2,
"mean_diff": 10019.824269889225,
"min": 1538986217801772,
"min_diff": 2977.0,
"std": 5752316.647095619,
"std_diff": 4299.442628439387
}
}
},
"POSE": {
"message_count": 996,
"message_freq": 50.05105609738448,
"timespan": 19.89968,
"var_stats": {
"accel": {
"max": 10.897613441822708,
"max_diff": 12.231030783066611,
"mean": 3.3554032576609907,
"mean_diff": 4.542545143934536,
"min": -2.258056370323361,
"min_diff": -3.037184475697945,
"std": 4.613293528961483,
"std_diff": 5.730663728107105
},
"orientation": {
"max": 0.9999982227463,
"max_diff": 0.9999982227463,
"mean": 0.2085293531411462,
"mean_diff": 0.03227355423655825,
"min": -0.9999947362374914,
"min_diff": -0.9999947362374914,
"std": 0.4544397747540758,
"std_diff": 0.5764475266928234
},
"pos": {
"max": 1614.3098600771357,
"max_diff": 949.2689421033538,
"mean": 758.7767078002443,
"mean_diff": -355.25295291776496,
"min": 0.0,
"min_diff": -1614.3098600771357,
"std": 640.4102558486267,
"std_diff": 1211.0802980526878
},
"rotation_rate": {
"max": 0.1927798092365265,
"max_diff": 0.18386248219758272,
"mean": -0.019879185087679427,
"mean_diff": -0.02870852830753884,
"min": -0.524621307849884,
"min_diff": -0.5427685044705868,
"std": 0.11349686389951935,
"std_diff": 0.14019614000348365
},
"utime": {
"max": 1538986237714028,
"max_diff": 21988.0,
"mean": 1538986227764030.8,
"mean_diff": 19999.6783919598,
"min": 1538986217814348,
"min_diff": 18543.0,
"std": 5750253.710089144,
"std_diff": 484.9107456446344
},
"vel": {
"max": 8.610353301123867,
"max_diff": 0.0,
"mean": 1.906748616366082,
"mean_diff": -2.860122924549123,
"min": 0.0,
"min_diff": -8.610353301123867,
"std": 2.9250040930970775,
"std_diff": 3.1791045441195402
}
}
},
"SteerAngleFeedback": {
"message_count": 1978,
"message_freq": 99.37247637617818,
"timespan": 19.904908,
"var_stats": {
"utime": {
"max": 1538986237712929,
"max_diff": 20954.0,
"mean": 1538986227752037.0,
"mean_diff": 10068.238745574103,
"min": 1538986217808021,
"min_diff": 4508.0,
"std": 5753273.611974211,
"std_diff": 1006.0192181714739
},
"value": {
"max": 1.3316862192716765,
"max_diff": 0.05235987755983018,
"mean": -0.7512257107830687,
"mean_diff": -0.0005817764173314441,
"min": -6.106907052728153,
"min_diff": -0.05235987755982996,
"std": 2.1127745731460608,
"std_diff": 0.014941638842219678
}
}
},
"VEHICLE_MONITOR": {
"message_count": 41,
"message_freq": 2.0500099425482214,
"timespan": 19.999903,
"var_stats": null
},
"ZOE_VEH_INFO": {
"message_count": 1987,
"message_freq": 99.83012800915363,
"timespan": 19.903811,
"var_stats": {
"FL_wheel_speed": {
"max": 272.4261,
"max_diff": 13.093799999999987,
"mean": 182.56709109209865,
"mean_diff": 0.07048685800604229,
"min": 97.41120000000001,
"min_diff": -6.296699999999987,
"std": 60.40111746190963,
"std_diff": 0.6804658666703427
},
"FR_wheel_speed": {
"max": 273.135,
"max_diff": 13.093800000000016,
"mean": 179.755814343231,
"mean_diff": 0.06763126888217522,
"min": 86.9028,
"min_diff": -7.714500000000015,
"std": 64.77979890176789,
"std_diff": 0.7403316543503555
},
"RL_wheel_speed": {
"max": 271.05,
"max_diff": 12.384900000000016,
"mean": 180.20716909914444,
"mean_diff": 0.07105377643504535,
"min": 96.2436,
"min_diff": -10.758600000000001,
"std": 60.944535321443006,
"std_diff": 0.9124053041503152
},
"RR_wheel_speed": {
"max": 272.2176,
"max_diff": 10.758600000000001,
"mean": 177.61849521892302,
"mean_diff": 0.06870211480362537,
"min": 78.7296,
"min_diff": -15.67919999999998,
"std": 65.80472169930661,
"std_diff": 0.958887849039085
},
"left_solar": {
"max": 0,
"max_diff": 0.0,
"mean": 0.0,
"mean_diff": 0.0,
"min": 0,
"min_diff": 0.0,
"std": 0.0,
"std_diff": 0.0
},
"longitudinal_accel": {
"max": 1.950000000000001,
"max_diff": 0.9499999999999993,
"mean": 0.6814292903875195,
"mean_diff": 0.0004783484390735142,
"min": -1.0,
"min_diff": -0.75,
"std": 0.7159797102947466,
"std_diff": 0.08617134844915834
},
"meanEffTorque": {
"max": 88.0,
"max_diff": 3.5,
"mean": 48.848012078510315,
"mean_diff": 0.02945619335347432,
"min": -55.5,
"min_diff": -1.0,
"std": 38.718299854947524,
"std_diff": 0.3290460537414032
},
"odom": {
"max": 124,
"max_diff": 84.0,
"mean": 62.29290387518873,
"mean_diff": 0.010070493454179255,
"min": 0,
"min_diff": -112.0,
"std": 35.55063678069853,
"std_diff": 17.836899511528227
},
"odom_speed": {
"max": 31.0,
"max_diff": 1.0,
"mean": 20.094614997483642,
"mean_diff": 0.0075528700906344415,
"min": 10.0,
"min_diff": -1.0,
"std": 7.038760055614904,
"std_diff": 0.11635342846919466
},
"pedal_cc": {
"max": 370.0,
"max_diff": 21.0,
"mean": 239.4207347760443,
"mean_diff": 0.1067472306143001,
"min": 0.0,
"min_diff": -11.0,
"std": 120.51586873885046,
"std_diff": 1.4321459730670225
},
"regen": {
"max": 42.0,
"max_diff": 1.0,
"mean": 6.568696527428284,
"mean_diff": -0.020644511581067473,
"min": 0.0,
"min_diff": -3.0,
"std": 14.900363143350809,
"std_diff": 0.2082797413750529
},
"requestedTorqueAfterProc": {
"max": -272.5,
"max_diff": 8.0,
"mean": -314.989179667841,
"mean_diff": -0.03423967774420947,
"min": -398.5,
"min_diff": -126.0,
"std": 25.749201886018025,
"std_diff": 2.8775069372941453
},
"right_solar": {
"max": 0,
"max_diff": 0.0,
"mean": 0.0,
"mean_diff": 0.0,
"min": 0,
"min_diff": 0.0,
"std": 0.0,
"std_diff": 0.0
},
"steer_corrected": {
"max": 76.30000000000018,
"max_diff": 2.5,
"mean": -42.74529441368879,
"mean_diff": -0.03313192346424984,
"min": -349.89999999999964,
"min_diff": -3.0,
"std": 120.96126508715939,
"std_diff": 0.8523883628758604
},
"steer_offset_can": {
"max": -13.300000000000182,
"max_diff": 0.0,
"mean": -13.300000000000182,
"mean_diff": 0.0,
"min": -13.300000000000182,
"min_diff": 0.0,
"std": 0.0,
"std_diff": 0.0
},
"steer_raw": {
"max": 63.0,
"max_diff": 2.5,
"mean": -56.04529441368898,
"mean_diff": -0.03313192346424984,
"min": -363.1999999999998,
"min_diff": -3.0,
"std": 120.96126508715939,
"std_diff": 0.8523883628758604
},
"transversal_accel": {
"max": -0.33600000000001273,
"max_diff": 0.13599999999999568,
"mean": -0.5480201308505278,
"mean_diff": -8.05639476335325e-06,
"min": -0.7920000000000016,
"min_diff": -0.14799999999999613,
"std": 0.08979206308038824,
"std_diff": 0.010839483212916844
},
"utime": {
"max": 1538986237706731,
"max_diff": 23690.0,
"mean": 1538986227760734.8,
"mean_diff": 10022.059919436053,
"min": 1538986217802920,
"min_diff": 905.0,
"std": 5749174.803916504,
"std_diff": 1798.0414447935175
}
}
},
"ZoeSensors": {
"message_count": 19106,
"message_freq": 959.7351279733907,
"timespan": 19.907576,
"var_stats": {
"brake_sensor": {
"max": 0.3097248077392578,
"max_diff": 0.0003591477870941162,
"mean": 0.1914782121498323,
"mean_diff": -1.5109387469896938e-06,
"min": 0.18164661526679993,
"min_diff": -0.0026785582304000854,
"std": 0.02759644384476158,
"std_diff": 8.610613886229553e-05
},
"steering_sensor": {
"max": 0.19146481156349182,
"max_diff": 0.0006262511014938354,
"mean": 0.18863617986874295,
"mean_diff": -5.565804044977591e-09,
"min": 0.1869589239358902,
"min_diff": -0.0004490017890930176,
"std": 0.0007363938385747635,
"std_diff": 7.298156168983628e-05
},