{
"MS_IMU": {
"message_count": 1910,
"message_freq": 99.73111759682469,
"timespan": 19.151495,
"var_stats": {
"linear_accel": {
"max": 12.840810775756836,
"max_diff": 13.708490490913391,
"mean": 3.2370222821710057,
"mean_diff": 4.991571244798511,
"min": -1.0963350534439087,
"min_diff": -1.1216881275177002,
"std": 4.655470564468225,
"std_diff": 4.756099018239939
},
"q": {
"max": 0.9131544232368469,
"max_diff": 0.9184199189767241,
"mean": 0.12439456546130627,
"mean_diff": 0.4413219935190823,
"min": -0.4213910698890686,
"min_diff": -0.002477911999449134,
"std": 0.48427885486954586,
"std_diff": 0.36890792992465266
},
"rotation_rate": {
"max": 0.07819362729787827,
"max_diff": 0.11796532571315765,
"mean": -0.00014871496483211545,
"mean_diff": 0.0008135799227272646,
"min": -0.09283102303743362,
"min_diff": -0.09688343480229378,
"std": 0.013928907866036759,
"std_diff": 0.01977774829479959
},
"utime": {
"max": 1535732763200358,
"max_diff": 26000.0,
"mean": 1535732753637093.0,
"mean_diff": 10032.213200628601,
"min": 1535732744048863,
"min_diff": 2539.0,
"std": 5533087.644642393,
"std_diff": 4871.166284290945
}
}
},
"POSE": {
"message_count": 947,
"message_freq": 49.47841547229237,
"timespan": 19.139659,
"var_stats": {
"accel": {
"max": 10.38364935439845,
"max_diff": 10.72051918830488,
"mean": 3.237854030168215,
"mean_diff": 4.989838219195156,
"min": -0.5678261285267063,
"min_diff": -0.46833825123110173,
"std": 4.650008015433613,
"std_diff": 4.747884296602383
},
"orientation": {
"max": 0.943091527665414,
"max_diff": 0.0,
"mean": 0.1494900397881227,
"mean_diff": -0.42718940693715673,
"min": -0.3485729698970294,
"min_diff": -0.943091527665414,
"std": 0.4771296762979069,
"std_diff": 0.38838453101792514
},
"pos": {
"max": 1590.447563939235,
"max_diff": 918.3587930575152,
"mean": 756.1754094781535,
"mean_diff": -357.2975218037528,
"min": 0.0,
"min_diff": -1590.447563939235,
"std": 635.3101491495318,
"std_diff": 1197.0923906619535
},
"rotation_rate": {
"max": 0.07818090915679932,
"max_diff": 0.10384531691670418,
"mean": -0.00017397773401915502,
"mean_diff": 0.0007892342331994086,
"min": -0.08286833763122559,
"min_diff": -0.09649790823459625,
"std": 0.013838018139887593,
"std_diff": 0.019557778636793442
},
"utime": {
"max": 1535732763204046,
"max_diff": 40695.0,
"mean": 1535732753648252.5,
"mean_diff": 20232.197674418603,
"min": 1535732744064387,
"min_diff": 14347.0,
"std": 5536751.508146356,
"std_diff": 2188.4691672536674
},
"vel": {
"max": 6.588180363547096,
"max_diff": 0.0,
"mean": 1.7758274292790823,
"mean_diff": -2.6637411439186236,
"min": 0.0,
"min_diff": -6.588180363547096,
"std": 2.5582342184656324,
"std_diff": 2.7297749322714737
}
}
},
"SteerAngleFeedback": {
"message_count": 1884,
"message_freq": 98.36469734869027,
"timespan": 19.153213,
"var_stats": {
"utime": {
"max": 1535732763201636,
"max_diff": 30784.0,
"mean": 1535732753630931.0,
"mean_diff": 10171.64790228359,
"min": 1535732744048423,
"min_diff": 4880.0,
"std": 5540613.461759077,
"std_diff": 1509.1563017992326
},
"value": {
"max": 0.3281938748869015,
"max_diff": 0.017453292519943292,
"mean": 0.01014096895142041,
"mean_diff": -2.7806626425842593e-06,
"min": -0.21285819323134064,
"min_diff": -0.01570796326795057,
"std": 0.061403410078543455,
"std_diff": 0.0026199227064560614
}
}
},
"VEHICLE_MONITOR": {
"message_count": 40,
"message_freq": 2.051019205282359,
"timespan": 19.502499,
"var_stats": {
"available_distance": {
"max": 29,
"max_diff": 0.0,
"mean": 29.0,
"mean_diff": 0.0,
"min": 29,
"min_diff": 0.0,
"std": 0.0,
"std_diff": 0.0
},
"battery_level": {
"max": 30,
"max_diff": 0.0,
"mean": 30.0,
"mean_diff": 0.0,
"min": 30,
"min_diff": 0.0,
"std": 0.0,
"std_diff": 0.0
},
"brake": {
"max": 0,
"max_diff": 0.0,
"mean": 0.0,
"mean_diff": 0.0,
"min": 0,
"min_diff": 0.0,
"std": 0.0,
"std_diff": 0.0
},
"brake_switch": {
"max": 1,
"max_diff": 0.0,
"mean": 1.0,
"mean_diff": 0.0,
"min": 1,
"min_diff": 0.0,
"std": 0.0,
"std_diff": 0.0
},
"gear_position": {
"max": 7,
"max_diff": 0.0,
"mean": 7.0,
"mean_diff": 0.0,
"min": 7,
"min_diff": 0.0,
"std": 0.0,
"std_diff": 0.0
},
"left_signal": {
"max": 0,
"max_diff": 0.0,
"mean": 0.0,
"mean_diff": 0.0,
"min": 0,
"min_diff": 0.0,
"std": 0.0,
"std_diff": 0.0
},
"rear_left_rpm": {
"max": 207.249,
"max_diff": 4.878899999999987,
"mean": 165.8461125,
"mean_diff": -2.426084615384615,
"min": 112.173,
"min_diff": -8.423399999999987,
"std": 28.43887444597788,
"std_diff": 3.3167769403550493
},
"rear_right_rpm": {
"max": 211.4607,
"max_diff": 3.085800000000006,
"mean": 169.0611825,
"mean_diff": -2.4613692307692308,
"min": 114.04950000000001,
"min_diff": -8.882100000000008,
"std": 28.907164398336338,
"std_diff": 3.3399736639644826
},
"right_signal": {
"max": 0,
"max_diff": 0.0,
"mean": 0.0,
"mean_diff": 0.0,
"min": 0,
"min_diff": 0.0,
"std": 0.0,
"std_diff": 0.0
},
"steering": {
"max": 16.200000000000273,
"max_diff": 11.700000000000273,
"mean": 1.1650000000001683,
"mean_diff": -0.10256410256410256,
"min": -9.099999999999909,
"min_diff": -25.300000000000182,
"std": 3.584030552325142,
"std_diff": 4.9065360479141535
},
"steering_speed": {
"max": 23.900000000000272,
"max_diff": 41.899999999999636,
"mean": -0.5249999999997846,
"mean_diff": -0.2025641025641049,
"min": -45.89999999999945,
"min_diff": -61.79999999999973,
"std": 9.37535999308824,
"std_diff": 14.581538858318734
},
"throttle": {
"max": 161,
"max_diff": 65.0,
"mean": 58.1,
"mean_diff": -3.41025641025641,
"min": 0,
"min_diff": -96.0,
"std": 54.61080479172597,
"std_diff": 23.961205770693923
},
"utime": {
"max": 1535732763609733,
"max_diff": 502371.0,
"mean": 1535732753857334.5,
"mean_diff": 500064.07692307694,
"min": 1535732744107234,
"min_diff": 499134.0,
"std": 5771587.919988831,
"std_diff": 549.8488549716271
},
"vehicle_speed": {
"max": 23.7,
"max_diff": 0.360000000000003,
"mean": 19.00675,
"mean_diff": -0.2723076923076923,
"min": 12.92,
"min_diff": -0.9100000000000001,
"std": 3.1949079701143193,
"std_diff": 0.35920468801164934
},
"yaw_rate": {
"max": 2.700000000000017,
"max_diff": 2.6999999999999886,
"mean": -0.16749999999997697,
"mean_diff": 0.0,
"min": -1.799999999999983,
"min_diff": -4.5,
"std": 0.5849732899885253,
"std_diff": 0.8987170342729169
}
}
},
"ZOE_VEH_INFO": {
"message_count": 1906,
"message_freq": 99.5350834274765,
"timespan": 19.149027,
"var_stats": {
"FL_wheel_speed": {
"max": 208.41660000000002,
"max_diff": 7.464300000000009,
"mean": 167.6250299055614,
"mean_diff": -0.047347559055118116,
"min": 116.38470000000001,
"min_diff": -9.799499999999995,
"std": 26.9694376145843,
"std_diff": 0.6078351072553742
},
"FR_wheel_speed": {
"max": 208.8753,
"max_diff": 3.961500000000001,
"mean": 167.72359155299057,
"mean_diff": -0.047697795275590545,
"min": 116.38470000000001,
"min_diff": -4.878900000000016,
"std": 27.03763686442018,
"std_diff": 0.4431221900359153
},
"RL_wheel_speed": {
"max": 207.9579,
"max_diff": 4.878900000000016,
"mean": 167.22347597061912,
"mean_diff": -0.04708488188976379,
"min": 116.38470000000001,
"min_diff": -6.755400000000009,
"std": 26.90925615055984,
"std_diff": 0.433740437921089
},
"RR_wheel_speed": {
"max": 212.4198,
"max_diff": 3.0023999999999944,
"mean": 170.49062502623295,
"mean_diff": -0.047851023622047247,
"min": 118.2195,
"min_diff": -3.2109000000000094,
"std": 27.479070480709055,
"std_diff": 0.3341215955916115
},
"left_solar": {
"max": 32,
"max_diff": 144.0,
"mean": -73.34312696747115,
"mean_diff": -0.07559055118110236,
"min": -112,
"min_diff": -144.0,
"std": 56.71564163219861,
"std_diff": 8.334890614407392
},
"longitudinal_accel": {
"max": 0.3000000000000007,
"max_diff": 0.40000000000000036,
"mean": -0.18809024134312624,
"mean_diff": -0.00026246719160104987,
"min": -0.8499999999999996,
"min_diff": -0.45000000000000107,
"std": 0.22017193567389282,
"std_diff": 0.052795195669459186
},
"meanEffTorque": {
"max": 21.0,
"max_diff": 1.5,
"mean": -4.48688352570829,
"mean_diff": -0.01837270341207349,
"min": -25.5,
"min_diff": -0.5,
"std": 13.420164857785776,
"std_diff": 0.23959387705357363
},