{
"MS_IMU": {
"message_count": 1970,
"message_freq": 99.49408520289622,
"timespan": 19.800172,
"var_stats": {
"linear_accel": {
"max": 13.8178129196167,
"max_diff": 14.078957796096802,
"mean": 3.2050369642101084,
"mean_diff": 4.921083467462686,
"min": -2.7509875297546387,
"min_diff": -3.853521466255188,
"std": 4.722509343731251,
"std_diff": 5.172300654841282
},
"q": {
"max": 0.9669334888458252,
"max_diff": 0.025072894990444183,
"mean": 0.14660942432250265,
"mean_diff": -0.42493986163143377,
"min": -0.5397375226020813,
"min_diff": -0.9809181168675423,
"std": 0.47802269206386405,
"std_diff": 0.39757069952806945
},
"rotation_rate": {
"max": 0.2400929033756256,
"max_diff": 0.2883661091327667,
"mean": -0.0026993324166787163,
"mean_diff": -0.004352454436831508,
"min": -0.264184832572937,
"min_diff": -0.3027290478348732,
"std": 0.06848582249709034,
"std_diff": 0.08810612788935836
},
"utime": {
"max": 1537295893720309,
"max_diff": 39955.0,
"mean": 1537295883801816.2,
"mean_diff": 10055.953275774506,
"min": 1537295873920137,
"min_diff": 1369.0,
"std": 5723473.0935107125,
"std_diff": 5320.83933366515
}
}
},
"POSE": {
"message_count": 986,
"message_freq": 49.847719262094,
"timespan": 19.780243,
"var_stats": {
"accel": {
"max": 11.502219096818799,
"max_diff": 12.309674322853638,
"mean": 3.2073613041742526,
"mean_diff": 4.921645845023885,
"min": -1.9082703181611245,
"min_diff": -2.0872933374909906,
"std": 4.702071283774304,
"std_diff": 5.135017816903556
},
"orientation": {
"max": 0.9778928641556707,
"max_diff": 0.5077521688333574,
"mean": 0.3302285064259681,
"mean_diff": -0.16004099660641313,
"min": 0.0,
"min_diff": -0.9778928641556707,
"std": 0.37543192930766334,
"std_diff": 0.5547253489237349
},
"pos": {
"max": 1874.0907974054185,
"max_diff": -574.7020279187509,
"mean": 1029.335449983872,
"mean_diff": -919.4470963027056,
"min": 0.0,
"min_diff": -1297.0672033763728,
"std": 766.9293945589219,
"std_diff": 330.41182947540256
},
"rotation_rate": {
"max": 0.23837485909461975,
"max_diff": 0.27861009910702705,
"mean": -0.0030164336908649588,
"mean_diff": -0.004254076052019578,
"min": -0.2622537612915039,
"min_diff": -0.3011942654848099,
"std": 0.06846120788590232,
"std_diff": 0.08779670566164344
},
"utime": {
"max": 1537295893699891,
"max_diff": 40251.0,
"mean": 1537295883805122.8,
"mean_diff": 20081.464974619288,
"min": 1537295873919648,
"min_diff": 10314.0,
"std": 5724294.788020911,
"std_diff": 1474.28159259195
},
"vel": {
"max": 7.461397134229874,
"max_diff": 0.0,
"mean": 2.0160711799678284,
"mean_diff": -3.024106769951742,
"min": 0.0,
"min_diff": -7.461397134229874,
"std": 2.8894026728316495,
"std_diff": 3.07807804589607
}
}
},
"SteerAngleFeedback": {
"message_count": 1948,
"message_freq": 98.36623182194056,
"timespan": 19.803544,
"var_stats": {
"utime": {
"max": 1537295893707342,
"max_diff": 21760.0,
"mean": 1537295883793185.8,
"mean_diff": 10171.311761684643,
"min": 1537295873903798,
"min_diff": 153.0,
"std": 5724772.629686968,
"std_diff": 1508.368802942816
},
"value": {
"max": 1.6511534478986065,
"max_diff": 0.015707963267942604,
"mean": -0.10731863510060394,
"mean_diff": -0.0008632522186289341,
"min": -2.0855964806212515,
"min_diff": -0.04363323129985819,
"std": 0.8212919605163892,
"std_diff": 0.005828156950850241
}
}
},
"VEHICLE_MONITOR": {
"message_count": 40,
"message_freq": 2.0000230002645027,
"timespan": 19.99977,
"var_stats": null
},
"ZOE_VEH_INFO": {
"message_count": 1966,
"message_freq": 99.29783901941414,
"timespan": 19.799021,
"var_stats": {
"FL_wheel_speed": {
"max": 236.18880000000001,
"max_diff": 7.672800000000024,
"mean": 191.18071312309257,
"mean_diff": -0.0028436641221374127,
"min": 156.0831,
"min_diff": -9.799499999999995,
"std": 25.29927220630806,
"std_diff": 0.9188635232215852
},
"FR_wheel_speed": {
"max": 235.9803,
"max_diff": 19.140299999999996,
"mean": 190.78916581892167,
"mean_diff": -0.007873129770992363,
"min": 139.695,
"min_diff": -18.723300000000023,
"std": 26.647114887632988,
"std_diff": 1.1164276277532796
},
"RL_wheel_speed": {
"max": 236.18880000000001,
"max_diff": 9.090599999999995,
"mean": 190.43367650050865,
"mean_diff": -0.002843664122137398,
"min": 154.45680000000002,
"min_diff": -6.046500000000009,
"std": 25.459732032025602,
"std_diff": 0.8260223248107833
},
"RR_wheel_speed": {
"max": 239.9418,
"max_diff": 8.423400000000015,
"mean": 193.64007985757883,
"mean_diff": -0.008297557251908396,
"min": 141.363,
"min_diff": -9.090599999999995,
"std": 27.317753102823392,
"std_diff": 0.8060330645161341
},
"left_solar": {
"max": 0,
"max_diff": 0.0,
"mean": 0.0,
"mean_diff": 0.0,
"min": 0,
"min_diff": 0.0,
"std": 0.0,
"std_diff": 0.0
},
"longitudinal_accel": {
"max": 1.1000000000000014,
"max_diff": 1.8500000000000014,
"mean": -0.030467955239063427,
"mean_diff": -2.5445292620864596e-05,
"min": -1.3499999999999996,
"min_diff": -1.3500000000000014,
"std": 0.37603365136499584,
"std_diff": 0.12657656912424528
},
"meanEffTorque": {
"max": 39.0,
"max_diff": 2.0,
"mean": 9.657680569684638,
"mean_diff": 0.0027989821882951653,
"min": -28.0,
"min_diff": -1.0,
"std": 21.221775211917752,
"std_diff": 0.33440129600139396
},
"odom": {
"max": 120,
"max_diff": 76.0,
"mean": 62.95625635808749,
"mean_diff": 0.0,
"min": 0,
"min_diff": -72.0,
"std": 34.887890774729534,
"std_diff": 18.937045831771268
},
"odom_speed": {
"max": 26.0,
"max_diff": 1.0,
"mean": 21.252288911495423,
"mean_diff": -0.0005089058524173028,
"min": 17.0,
"min_diff": -1.0,
"std": 2.9435918208338077,
"std_diff": 0.11279356065514533
},
"pedal_cc": {
"max": 217.0,
"max_diff": 25.0,
"mean": 114.45778229908444,
"mean_diff": 0.013231552162849873,
"min": 0.0,
"min_diff": -15.0,
"std": 77.13500997570821,
"std_diff": 2.1036326244494847
},
"regen": {
"max": 56.0,
"max_diff": 1.0,
"mean": 11.634282807731434,
"mean_diff": 0.0,
"min": 0.0,
"min_diff": -4.0,
"std": 19.89604275895854,
"std_diff": 0.4688787990987381
},
"requestedTorqueAfterProc": {
"max": -272.5,
"max_diff": 126.0,
"mean": -340.70981688708036,
"mean_diff": 0.004071246819338422,
"min": -398.5,
"min_diff": -126.0,
"std": 36.55892900784222,
"std_diff": 6.9124649525415105
},
"right_solar": {
"max": 0,
"max_diff": 0.0,
"mean": 0.0,
"mean_diff": 0.0,
"min": 0,
"min_diff": 0.0,
"std": 0.0,
"std_diff": 0.0
},
"steer_corrected": {
"max": 94.60412389306421,
"max_diff": 1.099999999999909,
"mean": -6.263424428400778,
"mean_diff": -0.048956743002544434,
"min": -119.39587610693579,
"min_diff": -2.900000000000091,
"std": 46.90970119188521,
"std_diff": 0.3309407989024587
},
"steer_offset_can": {
"max": -12.300000000000182,
"max_diff": 0.0,
"mean": -12.300000000000184,
"mean_diff": 0.0,
"min": -12.300000000000182,
"min_diff": 0.0,
"std": 1.7763568394002505e-15,
"std_diff": 0.0
},
"steer_raw": {
"max": 82.90000000000009,
"max_diff": 1.099999999999909,
"mean": -17.967548321464907,
"mean_diff": -0.048956743002544434,
"min": -131.0999999999999,
"min_diff": -2.900000000000091,
"std": 46.90970119188521,
"std_diff": 0.33094079890245875
},
"transversal_accel": {
"max": -0.2920000000000016,
"max_diff": 0.12800000000001432,
"mean": -0.5141261444557464,
"mean_diff": -7.328244274809438e-05,
"min": -0.7439999999999998,
"min_diff": -0.09999999999999432,
"std": 0.07260913039677655,
"std_diff": 0.012212650333030503
},
"utime": {
"max": 1537295893703919,
"max_diff": 22855.0,
"mean": 1537295883821368.0,
"mean_diff": 10075.837659033079,
"min": 1537295873904898,
"min_diff": 2.0,
"std": 5723534.350432224,
"std_diff": 1747.9939436624272
}
}
},
"ZoeSensors": {
"message_count": 18898,
"message_freq": 954.5671400692665,
"timespan": 19.797455,
"var_stats": {
"brake_sensor": {
"max": 0.1849534809589386,
"max_diff": 1.9535422325134277e-05,
"mean": 0.1848844721438658,
"mean_diff": -2.263128148718991e-10,
"min": 0.1848212033510208,
"min_diff": -2.2336840629577637e-05,
"std": 1.8003522539676988e-05,
"std_diff": 4.22812619972439e-06
},
"steering_sensor": {
"max": 0.22156445682048798,
"max_diff": 0.0010043829679489136,
"mean": 0.21719313274758723,
"mean_diff": 1.4173332872848482e-08,