{
"MS_IMU": {
"message_count": 1971,
"message_freq": 99.54469036399317,
"timespan": 19.800152,
"var_stats": {
"linear_accel": {
"max": 13.380544662475586,
"max_diff": 14.229108095169067,
"mean": 3.2504414019845846,
"mean_diff": 4.930688484542563,
"min": -2.3423609733581543,
"min_diff": -2.063785970211029,
"std": 4.656304334588466,
"std_diff": 4.896733335745024
},
"q": {
"max": 0.409502238035202,
"max_diff": 0.9515176564455032,
"mean": -0.14476020117197705,
"mean_diff": 0.4308409947198235,
"min": -0.9433246850967407,
"min_diff": -0.03161528892815113,
"std": 0.47858593879968925,
"std_diff": 0.3835698560274595
},
"rotation_rate": {
"max": 0.11143407970666885,
"max_diff": 0.22925947606563568,
"mean": 0.0007696112560740251,
"mean_diff": -0.0008349687189232901,
"min": -0.16244681179523468,
"min_diff": -0.18696673959493637,
"std": 0.02353504101632578,
"std_diff": 0.03498298714891096
},
"utime": {
"max": 1537299121220451,
"max_diff": 25810.0,
"mean": 1537299111317059.8,
"mean_diff": 10050.838578680203,
"min": 1537299101420299,
"min_diff": 1944.0,
"std": 5718942.757931987,
"std_diff": 5309.3304584561665
}
}
},
"POSE": {
"message_count": 985,
"message_freq": 49.74940693403698,
"timespan": 19.799231,
"var_stats": {
"accel": {
"max": 10.925720832760508,
"max_diff": 11.46277779557061,
"mean": 3.2541826198416617,
"mean_diff": 4.92245212053003,
"min": -1.52457830294842,
"min_diff": -1.519628310562914,
"std": 4.640630894313475,
"std_diff": 4.886525900937286
},
"orientation": {
"max": 0.9309114234687931,
"max_diff": 0.4310392904056934,
"mean": 0.3308013698043187,
"mean_diff": -0.16606589233964905,
"min": 0.0,
"min_diff": -0.9309114234687931,
"std": 0.37492726459352943,
"std_diff": 0.5529515826315804
},
"pos": {
"max": 1535.9739125961632,
"max_diff": -221.292678193161,
"mean": 920.6851999957146,
"mean_diff": -746.7332966699042,
"min": 0.0,
"min_diff": -1314.6812344030022,
"std": 657.8354703102208,
"std_diff": 522.2493765444365
},
"rotation_rate": {
"max": 0.11143407970666885,
"max_diff": 0.22449396550655365,
"mean": 0.0007170699053577077,
"mean_diff": -0.0008763362550332762,
"min": -0.16117429733276367,
"min_diff": -0.18696673959493637,
"std": 0.02350677651453213,
"std_diff": 0.0349549462909503
},
"utime": {
"max": 1537299121212805,
"max_diff": 40682.0,
"mean": 1537299111298228.0,
"mean_diff": 20121.169715447155,
"min": 1537299101413574,
"min_diff": 16047.0,
"std": 5714877.101047567,
"std_diff": 1687.6798237995504
},
"vel": {
"max": 7.109064133609399,
"max_diff": 0.0,
"mean": 2.0834448776622168,
"mean_diff": -3.125167316493326,
"min": 0.0,
"min_diff": -7.109064133609399,
"std": 2.987412932648135,
"std_diff": 3.1829855680692765
}
}
},
"SteerAngleFeedback": {
"message_count": 1953,
"message_freq": 98.62189411099028,
"timespan": 19.802905,
"var_stats": {
"utime": {
"max": 1537299121205810,
"max_diff": 21086.0,
"mean": 1537299111293872.8,
"mean_diff": 10144.930840163934,
"min": 1537299101402905,
"min_diff": 4447.0,
"std": 5728459.202312014,
"std_diff": 1354.6039561072246
},
"value": {
"max": 0.37357243543875246,
"max_diff": 0.010471975511964354,
"mean": -0.002668003743849773,
"mean_diff": 3.129432572735735e-05,
"min": -0.23903813201125557,
"min_diff": -0.00698131700797891,
"std": 0.1561553388884633,
"std_diff": 0.0020020110090356127
}
}
},
"VEHICLE_MONITOR": {
"message_count": 40,
"message_freq": 2.000056901618851,
"timespan": 19.999431,
"var_stats": null
},
"ZOE_VEH_INFO": {
"message_count": 1973,
"message_freq": 99.69359756397962,
"timespan": 19.790639,
"var_stats": {
"FL_wheel_speed": {
"max": 224.9715,
"max_diff": 11.217299999999994,
"mean": 197.50610040547392,
"mean_diff": 0.00012687626774847486,
"min": 117.9693,
"min_diff": -15.178799999999995,
"std": 27.135046837970528,
"std_diff": 0.9567038177229238
},
"FR_wheel_speed": {
"max": 225.4719,
"max_diff": 6.0882000000000005,
"mean": 197.4987453117081,
"mean_diff": 0.0007189655172413792,
"min": 117.2604,
"min_diff": -6.296699999999987,
"std": 26.863415963278428,
"std_diff": 0.6641475999265366
},
"RL_wheel_speed": {
"max": 225.6804,
"max_diff": 13.344000000000023,
"mean": 197.05699584389254,
"mean_diff": 0.0006132352941176465,
"min": 116.8434,
"min_diff": -11.926199999999994,
"std": 27.067172782439016,
"std_diff": 0.9517935973250744
},
"RR_wheel_speed": {
"max": 232.4775,
"max_diff": 8.631900000000002,
"mean": 200.78429528636596,
"mean_diff": 0.0007189655172413792,
"min": 120.096,
"min_diff": -10.758600000000001,
"std": 27.287445080457783,
"std_diff": 0.8540597081032567
},
"left_solar": {
"max": 0,
"max_diff": 0.0,
"mean": 0.0,
"mean_diff": 0.0,
"min": 0,
"min_diff": 0.0,
"std": 0.0,
"std_diff": 0.0
},
"longitudinal_accel": {
"max": 1.25,
"max_diff": 1.1500000000000004,
"mean": -0.07321338063862072,
"mean_diff": -0.0012423935091277897,
"min": -1.5,
"min_diff": -0.6000000000000014,
"std": 0.5795037057172857,
"std_diff": 0.07966224382496717
},
"meanEffTorque": {
"max": 73.0,
"max_diff": 3.5,
"mean": 3.8514951849974657,
"mean_diff": -0.08037525354969574,
"min": -85.5,
"min_diff": -1.5,
"std": 34.8859592255142,
"std_diff": 0.41247688626150486
},
"odom": {
"max": 120,
"max_diff": 72.0,
"mean": 61.003547896604154,
"mean_diff": 0.028397565922920892,
"min": 0,
"min_diff": -80.0,
"std": 34.23810499038095,
"std_diff": 18.79232086240797
},
"odom_speed": {
"max": 25.0,
"max_diff": 1.0,
"mean": 22.051191079574252,
"mean_diff": 0.0005070993914807302,
"min": 13.0,
"min_diff": -1.0,
"std": 3.092412579289657,
"std_diff": 0.11259319534157208
},
"pedal_cc": {
"max": 309.0,
"max_diff": 24.0,
"mean": 99.2316269640142,
"mean_diff": -0.15567951318458417,
"min": 0.0,
"min_diff": -25.0,
"std": 102.85405922705105,
"std_diff": 2.568849750628563
},
"regen": {
"max": 53.0,
"max_diff": 2.0,
"mean": 15.443993917891536,
"mean_diff": 0.02484787018255578,
"min": 0.0,
"min_diff": -7.0,
"std": 20.04175900635704,
"std_diff": 0.607501473032653
},
"requestedTorqueAfterProc": {
"max": -272.5,
"max_diff": 126.0,
"mean": -327.2318803852002,
"mean_diff": 0.017241379310344827,
"min": -398.5,
"min_diff": -125.5,
"std": 42.5293027673774,
"std_diff": 8.466717257126366
},
"right_solar": {
"max": 0,
"max_diff": 0.0,
"mean": 0.0,
"mean_diff": 0.0,
"min": 0,
"min_diff": 0.0,
"std": 0.0,
"std_diff": 0.0
},
"steer_corrected": {
"max": 21.404123893063943,
"max_diff": 0.7000000000002728,
"mean": -0.1237524373970936,
"mean_diff": 0.0017748478701825558,
"min": -13.695876106935966,
"min_diff": -0.5,
"std": 8.9598175688808,
"std_diff": 0.11882578831118082
},
"steer_offset_can": {
"max": -12.300000000000182,
"max_diff": 0.0,
"mean": -12.300000000000182,
"mean_diff": 0.0,
"min": -12.300000000000182,
"min_diff": 0.0,
"std": 0.0,
"std_diff": 0.0
},
"steer_raw": {
"max": 9.699999999999818,
"max_diff": 0.7000000000002728,
"mean": -11.82787633046122,
"mean_diff": 0.0017748478701825558,
"min": -25.40000000000009,
"min_diff": -0.5,
"std": 8.9598175688808,
"std_diff": 0.11882578831118082
},
"transversal_accel": {
"max": -0.3919999999999959,
"max_diff": 0.11200000000002319,
"mean": -0.49290420679168606,
"mean_diff": 6.085192697768993e-06,
"min": -0.6479999999999961,
"min_diff": -0.12400000000002365,
"std": 0.02857851151419169,
"std_diff": 0.010854372722064815
},
"utime": {
"max": 1537299121198929,
"max_diff": 22174.0,
"mean": 1537299111320572.8,
"mean_diff": 10035.820993914807,
"min": 1537299101408290,
"min_diff": 2.0,
"std": 5711750.927505497,
"std_diff": 1530.3871518637634
}
}
},
"ZoeSensors": {
"message_count": 19002,
"message_freq": 959.6965819407751,
"timespan": 19.800008,
"var_stats": {
"brake_sensor": {
"max": 0.34679338335990906,
"max_diff": 0.0009092241525650024,
"mean": 0.19935822942569725,
"mean_diff": 8.520430015592875e-06,
"min": 0.18482547998428345,
"min_diff": -1.9058585166931152e-05,
"std": 0.03804939637503395,
"std_diff": 3.3835041706944454e-05
},
"steering_sensor": {
"max": 0.22182440757751465,
"max_diff": 0.0009965002536773682,
"mean": 0.21693186972824702,
"mean_diff": 3.814182810504577e-08,
"min": 0.212722048163414,
"min_diff": -0.0008231997489929199,