{
"MS_IMU": {
"message_count": 1987,
"message_freq": 99.84829792320062,
"timespan": 19.900189,
"var_stats": {
"linear_accel": {
"max": 12.388975143432617,
"max_diff": 12.0491803586483,
"mean": 3.5075633508487805,
"mean_diff": 4.611062147676769,
"min": -1.1708837747573853,
"min_diff": -1.5907391607761383,
"std": 4.452794692147792,
"std_diff": 5.018721757521516
},
"q": {
"max": 0.9998400807380676,
"max_diff": 1.0143323168158531,
"mean": 0.21183228046653432,
"mean_diff": 0.37338185151141734,
"min": -0.3979988098144531,
"min_diff": -0.07162887044250965,
"std": 0.4529095952703572,
"std_diff": 0.4485411053353693
},
"rotation_rate": {
"max": 0.1040455549955368,
"max_diff": 0.14313103258609772,
"mean": 0.016263950253334672,
"mean_diff": 0.02463631704104714,
"min": -0.07068244367837906,
"min_diff": -0.08497774600982666,
"std": 0.02924453463147183,
"std_diff": 0.03694084832876489
},
"utime": {
"max": 1542193441457895,
"max_diff": 34965.0,
"mean": 1542193431511041.5,
"mean_diff": 10020.2361530715,
"min": 1542193421557706,
"min_diff": 1969.0,
"std": 5740806.651740452,
"std_diff": 5527.468895967969
}
}
},
"POSE": {
"message_count": 990,
"message_freq": 49.752468903450556,
"timespan": 19.89851,
"var_stats": {
"accel": {
"max": 10.838507090432481,
"max_diff": 10.678794354821873,
"mean": 3.506133276675536,
"mean_diff": 4.6106556385227515,
"min": -0.35648353701700014,
"min_diff": -1.327333150290549,
"std": 4.447928367078752,
"std_diff": 5.012222625478946
},
"orientation": {
"max": 0.9340914262387198,
"max_diff": 0.0,
"mean": 0.052979006651762396,
"mean_diff": -0.46125738919936554,
"min": -0.7590504055493345,
"min_diff": -0.9340914262387198,
"std": 0.49718530233122593,
"std_diff": 0.34723904481253015
},
"pos": {
"max": 1866.169776919256,
"max_diff": 1513.3031201236777,
"mean": 721.9794117184998,
"mean_diff": -181.92465326870942,
"min": 0.0,
"min_diff": -1866.169776919256,
"std": 778.4515448516157,
"std_diff": 1620.8540754264643
},
"rotation_rate": {
"max": 0.10395047813653946,
"max_diff": 0.14313103258609772,
"mean": 0.016318027498500393,
"mean_diff": 0.02458239585703268,
"min": -0.07068244367837906,
"min_diff": -0.08050537109375,
"std": 0.02921766733823021,
"std_diff": 0.03688515744636297
},
"utime": {
"max": 1542193441456900,
"max_diff": 40172.0,
"mean": 1542193431508776.2,
"mean_diff": 20119.828109201215,
"min": 1542193421558390,
"min_diff": 10831.0,
"std": 5738454.503508246,
"std_diff": 1713.7772869484616
},
"vel": {
"max": 9.507404509989874,
"max_diff": 0.0,
"mean": 2.432615449629203,
"mean_diff": -3.6489231744438047,
"min": 0.0,
"min_diff": -9.507404509989874,
"std": 3.522460770598525,
"std_diff": 3.7647551548908615
}
}
},
"SteerAngleFeedback": {
"message_count": 1956,
"message_freq": 98.27188192261603,
"timespan": 19.903964,
"var_stats": {
"utime": {
"max": 1542193441454815,
"max_diff": 29636.0,
"mean": 1542193431502176.5,
"mean_diff": 10181.055754475703,
"min": 1542193421550851,
"min_diff": 128.0,
"std": 5750941.101518234,
"std_diff": 1613.9097581269443
},
"value": {
"max": 0.48171087355043335,
"max_diff": 0.01221730476395716,
"mean": 0.32588223862723276,
"mean_diff": 5.5350595203914676e-05,
"min": 0.16231562043547582,
"min_diff": -0.012217304763957104,
"std": 0.06695963887548881,
"std_diff": 0.002013540874789396
}
}
},
"VEHICLE_MONITOR": {
"message_count": 41,
"message_freq": 2.0501783655178003,
"timespan": 19.99826,
"var_stats": null
},
"ZOE_VEH_INFO": {
"message_count": 1985,
"message_freq": 99.74363624294816,
"timespan": 19.901019,
"var_stats": {
"FL_wheel_speed": {
"max": 300.24,
"max_diff": 5.129099999999994,
"mean": 230.42516675062973,
"mean_diff": 0.08678392137096773,
"min": 125.0166,
"min_diff": -5.879700000000014,
"std": 41.20035952728513,
"std_diff": 0.563591027070965
},
"FR_wheel_speed": {
"max": 303.0339,
"max_diff": 4.4202000000000226,
"mean": 232.3593745088161,
"mean_diff": 0.08878064516129033,
"min": 126.8931,
"min_diff": -3.5027999999999793,
"std": 41.42942442997206,
"std_diff": 0.5564662942908949
},
"RL_wheel_speed": {
"max": 299.7396,
"max_diff": 6.755400000000009,
"mean": 229.30924534005038,
"mean_diff": 0.08783482862903226,
"min": 125.4753,
"min_diff": -4.712100000000021,
"std": 41.00507321046098,
"std_diff": 0.6666733927210305
},
"RR_wheel_speed": {
"max": 302.5752,
"max_diff": 7.297499999999985,
"mean": 231.62259748110833,
"mean_diff": 0.08842333669354838,
"min": 127.1433,
"min_diff": -8.9238,
"std": 41.33842510173924,
"std_diff": 0.6718773567961326
},
"left_solar": {
"max": 0,
"max_diff": 0.0,
"mean": 0.0,
"mean_diff": 0.0,
"min": 0,
"min_diff": 0.0,
"std": 0.0,
"std_diff": 0.0
},
"longitudinal_accel": {
"max": 1.4000000000000004,
"max_diff": 0.6500000000000004,
"mean": 0.6300755667506306,
"mean_diff": -2.5201612903225268e-05,
"min": -0.14999999999999858,
"min_diff": -0.6999999999999993,
"std": 0.28854231813139386,
"std_diff": 0.07738968065143
},
"meanEffTorque": {
"max": 82.0,
"max_diff": 1.0,
"mean": 45.03853904282116,
"mean_diff": -0.0010080645161290322,
"min": 5.0,
"min_diff": -1.5,
"std": 18.29281564338397,
"std_diff": 0.3122966950536223
},
"odom": {
"max": 124,
"max_diff": 108.0,
"mean": 70.91385390428212,
"mean_diff": 0.036290322580645164,
"min": 0,
"min_diff": -80.0,
"std": 39.2266440899295,
"std_diff": 17.011342680302473
},
"odom_speed": {
"max": 34.0,
"max_diff": 1.0,
"mean": 25.81360201511335,
"mean_diff": 0.010080645161290322,
"min": 14.0,
"min_diff": -1.0,
"std": 4.748752069695972,
"std_diff": 0.10481932202867707
},
"pedal_cc": {
"max": 350.0,
"max_diff": 10.0,
"mean": 231.33551637279598,
"mean_diff": 0.003528225806451613,
"min": 92.0,
"min_diff": -8.0,
"std": 57.3628538389784,
"std_diff": 1.5542889578601156
},
"regen": {
"max": 0.0,
"max_diff": 0.0,
"mean": 0.0,
"mean_diff": 0.0,
"min": 0.0,
"min_diff": 0.0,
"std": 0.0,
"std_diff": 0.0
},
"requestedTorqueAfterProc": {
"max": -298.5,
"max_diff": 4.0,
"mean": -338.1977329974811,
"mean_diff": -0.0020161290322580645,
"min": -382.5,
"min_diff": -4.0,
"std": 18.66586264039436,
"std_diff": 0.6349974343848471
},
"right_solar": {
"max": 0,
"max_diff": 0.0,
"mean": 0.0,
"mean_diff": 0.0,
"min": 0,
"min_diff": 0.0,
"std": 0.0,
"std_diff": 0.0
},
"steer_corrected": {
"max": 27.59999999999991,
"max_diff": 0.599999999999909,
"mean": 18.666297229219207,
"mean_diff": 0.0031250000000001377,
"min": 9.300000000000182,
"min_diff": -0.6000000000003638,
"std": 3.8317837744349017,
"std_diff": 0.11526753811348171
},
"steer_offset_can": {
"max": -13.400000000000091,
"max_diff": 0.0,
"mean": -13.400000000000091,
"mean_diff": 0.0,
"min": -13.400000000000091,
"min_diff": 0.0,
"std": 0.0,
"std_diff": 0.0
},
"steer_raw": {
"max": 14.199999999999818,
"max_diff": 0.599999999999909,
"mean": 5.266297229219117,
"mean_diff": 0.0031250000000001377,
"min": -4.099999999999909,
"min_diff": -0.6000000000003638,
"std": 3.8317837744349017,
"std_diff": 0.11526753811348171
},
"transversal_accel": {
"max": -0.4240000000000066,
"max_diff": 0.055999999999983174,
"mean": -0.4870811083123398,
"mean_diff": -2.0161290322533657e-06,
"min": -0.5600000000000023,
"min_diff": -0.04800000000000182,
"std": 0.02066057638121246,
"std_diff": 0.007035050207290527
},
"utime": {
"max": 1542193441457009,
"max_diff": 23026.0,
"mean": 1542193431505314.0,
"mean_diff": 10030.755544354839,
"min": 1542193421555990,
"min_diff": 2.0,
"std": 5746749.219567004,
"std_diff": 1902.667815131534
}
}
},
"ZoeSensors": {
"message_count": 18784,
"message_freq": 943.941986965721,
"timespan": 19.899528,
"var_stats": {
"brake_sensor": {
"max": 0.1904529184103012,
"max_diff": 3.153085708618164e-05,
"mean": 0.190341038665904,
"mean_diff": -1.4720281422128694e-08,
"min": 0.19008015096187592,
"min_diff": -4.1544437408447266e-05,
"std": 7.713498657582146e-05,
"std_diff": 6.061263233499945e-06
},
"steering_sensor": {
"max": 0.18951907753944397,
"max_diff": 0.000500217080116272,
"mean": 0.1885149114141701,
"mean_diff": -1.2790897190459764e-08,
"min": 0.18733704090118408,
"min_diff": -0.0004608333110809326,
"std": 0.00028583368123393166,