{
"MS_IMU": {
"message_count": 1981,
"message_freq": 99.90883633893677,
"timespan": 19.828076,
"var_stats": {
"linear_accel": {
"max": 12.550202369689941,
"max_diff": 12.930439352989197,
"mean": 3.1612796894152226,
"mean_diff": 5.175292809852312,
"min": -1.6165002584457397,
"min_diff": -1.44638192653656,
"std": 4.708199402728926,
"std_diff": 4.3693037008711775
},
"q": {
"max": 0.013826555572450161,
"max_diff": 0.8455062545835972,
"mean": -0.3511092766155645,
"mean_diff": 0.1023498420139244,
"min": -0.8536227941513062,
"min_diff": -0.6031745378859341,
"std": 0.3559807493377367,
"std_diff": 0.5596428328805619
},
"rotation_rate": {
"max": 0.14676377177238464,
"max_diff": 0.23489166051149368,
"mean": -0.002409949137617346,
"mean_diff": -0.006541147679293874,
"min": -0.16832253336906433,
"min_diff": -0.1550542339682579,
"std": 0.022130106790824482,
"std_diff": 0.02911685289460112
},
"utime": {
"max": 1535657128150344,
"max_diff": 26018.0,
"mean": 1535657118242563.8,
"mean_diff": 10014.179797979798,
"min": 1535657108322268,
"min_diff": 2935.0,
"std": 5727999.677676012,
"std_diff": 4670.446412162846
}
}
},
"POSE": {
"message_count": 992,
"message_freq": 49.95099817150141,
"timespan": 19.859463,
"var_stats": {
"accel": {
"max": 11.261703112718973,
"max_diff": 10.806524638979699,
"mean": 3.1602658918011652,
"mean_diff": 5.174528870980119,
"min": -1.3869687080834874,
"min_diff": -0.3470786980529092,
"std": 4.704318336582122,
"std_diff": 4.367002095425293
},
"orientation": {
"max": 0.9914434324515685,
"max_diff": 0.9914434324515685,
"mean": 0.2974093547640017,
"mean_diff": 0.25459727473629634,
"min": 0.0,
"min_diff": -0.22968087615417482,
"std": 0.40192993879389,
"std_diff": 0.5181829416626759
},
"pos": {
"max": 668.6692475192174,
"max_diff": 359.49887279661203,
"mean": 326.6929525150304,
"mean_diff": -156.5614993502759,
"min": 0.0,
"min_diff": -668.6692475192174,
"std": 272.4851033655234,
"std_diff": 510.4428061819506
},
"rotation_rate": {
"max": 0.14676377177238464,
"max_diff": 0.23489166051149368,
"mean": -0.002414240480692948,
"mean_diff": -0.00655698677855193,
"min": -0.1680438071489334,
"min_diff": -0.15103622525930405,
"std": 0.022048212936758807,
"std_diff": 0.029308521710935502
},
"utime": {
"max": 1535657128159975,
"max_diff": 40722.0,
"mean": 1535657118244743.8,
"mean_diff": 20039.821392532795,
"min": 1535657108300512,
"min_diff": 15972.0,
"std": 5734294.190503033,
"std_diff": 1036.3223589557074
},
"vel": {
"max": 5.0983901187805305,
"max_diff": 0.0,
"mean": 0.45913703953793716,
"mean_diff": -0.6887055593069058,
"min": 0.0,
"min_diff": -5.0983901187805305,
"std": 1.2472119295811819,
"std_diff": 1.474856359150842
}
}
},
"SteerAngleFeedback": {
"message_count": 1971,
"message_freq": 99.32891750529299,
"timespan": 19.843164,
"var_stats": {
"utime": {
"max": 1535657128151100,
"max_diff": 32669.0,
"mean": 1535657118227563.5,
"mean_diff": 10072.672081218274,
"min": 1535657108307936,
"min_diff": 6248.0,
"std": 5727110.777645997,
"std_diff": 1104.7504227336535
},
"value": {
"max": -0.036579938779914944,
"max_diff": 0.024434609527922202,
"mean": -0.8791409558218258,
"mean_diff": -0.00036412706729424755,
"min": -1.242602451907995,
"min_diff": -0.01919862177193593,
"std": 0.45959357357749026,
"std_diff": 0.003657072435409591
}
}
},
"VEHICLE_MONITOR": {
"message_count": 39,
"message_freq": 1.9500920443444931,
"timespan": 19.999056,
"var_stats": null
},
"ZOE_VEH_INFO": {
"message_count": 1977,
"message_freq": 99.60509125604842,
"timespan": 19.848383,
"var_stats": {
"FL_wheel_speed": {
"max": 169.17690000000002,
"max_diff": 8.2149,
"mean": 42.982090440060695,
"mean_diff": -0.08204939271255061,
"min": 0.0,
"min_diff": -8.173200000000008,
"std": 57.96354530110548,
"std_diff": 0.4736041657111806
},
"FR_wheel_speed": {
"max": 161.9211,
"max_diff": 5.379300000000001,
"mean": 42.48103657056146,
"mean_diff": -0.08029782388663967,
"min": 0.0,
"min_diff": -5.379300000000001,
"std": 57.36959844505434,
"std_diff": 0.4876603573906387
},
"RL_wheel_speed": {
"max": 163.08870000000002,
"max_diff": 4.0031999999999925,
"mean": 42.888987860394536,
"mean_diff": -0.08181725708502025,
"min": 0.0,
"min_diff": -10.049700000000001,
"std": 57.92115039992829,
"std_diff": 0.4018032645230038
},
"RR_wheel_speed": {
"max": 162.8385,
"max_diff": 5.129099999999994,
"mean": 43.177576327769344,
"mean_diff": -0.08169063765182187,
"min": 0.0,
"min_diff": -3.961500000000001,
"std": 58.38287994917676,
"std_diff": 0.40162530512531464
},
"left_solar": {
"max": 0,
"max_diff": 0.0,
"mean": 0.0,
"mean_diff": 0.0,
"min": 0,
"min_diff": 0.0,
"std": 0.0,
"std_diff": 0.0
},
"longitudinal_accel": {
"max": 0.0,
"max_diff": 0.40000000000000036,
"mean": -0.6088265048052597,
"mean_diff": -0.0001518218623481776,
"min": -1.6500000000000004,
"min_diff": -0.40000000000000036,
"std": 0.32920059017896275,
"std_diff": 0.05294922732975872
},
"meanEffTorque": {
"max": 0.0,
"max_diff": 1.0,
"mean": -10.75240263024785,
"mean_diff": 0.0015182186234817814,
"min": -48.5,
"min_diff": -3.0,
"std": 17.408174451320875,
"std_diff": 0.21983551698117695
},
"odom": {
"max": 120,
"max_diff": 52.0,
"mean": 65.35154274152757,
"mean_diff": 0.018218623481781375,
"min": 0,
"min_diff": -108.0,
"std": 23.445679508275592,
"std_diff": 10.454822418695345
},
"odom_speed": {
"max": 18.0,
"max_diff": 0.0,
"mean": 4.77137076378351,
"mean_diff": -0.009109311740890687,
"min": 0.0,
"min_diff": -1.0,
"std": 6.5024278406280445,
"std_diff": 0.09500701121758309
},
"pedal_cc": {
"max": 68.0,
"max_diff": 4.0,
"mean": 2.5685381891755186,
"mean_diff": -0.032388663967611336,
"min": 0.0,
"min_diff": -13.0,
"std": 11.875406189584037,
"std_diff": 0.5009743166514317
},
"regen": {
"max": 45.0,
"max_diff": 1.0,
"mean": 10.045523520485585,
"mean_diff": -0.003036437246963563,
"min": 0.0,
"min_diff": -1.0,
"std": 16.141569925432936,
"std_diff": 0.20615746774331298
},
"requestedTorqueAfterProc": {
"max": -272.5,
"max_diff": 126.0,
"mean": -365.99620637329286,
"mean_diff": 0.003036437246963563,
"min": -398.5,
"min_diff": -126.0,
"std": 40.50821070874866,
"std_diff": 4.014206917538006
},
"right_solar": {
"max": 0,
"max_diff": 0.0,
"mean": 0.0,
"mean_diff": 0.0,
"min": 0,
"min_diff": 0.0,
"std": 0.0,
"std_diff": 0.0
},
"steer_corrected": {
"max": -2.095876106936056,
"max_diff": 1.400000000000091,
"mean": -50.31084828700669,
"mean_diff": -0.020748987854251014,
"min": -71.19587610693597,
"min_diff": -1.199999999999818,
"std": 26.353272099317234,
"std_diff": 0.20853413042379104
},
"steer_offset_can": {
"max": -12.300000000000182,
"max_diff": 0.0,
"mean": -12.300000000000182,
"mean_diff": 0.0,
"min": -12.300000000000182,
"min_diff": 0.0,
"std": 0.0,
"std_diff": 0.0
},
"steer_raw": {
"max": -13.800000000000182,
"max_diff": 1.400000000000091,
"mean": -62.01497218007082,
"mean_diff": -0.020748987854251014,
"min": -82.90000000000009,
"min_diff": -1.199999999999818,
"std": 26.35327209931723,
"std_diff": 0.20853413042379107
},
"transversal_accel": {
"max": -0.2920000000000016,
"max_diff": 0.060000000000002274,
"mean": -0.4725058168942819,
"mean_diff": 4.4534412955476866e-05,
"min": -0.6239999999999952,
"min_diff": -0.06800000000001205,
"std": 0.032911694845685346,
"std_diff": 0.006797090983345447
},
"utime": {
"max": 1535657128151163,
"max_diff": 29463.0,
"mean": 1535657118230327.0,
"mean_diff": 10044.728238866397,
"min": 1535657108302780,
"min_diff": 1.0,
"std": 5740232.177997417,
"std_diff": 1664.3964665020744
}
}
},
"ZoeSensors": {
"message_count": 18699,
"message_freq": 942.0860664317036,
"timespan": 19.848505,
"var_stats": {
"brake_sensor": {
"max": 0.18454323709011078,
"max_diff": 3.3542513847351074e-05,
"mean": 0.18384465215818035,
"mean_diff": -4.564227745716349e-08,
"min": 0.18343563377857208,
"min_diff": -3.421306610107422e-05,
"std": 0.0003714862015858592,
"std_diff": 5.6353050090195986e-06
},
"steering_sensor": {
"max": 0.18990901112556458,
"max_diff": 0.0005671679973602295,
"mean": 0.1876888085166441,
"mean_diff": -5.7295913147485146e-08,
"min": 0.1859821230173111,