{
"MS_IMU": {
"message_count": 1988,
"message_freq": 99.8996531100124,
"timespan": 19.899969,
"var_stats": {
"linear_accel": {
"max": 13.704584121704102,
"max_diff": 13.343112289905548,
"mean": 3.1141309810860394,
"mean_diff": 4.970079409287729,
"min": -3.369729518890381,
"min_diff": -2.4188897609710693,
"std": 4.757085530672554,
"std_diff": 5.117917625881455
},
"q": {
"max": 0.9788194298744202,
"max_diff": 0.9950033519417048,
"mean": 0.011904727178548413,
"mean_diff": 0.43057450858937324,
"min": -0.9987595677375793,
"min_diff": -0.022675193729810417,
"std": 0.4998582746373036,
"std_diff": 0.3700717615728236
},
"rotation_rate": {
"max": 0.16873550415039062,
"max_diff": 0.2670191526412964,
"mean": -0.0451582912484598,
"mean_diff": -0.06777273612889621,
"min": -0.35365206003189087,
"min_diff": -0.4169020652770996,
"std": 0.08628029282832485,
"std_diff": 0.10165757537576728
},
"utime": {
"max": 1538984473451691,
"max_diff": 21979.0,
"mean": 1538984463498831.0,
"mean_diff": 10015.082536487167,
"min": 1538984453551722,
"min_diff": 2946.0,
"std": 5750105.311695243,
"std_diff": 4293.271189785334
}
}
},
"POSE": {
"message_count": 994,
"message_freq": 49.95244466962689,
"timespan": 19.898926,
"var_stats": {
"accel": {
"max": 12.102249316254984,
"max_diff": 11.642274096126457,
"mean": 3.115771301990663,
"mean_diff": 4.971076632006351,
"min": -3.04470727481512,
"min_diff": -2.1915076907278017,
"std": 4.747904710033812,
"std_diff": 5.100205472147188
},
"orientation": {
"max": 0.9999996092846055,
"max_diff": 0.6851515961716997,
"mean": 0.21243391578236967,
"mean_diff": -0.32611452100944727,
"min": -0.5471123024928428,
"min_diff": -0.9999996092846055,
"std": 0.45262769626412513,
"std_diff": 0.47642696451829014
},
"pos": {
"max": 1366.815046771929,
"max_diff": 141.81111587103487,
"mean": 866.3975272785176,
"mean_diff": -621.167861614502,
"min": 0.0,
"min_diff": -1366.815046771929,
"std": 614.5459976047733,
"std_diff": 735.9471262046861
},
"rotation_rate": {
"max": 0.1683277189731598,
"max_diff": 0.2670191526412964,
"mean": -0.045184824232717184,
"mean_diff": -0.0677746423780547,
"min": -0.35138073563575745,
"min_diff": -0.4163222908973694,
"std": 0.08629858575835908,
"std_diff": 0.1016972798480925
},
"utime": {
"max": 1538984473458410,
"max_diff": 40361.0,
"mean": 1538984463507551.2,
"mean_diff": 20039.200402819737,
"min": 1538984453559484,
"min_diff": 14066.0,
"std": 5752365.749612523,
"std_diff": 1031.6957506812048
},
"vel": {
"max": 8.248420084461634,
"max_diff": 0.0,
"mean": 1.5263118392847475,
"mean_diff": -2.2894677589271213,
"min": 0.0,
"min_diff": -8.248420084461634,
"std": 2.3245338129107886,
"std_diff": 2.521500604400634
}
}
},
"SteerAngleFeedback": {
"message_count": 1971,
"message_freq": 99.06838523256795,
"timespan": 19.895348,
"var_stats": {
"utime": {
"max": 1538984473449629,
"max_diff": 30400.0,
"mean": 1538984463497894.5,
"mean_diff": 10099.161421319797,
"min": 1538984453554281,
"min_diff": 1554.0,
"std": 5757663.58793843,
"std_diff": 1264.1600398804208
},
"value": {
"max": -0.008726646259971648,
"max_diff": 0.03316125578789397,
"mean": -1.3067796358770258,
"mean_diff": 0.0003021102918426725,
"min": -3.368485456349056,
"min_diff": -0.03839724354388019,
"std": 0.9197546810668611,
"std_diff": 0.008425540653960343
}
}
},
"VEHICLE_MONITOR": {
"message_count": 41,
"message_freq": 2.0499831901378407,
"timespan": 20.000164,
"var_stats": null
},
"ZOE_VEH_INFO": {
"message_count": 1987,
"message_freq": 99.85016445126104,
"timespan": 19.899817,
"var_stats": {
"FL_wheel_speed": {
"max": 262.16790000000003,
"max_diff": 3.961500000000001,
"mean": 147.95348877705084,
"mean_diff": 0.058938519637462244,
"min": 74.9766,
"min_diff": -5.629500000000007,
"std": 47.200133409876564,
"std_diff": 0.693854470980712
},
"FR_wheel_speed": {
"max": 261.7092,
"max_diff": 6.546899999999994,
"mean": 141.6369566180171,
"mean_diff": 0.05977839879154078,
"min": 71.9742,
"min_diff": -7.005600000000001,
"std": 48.89347926903953,
"std_diff": 0.7025126764089463
},
"RL_wheel_speed": {
"max": 261.459,
"max_diff": 5.1708,
"mean": 146.9405796175138,
"mean_diff": 0.05893851963746223,
"min": 72.9333,
"min_diff": -4.712100000000007,
"std": 47.384314799385145,
"std_diff": 0.6989777930289752
},
"RR_wheel_speed": {
"max": 261.9177,
"max_diff": 4.420199999999994,
"mean": 140.78778344237546,
"mean_diff": 0.06013534743202415,
"min": 71.2653,
"min_diff": -3.2109000000000094,
"std": 49.10051493246706,
"std_diff": 0.6550822056447355
},
"left_solar": {
"max": 0,
"max_diff": 0.0,
"mean": 0.0,
"mean_diff": 0.0,
"min": 0,
"min_diff": 0.0,
"std": 0.0,
"std_diff": 0.0
},
"longitudinal_accel": {
"max": 1.1000000000000014,
"max_diff": 0.5,
"mean": -0.1510820332159028,
"mean_diff": -0.00015105740181268917,
"min": -3.5,
"min_diff": -0.5500000000000007,
"std": 1.0684276208950176,
"std_diff": 0.07309154505894275
},
"meanEffTorque": {
"max": 59.0,
"max_diff": 2.5,
"mean": 2.4894313034725717,
"mean_diff": -0.011329305135951661,
"min": -127.5,
"min_diff": -2.0,
"std": 50.626760082645156,
"std_diff": 0.47015408041678036
},
"odom": {
"max": 120,
"max_diff": 80.0,
"mean": 60.5878208354303,
"mean_diff": 0.03423967774420947,
"min": 0,
"min_diff": -96.0,
"std": 34.79109721650125,
"std_diff": 17.851317108508166
},
"odom_speed": {
"max": 29.0,
"max_diff": 1.0,
"mean": 15.994464016104681,
"mean_diff": 0.006545820745216516,
"min": 8.0,
"min_diff": -1.0,
"std": 5.373841987552786,
"std_diff": 0.16011530388731926
},
"pedal_cc": {
"max": 270.0,
"max_diff": 25.0,
"mean": 112.99748364368395,
"mean_diff": -0.0755287009063444,
"min": 0.0,
"min_diff": -20.0,
"std": 112.22825926594975,
"std_diff": 2.0389795019315677
},
"regen": {
"max": 53.0,
"max_diff": 1.0,
"mean": 14.515349773527932,
"mean_diff": 0.0,
"min": 0.0,
"min_diff": -3.0,
"std": 19.22101844312352,
"std_diff": 0.33733748091818316
},
"requestedTorqueAfterProc": {
"max": -272.5,
"max_diff": 125.5,
"mean": -331.47156517362856,
"mean_diff": -0.026183282980866064,
"min": -398.5,
"min_diff": -126.0,
"std": 40.317022792371695,
"std_diff": 5.671350700318623
},
"right_solar": {
"max": 0,
"max_diff": 0.0,
"mean": 0.0,
"mean_diff": 0.0,
"min": 0,
"min_diff": 0.0,
"std": 0.0,
"std_diff": 0.0
},
"steer_corrected": {
"max": -0.5,
"max_diff": 1.699999999999818,
"mean": -74.83880221439338,
"mean_diff": 0.016868076535750252,
"min": -193.0,
"min_diff": -2.099999999999909,
"std": 52.56385192903147,
"std_diff": 0.4782925949275857
},
"steer_offset_can": {
"max": -13.300000000000182,
"max_diff": 0.0,
"mean": -13.300000000000182,
"mean_diff": 0.0,
"min": -13.300000000000182,
"min_diff": 0.0,
"std": 0.0,
"std_diff": 0.0
},
"steer_raw": {
"max": -13.800000000000182,
"max_diff": 1.699999999999818,
"mean": -88.13880221439358,
"mean_diff": 0.016868076535750252,
"min": -206.30000000000018,
"min_diff": -2.099999999999909,
"std": 52.56385192903147,
"std_diff": 0.4782925949275857
},
"transversal_accel": {
"max": -0.2920000000000016,
"max_diff": 0.06800000000001205,
"mean": -0.5269612481127323,
"mean_diff": -6.042296072507782e-06,
"min": -0.6839999999999975,
"min_diff": -0.06399999999999295,
"std": 0.06191573415486559,
"std_diff": 0.008747087775833533
},
"utime": {
"max": 1538984473449713,
"max_diff": 22894.0,
"mean": 1538984463503468.5,
"mean_diff": 10020.048841893253,
"min": 1538984453549896,
"min_diff": 2.0,
"std": 5749551.202023887,
"std_diff": 2053.405229462969
}
}
},
"ZoeSensors": {
"message_count": 19102,
"message_freq": 959.9585421736492,
"timespan": 19.898776,
"var_stats": {
"brake_sensor": {
"max": 0.4010407328605652,
"max_diff": 0.0007811784744262695,
"mean": 0.22770604909670789,
"mean_diff": 1.504548425655965e-08,
"min": 0.1816471517086029,
"min_diff": -0.0025005340576171875,
"std": 0.07320730720161643,
"std_diff": 0.0001264382908466443
},
"steering_sensor": {
"max": 0.19160659611225128,
"max_diff": 0.0004962831735610962,
"mean": 0.1887649545648275,
"mean_diff": 5.1550637751397994e-08,
"min": 0.18744337558746338,
"min_diff": -0.0005238503217697144,
"std": 0.0005661341051201801,