{
"MS_IMU": {
"message_count": 1890,
"message_freq": 99.47374703605077,
"timespan": 18.999988,
"var_stats": {
"linear_accel": {
"max": 12.884175300598145,
"max_diff": 11.89808851480484,
"mean": 3.160443583447919,
"mean_diff": 4.956421147515642,
"min": -1.4658788442611694,
"min_diff": -2.5261136293411255,
"std": 4.704500119082987,
"std_diff": 5.031551095432458
},
"q": {
"max": 0.9998564720153809,
"max_diff": 1.02229961194098,
"mean": 0.26786672381007154,
"mean_diff": 0.2958070309335072,
"min": -0.07420044392347336,
"min_diff": -0.2100553351920098,
"std": 0.42219359826869574,
"std_diff": 0.5084879240417342
},
"rotation_rate": {
"max": 0.11375125497579575,
"max_diff": 0.21725358814001083,
"mean": 0.008891744408180614,
"mean_diff": 0.014797255172857841,
"min": -0.17013943195343018,
"min_diff": -0.2809358760714531,
"std": 0.02897382573704276,
"std_diff": 0.04258753702132162
},
"utime": {
"max": 1533114194201057,
"max_diff": 32974.0,
"mean": 1533114184710347.8,
"mean_diff": 10058.225516146109,
"min": 1533114175201069,
"min_diff": 2947.0,
"std": 5494820.039868834,
"std_diff": 4754.800911361709
}
}
},
"POSE": {
"message_count": 946,
"message_freq": 49.793058784443005,
"timespan": 18.998632,
"var_stats": {
"accel": {
"max": 11.424420075405099,
"max_diff": 11.06241941619984,
"mean": 3.1589016564525445,
"mean_diff": 4.95701644087637,
"min": -1.165556730331641,
"min_diff": -1.4508749367898548,
"std": 4.698656302707502,
"std_diff": 5.02150551160626
},
"orientation": {
"max": 0.7575626080146779,
"max_diff": 0.0,
"mean": -0.03519542598152542,
"mean_diff": -0.46711053570379013,
"min": -0.8354642687095709,
"min_diff": -0.8354642687095709,
"std": 0.4987597437544243,
"std_diff": 0.3393244476424467
},
"pos": {
"max": 955.9631313982114,
"max_diff": 642.3587317727881,
"mean": 387.84363424653753,
"mean_diff": -143.25677171171066,
"min": 0.0,
"min_diff": -955.9631313982114,
"std": 365.96175155670915,
"std_diff": 734.6326774807081
},
"rotation_rate": {
"max": 0.1078190803527832,
"max_diff": 0.21667171269655228,
"mean": 0.008806806005571247,
"mean_diff": 0.014796409499104768,
"min": -0.17013943195343018,
"min_diff": -0.2779585123062134,
"std": 0.02889042375958679,
"std_diff": 0.04253076811440153
},
"utime": {
"max": 1533114194201094,
"max_diff": 40851.0,
"mean": 1533114184692146.5,
"mean_diff": 20104.372486772485,
"min": 1533114175202462,
"min_diff": 13956.0,
"std": 5500601.941995979,
"std_diff": 1548.4964377961485
},
"vel": {
"max": 10.142471996347398,
"max_diff": 0.0,
"mean": 2.5634403232237633,
"mean_diff": -3.8451604848356435,
"min": 0.0,
"min_diff": -10.142471996347398,
"std": 3.828134831008172,
"std_diff": 4.129588927304966
}
}
},
"SteerAngleFeedback": {
"message_count": 1860,
"message_freq": 97.87805121011212,
"timespan": 19.003239,
"var_stats": {
"utime": {
"max": 1533114194204292,
"max_diff": 30266.0,
"mean": 1533114184705636.0,
"mean_diff": 10222.291016675632,
"min": 1533114175201053,
"min_diff": 4030.0,
"std": 5507781.6748853065,
"std_diff": 1691.9725789562137
},
"value": {
"max": 0.4014257279586958,
"max_diff": 0.010471975511964382,
"mean": 0.2033374263007621,
"mean_diff": 9.106882057205742e-05,
"min": -0.048869219055836466,
"min_diff": -0.006981317007978938,
"std": 0.13379778233559902,
"std_diff": 0.0014207976095891557
}
}
},
"VEHICLE_MONITOR": {
"message_count": 39,
"message_freq": 2.052652429574679,
"timespan": 18.999807,
"var_stats": {
"available_distance": {
"max": 90,
"max_diff": 0.0,
"mean": 90.0,
"mean_diff": 0.0,
"min": 90,
"min_diff": 0.0,
"std": 0.0,
"std_diff": 0.0
},
"battery_level": {
"max": 58,
"max_diff": 0.0,
"mean": 58.0,
"mean_diff": 0.0,
"min": 58,
"min_diff": 0.0,
"std": 0.0,
"std_diff": 0.0
},
"brake": {
"max": 0,
"max_diff": 0.0,
"mean": 0.0,
"mean_diff": 0.0,
"min": 0,
"min_diff": 0.0,
"std": 0.0,
"std_diff": 0.0
},
"brake_switch": {
"max": 4,
"max_diff": 2.0,
"mean": 1.2564102564102564,
"mean_diff": 0.0,
"min": 1,
"min_diff": -2.0,
"std": 0.705943584509549,
"std_diff": 0.512989176042577
},
"gear_position": {
"max": 7,
"max_diff": 0.0,
"mean": 7.0,
"mean_diff": 0.0,
"min": 7,
"min_diff": 0.0,
"std": 0.0,
"std_diff": 0.0
},
"left_signal": {
"max": 0,
"max_diff": 0.0,
"mean": 0.0,
"mean_diff": 0.0,
"min": 0,
"min_diff": 0.0,
"std": 0.0,
"std_diff": 0.0
},
"rear_left_rpm": {
"max": 321.0066,
"max_diff": 15.846000000000004,
"mean": 241.24519230769232,
"mean_diff": -1.783223684210526,
"min": 129.6453,
"min_diff": -17.764199999999988,
"std": 66.71229154891071,
"std_diff": 9.520992104000458
},
"rear_right_rpm": {
"max": 320.0892,
"max_diff": 14.428200000000004,
"mean": 242.50046923076923,
"mean_diff": -1.7470105263157898,
"min": 133.6485,
"min_diff": -18.93180000000001,
"std": 66.25106109699313,
"std_diff": 9.430159785435057
},
"right_signal": {
"max": 0,
"max_diff": 0.0,
"mean": 0.0,
"mean_diff": 0.0,
"min": 0,
"min_diff": 0.0,
"std": 0.0,
"std_diff": 0.0
},
"steering": {
"max": 22.700000000000273,
"max_diff": 4.599999999999909,
"mean": 11.653846153846235,
"mean_diff": 0.27105263157895215,
"min": -2.799999999999727,
"min_diff": -4.900000000000091,
"std": 7.512104630283802,
"std_diff": 2.156618685610563
},
"steering_speed": {
"max": 11.900000000000272,
"max_diff": 27.899999999999636,
"mean": 0.2769230769232981,
"mean_diff": 0.0,
"min": -27.899999999999455,
"min_diff": -25.899999999999636,
"std": 6.246125426233167,
"std_diff": 8.377570304719962
},
"throttle": {
"max": 206,
"max_diff": 55.0,
"mean": 77.23076923076923,
"mean_diff": 3.0789473684210527,
"min": 0,
"min_diff": -27.0,
"std": 77.22509939347024,
"std_diff": 16.876301632369092
},
"utime": {
"max": 1533114194513794,
"max_diff": 500826.0,
"mean": 1533114185013480.5,
"mean_diff": 499994.9210526316,
"min": 1533114175513987,
"min_diff": 499252.0,
"std": 5627214.4965951415,
"std_diff": 436.97256216277754
},
"vehicle_speed": {
"max": 36.52,
"max_diff": 1.9500000000000028,
"mean": 27.619743589743585,
"mean_diff": -0.2047368421052631,
"min": 15.26,
"min_diff": -1.9600000000000009,
"std": 7.536929078494357,
"std_diff": 1.0651012722842872
},
"yaw_rate": {
"max": 2.900000000000034,
"max_diff": 1.3000000000000114,
"mean": 1.4076923076923318,
"mean_diff": 0.039473684210526314,
"min": -1.099999999999966,
"min_diff": -1.3000000000000114,
"std": 1.131911162452431,
"std_diff": 0.5101802951094908
}
}
},
"ZOE_VEH_INFO": {
"message_count": 1891,
"message_freq": 99.52856303966021,
"timespan": 18.999571,
"var_stats": {
"FL_wheel_speed": {
"max": 322.4244,
"max_diff": 6.296700000000044,
"mean": 242.30674791115814,
"mean_diff": -0.03955984126984126,
"min": 130.8546,
"min_diff": -8.673599999999965,
"std": 67.79916840782408,
"std_diff": 0.7776041382756823
},
"FR_wheel_speed": {
"max": 321.2568,
"max_diff": 4.712099999999992,
"mean": 243.0286584875727,
"mean_diff": -0.03858904761904762,
"min": 132.4809,
"min_diff": -4.170000000000016,
"std": 67.15308485705597,
"std_diff": 0.6393960292443011
},
"RL_wheel_speed": {
"max": 322.1742,
"max_diff": 4.420199999999994,
"mean": 241.55180370174511,
"mean_diff": -0.03907444444444445,
"min": 129.6453,
"min_diff": -7.255799999999965,
"std": 67.68984946644818,
"std_diff": 0.8444137679230624
},
"RR_wheel_speed": {
"max": 322.4244,
"max_diff": 4.2117000000000075,
"mean": 242.8856965097832,
"mean_diff": -0.03872142857142856,
"min": 130.1457,
"min_diff": -5.170799999999986,
"std": 67.13869146966137,
"std_diff": 0.7821586745410828
},
"left_solar": {
"max": 0,
"max_diff": 0.0,
"mean": 0.0,
"mean_diff": 0.0,
"min": 0,
"min_diff": 0.0,
"std": 0.0,
"std_diff": 0.0
},
"longitudinal_accel": {
"max": 1.450000000000001,
"max_diff": 0.5000000000000018,
"mean": -0.05782654680063397,
"mean_diff": 0.0003174603174603173,
"min": -1.3499999999999996,
"min_diff": -0.7999999999999989,
"std": 0.5983757174748473,
"std_diff": 0.08597344712456999
},
"meanEffTorque": {
"max": 57.0,
"max_diff": 2.0,
"mean": 0.8915917503966155,
"mean_diff": 0.01904761904761905,
"min": -58.5,
"min_diff": -0.5,
"std": 35.94292493872965,
"std_diff": 0.2700326118990817
},
"odom": {
"max": 124,
"max_diff": 80.0,