{
"MS_IMU": {
"message_count": 1987,
"message_freq": 99.9705421477466,
"timespan": 19.875855,
"var_stats": {
"linear_accel": {
"max": 10.367772102355957,
"max_diff": 11.114951014518738,
"mean": 3.1763900126829396,
"mean_diff": 4.925648314819521,
"min": -1.8545877933502197,
"min_diff": -2.058945596218109,
"std": 4.7054116299520015,
"std_diff": 5.074435702728215
},
"q": {
"max": 0.960773766040802,
"max_diff": 0.9645028826780617,
"mean": 0.11982576833078655,
"mean_diff": 0.4418299771499122,
"min": -0.5105304718017578,
"min_diff": -0.023673062212765217,
"std": 0.48542950322870715,
"std_diff": 0.3807581202003803
},
"rotation_rate": {
"max": 0.21669816970825195,
"max_diff": 0.26393162459135056,
"mean": -9.814150371739488e-05,
"mean_diff": 0.0005265832082249764,
"min": -0.22144117951393127,
"min_diff": -0.2248879773542285,
"std": 0.052725234257368025,
"std_diff": 0.06602193235224918
},
"utime": {
"max": 1538033832696069,
"max_diff": 34004.0,
"mean": 1538033822750487.0,
"mean_diff": 10007.9833836858,
"min": 1538033812820214,
"min_diff": 1954.0,
"std": 5746984.078526727,
"std_diff": 5344.510867244682
}
}
},
"POSE": {
"message_count": 995,
"message_freq": 50.00315849096599,
"timespan": 19.898743,
"var_stats": {
"accel": {
"max": 10.112994362887298,
"max_diff": 10.882664914476885,
"mean": 3.1735676856410424,
"mean_diff": 4.929800184469915,
"min": -1.658546531025225,
"min_diff": -1.950650447950908,
"std": 4.705669279767282,
"std_diff": 5.068226936791655
},
"orientation": {
"max": 0.9693951790234379,
"max_diff": 0.0,
"mean": 0.1485604340415636,
"mean_diff": -0.4269136804325685,
"min": -0.4864489173188255,
"min_diff": -0.9693951790234379,
"std": 0.4774199382486892,
"std_diff": 0.3886875902223431
},
"pos": {
"max": 2596.4347802021443,
"max_diff": 1138.3547878328402,
"mean": 1353.1433110654893,
"mean_diff": -744.8761950505576,
"min": 0.0,
"min_diff": -2596.4347802021443,
"std": 1053.5825966464745,
"std_diff": 1824.9633691669335
},
"rotation_rate": {
"max": 0.21669816970825195,
"max_diff": 0.26393162459135056,
"mean": -0.00017462589794483622,
"mean_diff": 0.0004612120572703097,
"min": -0.22071388363838196,
"min_diff": -0.22438698867335916,
"std": 0.05265100564661657,
"std_diff": 0.06595676315935821
},
"utime": {
"max": 1538033832700534,
"max_diff": 39691.0,
"mean": 1538033822749635.5,
"mean_diff": 20018.856136820927,
"min": 1538033812801791,
"min_diff": 9117.0,
"std": 5752835.210254924,
"std_diff": 990.9996763768592
},
"vel": {
"max": 7.810919549259988,
"max_diff": 0.0,
"mean": 1.493908072106084,
"mean_diff": -2.240862108159126,
"min": 0.0,
"min_diff": -7.810919549259988,
"std": 2.4492743949739624,
"std_diff": 2.7063991939262797
}
}
},
"SteerAngleFeedback": {
"message_count": 1969,
"message_freq": 98.9726398707334,
"timespan": 19.894387,
"var_stats": {
"utime": {
"max": 1538033832701469,
"max_diff": 29938.0,
"mean": 1538033822761269.0,
"mean_diff": 10108.936483739837,
"min": 1538033812807082,
"min_diff": 1564.0,
"std": 5758952.579627321,
"std_diff": 1320.5234039948725
},
"value": {
"max": 1.858775653373961,
"max_diff": 0.06806784082778039,
"mean": -0.21384759676556325,
"mean_diff": 1.50765230101124e-05,
"min": -4.096287754430696,
"min_diff": -0.08377580409572305,
"std": 1.2938965997931562,
"std_diff": 0.013240393744045148
}
}
},
"VEHICLE_MONITOR": {
"message_count": 41,
"message_freq": 2.0498501559536,
"timespan": 20.001462,
"var_stats": {
"available_distance": {
"max": 103,
"max_diff": 0.0,
"mean": 103.0,
"mean_diff": 0.0,
"min": 103,
"min_diff": 0.0,
"std": 0.0,
"std_diff": 0.0
},
"battery_level": {
"max": 94,
"max_diff": 0.0,
"mean": 94.0,
"mean_diff": 0.0,
"min": 94,
"min_diff": 0.0,
"std": 0.0,
"std_diff": 0.0
},
"brake": {
"max": 14,
"max_diff": 6.0,
"mean": 0.9512195121951219,
"mean_diff": 0.0,
"min": 0,
"min_diff": -8.0,
"std": 3.003666211134646,
"std_diff": 2.073644135332772
},
"brake_switch": {
"max": 4,
"max_diff": 3.0,
"mean": 1.8048780487804879,
"mean_diff": 0.0,
"min": 1,
"min_diff": -3.0,
"std": 1.3292123505793867,
"std_diff": 0.6708203932499369
},
"gear_position": {
"max": 7,
"max_diff": 0.0,
"mean": 7.0,
"mean_diff": 0.0,
"min": 7,
"min_diff": 0.0,
"std": 0.0,
"std_diff": 0.0
},
"left_signal": {
"max": 1,
"max_diff": 1.0,
"mean": 0.12195121951219512,
"mean_diff": 0.0,
"min": 0,
"min_diff": -1.0,
"std": 0.32722946012192045,
"std_diff": 0.4472135954999579
},
"rear_left_rpm": {
"max": 241.1511,
"max_diff": 28.522799999999997,
"mean": 142.74011707317072,
"mean_diff": -0.45036000000000004,
"min": 0.0,
"min_diff": -23.5605,
"std": 67.9580379372157,
"std_diff": 13.90988557023026
},
"rear_right_rpm": {
"max": 240.6507,
"max_diff": 25.02,
"mean": 142.79605609756098,
"mean_diff": -0.4430624999999998,
"min": 0.0,
"min_diff": -23.8107,
"std": 68.4773967254499,
"std_diff": 13.800705208479158
},
"right_signal": {
"max": 1,
"max_diff": 1.0,
"mean": 0.0975609756097561,
"mean_diff": 0.0,
"min": 0,
"min_diff": -1.0,
"std": 0.29672012342918147,
"std_diff": 0.31622776601683794
},
"steering": {
"max": 106.5,
"max_diff": 107.20000000000027,
"mean": -11.860975609756268,
"mean_diff": 0.0024999999999977263,
"min": -234.10000000000036,
"min_diff": -80.20000000000027,
"std": 72.93114988424654,
"std_diff": 35.10522388121176
},
"steering_speed": {
"max": 215.10000000000053,
"max_diff": 141.4000000000001,
"mean": 0.06097560975639798,
"mean_diff": -0.1,
"min": -189.29999999999956,
"min_diff": -127.50000000000001,
"std": 73.99728695767814,
"std_diff": 53.88063195620482
},
"throttle": {
"max": 270,
"max_diff": 244.0,
"mean": 85.95121951219512,
"mean_diff": 1.2,
"min": 0,
"min_diff": -222.0,
"std": 82.21712812455428,
"std_diff": 67.49859257791972
},
"utime": {
"max": 1538033833022211,
"max_diff": 501603.0,
"mean": 1538033823021825.5,
"mean_diff": 500036.55,
"min": 1538033813020749,
"min_diff": 498681.0,
"std": 5916244.715331447,
"std_diff": 550.0390417961255
},
"vehicle_speed": {
"max": 27.66,
"max_diff": 3.52,
"mean": 16.375121951219512,
"mean_diff": -0.05625,
"min": 0.0,
"min_diff": -2.67,
"std": 7.794708061602802,
"std_diff": 1.6068146867327298
},
"yaw_rate": {
"max": 11.400000000000034,
"max_diff": 6.800000000000011,
"mean": -0.21951219512192627,
"mean_diff": 0.0125,
"min": -12.199999999999989,
"min_diff": -5.699999999999989,
"std": 4.88742635212156,
"std_diff": 2.557458455185539
}
}
},
"ZOE_VEH_INFO": {
"message_count": 1987,
"message_freq": 99.90406796091122,
"timespan": 19.88908,
"var_stats": {
"FL_wheel_speed": {
"max": 245.3211,
"max_diff": 6.2967,
"mean": 141.25196089582283,
"mean_diff": -0.012577190332326287,
"min": 0.0,
"min_diff": -3.5028,
"std": 67.50457341546438,
"std_diff": 0.548189114618362
},
"FR_wheel_speed": {
"max": 245.3211,
"max_diff": 3.753,
"mean": 141.12425858077503,
"mean_diff": -0.01280815709969787,
"min": 0.0,
"min_diff": -3.5028,
"std": 67.88389133656693,
"std_diff": 0.5307680738433758
},
"RL_wheel_speed": {
"max": 245.52960000000002,
"max_diff": 5.3793,
"mean": 140.5247607448415,
"mean_diff": -0.01375302114803627,
"min": 0.0,
"min_diff": -3.5028,
"std": 67.49750790102958,
"std_diff": 0.5458254487719738
},
"RR_wheel_speed": {
"max": 245.0709,
"max_diff": 3.5028,
"mean": 140.54331273276298,
"mean_diff": -0.013522054380664651,
"min": 0.0,
"min_diff": -3.5028,
"std": 68.01718158301617,
"std_diff": 0.5347997568308662
},
"left_solar": {
"max": 0,
"max_diff": 0.0,
"mean": 0.0,
"mean_diff": 0.0,
"min": 0,
"min_diff": 0.0,
"std": 0.0,
"std_diff": 0.0
},
"longitudinal_accel": {
"max": 1.700000000000001,
"max_diff": 0.5,
"mean": -0.006391545042777394,
"mean_diff": 0.0008308157099697887,
"min": -1.6999999999999993,
"min_diff": -0.29999999999999893,
"std": 0.929943861204225,
"std_diff": 0.049955313132946606
},
"meanEffTorque": {
"max": 104.5,
"max_diff": 4.0,
"mean": 12.166834423754404,
"mean_diff": 0.04808660624370594,
"min": -79.5,
"min_diff": -3.0,
"std": 49.90764971368515,
"std_diff": 0.6174525064618454
},
"odom": {
"max": 120,
"max_diff": 76.0,
"mean": 60.73074987418219,
"mean_diff": -0.008056394763343404,
"min": 4,
"min_diff": -108.0,