{
"MS_IMU": {
"message_count": 1985,
"message_freq": 99.74957580048157,
"timespan": 19.899834,
"var_stats": {
"linear_accel": {
"max": 10.665674209594727,
"max_diff": 10.507088050246239,
"mean": 3.301573770771244,
"mean_diff": 4.942452469263978,
"min": -0.8699232935905457,
"min_diff": -0.47087933868169785,
"std": 4.581592066845245,
"std_diff": 4.580625782711328
},
"q": {
"max": 0.999980092048645,
"max_diff": 1.0077740270644426,
"mean": 0.2564727167040761,
"mean_diff": 0.3222158159010023,
"min": -0.26070117950439453,
"min_diff": -0.07936890376731753,
"std": 0.4292106265188219,
"std_diff": 0.47762136474461986
},
"rotation_rate": {
"max": 0.164411723613739,
"max_diff": 0.1983228549361229,
"mean": 0.00965733282270287,
"mean_diff": 0.01876669996645963,
"min": -0.057886213064193726,
"min_diff": -0.04551979713141918,
"std": 0.04057583119885839,
"std_diff": 0.047130839543885535
},
"utime": {
"max": 1538034032719952,
"max_diff": 33990.0,
"mean": 1538034022742720.8,
"mean_diff": 10030.158266129032,
"min": 1538034012820118,
"min_diff": 1885.0,
"std": 5747559.645497701,
"std_diff": 5328.425550945416
}
}
},
"POSE": {
"message_count": 995,
"message_freq": 50.00217094852762,
"timespan": 19.899136,
"var_stats": {
"accel": {
"max": 10.164767216685384,
"max_diff": 10.11820311458337,
"mean": 3.302255173013657,
"mean_diff": 4.942583478625243,
"min": -0.639959794834579,
"min_diff": -0.29693464261088015,
"std": 4.580230243443663,
"std_diff": 4.57895043432807
},
"orientation": {
"max": 0.8672844067260621,
"max_diff": 0.0,
"mean": -0.011292328180230437,
"mean_diff": -0.4695679983272707,
"min": -0.7593545475414994,
"min_diff": -0.8672844067260621,
"std": 0.4998724670596191,
"std_diff": 0.33591550765073896
},
"pos": {
"max": 2448.242334968463,
"max_diff": -167.56927312740527,
"mean": 1548.478236243122,
"mean_diff": -1219.2069771752695,
"min": 0.0,
"min_diff": -2280.673061841058,
"std": 1099.2423940545475,
"std_diff": 988.5000040774019
},
"rotation_rate": {
"max": 0.16319604218006134,
"max_diff": 0.19669923186302185,
"mean": 0.009722890558218726,
"mean_diff": 0.01885263768019199,
"min": -0.057886213064193726,
"min_diff": -0.04551979713141918,
"std": 0.04066654240087119,
"std_diff": 0.04723356659302136
},
"utime": {
"max": 1538034032712263,
"max_diff": 39214.0,
"mean": 1538034022758196.2,
"mean_diff": 20019.251509054327,
"min": 1538034012813127,
"min_diff": 16891.0,
"std": 5750939.124586729,
"std_diff": 754.5338755408992
},
"vel": {
"max": 8.639385873548825,
"max_diff": 0.0,
"mean": 2.309399294900785,
"mean_diff": -3.4640989423511774,
"min": 0.0,
"min_diff": -8.639385873548825,
"std": 3.305035501667899,
"std_diff": 3.519218048581472
}
}
},
"SteerAngleFeedback": {
"message_count": 1972,
"message_freq": 99.07915173173224,
"timespan": 19.903279,
"var_stats": {
"utime": {
"max": 1538034032701605,
"max_diff": 20679.0,
"mean": 1538034022735369.2,
"mean_diff": 10098.06139015728,
"min": 1538034012798326,
"min_diff": 2192.0,
"std": 5755506.752036931,
"std_diff": 1163.1274461108692
},
"value": {
"max": 1.1030480872604131,
"max_diff": 0.00872664625997166,
"mean": 0.25412418735629866,
"mean_diff": 0.0003905074582087761,
"min": -0.07155849933177386,
"min_diff": -0.006981317007978993,
"std": 0.4008116114117154,
"std_diff": 0.002313894775620433
}
}
},
"VEHICLE_MONITOR": {
"message_count": 41,
"message_freq": 2.0499956950090406,
"timespan": 20.000042,
"var_stats": {
"available_distance": {
"max": 103,
"max_diff": 0.0,
"mean": 103.0,
"mean_diff": 0.0,
"min": 103,
"min_diff": 0.0,
"std": 0.0,
"std_diff": 0.0
},
"battery_level": {
"max": 93,
"max_diff": 0.0,
"mean": 93.0,
"mean_diff": 0.0,
"min": 93,
"min_diff": 0.0,
"std": 0.0,
"std_diff": 0.0
},
"brake": {
"max": 0,
"max_diff": 0.0,
"mean": 0.0,
"mean_diff": 0.0,
"min": 0,
"min_diff": 0.0,
"std": 0.0,
"std_diff": 0.0
},
"brake_switch": {
"max": 1,
"max_diff": 0.0,
"mean": 1.0,
"mean_diff": 0.0,
"min": 1,
"min_diff": 0.0,
"std": 0.0,
"std_diff": 0.0
},
"gear_position": {
"max": 7,
"max_diff": 0.0,
"mean": 7.0,
"mean_diff": 0.0,
"min": 7,
"min_diff": 0.0,
"std": 0.0,
"std_diff": 0.0
},
"left_signal": {
"max": 0,
"max_diff": 0.0,
"mean": 0.0,
"mean_diff": 0.0,
"min": 0,
"min_diff": 0.0,
"std": 0.0,
"std_diff": 0.0
},
"rear_left_rpm": {
"max": 273.3852,
"max_diff": 8.882100000000008,
"mean": 217.4380390243902,
"mean_diff": -1.1905349999999992,
"min": 176.391,
"min_diff": -9.340800000000002,
"std": 28.095927238518676,
"std_diff": 4.403774200759505
},
"rear_right_rpm": {
"max": 273.135,
"max_diff": 8.423400000000015,
"mean": 219.02365609756097,
"mean_diff": -1.0633499999999998,
"min": 184.1055,
"min_diff": -10.758600000000001,
"std": 26.96205248938796,
"std_diff": 4.210481853541231
},
"right_signal": {
"max": 0,
"max_diff": 0.0,
"mean": 0.0,
"mean_diff": 0.0,
"min": 0,
"min_diff": 0.0,
"std": 0.0,
"std_diff": 0.0
},
"steering": {
"max": 63.0,
"max_diff": 18.59999999999991,
"mean": 15.080487804877865,
"mean_diff": 0.8574999999999932,
"min": -4.100000000000364,
"min_diff": -13.400000000000091,
"std": 22.927704186730963,
"std_diff": 5.4298198634945605
},
"steering_speed": {
"max": 47.80000000000037,
"max_diff": 27.799999999999727,
"mean": 0.7951219512197585,
"mean_diff": -1.2449999999999932,
"min": -41.89999999999945,
"min_diff": -37.90000000000009,
"std": 13.830964751626587,
"std_diff": 12.540573152770964
},
"throttle": {
"max": 192,
"max_diff": 141.0,
"mean": 50.34146341463415,
"mean_diff": -0.175,
"min": 0,
"min_diff": -114.0,
"std": 51.29570407348946,
"std_diff": 63.968698400076896
},
"utime": {
"max": 1538034033020285,
"max_diff": 500748.0,
"mean": 1538034023020351.5,
"mean_diff": 500001.05,
"min": 1538034013020243,
"min_diff": 499506.0,
"std": 5916036.72247984,
"std_diff": 311.5022431700934
},
"vehicle_speed": {
"max": 31.080000000000002,
"max_diff": 0.8900000000000006,
"mean": 24.940487804878046,
"mean_diff": -0.13050000000000006,
"min": 20.78,
"min_diff": -1.110000000000003,
"std": 3.119960874691761,
"std_diff": 0.4657840164711537
},
"yaw_rate": {
"max": 8.600000000000023,
"max_diff": 2.5,
"mean": 1.6902439024390483,
"mean_diff": 0.17250000000000015,
"min": -1.1999999999999886,
"min_diff": -1.6999999999999886,
"std": 3.4336785989663334,
"std_diff": 0.7681105063726194
}
}
},
"ZOE_VEH_INFO": {
"message_count": 1987,
"message_freq": 99.84510190682538,
"timespan": 19.900826,
"var_stats": {
"FL_wheel_speed": {
"max": 274.3026,
"max_diff": 3.7112999999999943,
"mean": 218.10579542023152,
"mean_diff": -0.025637311178247742,
"min": 177.3501,
"min_diff": -3.461100000000016,
"std": 28.315331156776548,
"std_diff": 0.46639510195813005
},
"FR_wheel_speed": {
"max": 274.0941,
"max_diff": 2.543700000000001,
"mean": 219.34479119275292,
"mean_diff": -0.022340785498489422,
"min": 182.9379,
"min_diff": -4.461899999999986,
"std": 27.030538993495874,
"std_diff": 0.45892133276395847
},
"RL_wheel_speed": {
"max": 273.3852,
"max_diff": 2.8355999999999995,
"mean": 217.32791308505287,
"mean_diff": -0.02574229607250754,
"min": 176.391,
"min_diff": -3.2942999999999927,
"std": 28.334621058413596,
"std_diff": 0.4599782369666481
},
"RR_wheel_speed": {
"max": 273.135,
"max_diff": 3.0441000000000145,
"mean": 218.86638495218924,
"mean_diff": -0.022466767371601207,
"min": 182.4792,
"min_diff": -3.252600000000001,
"std": 27.075791664387143,
"std_diff": 0.46049223153102886
},
"left_solar": {
"max": 32,
"max_diff": 144.0,
"mean": -22.788122798188223,
"mean_diff": 0.0,
"min": -112,
"min_diff": -144.0,
"std": 47.34646629908707,
"std_diff": 13.279245783554893
},
"longitudinal_accel": {
"max": 0.8500000000000014,
"max_diff": 0.40000000000000036,
"mean": -0.044086562657271594,
"mean_diff": 7.552870090634459e-05,
"min": -0.6500000000000004,
"min_diff": -0.3500000000000014,
"std": 0.2555602282285941,
"std_diff": 0.058740080993760206
},
"meanEffTorque": {
"max": 55.5,
"max_diff": 3.5,
"mean": 0.180926019124308,
"mean_diff": -0.005035246727089627,
"min": -28.5,
"min_diff": -3.0,
"std": 16.08097443722212,
"std_diff": 0.7571244852529546
},
"odom": {
"max": 124,
"max_diff": 88.0,