{
"MS_IMU": {
"message_count": 1969,
"message_freq": 99.4438317097238,
"timespan": 19.800122,
"var_stats": {
"linear_accel": {
"max": 11.72649097442627,
"max_diff": 12.643298506736755,
"mean": 3.1368441698330742,
"mean_diff": 4.908874828346579,
"min": -2.288405179977417,
"min_diff": -2.421694368124008,
"std": 4.711109228860978,
"std_diff": 5.176968374075466
},
"q": {
"max": 0.9937220215797424,
"max_diff": 1.0091094356030226,
"mean": 0.27336996107401423,
"mean_diff": 0.2871397148981118,
"min": -0.04949454218149185,
"min_diff": -0.20503374189138412,
"std": 0.41865126374339584,
"std_diff": 0.5105830985143013
},
"rotation_rate": {
"max": 0.20571927726268768,
"max_diff": 0.21435328852385283,
"mean": 0.0007730051991171487,
"mean_diff": -0.00022814964717968392,
"min": -0.12483495473861694,
"min_diff": -0.2356539610773325,
"std": 0.023386760916522215,
"std_diff": 0.037629894118864214
},
"utime": {
"max": 1538449924956398,
"max_diff": 32028.0,
"mean": 1538449915059346.8,
"mean_diff": 10061.037601626016,
"min": 1538449905156276,
"min_diff": 1790.0,
"std": 5712113.229552095,
"std_diff": 5495.984528416565
}
}
},
"POSE": {
"message_count": 986,
"message_freq": 49.79826400019354,
"timespan": 19.799887,
"var_stats": {
"accel": {
"max": 11.093166987046843,
"max_diff": 11.86364341767035,
"mean": 3.1382733369108995,
"mean_diff": 4.904908833038084,
"min": -1.7628583224668264,
"min_diff": -2.214292147087508,
"std": 4.70641306316289,
"std_diff": 5.176894691937909
},
"orientation": {
"max": 0.6231837081202739,
"max_diff": 0.0,
"mean": -0.045976766702970726,
"mean_diff": -0.4673377430649168,
"min": -0.816925070754512,
"min_diff": -0.816925070754512,
"std": 0.4978816495147623,
"std_diff": 0.33901145591310516
},
"pos": {
"max": 3310.5311729746077,
"max_diff": 2614.2794903706654,
"mean": 1328.4859105020723,
"mean_diff": -345.79039688664585,
"min": 0.0,
"min_diff": -3310.5311729746077,
"std": 1418.174071488542,
"std_diff": 2948.1298914940717
},
"rotation_rate": {
"max": 0.20571927726268768,
"max_diff": 0.21435328852385283,
"mean": 0.0007981163033125569,
"mean_diff": -0.000218956241997909,
"min": -0.12409786134958267,
"min_diff": -0.23536225222051144,
"std": 0.02341937454158885,
"std_diff": 0.037678982454432054
},
"utime": {
"max": 1538449924962024,
"max_diff": 40188.0,
"mean": 1538449915045788.8,
"mean_diff": 20101.40812182741,
"min": 1538449905162137,
"min_diff": 12763.0,
"std": 5716630.923024225,
"std_diff": 1547.8049798897791
},
"vel": {
"max": 5.598007478315043,
"max_diff": 0.0,
"mean": 0.9587034905364481,
"mean_diff": -1.438055235804672,
"min": 0.0,
"min_diff": -5.598007478315043,
"std": 1.9012964490572621,
"std_diff": 2.175559237005868
}
}
},
"SteerAngleFeedback": {
"message_count": 1927,
"message_freq": 97.3482036124317,
"timespan": 19.794921,
"var_stats": {
"utime": {
"max": 1538449924951665,
"max_diff": 30604.0,
"mean": 1538449915019282.2,
"mean_diff": 10277.736760124611,
"min": 1538449905156744,
"min_diff": 238.0,
"std": 5694690.101470245,
"std_diff": 1870.2886061153206
},
"value": {
"max": 1.2339477811599957,
"max_diff": 0.03316125578789386,
"mean": -0.02149644238029381,
"mean_diff": 0.0006805515411462823,
"min": -0.34382986264287974,
"min_diff": -0.012217304763957132,
"std": 0.19863368183093522,
"std_diff": 0.0035182258463329775
}
}
},
"VEHICLE_MONITOR": {
"message_count": 40,
"message_freq": 2.0512877317711546,
"timespan": 19.499946,
"var_stats": {
"available_distance": {
"max": 106,
"max_diff": 0.0,
"mean": 106.0,
"mean_diff": 0.0,
"min": 106,
"min_diff": 0.0,
"std": 0.0,
"std_diff": 0.0
},
"battery_level": {
"max": 96,
"max_diff": 0.0,
"mean": 96.0,
"mean_diff": 0.0,
"min": 96,
"min_diff": 0.0,
"std": 0.0,
"std_diff": 0.0
},
"brake": {
"max": 53,
"max_diff": 53.0,
"mean": 7.4,
"mean_diff": -0.717948717948718,
"min": 0,
"min_diff": -25.0,
"std": 13.41044369139217,
"std_diff": 10.505062803724242
},
"brake_switch": {
"max": 4,
"max_diff": 3.0,
"mean": 2.3,
"mean_diff": 0.0,
"min": 1,
"min_diff": -3.0,
"std": 1.469693845669907,
"std_diff": 1.1322770341445958
},
"gear_position": {
"max": 7,
"max_diff": 7.0,
"mean": 5.6,
"mean_diff": 0.1794871794871795,
"min": 0,
"min_diff": 0.0,
"std": 2.8000000000000003,
"std_diff": 1.106433282584175
},
"left_signal": {
"max": 1,
"max_diff": 1.0,
"mean": 0.15,
"mean_diff": -0.02564102564102564,
"min": 0,
"min_diff": -1.0,
"std": 0.3570714214271425,
"std_diff": 0.3571381609534389
},
"rear_left_rpm": {
"max": 174.5145,
"max_diff": 30.107400000000005,
"mean": 92.6751225,
"mean_diff": 2.989569230769231,
"min": 0.0,
"min_diff": -19.182000000000016,
"std": 71.5440137647815,
"std_diff": 11.55147379537378
},
"rear_right_rpm": {
"max": 176.6412,
"max_diff": 30.399299999999997,
"mean": 92.8440075,
"mean_diff": 3.1510230769230776,
"min": 0.0,
"min_diff": -16.137900000000002,
"std": 71.68946007548595,
"std_diff": 11.30313921978205
},
"right_signal": {
"max": 1,
"max_diff": 1.0,
"mean": 0.15,
"mean_diff": -0.02564102564102564,
"min": 0,
"min_diff": -1.0,
"std": 0.3570714214271425,
"std_diff": 0.3571381609534389
},
"steering": {
"max": 79.40000000000009,
"max_diff": 39.09999999999991,
"mean": 0.5200000000001979,
"mean_diff": 2.1487179487179415,
"min": -19.699999999999818,
"min_diff": -9.0,
"std": 16.141827653645645,
"std_diff": 8.62922499401712
},
"steering_speed": {
"max": 61.70000000000046,
"max_diff": 33.90000000000009,
"mean": 3.605000000000223,
"mean_diff": 0.6128205128205152,
"min": -21.99999999999982,
"min_diff": -39.80000000000018,
"std": 14.419829229224653,
"std_diff": 13.539290961384076
},
"throttle": {
"max": 286,
"max_diff": 155.0,
"mean": 51.775,
"mean_diff": 0.0,
"min": 0,
"min_diff": -94.0,
"std": 88.38905121676552,
"std_diff": 39.38436498317835
},
"utime": {
"max": 1538449925128120,
"max_diff": 500809.0,
"mean": 1538449915377888.0,
"mean_diff": 499998.6153846154,
"min": 1538449905628174,
"min_diff": 499431.0,
"std": 5771711.353930513,
"std_diff": 317.6017999839692
},
"vehicle_speed": {
"max": 19.98,
"max_diff": 3.4800000000000004,
"mean": 10.58975,
"mean_diff": 0.35717948717948717,
"min": 0.0,
"min_diff": -1.9900000000000002,
"std": 8.200658353906716,
"std_diff": 1.288479423271714
},
"yaw_rate": {
"max": 6.100000000000023,
"max_diff": 3.3000000000000114,
"mean": -0.009999999999975273,
"mean_diff": 0.1589743589743587,
"min": -2.8999999999999773,
"min_diff": -1.6999999999999886,
"std": 1.3740087335966966,
"std_diff": 0.8223537041487412
}
}
},
"ZOE_VEH_INFO": {
"message_count": 1971,
"message_freq": 99.54429822279843,
"timespan": 19.80023,
"var_stats": {
"FL_wheel_speed": {
"max": 176.6412,
"max_diff": 4.2117000000000075,
"mean": 91.27273150684931,
"mean_diff": 0.0627405076142132,
"min": 0.0,
"min_diff": -4.712100000000021,
"std": 72.65976190284636,
"std_diff": 0.5814080537263075
},
"FR_wheel_speed": {
"max": 177.8088,
"max_diff": 3.9615,
"mean": 91.14111522070016,
"mean_diff": 0.065111269035533,
"min": 0.0,
"min_diff": -5.129100000000022,
"std": 72.59777239961173,
"std_diff": 0.5431289597496108
},
"RL_wheel_speed": {
"max": 175.9323,
"max_diff": 3.753,
"mean": 91.09260273972603,
"mean_diff": 0.06238065989847716,
"min": 0.0,
"min_diff": -3.752999999999986,
"std": 72.56921437232668,
"std_diff": 0.5499905420659533
},
"RR_wheel_speed": {
"max": 178.7679,
"max_diff": 4.4202,
"mean": 91.08648843226787,
"mean_diff": 0.0645397461928934,
"min": 0.0,
"min_diff": -3.961500000000001,
"std": 72.60878978074928,
"std_diff": 0.5358488626212845
},
"left_solar": {
"max": 32,
"max_diff": 144.0,
"mean": -8.58853373921867,
"mean_diff": 0.0,
"min": -112,
"min_diff": -144.0,
"std": 36.78851554677375,
"std_diff": 13.166331465672563
},
"longitudinal_accel": {
"max": 2.0500000000000007,
"max_diff": 0.40000000000000036,
"mean": 0.03087265347539373,
"mean_diff": -0.0007106598984771576,
"min": -1.799999999999999,
"min_diff": -0.40000000000000036,
"std": 0.8401347706133327,
"std_diff": 0.0594774413412223
},
"meanEffTorque": {
"max": 127.0,
"max_diff": 3.0,
"mean": 6.463723997970574,
"mean_diff": -0.03629441624365482,
"min": -90.0,
"min_diff": -1.5,