{
"MS_IMU": {
"message_count": 1986,
"message_freq": 99.79987261194508,
"timespan": 19.899825,
"var_stats": {
"linear_accel": {
"max": 10.044153213500977,
"max_diff": 10.084053196012974,
"mean": 3.2270850784765757,
"mean_diff": 4.947084242799709,
"min": -0.1651361733675003,
"min_diff": -0.05386349651962519,
"std": 4.650378483847702,
"std_diff": 4.888107860059135
},
"q": {
"max": 0.939445972442627,
"max_diff": 0.9424965551588684,
"mean": 0.14740545483082013,
"mean_diff": 0.4274852617539668,
"min": -0.3438842296600342,
"min_diff": 0.00031787576153874397,
"std": 0.4777778236059862,
"std_diff": 0.3893028122155797
},
"rotation_rate": {
"max": 0.0067816441878676414,
"max_diff": 0.011120390030555427,
"mean": -3.9223249327928746e-05,
"mean_diff": -3.734614440233901e-07,
"min": -0.010384911671280861,
"min_diff": -0.011056118528358638,
"std": 0.0010139585022901842,
"std_diff": 0.0015240814380358815
},
"utime": {
"max": 1535657368200647,
"max_diff": 28999.0,
"mean": 1535657358252548.5,
"mean_diff": 10025.100755667507,
"min": 1535657348300822,
"min_diff": 2472.0,
"std": 5752207.787390332,
"std_diff": 4674.5581913219185
}
}
},
"POSE": {
"message_count": 991,
"message_freq": 49.79885984228987,
"timespan": 19.900054,
"var_stats": {
"accel": {
"max": 9.848082292308542,
"max_diff": 9.879990721779661,
"mean": 3.2270292257150666,
"mean_diff": 4.947120868415368,
"min": -0.10663770005037222,
"min_diff": 0.034377738244758774,
"std": 4.650290470456025,
"std_diff": 4.887872837740851
},
"orientation": {
"max": 0.9088015424323973,
"max_diff": 0.0,
"mean": 0.12287142771534831,
"mean_diff": -0.44202083846737017,
"min": -0.41735546057821626,
"min_diff": -0.9088015424323973,
"std": 0.48466752753943804,
"std_diff": 0.37141743590458487
},
"pos": {
"max": 806.5619221288729,
"max_diff": -289.5369851117259,
"mean": 441.1955456138412,
"mean_diff": -403.28092599614405,
"min": 0.0,
"min_diff": -517.0248346988159,
"std": 333.61460840774066,
"std_diff": 113.74385885309907
},
"rotation_rate": {
"max": 0.0067816441878676414,
"max_diff": 0.011120390030555427,
"mean": -2.1007998176155972e-05,
"mean_diff": 6.6331833699104965e-06,
"min": -0.010384911671280861,
"min_diff": -0.011056118528358638,
"std": 0.0010213149997651283,
"std_diff": 0.0015388292057382476
},
"utime": {
"max": 1535657368213862,
"max_diff": 40852.0,
"mean": 1535657358287762.0,
"mean_diff": 20101.064646464645,
"min": 1535657348313808,
"min_diff": 13781.0,
"std": 5753093.960213035,
"std_diff": 1518.267402308218
},
"vel": {
"max": 9.71822554241845e-121,
"max_diff": 0.0,
"mean": 9.697231291465366e-124,
"mean_diff": -1.4545846937198051e-123,
"min": 0.0,
"min_diff": -9.71822554241845e-121,
"std": 2.3786043999253533e-122,
"std_diff": 2.9119728046313143e-122
}
}
},
"SteerAngleFeedback": {
"message_count": 1966,
"message_freq": 98.78413114834493,
"timespan": 19.901982,
"var_stats": {
"utime": {
"max": 1535657368208617,
"max_diff": 29977.0,
"mean": 1535657358258594.2,
"mean_diff": 10128.235114503817,
"min": 1535657348306635,
"min_diff": 2013.0,
"std": 5741537.423408038,
"std_diff": 1289.2875519218
},
"value": {
"max": -0.5287627878423127,
"max_diff": 0.0017453292519927777,
"mean": -0.5305090048507917,
"mean_diff": 0.0,
"min": -0.5322534463462981,
"min_diff": -0.0017453292519927777,
"std": 6.817253098413884e-05,
"std_diff": 9.644322298972347e-05
}
}
},
"VEHICLE_MONITOR": {
"message_count": 40,
"message_freq": 1.9999631006807925,
"timespan": 20.000369,
"var_stats": null
},
"ZOE_VEH_INFO": {
"message_count": 1980,
"message_freq": 99.49134797109002,
"timespan": 19.901228,
"var_stats": {
"FL_wheel_speed": {
"max": 0.0,
"max_diff": 0.0,
"mean": 0.0,
"mean_diff": 0.0,
"min": 0.0,
"min_diff": 0.0,
"std": 0.0,
"std_diff": 0.0
},
"FR_wheel_speed": {
"max": 0.0,
"max_diff": 0.0,
"mean": 0.0,
"mean_diff": 0.0,
"min": 0.0,
"min_diff": 0.0,
"std": 0.0,
"std_diff": 0.0
},
"RL_wheel_speed": {
"max": 0.0,
"max_diff": 0.0,
"mean": 0.0,
"mean_diff": 0.0,
"min": 0.0,
"min_diff": 0.0,
"std": 0.0,
"std_diff": 0.0
},
"RR_wheel_speed": {
"max": 0.0,
"max_diff": 0.0,
"mean": 0.0,
"mean_diff": 0.0,
"min": 0.0,
"min_diff": 0.0,
"std": 0.0,
"std_diff": 0.0
},
"left_solar": {
"max": 0,
"max_diff": 0.0,
"mean": 0.0,
"mean_diff": 0.0,
"min": 0,
"min_diff": 0.0,
"std": 0.0,
"std_diff": 0.0
},
"longitudinal_accel": {
"max": -0.09999999999999964,
"max_diff": 0.09999999999999964,
"mean": -0.1491161616161603,
"mean_diff": 0.0,
"min": -0.1999999999999993,
"min_diff": -0.09999999999999964,
"std": 0.014667239706923109,
"std_diff": 0.013487403589409837
},
"meanEffTorque": {
"max": 4.0,
"max_diff": 0.0,
"mean": 4.0,
"mean_diff": 0.0,
"min": 4.0,
"min_diff": 0.0,
"std": 0.0,
"std_diff": 0.0
},
"odom": {
"max": 72,
"max_diff": 0.0,
"mean": 72.0,
"mean_diff": 0.0,
"min": 72,
"min_diff": 0.0,
"std": 0.0,
"std_diff": 0.0
},
"odom_speed": {
"max": 0.0,
"max_diff": 0.0,
"mean": 0.0,
"mean_diff": 0.0,
"min": 0.0,
"min_diff": 0.0,
"std": 0.0,
"std_diff": 0.0
},
"pedal_cc": {
"max": 0.0,
"max_diff": 0.0,
"mean": 0.0,
"mean_diff": 0.0,
"min": 0.0,
"min_diff": 0.0,
"std": 0.0,
"std_diff": 0.0
},
"regen": {
"max": 0.0,
"max_diff": 0.0,
"mean": 0.0,
"mean_diff": 0.0,
"min": 0.0,
"min_diff": 0.0,
"std": 0.0,
"std_diff": 0.0
},
"requestedTorqueAfterProc": {
"max": -378.5,
"max_diff": 0.0,
"mean": -378.5,
"mean_diff": 0.0,
"min": -378.5,
"min_diff": 0.0,
"std": 0.0,
"std_diff": 0.0
},
"right_solar": {
"max": 0,
"max_diff": 0.0,
"mean": 0.0,
"mean_diff": 0.0,
"min": 0,
"min_diff": 0.0,
"std": 0.0,
"std_diff": 0.0
},
"steer_corrected": {
"max": -30.295876106935875,
"max_diff": 0.09999999999990905,
"mean": -30.39592661198628,
"mean_diff": 0.0,
"min": -30.495876106935693,
"min_diff": -0.09999999999990905,
"std": 0.003892167055942111,
"std_diff": 0.005506209458167769
},
"steer_offset_can": {
"max": -12.300000000000182,
"max_diff": 0.0,
"mean": -12.300000000000182,
"mean_diff": 0.0,
"min": -12.300000000000182,
"min_diff": 0.0,
"std": 0.0,
"std_diff": 0.0
},
"steer_raw": {
"max": -42.0,
"max_diff": 0.09999999999990905,
"mean": -42.10005050505041,
"mean_diff": 0.0,
"min": -42.19999999999982,
"min_diff": -0.09999999999990905,
"std": 0.00389216705594211,
"std_diff": 0.005506209458167769
},
"transversal_accel": {
"max": -0.4919999999999902,
"max_diff": 0.008000000000009777,
"mean": -0.49992929292929306,
"mean_diff": 0.0,
"min": -0.5039999999999907,
"min_diff": -0.008000000000009777,
"std": 0.0005852138563171857,
"std_diff": 0.0005542795970008073
},
"utime": {
"max": 1535657368206859,
"max_diff": 25026.0,
"mean": 1535657358256869.0,
"mean_diff": 10056.204143506822,
"min": 1535657348305631,
"min_diff": 1.0,
"std": 5748620.478907699,
"std_diff": 1753.9358808235938
}
}
},
"ZoeSensors": {
"message_count": 19037,
"message_freq": 956.6588850504272,
"timespan": 19.899465,
"var_stats": {
"brake_sensor": {
"max": 0.18396584689617157,
"max_diff": 1.963973045349121e-05,
"mean": 0.18388414853522272,
"mean_diff": -1.0434570220318831e-09,
"min": 0.1838201880455017,
"min_diff": -2.0965933799743652e-05,
"std": 1.9851680620494406e-05,
"std_diff": 4.8411027194260715e-06
},
"steering_sensor": {
"max": 0.18967662751674652,
"max_diff": 0.0005750507116317749,
"mean": 0.18842006676095108,
"mean_diff": -1.034063560468205e-09,
"min": 0.18747489154338837,
"min_diff": -0.0005553662776947021,
"std": 0.0002467852965308319,
"std_diff": 0.00011013654103477678
},
"throttle_sensor": {
"max": 0.12621663510799408,
"max_diff": 0.001744285225868225,
"mean": 0.1208511559452061,
"mean_diff": 2.7489182477639636e-08,
"min": 0.1180359348654747,
"min_diff": -0.002005927264690399,
"std": 0.0005037917592140484,
"std_diff": 0.00039073319293129457
},
"utime": {
"max": 1535657368199479,
"max_diff": 19435.0,
"mean": 1535657358243674.0,
"mean_diff": 1045.3595818449255,
"min": 1535657348300014,
"min_diff": 1.0,
"std": 5744609.572719816,
"std_diff": 666.3976975845507
}
}
}
}