{
"MS_IMU": {
"message_count": 1922,
"message_freq": 99.58483176899138,
"timespan": 19.300128,
"var_stats": {
"linear_accel": {
"max": 12.688482284545898,
"max_diff": 12.962114363908768,
"mean": 2.9974902710481675,
"mean_diff": 5.152009564970155,
"min": -3.0694141387939453,
"min_diff": -3.4999095797538757,
"std": 4.852828057206417,
"std_diff": 4.931983332501196
},
"q": {
"max": 0.9998505711555481,
"max_diff": 1.026645440608263,
"mean": 0.23769510648670614,
"mean_diff": 0.3410288989848985,
"min": -0.049345944076776505,
"min_diff": -0.04143586568534374,
"std": 0.4398875453727088,
"std_diff": 0.47460149468136376
},
"rotation_rate": {
"max": 0.08032237738370895,
"max_diff": 0.11868865182623267,
"mean": 0.0004981470451684082,
"mean_diff": 0.0012871531851070038,
"min": -0.1134578213095665,
"min_diff": -0.15524832904338837,
"std": 0.02048291947042375,
"std_diff": 0.030206142457812106
},
"utime": {
"max": 1532402325448914,
"max_diff": 33980.0,
"mean": 1532402315797603.2,
"mean_diff": 10046.917230609059,
"min": 1532402306148786,
"min_diff": 1953.0,
"std": 5576177.434493707,
"std_diff": 5125.144408668219
}
}
},
"POSE": {
"message_count": 953,
"message_freq": 49.38103489487773,
"timespan": 19.298907,
"var_stats": {
"accel": {
"max": 10.936201607754763,
"max_diff": 11.299522237177078,
"mean": 2.9985233468106642,
"mean_diff": 5.150245938511073,
"min": -2.953768246865436,
"min_diff": -2.937614069333329,
"std": 4.846520163637007,
"std_diff": 4.925485897776887
},
"orientation": {
"max": 0.7416146402254636,
"max_diff": 0.0,
"mean": 0.009333174484756858,
"mean_diff": -0.4712010438461809,
"min": -0.7062622108219372,
"min_diff": -0.7416146402254636,
"std": 0.4999128842648858,
"std_diff": 0.33362090703611913
},
"pos": {
"max": 1571.0115619365545,
"max_diff": 795.1297305866657,
"mean": 755.7361527339172,
"mean_diff": -389.635602555375,
"min": 0.0,
"min_diff": -1571.0115619365545,
"std": 608.0479787996932,
"std_diff": 1098.9533281547085
},
"rotation_rate": {
"max": 0.08032237738370895,
"max_diff": 0.1170009458437562,
"mean": 0.0004620763878608053,
"mean_diff": 0.0013039431158595818,
"min": -0.11135103553533554,
"min_diff": -0.15524832904338837,
"std": 0.020497098915442977,
"std_diff": 0.030237528769278675
},
"utime": {
"max": 1532402325449942,
"max_diff": 60566.0,
"mean": 1532402315819626.5,
"mean_diff": 20271.96113445378,
"min": 1532402306151035,
"min_diff": 12229.0,
"std": 5579527.765408423,
"std_diff": 2664.1308903280997
},
"vel": {
"max": 11.445027921768157,
"max_diff": 0.0,
"mean": 2.287926632636877,
"mean_diff": -3.4318899489553143,
"min": 0.0,
"min_diff": -11.445027921768157,
"std": 3.8899104706954035,
"std_diff": 4.3325684065911485
}
}
},
"SteerAngleFeedback": {
"message_count": 1864,
"message_freq": 96.55524653962884,
"timespan": 19.30501,
"var_stats": {
"utime": {
"max": 1532402325456116,
"max_diff": 30382.0,
"mean": 1532402315793615.0,
"mean_diff": 10362.324208266236,
"min": 1532402306151106,
"min_diff": 4120.0,
"std": 5566958.605955168,
"std_diff": 2134.084161624996
},
"value": {
"max": 0.25830872929516396,
"max_diff": 0.01396263401595781,
"mean": 0.0012181724017407227,
"mean_diff": -1.4052570466943076e-05,
"min": -0.15707963267948966,
"min_diff": -0.010471975511972327,
"std": 0.10718334015078923,
"std_diff": 0.002014066247658969
}
}
},
"VEHICLE_MONITOR": {
"message_count": 39,
"message_freq": 2.052450315177428,
"timespan": 19.001678,
"var_stats": {
"available_distance": {
"max": 124,
"max_diff": 0.0,
"mean": 124.0,
"mean_diff": 0.0,
"min": 124,
"min_diff": 0.0,
"std": 0.0,
"std_diff": 0.0
},
"battery_level": {
"max": 94,
"max_diff": 0.0,
"mean": 94.0,
"mean_diff": 0.0,
"min": 94,
"min_diff": 0.0,
"std": 0.0,
"std_diff": 0.0
},
"brake": {
"max": 15,
"max_diff": 12.0,
"mean": 1.8205128205128205,
"mean_diff": 0.0,
"min": 0,
"min_diff": -8.0,
"std": 4.355201987554624,
"std_diff": 2.7338039817306425
},
"brake_switch": {
"max": 4,
"max_diff": 3.0,
"mean": 2.076923076923077,
"mean_diff": 0.07894736842105263,
"min": 1,
"min_diff": -3.0,
"std": 1.4390989949130546,
"std_diff": 0.8392220378474724
},
"gear_position": {
"max": 7,
"max_diff": 0.0,
"mean": 7.0,
"mean_diff": 0.0,
"min": 7,
"min_diff": 0.0,
"std": 0.0,
"std_diff": 0.0
},
"left_signal": {
"max": 1,
"max_diff": 1.0,
"mean": 0.10256410256410256,
"mean_diff": 0.0,
"min": 0,
"min_diff": -1.0,
"std": 0.3033887068256214,
"std_diff": 0.3244428422615251
},
"rear_left_rpm": {
"max": 361.4556,
"max_diff": 37.154700000000005,
"mean": 213.43877692307694,
"mean_diff": -4.955715789473684,
"min": 0.0,
"min_diff": -36.946200000000005,
"std": 117.09006699000271,
"std_diff": 19.17458781547689
},
"rear_right_rpm": {
"max": 361.6641,
"max_diff": 38.072100000000006,
"mean": 213.24631538461543,
"mean_diff": -4.9436447368421055,
"min": 0.0,
"min_diff": -36.904499999999985,
"std": 117.19206524336839,
"std_diff": 19.073923691945414
},
"right_signal": {
"max": 1,
"max_diff": 0.0,
"mean": 0.05128205128205128,
"mean_diff": -0.02631578947368421,
"min": 0,
"min_diff": -1.0,
"std": 0.2205724427446827,
"std_diff": 0.16007269816574266
},
"steering": {
"max": 13.599999999999909,
"max_diff": 14.299999999999727,
"mean": 0.05384615384615151,
"mean_diff": -0.04736842105263637,
"min": -8.800000000000182,
"min_diff": -7.0,
"std": 6.128071020955071,
"std_diff": 3.713753728911304
},
"steering_speed": {
"max": 47.80000000000037,
"max_diff": 47.80000000000018,
"mean": 0.1717948717950833,
"mean_diff": 0.05263157894736842,
"min": -17.99999999999982,
"min_diff": -61.80000000000018,
"std": 9.460578090374653,
"std_diff": 14.147042406957972
},
"throttle": {
"max": 366,
"max_diff": 187.0,
"mean": 57.38461538461539,
"mean_diff": -1.0526315789473684,
"min": 0,
"min_diff": -181.0,
"std": 115.37911097981772,
"std_diff": 56.59642324965191
},
"utime": {
"max": 1532402325631017,
"max_diff": 500987.0,
"mean": 1532402316130486.5,
"mean_diff": 500044.15789473685,
"min": 1532402306629339,
"min_diff": 499009.0,
"std": 5627653.111508243,
"std_diff": 540.155363922747
},
"vehicle_speed": {
"max": 41.17,
"max_diff": 4.240000000000001,
"mean": 24.36410256410257,
"mean_diff": -0.5560526315789475,
"min": 0.0,
"min_diff": -4.31,
"std": 13.308305044932197,
"std_diff": 2.1733124602462244
},
"yaw_rate": {
"max": 2.3000000000000114,
"max_diff": 1.6000000000000227,
"mean": -0.0666666666666432,
"mean_diff": -0.0026315789473682714,
"min": -1.6999999999999886,
"min_diff": -1.5,
"std": 0.9216299199796578,
"std_diff": 0.6983012628798653
}
}
},
"ZOE_VEH_INFO": {
"message_count": 1909,
"message_freq": 98.91408500818439,
"timespan": 19.299577,
"var_stats": {
"FL_wheel_speed": {
"max": 363.9993,
"max_diff": 5.837999999999994,
"mean": 215.99184515453118,
"mean_diff": -0.09646949685534593,
"min": 0.0,
"min_diff": -4.0031999999999925,
"std": 118.75224479857557,
"std_diff": 0.8627811218899519
},
"FR_wheel_speed": {
"max": 362.8317,
"max_diff": 4.378499999999974,
"mean": 215.56632603457308,
"mean_diff": -0.09574827044025158,
"min": 0.0,
"min_diff": -6.755400000000009,
"std": 118.69337201771096,
"std_diff": 0.8531824051141584
},
"RL_wheel_speed": {
"max": 363.29040000000003,
"max_diff": 6.546899999999994,
"mean": 215.75073221581982,
"mean_diff": -0.09537672955974845,
"min": 0.0,
"min_diff": -8.423399999999958,
"std": 118.86160894587125,
"std_diff": 1.0239879023119016
},
"RR_wheel_speed": {
"max": 363.5406,
"max_diff": 7.7145,
"mean": 215.83107407019384,
"mean_diff": -0.09561713836477989,
"min": 0.0,
"min_diff": -8.423399999999958,
"std": 119.03428062585552,
"std_diff": 1.0327008779747384
},
"left_solar": {
"max": 0,
"max_diff": 0.0,
"mean": -0.5866946045049765,
"mean_diff": -0.05870020964360587,
"min": -112,
"min_diff": -112.0,
"std": 8.08489858598128,
"std_diff": 2.5633918478203164
},
"longitudinal_accel": {
"max": 2.6500000000000004,
"max_diff": 0.9000000000000004,
"mean": -0.481141959140911,
"mean_diff": -0.0004979035639413004,
"min": -3.0,
"min_diff": -0.5,
"std": 1.3370934190148809,
"std_diff": 0.10219556977666953
},
"meanEffTorque": {
"max": 153.0,
"max_diff": 5.0,
"mean": -12.07909900471451,