{
"MS_IMU": {
"message_count": 1929,
"message_freq": 99.43471698451668,
"timespan": 19.399663,
"var_stats": {
"linear_accel": {
"max": 12.798871040344238,
"max_diff": 12.650139451026917,
"mean": 3.2199143518422098,
"mean_diff": 5.030393580515115,
"min": -1.8810985088348389,
"min_diff": -3.1270413398742676,
"std": 4.682001026591384,
"std_diff": 4.684960056677965
},
"q": {
"max": 0.011386670172214508,
"max_diff": 0.8801443353295326,
"mean": -0.3425596694450701,
"mean_diff": 0.128297411383012,
"min": -0.8805417418479919,
"min_diff": -0.5033578141592443,
"std": 0.3642154450296441,
"std_diff": 0.5593693212932145
},
"rotation_rate": {
"max": 0.11677081882953644,
"max_diff": 0.21001680195331573,
"mean": 0.0005455226810296183,
"mean_diff": 0.000301323676502181,
"min": -0.19406940042972565,
"min_diff": -0.17066181637346745,
"std": 0.02155467855061027,
"std_diff": 0.029962988692477488
},
"utime": {
"max": 1535573529453220,
"max_diff": 38962.0,
"mean": 1535573519738833.2,
"mean_diff": 10062.065871369294,
"min": 1535573510053557,
"min_diff": 1966.0,
"std": 5601551.95060217,
"std_diff": 4135.790518884709
}
}
},
"POSE": {
"message_count": 963,
"message_freq": 49.590747592106574,
"timespan": 19.418945,
"var_stats": {
"accel": {
"max": 11.088132937251356,
"max_diff": 11.641755348099926,
"mean": 3.2215064810015757,
"mean_diff": 5.028844208625254,
"min": -1.0447497792205556,
"min_diff": -1.4637563796225639,
"std": 4.6691081825286425,
"std_diff": 4.664817770370794
},
"orientation": {
"max": 0.9670184221561277,
"max_diff": 0.9670184221561277,
"mean": 0.3076343900056625,
"mean_diff": 0.23229393568751117,
"min": 0.0,
"min_diff": -0.28253774466134174,
"std": 0.3941587016492772,
"std_diff": 0.5285573391564435
},
"pos": {
"max": 1617.8547533212345,
"max_diff": 1183.1437257924242,
"mean": 689.7072411774719,
"mean_diff": -238.64598119445978,
"min": 0.0,
"min_diff": -1617.8547533212345,
"std": 667.3261539219692,
"std_diff": 1353.715634235989
},
"rotation_rate": {
"max": 0.11677081882953644,
"max_diff": 0.20424795895814896,
"mean": 0.0005838349449762587,
"mean_diff": 0.00030727635519890793,
"min": -0.19406940042972565,
"min_diff": -0.15577033907175064,
"std": 0.02158463790864852,
"std_diff": 0.030044268062483247
},
"utime": {
"max": 1535573529472976,
"max_diff": 41028.0,
"mean": 1535573519759067.0,
"mean_diff": 20186.013513513513,
"min": 1535573510054031,
"min_diff": 17455.0,
"std": 5604570.403027969,
"std_diff": 2001.3310131364349
},
"vel": {
"max": 8.024129327098178,
"max_diff": 0.0,
"mean": 1.9448488139248747,
"mean_diff": -2.9172732208873113,
"min": 0.0,
"min_diff": -8.024129327098178,
"std": 2.94872394116775,
"std_diff": 3.194625430321223
}
}
},
"SteerAngleFeedback": {
"message_count": 1916,
"message_freq": 98.75255830202089,
"timespan": 19.402029,
"var_stats": {
"utime": {
"max": 1535573529452952,
"max_diff": 30981.0,
"mean": 1535573519758910.0,
"mean_diff": 10131.607832898173,
"min": 1535573510050923,
"min_diff": 5299.0,
"std": 5607821.214498942,
"std_diff": 1424.9954932790274
},
"value": {
"max": 0.2758339973270716,
"max_diff": 0.00698131700797891,
"mean": 0.0018027299894165637,
"mean_diff": -0.0002506347489809089,
"min": -0.28965268031909275,
"min_diff": -0.012217304763957132,
"std": 0.1477830245158267,
"std_diff": 0.0018772830170479065
}
}
},
"VEHICLE_MONITOR": {
"message_count": 39,
"message_freq": 2.0527127151183713,
"timespan": 18.999249,
"var_stats": null
},
"ZOE_VEH_INFO": {
"message_count": 1928,
"message_freq": 99.38134596672302,
"timespan": 19.400019,
"var_stats": {
"FL_wheel_speed": {
"max": 254.2449,
"max_diff": 5.129099999999994,
"mean": 183.5944803423237,
"mean_diff": -0.06656419304618577,
"min": 57.4626,
"min_diff": -3.961500000000001,
"std": 59.166440210157305,
"std_diff": 0.6122258452048162
},
"FR_wheel_speed": {
"max": 254.9121,
"max_diff": 10.049700000000001,
"mean": 183.5205536825726,
"mean_diff": -0.06766782563570317,
"min": 56.5452,
"min_diff": -9.59099999999998,
"std": 59.206983329149715,
"std_diff": 0.9108595107059497
},
"RL_wheel_speed": {
"max": 253.536,
"max_diff": 10.049700000000001,
"mean": 183.15442422199172,
"mean_diff": -0.06669403217436429,
"min": 57.4626,
"min_diff": -9.132300000000015,
"std": 58.97621081750829,
"std_diff": 0.9171170247262591
},
"RR_wheel_speed": {
"max": 259.1238,
"max_diff": 11.467500000000001,
"mean": 186.5061049792531,
"mean_diff": -0.06887965749870265,
"min": 58.1715,
"min_diff": -10.299900000000008,
"std": 60.1291607272893,
"std_diff": 0.8727728780498125
},
"left_solar": {
"max": 32,
"max_diff": 144.0,
"mean": -13.54356846473029,
"mean_diff": 0.05812143227815257,
"min": -112,
"min_diff": -144.0,
"std": 56.33398451496618,
"std_diff": 7.688590351146633
},
"longitudinal_accel": {
"max": 1.6000000000000014,
"max_diff": 1.0,
"mean": -0.3261410788381738,
"mean_diff": -0.00033731188375713564,
"min": -1.549999999999999,
"min_diff": -1.299999999999999,
"std": 0.6568157222233889,
"std_diff": 0.11183769642248302
},
"meanEffTorque": {
"max": 100.0,
"max_diff": 3.5,
"mean": -8.249740663900415,
"mean_diff": -0.0033731188375713543,
"min": -45.5,
"min_diff": -3.5,
"std": 37.40896973361142,
"std_diff": 0.4722326453865052
},
"odom": {
"max": 120,
"max_diff": 80.0,
"mean": 55.7551867219917,
"mean_diff": 0.024909185262065387,
"min": 0,
"min_diff": -96.0,
"std": 34.30166128446039,
"std_diff": 18.047029669609024
},
"odom_speed": {
"max": 28.0,
"max_diff": 1.0,
"mean": 20.45746887966805,
"mean_diff": -0.007784120394395433,
"min": 6.0,
"min_diff": -1.0,
"std": 6.5716807427248956,
"std_diff": 0.1345449926850057
},
"pedal_cc": {
"max": 423.0,
"max_diff": 22.0,
"mean": 70.42790456431536,
"mean_diff": 0.0,
"min": 0.0,
"min_diff": -12.0,
"std": 115.27013640061601,
"std_diff": 2.0028521437968854
},
"regen": {
"max": 56.0,
"max_diff": 1.0,
"mean": 27.103215767634854,
"mean_diff": 0.0,
"min": 0.0,
"min_diff": -3.0,
"std": 23.131283043078362,
"std_diff": 0.3729293289349405
},
"requestedTorqueAfterProc": {
"max": -272.5,
"max_diff": 125.5,
"mean": -320.7728215767635,
"mean_diff": -0.05163466528282304,
"min": -398.5,
"min_diff": -126.0,
"std": 47.29976081722302,
"std_diff": 4.958055113548047
},
"right_solar": {
"max": 100,
"max_diff": 50.0,
"mean": 56.45746887966805,
"mean_diff": -0.02594706798131811,
"min": 0,
"min_diff": -50.0,
"std": 30.402764127994605,
"std_diff": 3.013436666519558
},
"steer_corrected": {
"max": 15.804123893064034,
"max_diff": 0.40000000000009095,
"mean": 0.13705957771142643,
"mean_diff": -0.014270887389724962,
"min": -16.595876106936057,
"min_diff": -1.099999999999909,
"std": 8.46243586931899,
"std_diff": 0.11150140752479511
},
"steer_offset_can": {
"max": -12.300000000000182,
"max_diff": 0.0,
"mean": -12.300000000000182,
"mean_diff": 0.0,
"min": -12.300000000000182,
"min_diff": 0.0,
"std": 0.0,
"std_diff": 0.0
},
"steer_raw": {
"max": 4.099999999999909,
"max_diff": 0.40000000000009095,
"mean": -11.567064315352699,
"mean_diff": -0.014270887389724962,
"min": -28.300000000000182,
"min_diff": -1.099999999999909,
"std": 8.46243586931899,
"std_diff": 0.11150140752479511
},
"transversal_accel": {
"max": -0.4000000000000057,
"max_diff": 0.06800000000001205,
"mean": -0.48520954356846235,
"mean_diff": -1.2454592631033165e-05,
"min": -0.592000000000013,
"min_diff": -0.09200000000001296,
"std": 0.020906174319754695,
"std_diff": 0.009694869980493006
},
"utime": {
"max": 1535573529457273,
"max_diff": 28987.0,
"mean": 1535573519748742.8,
"mean_diff": 10067.47223663726,
"min": 1535573510057254,
"min_diff": 437.0,
"std": 5609238.379818075,
"std_diff": 1606.5633884967801
}
}
},
"ZoeSensors": {
"message_count": 18767,
"message_freq": 967.1811377672149,
"timespan": 19.403811,
"var_stats": {
"brake_sensor": {
"max": 0.18478384613990784,
"max_diff": 6.788969039916992e-05,
"mean": 0.18415673958059123,
"mean_diff": -4.713327966238992e-08,
"min": 0.18386077880859375,
"min_diff": -4.1157007217407227e-05,
"std": 0.00017425676137100817,
"std_diff": 5.495306186580219e-06
},
"steering_sensor": {
"max": 0.1908818781375885,