{
"MS_IMU": {
"message_count": 1935,
"message_freq": 99.23039266415091,
"timespan": 19.500074,
"var_stats": {
"linear_accel": {
"max": 12.617218017578125,
"max_diff": 12.289478838443756,
"mean": 3.2823794400851574,
"mean_diff": 4.973608346684911,
"min": -1.1766135692596436,
"min_diff": -0.990865483880043,
"std": 4.641119330544746,
"std_diff": 4.69496019034094
},
"q": {
"max": 0.999997079372406,
"max_diff": 1.0074938526377082,
"mean": 0.27851666970692346,
"mean_diff": 0.27634581394302715,
"min": -0.3841342031955719,
"min_diff": -0.3361891135573387,
"std": 0.41524508608342775,
"std_diff": 0.5101553569405547
},
"rotation_rate": {
"max": 0.2810491919517517,
"max_diff": 0.3682442083954811,
"mean": 0.024092181894012733,
"mean_diff": 0.036259925328762696,
"min": -0.13658180832862854,
"min_diff": -0.20896732062101364,
"std": 0.07373666657791446,
"std_diff": 0.0912187146345989
},
"utime": {
"max": 1533153565800530,
"max_diff": 31977.0,
"mean": 1533153556047574.8,
"mean_diff": 10082.7683557394,
"min": 1533153546300456,
"min_diff": 2973.0,
"std": 5615644.067394359,
"std_diff": 4576.554608875133
}
}
},
"POSE": {
"message_count": 966,
"message_freq": 49.54108848643564,
"timespan": 19.498966,
"var_stats": {
"accel": {
"max": 11.660355184046747,
"max_diff": 11.075063738335745,
"mean": 3.2762244203359128,
"mean_diff": 4.971017744973671,
"min": -1.0945523668813146,
"min_diff": -0.8422561542052043,
"std": 4.634013372571484,
"std_diff": 4.687140900085134
},
"orientation": {
"max": 0.9262023181029507,
"max_diff": 0.0,
"mean": -0.04990106359686411,
"mean_diff": -0.459560060980428,
"min": -0.8990339791368903,
"min_diff": -0.9262023181029507,
"std": 0.4975036520990592,
"std_diff": 0.34948230811444314
},
"pos": {
"max": 1760.7724663011586,
"max_diff": -665.8147166390063,
"mean": 927.6271408414709,
"mean_diff": -867.6187210601877,
"min": 0.0,
"min_diff": -1094.9577496621523,
"std": 713.635250882859,
"std_diff": 181.14520586028274
},
"rotation_rate": {
"max": 0.27996036410331726,
"max_diff": 0.36652807891368866,
"mean": 0.024006492892462487,
"mean_diff": 0.03615656843496676,
"min": -0.13658180832862854,
"min_diff": -0.20896732062101364,
"std": 0.07372946092706283,
"std_diff": 0.09134235156381379
},
"utime": {
"max": 1533153565801649,
"max_diff": 43386.0,
"mean": 1533153556049432.8,
"mean_diff": 20206.182383419688,
"min": 1533153546302683,
"min_diff": 8424.0,
"std": 5618970.062644727,
"std_diff": 2252.8918622299852
},
"vel": {
"max": 6.98052473385462,
"max_diff": 0.0,
"mean": 1.5774898775745123,
"mean_diff": -2.366234816361769,
"min": 0.0,
"min_diff": -6.98052473385462,
"std": 2.42222797708299,
"std_diff": 2.6333299876881733
}
}
},
"SteerAngleFeedback": {
"message_count": 1889,
"message_freq": 96.90787441888621,
"timespan": 19.49274,
"var_stats": {
"utime": {
"max": 1533153565800548,
"max_diff": 39390.0,
"mean": 1533153556026335.0,
"mean_diff": 10324.544491525423,
"min": 1533153546307808,
"min_diff": 3841.0,
"std": 5618402.275307009,
"std_diff": 2139.693068915393
},
"value": {
"max": 3.1451552876057507,
"max_diff": 0.048869219055844404,
"mean": 0.8496056762451432,
"mean_diff": 0.0011610876803521593,
"min": -1.191987903600158,
"min_diff": -0.02617993877991498,
"std": 1.3324928041413333,
"std_diff": 0.007324671234354493
}
}
},
"VEHICLE_MONITOR": {
"message_count": 40,
"message_freq": 2.051356846908623,
"timespan": 19.499289,
"var_stats": {
"available_distance": {
"max": 65,
"max_diff": 0.0,
"mean": 65.0,
"mean_diff": 0.0,
"min": 65,
"min_diff": 0.0,
"std": 0.0,
"std_diff": 0.0
},
"battery_level": {
"max": 74,
"max_diff": 0.0,
"mean": 74.0,
"mean_diff": 0.0,
"min": 74,
"min_diff": 0.0,
"std": 0.0,
"std_diff": 0.0
},
"brake": {
"max": 2,
"max_diff": 2.0,
"mean": 0.05,
"mean_diff": 0.0,
"min": 0,
"min_diff": -2.0,
"std": 0.3122498999199199,
"std_diff": 0.4529108136578383
},
"brake_switch": {
"max": 4,
"max_diff": 3.0,
"mean": 1.3,
"mean_diff": 0.0,
"min": 1,
"min_diff": -3.0,
"std": 0.9000000000000001,
"std_diff": 0.6793662204867574
},
"gear_position": {
"max": 7,
"max_diff": 0.0,
"mean": 7.0,
"mean_diff": 0.0,
"min": 7,
"min_diff": 0.0,
"std": 0.0,
"std_diff": 0.0
},
"left_signal": {
"max": 1,
"max_diff": 1.0,
"mean": 0.35,
"mean_diff": 0.02564102564102564,
"min": 0,
"min_diff": -1.0,
"std": 0.4769696007084729,
"std_diff": 0.6196433832612601
},
"rear_left_rpm": {
"max": 221.7606,
"max_diff": 10.299899999999994,
"mean": 147.0936225,
"mean_diff": -2.4143230769230772,
"min": 63.801,
"min_diff": -17.055300000000003,
"std": 53.011948855618805,
"std_diff": 7.045789596320722
},
"rear_right_rpm": {
"max": 222.9282,
"max_diff": 13.802700000000002,
"mean": 153.0608925,
"mean_diff": -2.16946923076923,
"min": 71.724,
"min_diff": -15.887699999999995,
"std": 52.11723403706008,
"std_diff": 7.294707167464178
},
"right_signal": {
"max": 0,
"max_diff": 0.0,
"mean": 0.0,
"mean_diff": 0.0,
"min": 0,
"min_diff": 0.0,
"std": 0.0,
"std_diff": 0.0
},
"steering": {
"max": 180.80000000000018,
"max_diff": 69.20000000000027,
"mean": 49.80000000000016,
"mean_diff": 3.0923076923077017,
"min": -67.59999999999991,
"min_diff": -42.0,
"std": 76.11224277341985,
"std_diff": 19.438995761433194
},
"steering_speed": {
"max": 119.50000000000018,
"max_diff": 61.79999999999973,
"mean": 2.9950000000003003,
"mean_diff": -3.2179487179487185,
"min": -131.49999999999983,
"min_diff": -87.60000000000038,
"std": 43.201076086134705,
"std_diff": 31.746454450083352
},
"throttle": {
"max": 237,
"max_diff": 53.0,
"mean": 71.425,
"mean_diff": 2.6153846153846154,
"min": 0,
"min_diff": -96.0,
"std": 70.16049012799155,
"std_diff": 26.607898754582674
},
"utime": {
"max": 1533153565846266,
"max_diff": 500742.0,
"mean": 1533153556096483.2,
"mean_diff": 499981.76923076925,
"min": 1533153546346977,
"min_diff": 499027.0,
"std": 5771555.171127334,
"std_diff": 400.84823277634786
},
"vehicle_speed": {
"max": 25.14,
"max_diff": 1.0900000000000016,
"mean": 17.07825,
"mean_diff": -0.25692307692307687,
"min": 7.8500000000000005,
"min_diff": -1.870000000000001,
"std": 5.858176289383924,
"std_diff": 0.7862476736622185
},
"yaw_rate": {
"max": 15.500000000000028,
"max_diff": 3.8000000000000114,
"mean": 3.9275000000000233,
"mean_diff": 0.3923076923076926,
"min": -7.299999999999983,
"min_diff": -3.700000000000017,
"std": 6.17308624190526,
"std_diff": 1.6085324758419612
}
}
},
"ZOE_VEH_INFO": {
"message_count": 1936,
"message_freq": 99.28278444722874,
"timespan": 19.499856,
"var_stats": {
"FL_wheel_speed": {
"max": 222.4695,
"max_diff": 3.044099999999986,
"mean": 147.19094116735536,
"mean_diff": -0.04926418604651163,
"min": 64.218,
"min_diff": -3.961500000000001,
"std": 52.670348766181654,
"std_diff": 0.3903658195711474
},
"FR_wheel_speed": {
"max": 219.6339,
"max_diff": 2.752200000000002,
"mean": 150.4381563533058,
"mean_diff": -0.04236806201550388,
"min": 70.8066,
"min_diff": -2.543700000000001,
"std": 50.673339323420045,
"std_diff": 0.3598181837644701
},
"RL_wheel_speed": {
"max": 221.7606,
"max_diff": 3.7530000000000143,
"mean": 146.33981745867766,
"mean_diff": -0.04973829457364341,
"min": 63.0921,
"min_diff": -2.1266999999999996,
"std": 53.07663592291891,
"std_diff": 0.38558479356640835
},
"RR_wheel_speed": {
"max": 223.5954,
"max_diff": 4.003200000000007,
"mean": 152.54402789256199,
"mean_diff": -0.04370418604651163,
"min": 71.0568,
"min_diff": -6.5886,
"std": 51.989860504164426,
"std_diff": 0.3961803738035594
},
"left_solar": {
"max": 32,
"max_diff": 144.0,
"mean": -46.388429752066116,
"mean_diff": 0.041343669250646,
"min": -112,
"min_diff": -144.0,
"std": 67.45955285271346,
"std_diff": 11.992001910542708
},
"longitudinal_accel": {
"max": 0.8500000000000014,
"max_diff": 0.5500000000000007,
"mean": -0.19519628099173486,
"mean_diff": 0.00031007751937984476,
"min": -1.1500000000000004,
"min_diff": -0.40000000000000036,
"std": 0.4252978571059303,
"std_diff": 0.04749439762140743
},
"meanEffTorque": {
"max": 48.5,
"max_diff": 2.5,
"mean": -3.1136363636363638,
"mean_diff": 0.018863049095607234,
"min": -61.0,
"min_diff": -1.0,
"std": 28.966673640896047,